ISO-10303-21;
HEADER;
FILE_DESCRIPTION (( 'STEP AP214' ),
    '1' );
FILE_NAME ('2993.STEP',
    '2009-04-03T18:25:56',
    ( 'Richard Maletta' ),
    ( '' ),
    'SwSTEP 2.0',
    'SolidWorks 2009',
    '' );
FILE_SCHEMA (( 'AUTOMOTIVE_DESIGN' ));
ENDSEC;

DATA;
#1 = ORIENTED_EDGE ( 'NONE', *, *, #3, .T. ) ;
#2 = ORIENTED_EDGE ( 'NONE', *, *, #499, .T. ) ;
#3 = EDGE_CURVE ( 'NONE', #194, #192, #566, .T. ) ;
#4 = EDGE_LOOP ( 'NONE', ( #1, #193, #226, #110 ) ) ;
#5 = ADVANCED_FACE ( 'NONE', ( #562 ), #561, .T. ) ;
#6 = VERTEX_POINT ( 'NONE', #524 ) ;
#7 = EDGE_CURVE ( 'NONE', #11, #23, #519, .T. ) ;
#8 = EDGE_CURVE ( 'NONE', #35, #26, #520, .T. ) ;
#9 = ORIENTED_EDGE ( 'NONE', *, *, #27, .F. ) ;
#10 = EDGE_CURVE ( 'NONE', #11, #35, #458, .T. ) ;
#11 = VERTEX_POINT ( 'NONE', #636 ) ;
#12 = VERTEX_POINT ( 'NONE', #635 ) ;
#13 = ORIENTED_EDGE ( 'NONE', *, *, #14, .F. ) ;
#14 = EDGE_CURVE ( 'NONE', #36, #12, #634, .T. ) ;
#15 = ADVANCED_FACE ( 'NONE', ( #630 ), #627, .T. ) ;
#16 = EDGE_LOOP ( 'NONE', ( #32, #33, #13, #24, #25, #64 ) ) ;
#17 = ORIENTED_EDGE ( 'NONE', *, *, #8, .T. ) ;
#18 = ORIENTED_EDGE ( 'NONE', *, *, #10, .T. ) ;
#19 = ADVANCED_FACE ( 'NONE', ( #475 ), #472, .F. ) ;
#20 = EDGE_LOOP ( 'NONE', ( #67, #53, #103, #270, #268, #104 ) ) ;
#21 = EDGE_CURVE ( 'NONE', #74, #6, #647, .T. ) ;
#22 = EDGE_CURVE ( 'NONE', #23, #42, #643, .T. ) ;
#23 = VERTEX_POINT ( 'NONE', #639 ) ;
#24 = ORIENTED_EDGE ( 'NONE', *, *, #51, .F. ) ;
#25 = ORIENTED_EDGE ( 'NONE', *, *, #21, .T. ) ;
#26 = VERTEX_POINT ( 'NONE', #516 ) ;
#27 = EDGE_CURVE ( 'NONE', #28, #26, #515, .T. ) ;
#28 = VERTEX_POINT ( 'NONE', #511 ) ;
#29 = EDGE_LOOP ( 'NONE', ( #18, #17, #9, #30 ) ) ;
#30 = ORIENTED_EDGE ( 'NONE', *, *, #31, .T. ) ;
#31 = EDGE_CURVE ( 'NONE', #28, #11, #510, .T. ) ;
#32 = ORIENTED_EDGE ( 'NONE', *, *, #27, .T. ) ;
#33 = ORIENTED_EDGE ( 'NONE', *, *, #34, .T. ) ;
#34 = EDGE_CURVE ( 'NONE', #26, #12, #506, .T. ) ;
#35 = VERTEX_POINT ( 'NONE', #501 ) ;
#36 = VERTEX_POINT ( 'NONE', #500 ) ;
#37 = EDGE_CURVE ( 'NONE', #93, #121, #775, .T. ) ;
#38 = ADVANCED_FACE ( 'NONE', ( #701 ), #768, .F. ) ;
#39 = ADVANCED_FACE ( 'NONE', ( #692 ), #693, .F. ) ;
#40 = EDGE_LOOP ( 'NONE', ( #49, #84, #87, #89 ) ) ;
#41 = ORIENTED_EDGE ( 'NONE', *, *, #90, .T. ) ;
#42 = VERTEX_POINT ( 'NONE', #776 ) ;
#43 = EDGE_CURVE ( 'NONE', #146, #74, #694, .T. ) ;
#44 = ORIENTED_EDGE ( 'NONE', *, *, #43, .T. ) ;
#45 = ORIENTED_EDGE ( 'NONE', *, *, #51, .T. ) ;
#46 = ORIENTED_EDGE ( 'NONE', *, *, #91, .T. ) ;
#47 = ORIENTED_EDGE ( 'NONE', *, *, #255, .F. ) ;
#48 = ORIENTED_EDGE ( 'NONE', *, *, #78, .T. ) ;
#49 = ORIENTED_EDGE ( 'NONE', *, *, #92, .F. ) ;
#50 = ORIENTED_EDGE ( 'NONE', *, *, #144, .F. ) ;
#51 = EDGE_CURVE ( 'NONE', #74, #36, #782, .T. ) ;
#52 = ORIENTED_EDGE ( 'NONE', *, *, #21, .F. ) ;
#53 = ORIENTED_EDGE ( 'NONE', *, *, #54, .T. ) ;
#54 = EDGE_CURVE ( 'NONE', #69, #35, #762, .T. ) ;
#55 = ADVANCED_FACE ( 'NONE', ( #746 ), #700, .F. ) ;
#56 = EDGE_LOOP ( 'NONE', ( #57, #58, #60, #61 ) ) ;
#57 = ORIENTED_EDGE ( 'NONE', *, *, #14, .T. ) ;
#58 = ORIENTED_EDGE ( 'NONE', *, *, #59, .T. ) ;
#59 = EDGE_CURVE ( 'NONE', #12, #69, #709, .T. ) ;
#60 = ORIENTED_EDGE ( 'NONE', *, *, #68, .F. ) ;
#61 = ORIENTED_EDGE ( 'NONE', *, *, #92, .T. ) ;
#62 = ADVANCED_FACE ( 'NONE', ( #696 ), #753, .F. ) ;
#63 = EDGE_LOOP ( 'NONE', ( #66, #269, #52, #70 ) ) ;
#64 = ORIENTED_EDGE ( 'NONE', *, *, #65, .T. ) ;
#65 = EDGE_CURVE ( 'NONE', #6, #28, #661, .T. ) ;
#66 = ORIENTED_EDGE ( 'NONE', *, *, #22, .F. ) ;
#67 = ORIENTED_EDGE ( 'NONE', *, *, #68, .T. ) ;
#68 = EDGE_CURVE ( 'NONE', #93, #69, #655, .T. ) ;
#69 = VERTEX_POINT ( 'NONE', #770 ) ;
#70 = ORIENTED_EDGE ( 'NONE', *, *, #76, .F. ) ;
#71 = ORIENTED_EDGE ( 'NONE', *, *, #78, .F. ) ;
#72 = ORIENTED_EDGE ( 'NONE', *, *, #117, .T. ) ;
#73 = ADVANCED_FACE ( 'NONE', ( #773 ), #711, .T. ) ;
#74 = VERTEX_POINT ( 'NONE', #712 ) ;
#75 = EDGE_LOOP ( 'NONE', ( #46, #47, #44, #45 ) ) ;
#76 = EDGE_CURVE ( 'NONE', #42, #74, #742, .T. ) ;
#77 = ORIENTED_EDGE ( 'NONE', *, *, #76, .T. ) ;
#78 = EDGE_CURVE ( 'NONE', #120, #42, #732, .T. ) ;
#79 = ADVANCED_FACE ( 'NONE', ( #733 ), #726, .T. ) ;
#80 = EDGE_LOOP ( 'NONE', ( #81, #82, #71, #72 ) ) ;
#81 = ORIENTED_EDGE ( 'NONE', *, *, #37, .F. ) ;
#82 = ORIENTED_EDGE ( 'NONE', *, *, #83, .F. ) ;
#83 = EDGE_CURVE ( 'NONE', #42, #93, #752, .T. ) ;
#84 = ORIENTED_EDGE ( 'NONE', *, *, #37, .T. ) ;
#85 = EDGE_LOOP ( 'NONE', ( #41, #48, #77, #86 ) ) ;
#86 = ORIENTED_EDGE ( 'NONE', *, *, #43, .F. ) ;
#87 = ORIENTED_EDGE ( 'NONE', *, *, #154, .F. ) ;
#88 = ADVANCED_FACE ( 'NONE', ( #748 ), #723, .F. ) ;
#89 = ORIENTED_EDGE ( 'NONE', *, *, #91, .F. ) ;
#90 = EDGE_CURVE ( 'NONE', #146, #120, #725, .T. ) ;
#91 = EDGE_CURVE ( 'NONE', #36, #256, #691, .T. ) ;
#92 = EDGE_CURVE ( 'NONE', #93, #36, #686, .T. ) ;
#93 = VERTEX_POINT ( 'NONE', #708 ) ;
#94 = EDGE_CURVE ( 'NONE', #171, #108, #707, .T. ) ;
#95 = ORIENTED_EDGE ( 'NONE', *, *, #174, .T. ) ;
#96 = ORIENTED_EDGE ( 'NONE', *, *, #90, .F. ) ;
#97 = EDGE_CURVE ( 'NONE', #142, #145, #703, .T. ) ;
#98 = ADVANCED_FACE ( 'NONE', ( #677 ), #676, .T. ) ;
#99 = VERTEX_POINT ( 'NONE', #671 ) ;
#100 = ORIENTED_EDGE ( 'NONE', *, *, #101, .T. ) ;
#101 = EDGE_CURVE ( 'NONE', #99, #102, #670, .T. ) ;
#102 = VERTEX_POINT ( 'NONE', #665 ) ;
#103 = ORIENTED_EDGE ( 'NONE', *, *, #10, .F. ) ;
#104 = ORIENTED_EDGE ( 'NONE', *, *, #83, .T. ) ;
#105 = EDGE_LOOP ( 'NONE', ( #106, #95, #96, #50 ) ) ;
#106 = ORIENTED_EDGE ( 'NONE', *, *, #97, .F. ) ;
#107 = EDGE_LOOP ( 'NONE', ( #238, #202, #204, #218, #221, #230, #233, #205, #163, #166, #169, #172 ) ) ;
#108 = VERTEX_POINT ( 'NONE', #664 ) ;
#109 = EDGE_LOOP ( 'NONE', ( #215, #237 ) ) ;
#110 = ORIENTED_EDGE ( 'NONE', *, *, #195, .T. ) ;
#111 = MANIFOLD_SOLID_BREP ( 'NONE', #594 ) ;
#112 = EDGE_LOOP ( 'NONE', ( #143, #254, #183, #186 ) ) ;
#113 = ORIENTED_EDGE ( 'NONE', *, *, #114, .T. ) ;
#114 = EDGE_CURVE ( 'NONE', #142, #138, #851, .T. ) ;
#115 = EDGE_LOOP ( 'NONE', ( #116, #122, #113, #139 ) ) ;
#116 = ORIENTED_EDGE ( 'NONE', *, *, #117, .F. ) ;
#117 = EDGE_CURVE ( 'NONE', #120, #121, #927, .T. ) ;
#118 = EDGE_CURVE ( 'NONE', #145, #185, #795, .T. ) ;
#119 = ADVANCED_FACE ( 'NONE', ( #791 ), #915, .F. ) ;
#120 = VERTEX_POINT ( 'NONE', #847 ) ;
#121 = VERTEX_POINT ( 'NONE', #846 ) ;
#122 = ORIENTED_EDGE ( 'NONE', *, *, #174, .F. ) ;
#123 = ADVANCED_FACE ( 'NONE', ( #845 ), #925, .F. ) ;
#124 = EDGE_LOOP ( 'NONE', ( #125, #126, #402, #435 ) ) ;
#125 = ORIENTED_EDGE ( 'NONE', *, *, #400, .T. ) ;
#126 = ORIENTED_EDGE ( 'NONE', *, *, #127, .F. ) ;
#127 = EDGE_CURVE ( 'NONE', #235, #433, #866, .T. ) ;
#128 = EDGE_CURVE ( 'NONE', #300, #301, #893, .T. ) ;
#129 = EDGE_CURVE ( 'NONE', #108, #301, #920, .T. ) ;
#130 = EDGE_CURVE ( 'NONE', #310, #223, #873, .T. ) ;
#131 = ADVANCED_FACE ( 'NONE', ( #869 ), #868, .T. ) ;
#132 = ORIENTED_EDGE ( 'NONE', *, *, #391, .T. ) ;
#133 = ORIENTED_EDGE ( 'NONE', *, *, #134, .T. ) ;
#134 = EDGE_CURVE ( 'NONE', #240, #142, #894, .T. ) ;
#135 = ADVANCED_FACE ( 'NONE', ( #934 ), #929, .F. ) ;
#136 = ORIENTED_EDGE ( 'NONE', *, *, #137, .F. ) ;
#137 = EDGE_CURVE ( 'NONE', #158, #252, #798, .T. ) ;
#138 = VERTEX_POINT ( 'NONE', #882 ) ;
#139 = ORIENTED_EDGE ( 'NONE', *, *, #140, .T. ) ;
#140 = EDGE_CURVE ( 'NONE', #138, #121, #881, .T. ) ;
#141 = EDGE_LOOP ( 'NONE', ( #267, #265, #100, #259 ) ) ;
#142 = VERTEX_POINT ( 'NONE', #844 ) ;
#143 = ORIENTED_EDGE ( 'NONE', *, *, #144, .T. ) ;
#144 = EDGE_CURVE ( 'NONE', #145, #146, #843, .T. ) ;
#145 = VERTEX_POINT ( 'NONE', #839 ) ;
#146 = VERTEX_POINT ( 'NONE', #838 ) ;
#147 = EDGE_CURVE ( 'NONE', #156, #148, #837, .T. ) ;
#148 = VERTEX_POINT ( 'NONE', #833 ) ;
#149 = EDGE_LOOP ( 'NONE', ( #150, #161, #175, #181 ) ) ;
#150 = ORIENTED_EDGE ( 'NONE', *, *, #155, .F. ) ;
#151 = VERTEX_POINT ( 'NONE', #832 ) ;
#152 = ORIENTED_EDGE ( 'NONE', *, *, #184, .T. ) ;
#153 = ORIENTED_EDGE ( 'NONE', *, *, #154, .T. ) ;
#154 = EDGE_CURVE ( 'NONE', #256, #121, #831, .T. ) ;
#155 = EDGE_CURVE ( 'NONE', #156, #160, #908, .T. ) ;
#156 = VERTEX_POINT ( 'NONE', #903 ) ;
#157 = ADVANCED_FACE ( 'NONE', ( #902 ), #901, .F. ) ;
#158 = VERTEX_POINT ( 'NONE', #889 ) ;
#159 = ORIENTED_EDGE ( 'NONE', *, *, #162, .F. ) ;
#160 = VERTEX_POINT ( 'NONE', #884 ) ;
#161 = ORIENTED_EDGE ( 'NONE', *, *, #147, .T. ) ;
#162 = EDGE_CURVE ( 'NONE', #173, #158, #860, .T. ) ;
#163 = ORIENTED_EDGE ( 'NONE', *, *, #164, .F. ) ;
#164 = EDGE_CURVE ( 'NONE', #165, #236, #861, .T. ) ;
#165 = VERTEX_POINT ( 'NONE', #852 ) ;
#166 = ORIENTED_EDGE ( 'NONE', *, *, #167, .T. ) ;
#167 = EDGE_CURVE ( 'NONE', #165, #168, #829, .T. ) ;
#168 = VERTEX_POINT ( 'NONE', #825 ) ;
#169 = ORIENTED_EDGE ( 'NONE', *, *, #170, .T. ) ;
#170 = EDGE_CURVE ( 'NONE', #168, #171, #824, .T. ) ;
#171 = VERTEX_POINT ( 'NONE', #819 ) ;
#172 = ORIENTED_EDGE ( 'NONE', *, *, #94, .T. ) ;
#173 = VERTEX_POINT ( 'NONE', #818 ) ;
#174 = EDGE_CURVE ( 'NONE', #142, #120, #817, .T. ) ;
#175 = ORIENTED_EDGE ( 'NONE', *, *, #176, .T. ) ;
#176 = EDGE_CURVE ( 'NONE', #148, #151, #813, .T. ) ;
#177 = ORIENTED_EDGE ( 'NONE', *, *, #179, .T. ) ;
#178 = VERTEX_POINT ( 'NONE', #808 ) ;
#179 = EDGE_CURVE ( 'NONE', #173, #178, #807, .T. ) ;
#180 = ORIENTED_EDGE ( 'NONE', *, *, #257, .T. ) ;
#181 = ORIENTED_EDGE ( 'NONE', *, *, #182, .F. ) ;
#182 = EDGE_CURVE ( 'NONE', #160, #151, #999, .T. ) ;
#183 = ORIENTED_EDGE ( 'NONE', *, *, #184, .F. ) ;
#184 = EDGE_CURVE ( 'NONE', #185, #256, #985, .T. ) ;
#185 = VERTEX_POINT ( 'NONE', #950 ) ;
#186 = ORIENTED_EDGE ( 'NONE', *, *, #118, .F. ) ;
#187 = EDGE_LOOP ( 'NONE', ( #152, #153, #207, #208 ) ) ;
#188 = ADVANCED_FACE ( 'NONE', ( #962 ), #982, .F. ) ;
#189 = EDGE_CURVE ( 'NONE', #263, #264, #989, .T. ) ;
#190 = EDGE_LOOP ( 'NONE', ( #197, #225 ) ) ;
#191 = EDGE_LOOP ( 'NONE', ( #216, #196 ) ) ;
#192 = VERTEX_POINT ( 'NONE', #991 ) ;
#193 = ORIENTED_EDGE ( 'NONE', *, *, #198, .T. ) ;
#194 = VERTEX_POINT ( 'NONE', #990 ) ;
#195 = EDGE_CURVE ( 'NONE', #201, #194, #945, .T. ) ;
#196 = ORIENTED_EDGE ( 'NONE', *, *, #162, .T. ) ;
#197 = ORIENTED_EDGE ( 'NONE', *, *, #224, .T. ) ;
#198 = EDGE_CURVE ( 'NONE', #192, #217, #968, .T. ) ;
#199 = VERTEX_POINT ( 'NONE', #964 ) ;
#200 = EDGE_CURVE ( 'NONE', #201, #217, #963, .T. ) ;
#201 = VERTEX_POINT ( 'NONE', #938 ) ;
#202 = ORIENTED_EDGE ( 'NONE', *, *, #203, .T. ) ;
#203 = EDGE_CURVE ( 'NONE', #199, #192, #975, .T. ) ;
#204 = ORIENTED_EDGE ( 'NONE', *, *, #3, .F. ) ;
#205 = ORIENTED_EDGE ( 'NONE', *, *, #206, .F. ) ;
#206 = EDGE_CURVE ( 'NONE', #236, #235, #981, .T. ) ;
#207 = ORIENTED_EDGE ( 'NONE', *, *, #140, .F. ) ;
#208 = ORIENTED_EDGE ( 'NONE', *, *, #209, .T. ) ;
#209 = EDGE_CURVE ( 'NONE', #138, #185, #977, .T. ) ;
#210 = ORIENTED_EDGE ( 'NONE', *, *, #97, .T. ) ;
#211 = ORIENTED_EDGE ( 'NONE', *, *, #212, .F. ) ;
#212 = EDGE_CURVE ( 'NONE', #171, #145, #947, .T. ) ;
#213 = ADVANCED_FACE ( 'NONE', ( #995 ), #994, .T. ) ;
#214 = EDGE_LOOP ( 'NONE', ( #317, #318, #395, #396 ) ) ;
#215 = ORIENTED_EDGE ( 'NONE', *, *, #229, .T. ) ;
#216 = ORIENTED_EDGE ( 'NONE', *, *, #227, .T. ) ;
#217 = VERTEX_POINT ( 'NONE', #956 ) ;
#218 = ORIENTED_EDGE ( 'NONE', *, *, #219, .T. ) ;
#219 = EDGE_CURVE ( 'NONE', #194, #220, #955, .T. ) ;
#220 = VERTEX_POINT ( 'NONE', #1126 ) ;
#221 = ORIENTED_EDGE ( 'NONE', *, *, #222, .T. ) ;
#222 = EDGE_CURVE ( 'NONE', #220, #223, #1157, .T. ) ;
#223 = VERTEX_POINT ( 'NONE', #1072 ) ;
#224 = EDGE_CURVE ( 'NONE', #160, #156, #1155, .T. ) ;
#225 = ORIENTED_EDGE ( 'NONE', *, *, #155, .T. ) ;
#226 = ORIENTED_EDGE ( 'NONE', *, *, #200, .F. ) ;
#227 = EDGE_CURVE ( 'NONE', #158, #173, #1093, .T. ) ;
#228 = ADVANCED_FACE ( 'NONE', ( #1067, #1070, #1069, #1068 ), #1151, .T. ) ;
#229 = EDGE_CURVE ( 'NONE', #264, #263, #1077, .T. ) ;
#230 = ORIENTED_EDGE ( 'NONE', *, *, #231, .T. ) ;
#231 = EDGE_CURVE ( 'NONE', #223, #232, #1092, .T. ) ;
#232 = VERTEX_POINT ( 'NONE', #1144 ) ;
#233 = ORIENTED_EDGE ( 'NONE', *, *, #234, .T. ) ;
#234 = EDGE_CURVE ( 'NONE', #232, #235, #1114, .T. ) ;
#235 = VERTEX_POINT ( 'NONE', #1115 ) ;
#236 = VERTEX_POINT ( 'NONE', #1130 ) ;
#237 = ORIENTED_EDGE ( 'NONE', *, *, #189, .T. ) ;
#238 = ORIENTED_EDGE ( 'NONE', *, *, #239, .F. ) ;
#239 = EDGE_CURVE ( 'NONE', #199, #108, #1129, .T. ) ;
#240 = VERTEX_POINT ( 'NONE', #1201 ) ;
#241 = ORIENTED_EDGE ( 'NONE', *, *, #242, .F. ) ;
#242 = EDGE_CURVE ( 'NONE', #243, #240, #1195, .T. ) ;
#243 = VERTEX_POINT ( 'NONE', #1190 ) ;
#244 = ORIENTED_EDGE ( 'NONE', *, *, #245, .F. ) ;
#245 = EDGE_CURVE ( 'NONE', #246, #243, #1150, .T. ) ;
#246 = VERTEX_POINT ( 'NONE', #1146 ) ;
#247 = ORIENTED_EDGE ( 'NONE', *, *, #248, .F. ) ;
#248 = EDGE_CURVE ( 'NONE', #249, #246, #1143, .T. ) ;
#249 = VERTEX_POINT ( 'NONE', #1200 ) ;
#250 = ORIENTED_EDGE ( 'NONE', *, *, #308, .T. ) ;
#251 = EDGE_CURVE ( 'NONE', #168, #243, #1199, .T. ) ;
#252 = VERTEX_POINT ( 'NONE', #1163 ) ;
#253 = EDGE_LOOP ( 'NONE', ( #159, #177, #180, #136 ) ) ;
#254 = ORIENTED_EDGE ( 'NONE', *, *, #255, .T. ) ;
#255 = EDGE_CURVE ( 'NONE', #146, #256, #1162, .T. ) ;
#256 = VERTEX_POINT ( 'NONE', #1158 ) ;
#257 = EDGE_CURVE ( 'NONE', #178, #252, #1209, .T. ) ;
#258 = EDGE_CURVE ( 'NONE', #23, #6, #1034, .T. ) ;
#259 = ORIENTED_EDGE ( 'NONE', *, *, #260, .F. ) ;
#260 = EDGE_CURVE ( 'NONE', #264, #102, #1030, .T. ) ;
#261 = ADVANCED_FACE ( 'NONE', ( #1139 ), #1138, .T. ) ;
#262 = ADVANCED_FACE ( 'NONE', ( #1133 ), #1132, .F. ) ;
#263 = VERTEX_POINT ( 'NONE', #1039 ) ;
#264 = VERTEX_POINT ( 'NONE', #1035 ) ;
#265 = ORIENTED_EDGE ( 'NONE', *, *, #266, .T. ) ;
#266 = EDGE_CURVE ( 'NONE', #263, #99, #1125, .T. ) ;
#267 = ORIENTED_EDGE ( 'NONE', *, *, #189, .F. ) ;
#268 = ORIENTED_EDGE ( 'NONE', *, *, #22, .T. ) ;
#269 = ORIENTED_EDGE ( 'NONE', *, *, #258, .T. ) ;
#270 = ORIENTED_EDGE ( 'NONE', *, *, #7, .T. ) ;
#271 = ORIENTED_EDGE ( 'NONE', *, *, #532, .F. ) ;
#272 = ADVANCED_FACE ( 'NONE', ( #1121 ), #1120, .F. ) ;
#273 = EDGE_LOOP ( 'NONE', ( #274, #275, #276, #277 ) ) ;
#274 = ORIENTED_EDGE ( 'NONE', *, *, #331, .F. ) ;
#275 = ORIENTED_EDGE ( 'NONE', *, *, #488, .F. ) ;
#276 = ORIENTED_EDGE ( 'NONE', *, *, #368, .F. ) ;
#277 = ORIENTED_EDGE ( 'NONE', *, *, #372, .T. ) ;
#278 = EDGE_LOOP ( 'NONE', ( #598, #599, #600, #486 ) ) ;
#279 = EDGE_CURVE ( 'NONE', #423, #425, #1109, .T. ) ;
#280 = ORIENTED_EDGE ( 'NONE', *, *, #281, .F. ) ;
#281 = EDGE_CURVE ( 'NONE', #347, #425, #1105, .T. ) ;
#282 = ADVANCED_FACE ( 'NONE', ( #1101 ), #1099, .F. ) ;
#283 = ORIENTED_EDGE ( 'NONE', *, *, #284, .T. ) ;
#284 = EDGE_CURVE ( 'NONE', #417, #403, #1100, .T. ) ;
#285 = EDGE_CURVE ( 'NONE', #300, #199, #1062, .T. ) ;
#286 = ORIENTED_EDGE ( 'NONE', *, *, #287, .T. ) ;
#287 = EDGE_CURVE ( 'NONE', #310, #288, #1222, .T. ) ;
#288 = VERTEX_POINT ( 'NONE', #1217 ) ;
#289 = ORIENTED_EDGE ( 'NONE', *, *, #290, .F. ) ;
#290 = EDGE_CURVE ( 'NONE', #406, #288, #1216, .T. ) ;
#291 = ORIENTED_EDGE ( 'NONE', *, *, #118, .T. ) ;
#292 = ADVANCED_FACE ( 'NONE', ( #1212 ), #1211, .T. ) ;
#293 = ORIENTED_EDGE ( 'NONE', *, *, #408, .T. ) ;
#294 = ORIENTED_EDGE ( 'NONE', *, *, #338, .T. ) ;
#295 = ORIENTED_EDGE ( 'NONE', *, *, #321, .T. ) ;
#296 = ADVANCED_FACE ( 'NONE', ( #1189 ), #1188, .T. ) ;
#297 = ORIENTED_EDGE ( 'NONE', *, *, #331, .T. ) ;
#298 = VERTEX_POINT ( 'NONE', #1180 ) ;
#299 = ADVANCED_FACE ( 'NONE', ( #1179 ), #1178, .T. ) ;
#300 = VERTEX_POINT ( 'NONE', #1022 ) ;
#301 = VERTEX_POINT ( 'NONE', #1021 ) ;
#302 = ORIENTED_EDGE ( 'NONE', *, *, #303, .F. ) ;
#303 = EDGE_CURVE ( 'NONE', #304, #358, #1020, .T. ) ;
#304 = VERTEX_POINT ( 'NONE', #1016 ) ;
#305 = EDGE_LOOP ( 'NONE', ( #419, #306, #330, #295 ) ) ;
#306 = ORIENTED_EDGE ( 'NONE', *, *, #114, .F. ) ;
#307 = ORIENTED_EDGE ( 'NONE', *, *, #285, .T. ) ;
#308 = EDGE_CURVE ( 'NONE', #249, #433, #1015, .T. ) ;
#309 = EDGE_CURVE ( 'NONE', #310, #434, #1011, .T. ) ;
#310 = VERTEX_POINT ( 'NONE', #1007 ) ;
#311 = ORIENTED_EDGE ( 'NONE', *, *, #312, .T. ) ;
#312 = EDGE_CURVE ( 'NONE', #322, #201, #1006, .T. ) ;
#313 = ORIENTED_EDGE ( 'NONE', *, *, #287, .F. ) ;
#314 = ORIENTED_EDGE ( 'NONE', *, *, #315, .T. ) ;
#315 = EDGE_CURVE ( 'NONE', #332, #434, #1001, .T. ) ;
#316 = ORIENTED_EDGE ( 'NONE', *, *, #94, .F. ) ;
#317 = ORIENTED_EDGE ( 'NONE', *, *, #209, .F. ) ;
#318 = ORIENTED_EDGE ( 'NONE', *, *, #394, .T. ) ;
#319 = ADVANCED_FACE ( 'NONE', ( #1174 ), #1173, .F. ) ;
#320 = ORIENTED_EDGE ( 'NONE', *, *, #242, .T. ) ;
#321 = EDGE_CURVE ( 'NONE', #240, #301, #1168, .T. ) ;
#322 = VERTEX_POINT ( 'NONE', #1085 ) ;
#323 = ORIENTED_EDGE ( 'NONE', *, *, #101, .F. ) ;
#324 = ORIENTED_EDGE ( 'NONE', *, *, #431, .T. ) ;
#325 = EDGE_LOOP ( 'NONE', ( #320, #390, #392, #401 ) ) ;
#326 = ORIENTED_EDGE ( 'NONE', *, *, #200, .T. ) ;
#327 = ORIENTED_EDGE ( 'NONE', *, *, #321, .F. ) ;
#328 = EDGE_CURVE ( 'NONE', #288, #332, #1084, .T. ) ;
#329 = EDGE_LOOP ( 'NONE', ( #414, #283, #404, #378 ) ) ;
#330 = ORIENTED_EDGE ( 'NONE', *, *, #134, .F. ) ;
#331 = EDGE_CURVE ( 'NONE', #298, #332, #1080, .T. ) ;
#332 = VERTEX_POINT ( 'NONE', #1056 ) ;
#333 = ORIENTED_EDGE ( 'NONE', *, *, #334, .T. ) ;
#334 = EDGE_CURVE ( 'NONE', #304, #425, #1055, .T. ) ;
#335 = ADVANCED_FACE ( 'NONE', ( #1051 ), #1050, .T. ) ;
#336 = EDGE_LOOP ( 'NONE', ( #426, #316, #376, #291 ) ) ;
#337 = ADVANCED_FACE ( 'NONE', ( #1043, #1042, #1041, #1040 ), #1270, .F. ) ;
#338 = EDGE_CURVE ( 'NONE', #406, #298, #1385, .T. ) ;
#339 = ORIENTED_EDGE ( 'NONE', *, *, #350, .T. ) ;
#340 = ORIENTED_EDGE ( 'NONE', *, *, #231, .F. ) ;
#341 = ADVANCED_FACE ( 'NONE', ( #1398 ), #1397, .F. ) ;
#342 = EDGE_LOOP ( 'NONE', ( #313, #427, #428, #429 ) ) ;
#343 = EDGE_LOOP ( 'NONE', ( #344, #421, #424, #280 ) ) ;
#344 = ORIENTED_EDGE ( 'NONE', *, *, #345, .F. ) ;
#345 = EDGE_CURVE ( 'NONE', #346, #347, #1318, .T. ) ;
#346 = VERTEX_POINT ( 'NONE', #1314 ) ;
#347 = VERTEX_POINT ( 'NONE', #1313 ) ;
#348 = ORIENTED_EDGE ( 'NONE', *, *, #436, .F. ) ;
#349 = ORIENTED_EDGE ( 'NONE', *, *, #350, .F. ) ;
#350 = EDGE_CURVE ( 'NONE', #298, #232, #1390, .T. ) ;
#351 = EDGE_LOOP ( 'NONE', ( #352, #353, #355, #356, #302, #333 ) ) ;
#352 = ORIENTED_EDGE ( 'NONE', *, *, #279, .F. ) ;
#353 = ORIENTED_EDGE ( 'NONE', *, *, #354, .T. ) ;
#354 = EDGE_CURVE ( 'NONE', #423, #417, #1395, .T. ) ;
#355 = ORIENTED_EDGE ( 'NONE', *, *, #415, .F. ) ;
#356 = ORIENTED_EDGE ( 'NONE', *, *, #357, .T. ) ;
#357 = EDGE_CURVE ( 'NONE', #416, #358, #1267, .T. ) ;
#358 = VERTEX_POINT ( 'NONE', #1262 ) ;
#359 = ORIENTED_EDGE ( 'NONE', *, *, #129, .T. ) ;
#360 = ORIENTED_EDGE ( 'NONE', *, *, #257, .F. ) ;
#361 = EDGE_LOOP ( 'NONE', ( #439, #441 ) ) ;
#362 = EDGE_LOOP ( 'NONE', ( #363, #364, #367, #556 ) ) ;
#363 = ORIENTED_EDGE ( 'NONE', *, *, #281, .T. ) ;
#364 = ORIENTED_EDGE ( 'NONE', *, *, #365, .T. ) ;
#365 = EDGE_CURVE ( 'NONE', #425, #366, #1261, .T. ) ;
#366 = VERTEX_POINT ( 'NONE', #1283 ) ;
#367 = ORIENTED_EDGE ( 'NONE', *, *, #368, .T. ) ;
#368 = EDGE_CURVE ( 'NONE', #366, #369, #1282, .T. ) ;
#369 = VERTEX_POINT ( 'NONE', #1278 ) ;
#370 = ORIENTED_EDGE ( 'NONE', *, *, #328, .T. ) ;
#371 = ORIENTED_EDGE ( 'NONE', *, *, #372, .F. ) ;
#372 = EDGE_CURVE ( 'NONE', #366, #332, #1277, .T. ) ;
#373 = ORIENTED_EDGE ( 'NONE', *, *, #530, .F. ) ;
#374 = EDGE_LOOP ( 'NONE', ( #375, #2, #552, #653 ) ) ;
#375 = ORIENTED_EDGE ( 'NONE', *, *, #303, .T. ) ;
#376 = ORIENTED_EDGE ( 'NONE', *, *, #212, .T. ) ;
#377 = VERTEX_POINT ( 'NONE', #1273 ) ;
#378 = ORIENTED_EDGE ( 'NONE', *, *, #379, .T. ) ;
#379 = EDGE_CURVE ( 'NONE', #377, #416, #1429, .T. ) ;
#380 = ADVANCED_FACE ( 'NONE', ( #1425 ), #1424, .F. ) ;
#381 = ORIENTED_EDGE ( 'NONE', *, *, #222, .F. ) ;
#382 = ORIENTED_EDGE ( 'NONE', *, *, #388, .T. ) ;
#383 = EDGE_LOOP ( 'NONE', ( #326, #324, #443, #327, #241, #244, #247, #250, #437, #438, #442, #311 ) ) ;
#384 = ORIENTED_EDGE ( 'NONE', *, *, #239, .T. ) ;
#385 = ORIENTED_EDGE ( 'NONE', *, *, #128, .F. ) ;
#386 = ORIENTED_EDGE ( 'NONE', *, *, #130, .T. ) ;
#387 = EDGE_LOOP ( 'NONE', ( #132, #133, #210, #211 ) ) ;
#388 = EDGE_CURVE ( 'NONE', #220, #322, #1422, .T. ) ;
#389 = ORIENTED_EDGE ( 'NONE', *, *, #393, .T. ) ;
#390 = ORIENTED_EDGE ( 'NONE', *, *, #391, .F. ) ;
#391 = EDGE_CURVE ( 'NONE', #171, #240, #1415, .T. ) ;
#392 = ORIENTED_EDGE ( 'NONE', *, *, #170, .F. ) ;
#393 = EDGE_CURVE ( 'NONE', #322, #310, #1411, .T. ) ;
#394 = EDGE_CURVE ( 'NONE', #138, #301, #1407, .T. ) ;
#395 = ORIENTED_EDGE ( 'NONE', *, *, #129, .F. ) ;
#396 = ORIENTED_EDGE ( 'NONE', *, *, #397, .F. ) ;
#397 = EDGE_CURVE ( 'NONE', #185, #108, #1402, .T. ) ;
#398 = ADVANCED_FACE ( 'NONE', ( #1253 ), #1252, .T. ) ;
#399 = ADVANCED_FACE ( 'NONE', ( #1250 ), #1246, .T. ) ;
#400 = EDGE_CURVE ( 'NONE', #434, #433, #1244, .T. ) ;
#401 = ORIENTED_EDGE ( 'NONE', *, *, #251, .T. ) ;
#402 = ORIENTED_EDGE ( 'NONE', *, *, #234, .F. ) ;
#403 = VERTEX_POINT ( 'NONE', #1236 ) ;
#404 = ORIENTED_EDGE ( 'NONE', *, *, #405, .F. ) ;
#405 = EDGE_CURVE ( 'NONE', #377, #403, #1235, .T. ) ;
#406 = VERTEX_POINT ( 'NONE', #1231 ) ;
#407 = ORIENTED_EDGE ( 'NONE', *, *, #408, .F. ) ;
#408 = EDGE_CURVE ( 'NONE', #223, #406, #1229, .T. ) ;
#409 = EDGE_LOOP ( 'NONE', ( #293, #294, #339, #340 ) ) ;
#410 = ADVANCED_FACE ( 'NONE', ( #1230 ), #1224, .T. ) ;
#411 = EDGE_LOOP ( 'NONE', ( #412, #286, #289, #407 ) ) ;
#412 = ORIENTED_EDGE ( 'NONE', *, *, #130, .F. ) ;
#413 = ADVANCED_FACE ( 'NONE', ( #1380 ), #1384, .T. ) ;
#414 = ORIENTED_EDGE ( 'NONE', *, *, #415, .T. ) ;
#415 = EDGE_CURVE ( 'NONE', #416, #417, #1375, .T. ) ;
#416 = VERTEX_POINT ( 'NONE', #1451 ) ;
#417 = VERTEX_POINT ( 'NONE', #1450 ) ;
#418 = ADVANCED_FACE ( 'NONE', ( #1449 ), #1448, .F. ) ;
#419 = ORIENTED_EDGE ( 'NONE', *, *, #394, .F. ) ;
#420 = EDGE_LOOP ( 'NONE', ( #297, #314, #348, #349 ) ) ;
#421 = ORIENTED_EDGE ( 'NONE', *, *, #422, .T. ) ;
#422 = EDGE_CURVE ( 'NONE', #346, #423, #1443, .T. ) ;
#423 = VERTEX_POINT ( 'NONE', #1439 ) ;
#424 = ORIENTED_EDGE ( 'NONE', *, *, #279, .T. ) ;
#425 = VERTEX_POINT ( 'NONE', #1438 ) ;
#426 = ORIENTED_EDGE ( 'NONE', *, *, #397, .T. ) ;
#427 = ORIENTED_EDGE ( 'NONE', *, *, #309, .T. ) ;
#428 = ORIENTED_EDGE ( 'NONE', *, *, #315, .F. ) ;
#429 = ORIENTED_EDGE ( 'NONE', *, *, #328, .F. ) ;
#430 = EDGE_LOOP ( 'NONE', ( #385, #307, #384, #359 ) ) ;
#431 = EDGE_CURVE ( 'NONE', #217, #300, #1436, .T. ) ;
#432 = EDGE_LOOP ( 'NONE', ( #381, #382, #389, #386 ) ) ;
#433 = VERTEX_POINT ( 'NONE', #1437 ) ;
#434 = VERTEX_POINT ( 'NONE', #1312 ) ;
#435 = ORIENTED_EDGE ( 'NONE', *, *, #436, .T. ) ;
#436 = EDGE_CURVE ( 'NONE', #232, #434, #1311, .T. ) ;
#437 = ORIENTED_EDGE ( 'NONE', *, *, #400, .F. ) ;
#438 = ORIENTED_EDGE ( 'NONE', *, *, #309, .F. ) ;
#439 = ORIENTED_EDGE ( 'NONE', *, *, #440, .F. ) ;
#440 = EDGE_CURVE ( 'NONE', #151, #148, #1307, .T. ) ;
#441 = ORIENTED_EDGE ( 'NONE', *, *, #176, .F. ) ;
#442 = ORIENTED_EDGE ( 'NONE', *, *, #393, .F. ) ;
#443 = ORIENTED_EDGE ( 'NONE', *, *, #128, .T. ) ;
#444 = EDGE_LOOP ( 'NONE', ( #445, #323 ) ) ;
#445 = ORIENTED_EDGE ( 'NONE', *, *, #446, .F. ) ;
#446 = EDGE_CURVE ( 'NONE', #102, #99, #1302, .T. ) ;
#447 = EDGE_LOOP ( 'NONE', ( #448, #360 ) ) ;
#448 = ORIENTED_EDGE ( 'NONE', *, *, #449, .F. ) ;
#449 = EDGE_CURVE ( 'NONE', #252, #178, #1297, .T. ) ;
#450 = ADVANCED_FACE ( 'NONE', ( #1292 ), #1291, .F. ) ;
#451 = EDGE_LOOP ( 'NONE', ( #550, #551, #575, #576 ) ) ;
#452 = ORIENTED_EDGE ( 'NONE', *, *, #248, .T. ) ;
#453 = ADVANCED_FACE ( 'NONE', ( #1289 ), #1345, .F. ) ;
#454 = ADVANCED_FACE ( 'NONE', ( #1346 ), #1340, .T. ) ;
#455 = EDGE_LOOP ( 'NONE', ( #526, #529, #464, #465 ) ) ;
#456 = ORIENTED_EDGE ( 'NONE', *, *, #648, .F. ) ;
#457 = CARTESIAN_POINT ( 'NONE',  ( -0.5571344019567428000, 0.08287932760579849700, 0.3599999999999999900 ) ) ;
#458 = LINE ( 'NONE', #457, #638 ) ;
#459 = DIRECTION ( 'NONE',  ( 0.1548833773298393400, -0.9879327605798395900, -0.0000000000000000000 ) ) ;
#460 = VECTOR ( 'NONE', #459, 39.37007874015748100 ) ;
#461 = CARTESIAN_POINT ( 'NONE',  ( -0.5555855681834444000, 0.07300000000000007900, 0.02999999999999999900 ) ) ;
#462 = DIRECTION ( 'NONE',  ( 0.9879327605798408100, 0.1548833773298317300, 0.0000000000000000000 ) ) ;
#463 = DIRECTION ( 'NONE',  ( -0.1548833773298315100, 0.9879327605798409200, -0.0000000000000000000 ) ) ;
#464 = ORIENTED_EDGE ( 'NONE', *, *, #365, .F. ) ;
#465 = ORIENTED_EDGE ( 'NONE', *, *, #334, .F. ) ;
#466 = EDGE_LOOP ( 'NONE', ( #568, #589, #478, #651 ) ) ;
#467 = ADVANCED_FACE ( 'NONE', ( #1338 ), #1337, .T. ) ;
#468 = DIRECTION ( 'NONE',  ( 0.9879327605798408100, 0.1548833773298315100, 0.0000000000000000000 ) ) ;
#469 = DIRECTION ( 'NONE',  ( 0.1548833773298315100, -0.9879327605798408100, 0.0000000000000000000 ) ) ;
#470 = CARTESIAN_POINT ( 'NONE',  ( -0.4148720844332456400, 0.1051825339412942300, 0.3599999999999999900 ) ) ;
#471 = AXIS2_PLACEMENT_3D ( 'NONE', #470, #469, #468 ) ;
#472 = PLANE ( 'NONE',  #471 ) ;
#473 = DIRECTION ( 'NONE',  ( 0.9879327605798408100, 0.1548833773298313700, 0.0000000000000000000 ) ) ;
#474 = DIRECTION ( 'NONE',  ( 0.1548833773298313700, -0.9879327605798408100, 0.0000000000000000000 ) ) ;
#475 = FACE_OUTER_BOUND ( 'NONE', #20, .T. ) ;
#476 = VERTEX_POINT ( 'NONE', #1371 ) ;
#477 = EDGE_LOOP ( 'NONE', ( #604, #649, #479, #456, #558, #626 ) ) ;
#478 = ORIENTED_EDGE ( 'NONE', *, *, #654, .F. ) ;
#479 = ORIENTED_EDGE ( 'NONE', *, *, #345, .T. ) ;
#480 = ORIENTED_EDGE ( 'NONE', *, *, #227, .F. ) ;
#481 = ADVANCED_FACE ( 'NONE', ( #1370 ), #1369, .T. ) ;
#482 = ORIENTED_EDGE ( 'NONE', *, *, #34, .F. ) ;
#483 = ORIENTED_EDGE ( 'NONE', *, *, #8, .F. ) ;
#484 = ORIENTED_EDGE ( 'NONE', *, *, #54, .F. ) ;
#485 = EDGE_CURVE ( 'NONE', #236, #249, #1364, .T. ) ;
#486 = ORIENTED_EDGE ( 'NONE', *, *, #206, .T. ) ;
#487 = ORIENTED_EDGE ( 'NONE', *, *, #488, .T. ) ;
#488 = EDGE_CURVE ( 'NONE', #369, #298, #1360, .T. ) ;
#489 = ORIENTED_EDGE ( 'NONE', *, *, #648, .T. ) ;
#490 = ADVANCED_FACE ( 'NONE', ( #1356 ), #1355, .T. ) ;
#491 = EDGE_LOOP ( 'NONE', ( #492, #493, #601, #602 ) ) ;
#492 = ORIENTED_EDGE ( 'NONE', *, *, #431, .F. ) ;
#493 = ORIENTED_EDGE ( 'NONE', *, *, #198, .F. ) ;
#494 = EDGE_LOOP ( 'NONE', ( #554, #555, #452, #543 ) ) ;
#495 = ORIENTED_EDGE ( 'NONE', *, *, #338, .F. ) ;
#496 = ORIENTED_EDGE ( 'NONE', *, *, #497, .T. ) ;
#497 = EDGE_CURVE ( 'NONE', #406, #574, #1350, .T. ) ;
#498 = EDGE_LOOP ( 'NONE', ( #370, #371, #373, #271 ) ) ;
#499 = EDGE_CURVE ( 'NONE', #358, #476, #1332, .T. ) ;
#500 = CARTESIAN_POINT ( 'NONE',  ( -0.4133232506599473500, 0.09530320633549585500, 0.0000000000000000000 ) ) ;
#501 = CARTESIAN_POINT ( 'NONE',  ( -0.5571344019567428000, 0.08287932760579849700, 0.03000000000000002300 ) ) ;
#502 = DIRECTION ( 'NONE',  ( 0.9879327605798408100, 0.1548833773298317300, 0.0000000000000000000 ) ) ;
#503 = DIRECTION ( 'NONE',  ( 0.1548833773298315400, -0.9879327605798408100, 0.0000000000000000000 ) ) ;
#504 = CARTESIAN_POINT ( 'NONE',  ( -0.5259475853660491300, 0.07764650131989510300, 0.02999999999999999900 ) ) ;
#505 = AXIS2_PLACEMENT_3D ( 'NONE', #504, #503, #502 ) ;
#506 = CIRCLE ( 'NONE', #505, 0.02999999999999997500 ) ;
#507 = DIRECTION ( 'NONE',  ( -0.1548833773298393400, 0.9879327605798395900, 0.0000000000000000000 ) ) ;
#508 = VECTOR ( 'NONE', #507, 39.37007874015748100 ) ;
#509 = CARTESIAN_POINT ( 'NONE',  ( -0.5571344019567428000, 0.08287932760579853900, 0.07000000000000000700 ) ) ;
#510 = LINE ( 'NONE', #509, #508 ) ;
#511 = CARTESIAN_POINT ( 'NONE',  ( -0.5555855681834444000, 0.07300000000000007900, 0.07000000000000000700 ) ) ;
#512 = DIRECTION ( 'NONE',  ( 0.0000000000000000000, 0.0000000000000000000, -1.000000000000000000 ) ) ;
#513 = VECTOR ( 'NONE', #512, 39.37007874015748100 ) ;
#514 = CARTESIAN_POINT ( 'NONE',  ( -0.5555855681834444000, 0.07300000000000007900, 0.3599999999999999900 ) ) ;
#515 = LINE ( 'NONE', #514, #513 ) ;
#516 = CARTESIAN_POINT ( 'NONE',  ( -0.5555855681834444000, 0.07300000000000007900, 0.03000000000000002300 ) ) ;
#517 = CARTESIAN_POINT ( 'NONE',  ( -0.5274964191393475300, 0.08752582892569343900, 0.07000000000000000700 ) ) ;
#518 = AXIS2_PLACEMENT_3D ( 'NONE', #517, #463, #462 ) ;
#519 = CIRCLE ( 'NONE', #518, 0.02999999999999997500 ) ;
#520 = LINE ( 'NONE', #461, #460 ) ;
#521 = DIRECTION ( 'NONE',  ( -1.224646799147353200E-016, 1.000000000000000000, 0.0000000000000000000 ) ) ;
#522 = DIRECTION ( 'NONE',  ( 1.000000000000000000, 1.224646799147353200E-016, -0.0000000000000000000 ) ) ;
#523 = CARTESIAN_POINT ( 'NONE',  ( -1.224646799147353000E-018, 0.01000000000000000000, 0.3599999999999999900 ) ) ;
#524 = CARTESIAN_POINT ( 'NONE',  ( -0.5259475853660491300, 0.07764650131989513100, 0.1000000000000000100 ) ) ;
#525 = EDGE_CURVE ( 'NONE', #574, #369, #1328, .T. ) ;
#526 = ORIENTED_EDGE ( 'NONE', *, *, #527, .F. ) ;
#527 = EDGE_CURVE ( 'NONE', #528, #304, #1324, .T. ) ;
#528 = VERTEX_POINT ( 'NONE', #1319 ) ;
#529 = ORIENTED_EDGE ( 'NONE', *, *, #530, .T. ) ;
#530 = EDGE_CURVE ( 'NONE', #528, #366, #1048, .T. ) ;
#531 = ORIENTED_EDGE ( 'NONE', *, *, #652, .T. ) ;
#532 = EDGE_CURVE ( 'NONE', #288, #528, #1480, .T. ) ;
#533 = ORIENTED_EDGE ( 'NONE', *, *, #573, .T. ) ;
#534 = ADVANCED_FACE ( 'NONE', ( #1590 ), #1461, .F. ) ;
#535 = ADVANCED_FACE ( 'NONE', ( #1507 ), #1506, .T. ) ;
#536 = EDGE_LOOP ( 'NONE', ( #487, #495, #496, #559 ) ) ;
#537 = ADVANCED_FACE ( 'NONE', ( #1604 ), #1568, .F. ) ;
#538 = EDGE_LOOP ( 'NONE', ( #539, #540, #615, #608 ) ) ;
#539 = ORIENTED_EDGE ( 'NONE', *, *, #251, .F. ) ;
#540 = ORIENTED_EDGE ( 'NONE', *, *, #167, .F. ) ;
#541 = EDGE_LOOP ( 'NONE', ( #578, #614, #613, #542 ) ) ;
#542 = ORIENTED_EDGE ( 'NONE', *, *, #446, .T. ) ;
#543 = ORIENTED_EDGE ( 'NONE', *, *, #616, .T. ) ;
#544 = ORIENTED_EDGE ( 'NONE', *, *, #357, .F. ) ;
#545 = ORIENTED_EDGE ( 'NONE', *, *, #379, .F. ) ;
#546 = ORIENTED_EDGE ( 'NONE', *, *, #179, .F. ) ;
#547 = ORIENTED_EDGE ( 'NONE', *, *, #31, .F. ) ;
#548 = ADVANCED_FACE ( 'NONE', ( #1569 ), #1465, .T. ) ;
#549 = EDGE_LOOP ( 'NONE', ( #579, #580, #581, #582 ) ) ;
#550 = ORIENTED_EDGE ( 'NONE', *, *, #147, .F. ) ;
#551 = ORIENTED_EDGE ( 'NONE', *, *, #224, .F. ) ;
#552 = ORIENTED_EDGE ( 'NONE', *, *, #595, .F. ) ;
#553 = EDGE_LOOP ( 'NONE', ( #590, #591, #592, #593 ) ) ;
#554 = ORIENTED_EDGE ( 'NONE', *, *, #164, .T. ) ;
#555 = ORIENTED_EDGE ( 'NONE', *, *, #485, .T. ) ;
#556 = ORIENTED_EDGE ( 'NONE', *, *, #557, .F. ) ;
#557 = EDGE_CURVE ( 'NONE', #347, #369, #1458, .T. ) ;
#558 = ORIENTED_EDGE ( 'NONE', *, *, #595, .T. ) ;
#559 = ORIENTED_EDGE ( 'NONE', *, *, #525, .T. ) ;
#560 = AXIS2_PLACEMENT_3D ( 'NONE', #523, #522, #521 ) ;
#561 = PLANE ( 'NONE',  #560 ) ;
#562 = FACE_OUTER_BOUND ( 'NONE', #4, .T. ) ;
#563 = DIRECTION ( 'NONE',  ( -0.0000000000000000000, -0.0000000000000000000, -1.000000000000000000 ) ) ;
#564 = VECTOR ( 'NONE', #563, 39.37007874015748100 ) ;
#565 = CARTESIAN_POINT ( 'NONE',  ( 0.0000000000000000000, 0.0000000000000000000, 0.3599999999999999900 ) ) ;
#566 = LINE ( 'NONE', #565, #564 ) ;
#567 = ADVANCED_FACE ( 'NONE', ( #1479 ), #1476, .F. ) ;
#568 = ORIENTED_EDGE ( 'NONE', *, *, #573, .F. ) ;
#569 = ORIENTED_EDGE ( 'NONE', *, *, #497, .F. ) ;
#570 = ORIENTED_EDGE ( 'NONE', *, *, #290, .T. ) ;
#571 = ORIENTED_EDGE ( 'NONE', *, *, #532, .T. ) ;
#572 = EDGE_LOOP ( 'NONE', ( #531, #489, #618, #625 ) ) ;
#573 = EDGE_CURVE ( 'NONE', #528, #574, #1563, .T. ) ;
#574 = VERTEX_POINT ( 'NONE', #1586 ) ;
#575 = ORIENTED_EDGE ( 'NONE', *, *, #182, .T. ) ;
#576 = ORIENTED_EDGE ( 'NONE', *, *, #440, .T. ) ;
#577 = ADVANCED_FACE ( 'NONE', ( #1585 ), #1584, .F. ) ;
#578 = ORIENTED_EDGE ( 'NONE', *, *, #266, .F. ) ;
#579 = ORIENTED_EDGE ( 'NONE', *, *, #650, .F. ) ;
#580 = ORIENTED_EDGE ( 'NONE', *, *, #284, .F. ) ;
#581 = ORIENTED_EDGE ( 'NONE', *, *, #354, .F. ) ;
#582 = ORIENTED_EDGE ( 'NONE', *, *, #422, .F. ) ;
#583 = ADVANCED_FACE ( 'NONE', ( #1610 ), #1608, .T. ) ;
#584 = EDGE_LOOP ( 'NONE', ( #585, #586, #544, #545 ) ) ;
#585 = ORIENTED_EDGE ( 'NONE', *, *, #619, .F. ) ;
#586 = ORIENTED_EDGE ( 'NONE', *, *, #499, .F. ) ;
#587 = ORIENTED_EDGE ( 'NONE', *, *, #258, .F. ) ;
#588 = ORIENTED_EDGE ( 'NONE', *, *, #7, .F. ) ;
#589 = ORIENTED_EDGE ( 'NONE', *, *, #527, .T. ) ;
#590 = ORIENTED_EDGE ( 'NONE', *, *, #312, .F. ) ;
#591 = ORIENTED_EDGE ( 'NONE', *, *, #388, .F. ) ;
#592 = ORIENTED_EDGE ( 'NONE', *, *, #219, .F. ) ;
#593 = ORIENTED_EDGE ( 'NONE', *, *, #195, .F. ) ;
#594 = CLOSED_SHELL ( 'NONE', ( #262, #157, #188, #261, #119, #98, #135, #38, #88, #39, #79, #73, #15, #62, #19, #55, #5, #228, #299, #337, #319, #123, #399, #131, #213, #398, #418, #296, #410, #292, #341, #413, #380, #282, #335, #607, #537, #454, #567, #620, #535, #617, #534, #272, #605, #606, #467, #577, #450, #453, #481, #622, #548, #583, #490, #603 ) ) ;
#595 = EDGE_CURVE ( 'NONE', #596, #476, #1577, .T. ) ;
#596 = VERTEX_POINT ( 'NONE', #1573 ) ;
#597 = EDGE_LOOP ( 'NONE', ( #569, #570, #571, #533 ) ) ;
#598 = ORIENTED_EDGE ( 'NONE', *, *, #127, .T. ) ;
#599 = ORIENTED_EDGE ( 'NONE', *, *, #308, .F. ) ;
#600 = ORIENTED_EDGE ( 'NONE', *, *, #485, .F. ) ;
#601 = ORIENTED_EDGE ( 'NONE', *, *, #203, .F. ) ;
#602 = ORIENTED_EDGE ( 'NONE', *, *, #285, .F. ) ;
#603 = ADVANCED_FACE ( 'NONE', ( #1474 ), #1473, .T. ) ;
#604 = ORIENTED_EDGE ( 'NONE', *, *, #405, .T. ) ;
#605 = ADVANCED_FACE ( 'NONE', ( #1468 ), #1602, .F. ) ;
#606 = ADVANCED_FACE ( 'NONE', ( #1597 ), #1593, .F. ) ;
#607 = ADVANCED_FACE ( 'NONE', ( #1594 ), #1502, .T. ) ;
#608 = ORIENTED_EDGE ( 'NONE', *, *, #245, .T. ) ;
#609 = EDGE_LOOP ( 'NONE', ( #546, #480, #610, #611 ) ) ;
#610 = ORIENTED_EDGE ( 'NONE', *, *, #137, .T. ) ;
#611 = ORIENTED_EDGE ( 'NONE', *, *, #449, .T. ) ;
#612 = EDGE_LOOP ( 'NONE', ( #482, #483, #484, #621 ) ) ;
#613 = ORIENTED_EDGE ( 'NONE', *, *, #260, .T. ) ;
#614 = ORIENTED_EDGE ( 'NONE', *, *, #229, .F. ) ;
#615 = ORIENTED_EDGE ( 'NONE', *, *, #616, .F. ) ;
#616 = EDGE_CURVE ( 'NONE', #246, #165, #1500, .T. ) ;
#617 = ADVANCED_FACE ( 'NONE', ( #1493 ), #1491, .T. ) ;
#618 = ORIENTED_EDGE ( 'NONE', *, *, #557, .T. ) ;
#619 = EDGE_CURVE ( 'NONE', #476, #377, #1492, .T. ) ;
#620 = ADVANCED_FACE ( 'NONE', ( #1520 ), #1519, .F. ) ;
#621 = ORIENTED_EDGE ( 'NONE', *, *, #59, .F. ) ;
#622 = ADVANCED_FACE ( 'NONE', ( #1517 ), #1513, .T. ) ;
#623 = EDGE_LOOP ( 'NONE', ( #624, #587, #588, #547 ) ) ;
#624 = ORIENTED_EDGE ( 'NONE', *, *, #65, .F. ) ;
#625 = ORIENTED_EDGE ( 'NONE', *, *, #525, .F. ) ;
#626 = ORIENTED_EDGE ( 'NONE', *, *, #619, .T. ) ;
#627 = PLANE ( 'NONE',  #629 ) ;
#628 = CARTESIAN_POINT ( 'NONE',  ( -0.4133232506599473500, 0.09530320633549588200, 0.3599999999999999900 ) ) ;
#629 = AXIS2_PLACEMENT_3D ( 'NONE', #628, #474, #473 ) ;
#630 = FACE_OUTER_BOUND ( 'NONE', #16, .T. ) ;
#631 = DIRECTION ( 'NONE',  ( -0.9879327605798408100, -0.1548833773298315100, 0.0000000000000000000 ) ) ;
#632 = VECTOR ( 'NONE', #631, 39.37007874015748100 ) ;
#633 = CARTESIAN_POINT ( 'NONE',  ( -0.4133232506599473500, 0.09530320633549588200, 0.0000000000000000000 ) ) ;
#634 = LINE ( 'NONE', #633, #632 ) ;
#635 = CARTESIAN_POINT ( 'NONE',  ( -0.5259475853660491300, 0.07764650131989510300, 0.0000000000000000000 ) ) ;
#636 = CARTESIAN_POINT ( 'NONE',  ( -0.5571344019567428000, 0.08287932760579849700, 0.07000000000000000700 ) ) ;
#637 = DIRECTION ( 'NONE',  ( 0.0000000000000000000, 0.0000000000000000000, -1.000000000000000000 ) ) ;
#638 = VECTOR ( 'NONE', #637, 39.37007874015748100 ) ;
#639 = CARTESIAN_POINT ( 'NONE',  ( -0.5274964191393475300, 0.08752582892569343900, 0.1000000000000000200 ) ) ;
#640 = DIRECTION ( 'NONE',  ( 0.9879327605798408100, 0.1548833773298315100, 0.0000000000000000000 ) ) ;
#641 = VECTOR ( 'NONE', #640, 39.37007874015748100 ) ;
#642 = CARTESIAN_POINT ( 'NONE',  ( -0.4148720844332456400, 0.1051825339412942300, 0.1000000000000000200 ) ) ;
#643 = LINE ( 'NONE', #642, #641 ) ;
#644 = DIRECTION ( 'NONE',  ( -0.9879327605798408100, -0.1548833773298312600, -0.0000000000000000000 ) ) ;
#645 = VECTOR ( 'NONE', #644, 39.37007874015748100 ) ;
#646 = CARTESIAN_POINT ( 'NONE',  ( -0.5555855681834445100, 0.07300000000000014800, 0.1000000000000000100 ) ) ;
#647 = LINE ( 'NONE', #646, #645 ) ;
#648 = EDGE_CURVE ( 'NONE', #596, #347, #1508, .T. ) ;
#649 = ORIENTED_EDGE ( 'NONE', *, *, #650, .T. ) ;
#650 = EDGE_CURVE ( 'NONE', #403, #346, #1534, .T. ) ;
#651 = ORIENTED_EDGE ( 'NONE', *, *, #652, .F. ) ;
#652 = EDGE_CURVE ( 'NONE', #574, #596, #1529, .T. ) ;
#653 = ORIENTED_EDGE ( 'NONE', *, *, #654, .T. ) ;
#654 = EDGE_CURVE ( 'NONE', #596, #304, #1486, .T. ) ;
#655 = LINE ( 'NONE', #718, #774 ) ;
#656 = DIRECTION ( 'NONE',  ( -0.9879327605798408100, -0.1548833773298311500, 0.0000000000000000000 ) ) ;
#657 = DIRECTION ( 'NONE',  ( 0.9879327605798408100, 0.1548833773298317300, 0.0000000000000000000 ) ) ;
#658 = DIRECTION ( 'NONE',  ( 0.1548833773298315400, -0.9879327605798408100, 0.0000000000000000000 ) ) ;
#659 = CARTESIAN_POINT ( 'NONE',  ( -0.5259475853660491300, 0.07764650131989510300, 0.07000000000000000700 ) ) ;
#660 = AXIS2_PLACEMENT_3D ( 'NONE', #659, #658, #657 ) ;
#661 = CIRCLE ( 'NONE', #660, 0.02999999999999997500 ) ;
#662 = SURFACE_SIDE_STYLE ('',( #783 ) ) ;
#663 = COLOUR_RGB ( '',0.9882352941176471000, 1.000000000000000000, 0.9882352941176471000 ) ;
#664 = CARTESIAN_POINT ( 'NONE',  ( -0.1270000000000000300, -1.707404996040164500E-017, 3.414809992080328400E-017 ) ) ;
#665 = CARTESIAN_POINT ( 'NONE',  ( -0.06549999999999998900, 0.009999999999999991500, 0.1799999999999999900 ) ) ;
#666 = DIRECTION ( 'NONE',  ( -1.000000000000000000, -1.376939512935616200E-016, 0.0000000000000000000 ) ) ;
#667 = DIRECTION ( 'NONE',  ( -1.224646799147353000E-016, 1.000000000000000000, 0.0000000000000000000 ) ) ;
#668 = CARTESIAN_POINT ( 'NONE',  ( -0.04999999999999998900, 0.009999999999999993300, 0.1799999999999999900 ) ) ;
#669 = AXIS2_PLACEMENT_3D ( 'NONE', #668, #667, #666 ) ;
#670 = CIRCLE ( 'NONE', #669, 0.01550000000000000300 ) ;
#671 = CARTESIAN_POINT ( 'NONE',  ( -0.03449999999999998900, 0.009999999999999995000, 0.1799999999999999900 ) ) ;
#672 = DIRECTION ( 'NONE',  ( -1.000000000000000000, 0.0000000000000000000, 0.0000000000000000000 ) ) ;
#673 = DIRECTION ( 'NONE',  ( 0.0000000000000000000, 0.0000000000000000000, -1.000000000000000000 ) ) ;
#674 = CARTESIAN_POINT ( 'NONE',  ( -0.4148720844332457500, 0.1051825339412942700, 0.0000000000000000000 ) ) ;
#675 = AXIS2_PLACEMENT_3D ( 'NONE', #674, #673, #672 ) ;
#676 = PLANE ( 'NONE',  #675 ) ;
#677 = FACE_OUTER_BOUND ( 'NONE', #187, .T. ) ;
#678 = DIRECTION ( 'NONE',  ( -0.3255681544571574200, -0.9455185755993165100, 0.0000000000000000000 ) ) ;
#679 = VECTOR ( 'NONE', #678, 39.37007874015748100 ) ;
#680 = CARTESIAN_POINT ( 'NONE',  ( -0.1318835223168573800, 0.01081722136601022900, 0.1000000000000000100 ) ) ;
#681 = DIRECTION ( 'NONE',  ( -0.9455185755993165100, 0.3255681544571574200, 0.0000000000000000000 ) ) ;
#682 = DIRECTION ( 'NONE',  ( 0.0000000000000000000, 0.0000000000000000000, -1.000000000000000000 ) ) ;
#683 = DIRECTION ( 'NONE',  ( 0.1548833773298325900, -0.9879327605798407000, 0.0000000000000000000 ) ) ;
#684 = VECTOR ( 'NONE', #683, 39.37007874015748100 ) ;
#685 = CARTESIAN_POINT ( 'NONE',  ( -0.4148720844332456400, 0.1051825339412942300, 0.0000000000000000000 ) ) ;
#686 = LINE ( 'NONE', #685, #684 ) ;
#687 = DIRECTION ( 'NONE',  ( -0.9455185755993164000, 0.3255681544571578100, 0.0000000000000000000 ) ) ;
#688 = DIRECTION ( 'NONE',  ( 0.0000000000000000000, 0.0000000000000000000, -1.000000000000000000 ) ) ;
#689 = CARTESIAN_POINT ( 'NONE',  ( -0.4109999999999999800, 0.08048421492679824800, 0.0000000000000000000 ) ) ;
#690 = AXIS2_PLACEMENT_3D ( 'NONE', #689, #688, #687 ) ;
#691 = CIRCLE ( 'NONE', #690, 0.01499999999999997900 ) ;
#692 = FACE_OUTER_BOUND ( 'NONE', #75, .T. ) ;
#693 = CYLINDRICAL_SURFACE ( 'NONE', #760, 0.01499999999999997900 ) ;
#694 = CIRCLE ( 'NONE', #779, 0.01499999999999997900 ) ;
#695 = AXIS2_PLACEMENT_3D ( 'NONE', #736, #737, #656 ) ;
#696 = FACE_OUTER_BOUND ( 'NONE', #63, .T. ) ;
#697 = DIRECTION ( 'NONE',  ( -0.1548833773298393400, 0.9879327605798395900, 0.0000000000000000000 ) ) ;
#698 = VECTOR ( 'NONE', #697, 39.37007874015748100 ) ;
#699 = CARTESIAN_POINT ( 'NONE',  ( -0.5274964191393475300, 0.08752582892569367400, 0.0000000000000000000 ) ) ;
#700 = PLANE ( 'NONE',  #738 ) ;
#701 = FACE_OUTER_BOUND ( 'NONE', #85, .T. ) ;
#702 = CARTESIAN_POINT ( 'NONE',  ( -0.4109999999999999800, 0.08048421492679824800, 0.1000000000000000100 ) ) ;
#703 = LINE ( 'NONE', #680, #679 ) ;
#704 = DIRECTION ( 'NONE',  ( -0.0000000000000000000, -0.0000000000000000000, -1.000000000000000000 ) ) ;
#705 = VECTOR ( 'NONE', #704, 39.37007874015748100 ) ;
#706 = CARTESIAN_POINT ( 'NONE',  ( -0.1270000000000000300, -1.555301434917138500E-017, 0.3599999999999999900 ) ) ;
#707 = LINE ( 'NONE', #706, #705 ) ;
#708 = CARTESIAN_POINT ( 'NONE',  ( -0.4148720844332456400, 0.1051825339412942300, 0.0000000000000000000 ) ) ;
#709 = LINE ( 'NONE', #699, #698 ) ;
#710 = AXIS2_PLACEMENT_3D ( 'NONE', #772, #771, #743 ) ;
#711 = PLANE ( 'NONE',  #710 ) ;
#712 = CARTESIAN_POINT ( 'NONE',  ( -0.4133232506599473500, 0.09530320633549591000, 0.1000000000000000100 ) ) ;
#713 = DIRECTION ( 'NONE',  ( -0.9455185755993162900, 0.3255681544571580300, 0.0000000000000000000 ) ) ;
#714 = DIRECTION ( 'NONE',  ( 0.0000000000000000000, -0.0000000000000000000, -1.000000000000000000 ) ) ;
#715 = CARTESIAN_POINT ( 'NONE',  ( -0.4109999999999999800, 0.08048421492679824800, 0.1509698723516968700 ) ) ;
#716 = AXIS2_PLACEMENT_3D ( 'NONE', #715, #714, #713 ) ;
#717 = DIRECTION ( 'NONE',  ( -0.9879327605798408100, -0.1548833773298314000, 0.0000000000000000000 ) ) ;
#718 = CARTESIAN_POINT ( 'NONE',  ( -0.4148720844332456400, 0.1051825339412942300, 0.0000000000000000000 ) ) ;
#719 = DIRECTION ( 'NONE',  ( 0.9455185755993165100, -0.3255681544571574200, 0.0000000000000000000 ) ) ;
#720 = DIRECTION ( 'NONE',  ( 0.0000000000000000000, 0.0000000000000000000, 1.000000000000000000 ) ) ;
#721 = CARTESIAN_POINT ( 'NONE',  ( -0.4109999999999999800, 0.08048421492679824800, 0.0000000000000000000 ) ) ;
#722 = AXIS2_PLACEMENT_3D ( 'NONE', #721, #720, #719 ) ;
#723 = PLANE ( 'NONE',  #722 ) ;
#724 = CARTESIAN_POINT ( 'NONE',  ( -0.4061164776831425700, 0.09466699356078800400, 0.1000000000000000100 ) ) ;
#725 = LINE ( 'NONE', #724, #759 ) ;
#726 = CYLINDRICAL_SURFACE ( 'NONE', #716, 0.02499999999999996700 ) ;
#727 = DIRECTION ( 'NONE',  ( -0.9455185755993150700, 0.3255681544571616400, 0.0000000000000000000 ) ) ;
#728 = DIRECTION ( 'NONE',  ( -0.0000000000000000000, 0.0000000000000000000, 1.000000000000000000 ) ) ;
#729 = CARTESIAN_POINT ( 'NONE',  ( -0.4109999999999999800, 0.08048421492679824800, 0.1000000000000000100 ) ) ;
#730 = AXIS2_PLACEMENT_3D ( 'NONE', #729, #728, #727 ) ;
#731 = AXIS2_PLACEMENT_3D ( 'NONE', #747, #740, #769 ) ;
#732 = CIRCLE ( 'NONE', #730, 0.02500000000000000100 ) ;
#733 = FACE_OUTER_BOUND ( 'NONE', #80, .T. ) ;
#734 = DIRECTION ( 'NONE',  ( 0.1548833773298379200, -0.9879327605798398100, 0.0000000000000000000 ) ) ;
#735 = VECTOR ( 'NONE', #734, 39.37007874015748100 ) ;
#736 = CARTESIAN_POINT ( 'NONE',  ( -0.5555855681834445100, 0.07300000000000014800, 0.1000000000000000100 ) ) ;
#737 = DIRECTION ( 'NONE',  ( -0.0000000000000000000, 0.0000000000000000000, -1.000000000000000000 ) ) ;
#738 = AXIS2_PLACEMENT_3D ( 'NONE', #757, #756, #755 ) ;
#739 = DIRECTION ( 'NONE',  ( 0.9879327605798408100, 0.1548833773298317300, 0.0000000000000000000 ) ) ;
#740 = DIRECTION ( 'NONE',  ( 0.0000000000000000000, -0.0000000000000000000, -1.000000000000000000 ) ) ;
#741 = CARTESIAN_POINT ( 'NONE',  ( -0.4148720844332456400, 0.1051825339412942300, 0.1000000000000000100 ) ) ;
#742 = LINE ( 'NONE', #741, #735 ) ;
#743 = DIRECTION ( 'NONE',  ( 0.1548833773298393400, -0.9879327605798395900, 0.0000000000000000000 ) ) ;
#744 = DIRECTION ( 'NONE',  ( -0.1548833773298315100, 0.9879327605798409200, -0.0000000000000000000 ) ) ;
#745 = AXIS2_PLACEMENT_3D ( 'NONE', #761, #744, #739 ) ;
#746 = FACE_OUTER_BOUND ( 'NONE', #56, .T. ) ;
#747 = CARTESIAN_POINT ( 'NONE',  ( -0.4109999999999999800, 0.08048421492679824800, 0.0000000000000000000 ) ) ;
#748 = FACE_OUTER_BOUND ( 'NONE', #40, .T. ) ;
#749 = DIRECTION ( 'NONE',  ( 0.0000000000000000000, 0.0000000000000000000, -1.000000000000000000 ) ) ;
#750 = VECTOR ( 'NONE', #749, 39.37007874015748100 ) ;
#751 = CARTESIAN_POINT ( 'NONE',  ( -0.4148720844332456400, 0.1051825339412942300, 0.3599999999999999900 ) ) ;
#752 = LINE ( 'NONE', #751, #750 ) ;
#753 = PLANE ( 'NONE',  #695 ) ;
#754 = CARTESIAN_POINT ( 'NONE',  ( -0.4109999999999999800, 0.08048421492679824800, 0.1000000000000000100 ) ) ;
#755 = DIRECTION ( 'NONE',  ( 1.000000000000000000, 0.0000000000000000000, 0.0000000000000000000 ) ) ;
#756 = DIRECTION ( 'NONE',  ( 0.0000000000000000000, 0.0000000000000000000, 1.000000000000000000 ) ) ;
#757 = CARTESIAN_POINT ( 'NONE',  ( -0.4109999999999998700, 0.08048421492679824800, 0.0000000000000000000 ) ) ;
#758 = DIRECTION ( 'NONE',  ( 0.3255681544571574200, 0.9455185755993165100, 0.0000000000000000000 ) ) ;
#759 = VECTOR ( 'NONE', #758, 39.37007874015748100 ) ;
#760 = AXIS2_PLACEMENT_3D ( 'NONE', #781, #767, #766 ) ;
#761 = CARTESIAN_POINT ( 'NONE',  ( -0.5274964191393475300, 0.08752582892569343900, 0.02999999999999999900 ) ) ;
#762 = CIRCLE ( 'NONE', #745, 0.02999999999999997500 ) ;
#763 = DIRECTION ( 'NONE',  ( 0.0000000000000000000, 0.0000000000000000000, -1.000000000000000000 ) ) ;
#764 = VECTOR ( 'NONE', #763, 39.37007874015748100 ) ;
#765 = CARTESIAN_POINT ( 'NONE',  ( -0.4133232506599473500, 0.09530320633549588200, 0.3599999999999999900 ) ) ;
#766 = DIRECTION ( 'NONE',  ( -0.9455185755993164000, 0.3255681544571578100, 0.0000000000000000000 ) ) ;
#767 = DIRECTION ( 'NONE',  ( 0.0000000000000000000, -0.0000000000000000000, -1.000000000000000000 ) ) ;
#768 = PLANE ( 'NONE',  #780 ) ;
#769 = DIRECTION ( 'NONE',  ( -0.9455185755993162900, 0.3255681544571580300, 0.0000000000000000000 ) ) ;
#770 = CARTESIAN_POINT ( 'NONE',  ( -0.5274964191393475300, 0.08752582892569343900, 0.0000000000000000000 ) ) ;
#771 = DIRECTION ( 'NONE',  ( -0.9879327605798395900, -0.1548833773298393400, 0.0000000000000000000 ) ) ;
#772 = CARTESIAN_POINT ( 'NONE',  ( -0.5555855681834444000, 0.07300000000000007900, 0.3599999999999999900 ) ) ;
#773 = FACE_OUTER_BOUND ( 'NONE', #29, .T. ) ;
#774 = VECTOR ( 'NONE', #717, 39.37007874015748100 ) ;
#775 = CIRCLE ( 'NONE', #731, 0.02499999999999996700 ) ;
#776 = CARTESIAN_POINT ( 'NONE',  ( -0.4148720844332456400, 0.1051825339412942300, 0.1000000000000000100 ) ) ;
#777 = DIRECTION ( 'NONE',  ( 0.9455185755993164000, -0.3255681544571578100, 0.0000000000000000000 ) ) ;
#778 = DIRECTION ( 'NONE',  ( 0.0000000000000000000, 0.0000000000000000000, 1.000000000000000000 ) ) ;
#779 = AXIS2_PLACEMENT_3D ( 'NONE', #702, #778, #777 ) ;
#780 = AXIS2_PLACEMENT_3D ( 'NONE', #754, #682, #681 ) ;
#781 = CARTESIAN_POINT ( 'NONE',  ( -0.4109999999999999800, 0.08048421492679824800, 0.1509698723516968700 ) ) ;
#782 = LINE ( 'NONE', #765, #764 ) ;
#783 = SURFACE_STYLE_FILL_AREA ( #784 ) ;
#784 = FILL_AREA_STYLE ('',( #785 ) ) ;
#785 = FILL_AREA_STYLE_COLOUR ( '', #663 ) ;
#786 = UNCERTAINTY_MEASURE_WITH_UNIT (LENGTH_MEASURE( 1.000000000000000100E-005 ), #911, 'distance_accuracy_value', 'NONE');
#787 =( NAMED_UNIT ( * ) SI_UNIT ( $, .STERADIAN. ) SOLID_ANGLE_UNIT ( ) );
#788 =( GEOMETRIC_REPRESENTATION_CONTEXT ( 3 ) GLOBAL_UNCERTAINTY_ASSIGNED_CONTEXT ( ( #786 ) ) GLOBAL_UNIT_ASSIGNED_CONTEXT ( ( #911, #877, #787 ) ) REPRESENTATION_CONTEXT ( 'NONE', 'WORKASPACE' ) );
#789 = MECHANICAL_DESIGN_GEOMETRIC_PRESENTATION_REPRESENTATION (  '', ( #874 ), #788 ) ;
#790 = SURFACE_STYLE_USAGE ( .BOTH. , #662 ) ;
#791 = FACE_OUTER_BOUND ( 'NONE', #115, .T. ) ;
#792 = DIRECTION ( 'NONE',  ( 0.0000000000000000000, -0.0000000000000000000, -1.000000000000000000 ) ) ;
#793 = VECTOR ( 'NONE', #792, 39.37007874015748100 ) ;
#794 = CARTESIAN_POINT ( 'NONE',  ( -0.1351392038614289700, 0.001362035610017071100, 0.3599999999999999900 ) ) ;
#795 = LINE ( 'NONE', #794, #793 ) ;
#796 = DIRECTION ( 'NONE',  ( -1.224646799147353200E-016, 1.000000000000000000, -0.0000000000000000000 ) ) ;
#797 = CARTESIAN_POINT ( 'NONE',  ( -0.5655000000000000000, -7.019440238028498000E-017, 0.1800000000000000500 ) ) ;
#798 = LINE ( 'NONE', #797, #883 ) ;
#799 = DIRECTION ( 'NONE',  ( -0.9455185755993165100, 0.3255681544571574200, 0.0000000000000000000 ) ) ;
#800 = DIRECTION ( 'NONE',  ( 0.0000000000000000000, 0.0000000000000000000, -1.000000000000000000 ) ) ;
#801 = CARTESIAN_POINT ( 'NONE',  ( -0.5514828098606052700, 0.1447206357721265200, 0.1000000000000000100 ) ) ;
#802 = AXIS2_PLACEMENT_3D ( 'NONE', #801, #800, #799 ) ;
#803 = DIRECTION ( 'NONE',  ( 1.000000000000000000, 1.224646799147353000E-016, 0.0000000000000000000 ) ) ;
#804 = DIRECTION ( 'NONE',  ( -1.224646799147353200E-016, 1.000000000000000000, -0.0000000000000000000 ) ) ;
#805 = VECTOR ( 'NONE', #804, 39.37007874015748100 ) ;
#806 = CARTESIAN_POINT ( 'NONE',  ( -0.5344999999999999800, -6.639799730292818100E-017, 0.1800000000000000500 ) ) ;
#807 = LINE ( 'NONE', #806, #805 ) ;
#808 = CARTESIAN_POINT ( 'NONE',  ( -0.5344999999999999800, 0.009999999999999934300, 0.1800000000000000500 ) ) ;
#809 = DIRECTION ( 'NONE',  ( -1.000000000000000000, -1.376939512935618600E-016, 0.0000000000000000000 ) ) ;
#810 = DIRECTION ( 'NONE',  ( -1.224646799147353000E-016, 1.000000000000000000, 0.0000000000000000000 ) ) ;
#811 = CARTESIAN_POINT ( 'NONE',  ( -0.2999999999999999900, 0.009999999999999963800, 0.1800000000000000200 ) ) ;
#812 = AXIS2_PLACEMENT_3D ( 'NONE', #811, #810, #809 ) ;
#813 = CIRCLE ( 'NONE', #812, 0.01549999999999997700 ) ;
#814 = DIRECTION ( 'NONE',  ( -0.9455185755993165100, 0.3255681544571573100, -0.0000000000000000000 ) ) ;
#815 = VECTOR ( 'NONE', #814, 39.37007874015748900 ) ;
#816 = CARTESIAN_POINT ( 'NONE',  ( -0.5482271283160337100, 0.1541758215281196800, 0.1000000000000000100 ) ) ;
#817 = LINE ( 'NONE', #816, #815 ) ;
#818 = CARTESIAN_POINT ( 'NONE',  ( -0.5344999999999999800, -6.639799730292818100E-017, 0.1800000000000000500 ) ) ;
#819 = CARTESIAN_POINT ( 'NONE',  ( -0.1270000000000000300, -1.707404996040164500E-017, 0.1000000000000000200 ) ) ;
#820 = DIRECTION ( 'NONE',  ( 1.000000000000000000, 1.224646799147353200E-016, 0.0000000000000000000 ) ) ;
#821 = DIRECTION ( 'NONE',  ( -1.224646799147353000E-016, 1.000000000000000000, -0.0000000000000000000 ) ) ;
#822 = CARTESIAN_POINT ( 'NONE',  ( -0.1270000000000000300, -1.493979371535143800E-017, 0.1120000000000000200 ) ) ;
#823 = AXIS2_PLACEMENT_3D ( 'NONE', #822, #821, #820 ) ;
#824 = CIRCLE ( 'NONE', #823, 0.01200000000000000200 ) ;
#825 = CARTESIAN_POINT ( 'NONE',  ( -0.1270000000000000300, -1.493979371535143800E-017, 0.1240000000000000100 ) ) ;
#826 = DIRECTION ( 'NONE',  ( 1.000000000000000000, 1.224646799147353200E-016, -1.524468746464432800E-016 ) ) ;
#827 = VECTOR ( 'NONE', #826, 39.37007874015748100 ) ;
#828 = CARTESIAN_POINT ( 'NONE',  ( -0.6250000000000000000, -7.592720431288962200E-017, 0.1240000000000000800 ) ) ;
#829 = LINE ( 'NONE', #828, #827 ) ;
#830 = CARTESIAN_POINT ( 'NONE',  ( -0.4061164776831425700, 0.09466699356078799000, 0.0000000000000000000 ) ) ;
#831 = LINE ( 'NONE', #830, #910 ) ;
#832 = CARTESIAN_POINT ( 'NONE',  ( -0.3154999999999999500, 0.009999999999999962000, 0.1800000000000000200 ) ) ;
#833 = CARTESIAN_POINT ( 'NONE',  ( -0.2844999999999999800, 0.009999999999999965500, 0.1800000000000000200 ) ) ;
#834 = DIRECTION ( 'NONE',  ( -1.224646799147353200E-016, 1.000000000000000000, -0.0000000000000000000 ) ) ;
#835 = VECTOR ( 'NONE', #834, 39.37007874015748100 ) ;
#836 = CARTESIAN_POINT ( 'NONE',  ( -0.2844999999999999800, -3.438415362717509800E-017, 0.1800000000000000200 ) ) ;
#837 = LINE ( 'NONE', #836, #835 ) ;
#838 = CARTESIAN_POINT ( 'NONE',  ( -0.4061164776831425700, 0.09466699356078799000, 0.1000000000000000100 ) ) ;
#839 = CARTESIAN_POINT ( 'NONE',  ( -0.1351392038614289400, 0.001362035610017062600, 0.1000000000000000100 ) ) ;
#840 = DIRECTION ( 'NONE',  ( -0.9455185755993165100, 0.3255681544571573100, -0.0000000000000000000 ) ) ;
#841 = VECTOR ( 'NONE', #840, 39.37007874015748900 ) ;
#842 = CARTESIAN_POINT ( 'NONE',  ( -0.5514828098606052700, 0.1447206357721265200, 0.1000000000000000100 ) ) ;
#843 = LINE ( 'NONE', #842, #841 ) ;
#844 = CARTESIAN_POINT ( 'NONE',  ( -0.1318835223168573800, 0.01081722136601022900, 0.1000000000000000100 ) ) ;
#845 = FACE_OUTER_BOUND ( 'NONE', #124, .T. ) ;
#846 = CARTESIAN_POINT ( 'NONE',  ( -0.4028607961385710100, 0.1041221793167811700, 0.0000000000000000000 ) ) ;
#847 = CARTESIAN_POINT ( 'NONE',  ( -0.4028607961385710100, 0.1041221793167811500, 0.1000000000000000100 ) ) ;
#848 = DIRECTION ( 'NONE',  ( 0.9455185755993166200, -0.3255681544571572000, 0.0000000000000000000 ) ) ;
#849 = VECTOR ( 'NONE', #928, 39.37007874015748100 ) ;
#850 = CARTESIAN_POINT ( 'NONE',  ( -0.1318835223168574000, 0.01081722136601022900, 0.3599999999999999900 ) ) ;
#851 = LINE ( 'NONE', #850, #849 ) ;
#852 = CARTESIAN_POINT ( 'NONE',  ( -0.6250000000000000000, -7.592720431288962200E-017, 0.1240000000000000800 ) ) ;
#853 = DIRECTION ( 'NONE',  ( 1.524468746464432500E-016, 0.0000000000000000000, 1.000000000000000000 ) ) ;
#854 = VECTOR ( 'NONE', #853, 39.37007874015748100 ) ;
#855 = CARTESIAN_POINT ( 'NONE',  ( -0.6250000000000000000, -7.592720431288962200E-017, 0.1240000000000000800 ) ) ;
#856 = DIRECTION ( 'NONE',  ( -1.000000000000000000, -1.224646799147352200E-016, 0.0000000000000000000 ) ) ;
#857 = DIRECTION ( 'NONE',  ( -1.224646799147353000E-016, 1.000000000000000000, 0.0000000000000000000 ) ) ;
#858 = CARTESIAN_POINT ( 'NONE',  ( -0.5500000000000000400, -6.829619984160658000E-017, 0.1800000000000000500 ) ) ;
#859 = AXIS2_PLACEMENT_3D ( 'NONE', #858, #857, #856 ) ;
#860 = CIRCLE ( 'NONE', #859, 0.01550000000000001200 ) ;
#861 = LINE ( 'NONE', #855, #854 ) ;
#862 =( LENGTH_UNIT ( ) NAMED_UNIT ( * ) SI_UNIT ( $, .METRE. ) );
#863 = DIRECTION ( 'NONE',  ( -1.224646799147353200E-016, 1.000000000000000000, -0.0000000000000000000 ) ) ;
#864 = VECTOR ( 'NONE', #863, 39.37007874015748100 ) ;
#865 = CARTESIAN_POINT ( 'NONE',  ( -0.1270000000000000300, -1.493979371535143800E-017, 0.2360000000000000200 ) ) ;
#866 = LINE ( 'NONE', #865, #864 ) ;
#867 = AXIS2_PLACEMENT_3D ( 'NONE', #897, #896, #895 ) ;
#868 = PLANE ( 'NONE',  #867 ) ;
#869 = FACE_OUTER_BOUND ( 'NONE', #387, .T. ) ;
#870 = DIRECTION ( 'NONE',  ( 0.0000000000000000000, -1.000000000000000000, 0.0000000000000000000 ) ) ;
#871 = VECTOR ( 'NONE', #870, 39.37007874015748100 ) ;
#872 = CARTESIAN_POINT ( 'NONE',  ( -0.1270000000000000300, 0.009999999999999974200, 0.3599999999999999900 ) ) ;
#873 = LINE ( 'NONE', #872, #871 ) ;
#874 = STYLED_ITEM ( 'NONE', ( #900 ), #111 ) ;
#875 = DIRECTION ( 'NONE',  ( 0.0000000000000000000, -0.0000000000000000000, -1.000000000000000000 ) ) ;
#876 = VECTOR ( 'NONE', #875, 39.37007874015748100 ) ;
#877 =( NAMED_UNIT ( * ) PLANE_ANGLE_UNIT ( ) SI_UNIT ( $, .RADIAN. ) );
#878 = DIRECTION ( 'NONE',  ( -0.9455185755993166200, 0.3255681544571572000, 0.0000000000000000000 ) ) ;
#879 = VECTOR ( 'NONE', #878, 39.37007874015748100 ) ;
#880 = CARTESIAN_POINT ( 'NONE',  ( -0.1318835223168574000, 0.01081722136601022900, 0.0000000000000000000 ) ) ;
#881 = LINE ( 'NONE', #880, #879 ) ;
#882 = CARTESIAN_POINT ( 'NONE',  ( -0.1318835223168574000, 0.01081722136601023800, 6.829619984160658000E-017 ) ) ;
#883 = VECTOR ( 'NONE', #796, 39.37007874015748100 ) ;
#884 = CARTESIAN_POINT ( 'NONE',  ( -0.3154999999999999500, -3.818055870453189100E-017, 0.1800000000000000200 ) ) ;
#885 = DIRECTION ( 'NONE',  ( -1.000000000000000000, -1.224646799147354900E-016, 0.0000000000000000000 ) ) ;
#886 = DIRECTION ( 'NONE',  ( -1.224646799147353200E-016, 1.000000000000000000, -0.0000000000000000000 ) ) ;
#887 = CARTESIAN_POINT ( 'NONE',  ( -0.2999999999999999900, -3.628235616585349700E-017, 0.1800000000000000200 ) ) ;
#888 = AXIS2_PLACEMENT_3D ( 'NONE', #887, #886, #885 ) ;
#889 = CARTESIAN_POINT ( 'NONE',  ( -0.5655000000000000000, -7.019440238028498000E-017, 0.1800000000000000500 ) ) ;
#890 = DIRECTION ( 'NONE',  ( -1.000000000000000000, -1.224646799147353000E-016, 0.0000000000000000000 ) ) ;
#891 = VECTOR ( 'NONE', #890, 39.37007874015748100 ) ;
#892 = CARTESIAN_POINT ( 'NONE',  ( -1.224646799147353000E-018, 0.01000000000000000000, 0.0000000000000000000 ) ) ;
#893 = LINE ( 'NONE', #892, #891 ) ;
#894 = CIRCLE ( 'NONE', #933, 0.01500000000000001200 ) ;
#895 = DIRECTION ( 'NONE',  ( 1.000000000000000000, 0.0000000000000000000, 0.0000000000000000000 ) ) ;
#896 = DIRECTION ( 'NONE',  ( -0.0000000000000000000, 0.0000000000000000000, 1.000000000000000000 ) ) ;
#897 = CARTESIAN_POINT ( 'NONE',  ( -0.1270000000000000300, 0.02499999999999999400, 0.1000000000000000200 ) ) ;
#898 = LENGTH_MEASURE_WITH_UNIT ( LENGTH_MEASURE( 0.02539999999999999900 ), #862 );
#899 = DIMENSIONAL_EXPONENTS ( 1.000000000000000000, 0.0000000000000000000, 0.0000000000000000000, 0.0000000000000000000, 0.0000000000000000000, 0.0000000000000000000, 0.0000000000000000000 ) ;
#900 = PRESENTATION_STYLE_ASSIGNMENT (( #790 ) ) ;
#901 = CYLINDRICAL_SURFACE ( 'NONE', #888, 0.01549999999999997700 ) ;
#902 = FACE_OUTER_BOUND ( 'NONE', #149, .T. ) ;
#903 = CARTESIAN_POINT ( 'NONE',  ( -0.2844999999999999800, -3.438415362717509800E-017, 0.1800000000000000200 ) ) ;
#904 = DIRECTION ( 'NONE',  ( -1.000000000000000000, -1.224646799147354900E-016, 0.0000000000000000000 ) ) ;
#905 = DIRECTION ( 'NONE',  ( -1.224646799147353000E-016, 1.000000000000000000, 0.0000000000000000000 ) ) ;
#906 = CARTESIAN_POINT ( 'NONE',  ( -0.2999999999999999900, -3.628235616585349700E-017, 0.1800000000000000200 ) ) ;
#907 = AXIS2_PLACEMENT_3D ( 'NONE', #906, #905, #904 ) ;
#908 = CIRCLE ( 'NONE', #907, 0.01549999999999997700 ) ;
#909 = DIRECTION ( 'NONE',  ( 0.3255681544571557600, 0.9455185755993170700, 0.0000000000000000000 ) ) ;
#910 = VECTOR ( 'NONE', #909, 39.37007874015748900 ) ;
#911 =( CONVERSION_BASED_UNIT ( 'INCH', #898 ) LENGTH_UNIT ( ) NAMED_UNIT ( #899 ) );
#912 = DIRECTION ( 'NONE',  ( -0.3255681544571572000, -0.9455185755993166200, 0.0000000000000000000 ) ) ;
#913 = CARTESIAN_POINT ( 'NONE',  ( -0.1318835223168574000, 0.01081722136601022900, 0.3599999999999999900 ) ) ;
#914 = AXIS2_PLACEMENT_3D ( 'NONE', #913, #912, #848 ) ;
#915 = PLANE ( 'NONE',  #914 ) ;
#916 = PRESENTATION_LAYER_ASSIGNMENT (  '', '', ( #874 ) ) ;
#917 = DIRECTION ( 'NONE',  ( 0.0000000000000000000, 1.000000000000000000, 0.0000000000000000000 ) ) ;
#918 = VECTOR ( 'NONE', #917, 39.37007874015748100 ) ;
#919 = CARTESIAN_POINT ( 'NONE',  ( -0.1270000000000000300, -1.555301434917138500E-017, 0.0000000000000000000 ) ) ;
#920 = LINE ( 'NONE', #919, #918 ) ;
#921 = DIRECTION ( 'NONE',  ( -1.000000000000000000, -1.224646799147353200E-016, 0.0000000000000000000 ) ) ;
#922 = DIRECTION ( 'NONE',  ( -1.224646799147353200E-016, 1.000000000000000000, -0.0000000000000000000 ) ) ;
#923 = CARTESIAN_POINT ( 'NONE',  ( -0.1270000000000000300, -1.493979371535143800E-017, 0.2480000000000000000 ) ) ;
#924 = AXIS2_PLACEMENT_3D ( 'NONE', #923, #922, #921 ) ;
#925 = CYLINDRICAL_SURFACE ( 'NONE', #924, 0.01200000000000000200 ) ;
#926 = CARTESIAN_POINT ( 'NONE',  ( -0.4028607961385710100, 0.1041221793167811700, 0.3599999999999999900 ) ) ;
#927 = LINE ( 'NONE', #926, #876 ) ;
#928 = DIRECTION ( 'NONE',  ( 0.0000000000000000000, -0.0000000000000000000, -1.000000000000000000 ) ) ;
#929 = PLANE ( 'NONE',  #802 ) ;
#930 = DIRECTION ( 'NONE',  ( -1.000000000000000000, 0.0000000000000000000, 0.0000000000000000000 ) ) ;
#931 = DIRECTION ( 'NONE',  ( -0.0000000000000000000, -0.0000000000000000000, -1.000000000000000000 ) ) ;
#932 = CARTESIAN_POINT ( 'NONE',  ( -0.1270000000000000300, 0.02499999999999999400, 0.1000000000000000500 ) ) ;
#933 = AXIS2_PLACEMENT_3D ( 'NONE', #932, #931, #930 ) ;
#934 = FACE_OUTER_BOUND ( 'NONE', #105, .T. ) ;
#935 = DIRECTION ( 'NONE',  ( -1.000000000000000000, -1.224646799147353000E-016, 0.0000000000000000000 ) ) ;
#936 = DIRECTION ( 'NONE',  ( -1.000000000000000000, -1.224646799147353000E-016, 0.0000000000000000000 ) ) ;
#937 = DIRECTION ( 'NONE',  ( -1.224646799147353000E-016, 1.000000000000000000, 0.0000000000000000000 ) ) ;
#938 = CARTESIAN_POINT ( 'NONE',  ( -1.224646799147353000E-018, 0.01000000000000000000, 0.3100000000000000000 ) ) ;
#939 = DIRECTION ( 'NONE',  ( -0.0000000000000000000, -0.0000000000000000000, -1.000000000000000000 ) ) ;
#940 = VECTOR ( 'NONE', #939, 39.37007874015748100 ) ;
#941 = CARTESIAN_POINT ( 'NONE',  ( -1.224646799147353000E-018, 0.01000000000000000000, 0.3599999999999999900 ) ) ;
#942 = DIRECTION ( 'NONE',  ( 1.224646799147353200E-016, -1.000000000000000000, 0.0000000000000000000 ) ) ;
#943 = VECTOR ( 'NONE', #942, 39.37007874015748100 ) ;
#944 = CARTESIAN_POINT ( 'NONE',  ( -1.224646799147353000E-018, 0.01000000000000000000, 0.3100000000000000000 ) ) ;
#945 = LINE ( 'NONE', #944, #943 ) ;
#946 = AXIS2_PLACEMENT_3D ( 'NONE', #998, #997, #996 ) ;
#947 = CIRCLE ( 'NONE', #946, 0.02500000000000000500 ) ;
#948 = DIRECTION ( 'NONE',  ( -0.3255681544571578700, -0.9455185755993162900, 0.0000000000000000000 ) ) ;
#949 = VECTOR ( 'NONE', #948, 39.37007874015748900 ) ;
#950 = CARTESIAN_POINT ( 'NONE',  ( -0.1351392038614289700, 0.001362035610017071100, 3.414809992080329000E-017 ) ) ;
#951 = AXIS2_PLACEMENT_3D ( 'NONE', #961, #960, #936 ) ;
#952 = DIRECTION ( 'NONE',  ( 1.224646799147353000E-016, -1.000000000000000000, 0.0000000000000000000 ) ) ;
#953 = CARTESIAN_POINT ( 'NONE',  ( -0.05000000000000000300, -6.402768735150616900E-018, 0.3100000000000000000 ) ) ;
#954 = AXIS2_PLACEMENT_3D ( 'NONE', #953, #952, #803 ) ;
#955 = CIRCLE ( 'NONE', #954, 0.05000000000000000300 ) ;
#956 = CARTESIAN_POINT ( 'NONE',  ( -1.224646799147353000E-018, 0.01000000000000000000, 0.05000000000000001000 ) ) ;
#957 = DIRECTION ( 'NONE',  ( 0.0000000000000000000, 1.000000000000000000, 2.884094330729634200E-031 ) ) ;
#958 = DIRECTION ( 'NONE',  ( 9.398824014798464500E-032, 2.884094330729634200E-031, -1.000000000000000000 ) ) ;
#959 = CARTESIAN_POINT ( 'NONE',  ( -0.1270000000000000300, 0.02499999999999999400, 3.414809992080329000E-017 ) ) ;
#960 = DIRECTION ( 'NONE',  ( -1.224646799147353200E-016, 1.000000000000000000, -0.0000000000000000000 ) ) ;
#961 = CARTESIAN_POINT ( 'NONE',  ( -0.04999999999999998900, -6.402768735150616900E-018, 0.1799999999999999900 ) ) ;
#962 = FACE_OUTER_BOUND ( 'NONE', #141, .T. ) ;
#963 = LINE ( 'NONE', #941, #940 ) ;
#964 = CARTESIAN_POINT ( 'NONE',  ( -0.04999999999999998200, -6.123233995736761700E-018, 0.0000000000000000000 ) ) ;
#965 = VECTOR ( 'NONE', #966, 39.37007874015748100 ) ;
#966 = DIRECTION ( 'NONE',  ( -1.224646799147353200E-016, 1.000000000000000000, -0.0000000000000000000 ) ) ;
#967 = CARTESIAN_POINT ( 'NONE',  ( -1.224646799147353000E-018, 0.01000000000000000000, 0.05000000000000001000 ) ) ;
#968 = LINE ( 'NONE', #967, #965 ) ;
#969 = VECTOR ( 'NONE', #984, 39.37007874015748100 ) ;
#970 = CARTESIAN_POINT ( 'NONE',  ( -0.3154999999999999500, -3.818055870453189100E-017, 0.1800000000000000200 ) ) ;
#971 = DIRECTION ( 'NONE',  ( 1.000000000000000000, 1.224646799147353000E-016, 0.0000000000000000000 ) ) ;
#972 = DIRECTION ( 'NONE',  ( 1.224646799147353000E-016, -1.000000000000000000, 0.0000000000000000000 ) ) ;
#973 = CARTESIAN_POINT ( 'NONE',  ( -0.04999999999999999600, -6.402768735150616900E-018, 0.05000000000000000300 ) ) ;
#974 = AXIS2_PLACEMENT_3D ( 'NONE', #973, #972, #971 ) ;
#975 = CIRCLE ( 'NONE', #974, 0.05000000000000000300 ) ;
#976 = CARTESIAN_POINT ( 'NONE',  ( -0.1318835223168574000, 0.01081722136601022900, 0.0000000000000000000 ) ) ;
#977 = LINE ( 'NONE', #976, #949 ) ;
#978 = DIRECTION ( 'NONE',  ( 1.000000000000000000, 1.224646799147353200E-016, -1.524468746464432800E-016 ) ) ;
#979 = VECTOR ( 'NONE', #978, 39.37007874015748100 ) ;
#980 = CARTESIAN_POINT ( 'NONE',  ( -0.6250000000000000000, -7.592720431288962200E-017, 0.2360000000000001000 ) ) ;
#981 = LINE ( 'NONE', #980, #979 ) ;
#982 = CYLINDRICAL_SURFACE ( 'NONE', #951, 0.01550000000000000300 ) ;
#983 = CARTESIAN_POINT ( 'NONE',  ( -0.1351392038614289700, 0.001362035610017062600, 0.0000000000000000000 ) ) ;
#984 = DIRECTION ( 'NONE',  ( -0.9455185755993166200, 0.3255681544571572000, 0.0000000000000000000 ) ) ;
#985 = LINE ( 'NONE', #983, #969 ) ;
#986 = DIRECTION ( 'NONE',  ( -1.224646799147353200E-016, 1.000000000000000000, -0.0000000000000000000 ) ) ;
#987 = CARTESIAN_POINT ( 'NONE',  ( -0.04999999999999998900, -6.402768735150616900E-018, 0.1799999999999999900 ) ) ;
#988 = AXIS2_PLACEMENT_3D ( 'NONE', #987, #937, #935 ) ;
#989 = CIRCLE ( 'NONE', #988, 0.01550000000000000300 ) ;
#990 = CARTESIAN_POINT ( 'NONE',  ( 0.0000000000000000000, 0.0000000000000000000, 0.3100000000000000000 ) ) ;
#991 = CARTESIAN_POINT ( 'NONE',  ( 0.0000000000000000000, 0.0000000000000000000, 0.05000000000000001000 ) ) ;
#992 = VECTOR ( 'NONE', #986, 39.37007874015748100 ) ;
#993 = AXIS2_PLACEMENT_3D ( 'NONE', #959, #958, #957 ) ;
#994 = PLANE ( 'NONE',  #993 ) ;
#995 = FACE_OUTER_BOUND ( 'NONE', #214, .T. ) ;
#996 = DIRECTION ( 'NONE',  ( -1.000000000000000000, 0.0000000000000000000, 0.0000000000000000000 ) ) ;
#997 = DIRECTION ( 'NONE',  ( 0.0000000000000000000, -0.0000000000000000000, -1.000000000000000000 ) ) ;
#998 = CARTESIAN_POINT ( 'NONE',  ( -0.1270000000000000300, 0.02499999999999999400, 0.1000000000000000200 ) ) ;
#999 = LINE ( 'NONE', #970, #992 ) ;
#1000 = AXIS2_PLACEMENT_3D ( 'NONE', #1177, #1176, #1175 ) ;
#1001 = CIRCLE ( 'NONE', #1000, 0.01500000000000001200 ) ;
#1002 = DIRECTION ( 'NONE',  ( 1.000000000000000000, 1.280553747030123300E-016, 0.0000000000000000000 ) ) ;
#1003 = DIRECTION ( 'NONE',  ( -1.224646799147353000E-016, 1.000000000000000000, -0.0000000000000000000 ) ) ;
#1004 = CARTESIAN_POINT ( 'NONE',  ( -0.05000000000000000300, 0.009999999999999993300, 0.3100000000000000000 ) ) ;
#1005 = AXIS2_PLACEMENT_3D ( 'NONE', #1004, #1003, #1002 ) ;
#1006 = CIRCLE ( 'NONE', #1005, 0.05000000000000000300 ) ;
#1007 = CARTESIAN_POINT ( 'NONE',  ( -0.1270000000000000300, 0.009999999999999982900, 0.3599999999999999900 ) ) ;
#1008 = DIRECTION ( 'NONE',  ( -0.0000000000000000000, -0.0000000000000000000, -1.000000000000000000 ) ) ;
#1009 = VECTOR ( 'NONE', #1008, 39.37007874015748100 ) ;
#1010 = CARTESIAN_POINT ( 'NONE',  ( -0.1270000000000000300, 0.009999999999999974200, 0.3599999999999999900 ) ) ;
#1011 = LINE ( 'NONE', #1010, #1009 ) ;
#1012 = DIRECTION ( 'NONE',  ( 1.000000000000000000, 1.224646799147353200E-016, -1.524468746464432800E-016 ) ) ;
#1013 = VECTOR ( 'NONE', #1012, 39.37007874015748100 ) ;
#1014 = CARTESIAN_POINT ( 'NONE',  ( -0.6250000000000000000, 0.009999999999999923900, 0.2360000000000001000 ) ) ;
#1015 = LINE ( 'NONE', #1014, #1013 ) ;
#1016 = CARTESIAN_POINT ( 'NONE',  ( -0.4148720844332456400, 0.1051825339412942300, 0.3599999999999999900 ) ) ;
#1017 = DIRECTION ( 'NONE',  ( -0.9879327605798408100, -0.1548833773298314000, 0.0000000000000000000 ) ) ;
#1018 = VECTOR ( 'NONE', #1017, 39.37007874015748100 ) ;
#1019 = CARTESIAN_POINT ( 'NONE',  ( -0.4148720844332456400, 0.1051825339412942300, 0.3599999999999999900 ) ) ;
#1020 = LINE ( 'NONE', #1019, #1018 ) ;
#1021 = CARTESIAN_POINT ( 'NONE',  ( -0.1270000000000000300, 0.009999999999999974200, 0.0000000000000000000 ) ) ;
#1022 = CARTESIAN_POINT ( 'NONE',  ( -0.04999999999999999600, 0.009999999999999993300, 0.0000000000000000000 ) ) ;
#1023 = DIRECTION ( 'NONE',  ( -1.000000000000000000, 0.0000000000000000000, 0.0000000000000000000 ) ) ;
#1024 = DIRECTION ( 'NONE',  ( -0.0000000000000000000, 0.0000000000000000000, -1.000000000000000000 ) ) ;
#1025 = CARTESIAN_POINT ( 'NONE',  ( -0.1318835223168574000, 0.01081722136601022100, 0.0000000000000000000 ) ) ;
#1026 = AXIS2_PLACEMENT_3D ( 'NONE', #1025, #1024, #1023 ) ;
#1027 = DIRECTION ( 'NONE',  ( -1.224646799147353200E-016, 1.000000000000000000, -0.0000000000000000000 ) ) ;
#1028 = VECTOR ( 'NONE', #1027, 39.37007874015748100 ) ;
#1029 = CARTESIAN_POINT ( 'NONE',  ( -0.06549999999999998900, -8.300971273829014800E-018, 0.1799999999999999900 ) ) ;
#1030 = LINE ( 'NONE', #1029, #1028 ) ;
#1031 = DIRECTION ( 'NONE',  ( 0.1548833773298393400, -0.9879327605798395900, -0.0000000000000000000 ) ) ;
#1032 = VECTOR ( 'NONE', #1031, 39.37007874015748100 ) ;
#1033 = CARTESIAN_POINT ( 'NONE',  ( -0.5259475853660491300, 0.07764650131989535300, 0.1000000000000000100 ) ) ;
#1034 = LINE ( 'NONE', #1033, #1032 ) ;
#1035 = CARTESIAN_POINT ( 'NONE',  ( -0.06549999999999998900, -8.300971273829014800E-018, 0.1799999999999999900 ) ) ;
#1036 = DIRECTION ( 'NONE',  ( -1.000000000000000000, -1.224646799147352200E-016, 0.0000000000000000000 ) ) ;
#1037 = DIRECTION ( 'NONE',  ( -1.224646799147353200E-016, 1.000000000000000000, -0.0000000000000000000 ) ) ;
#1038 = AXIS2_PLACEMENT_3D ( 'NONE', #1131, #1037, #1036 ) ;
#1039 = CARTESIAN_POINT ( 'NONE',  ( -0.03449999999999998900, -4.504566196472219800E-018, 0.1799999999999999900 ) ) ;
#1040 = FACE_OUTER_BOUND ( 'NONE', #383, .T. ) ;
#1041 = FACE_BOUND ( 'NONE', #444, .T. ) ;
#1042 = FACE_BOUND ( 'NONE', #361, .T. ) ;
#1043 = FACE_BOUND ( 'NONE', #447, .T. ) ;
#1044 = DIRECTION ( 'NONE',  ( 1.000000000000000000, 0.0000000000000000000, 0.0000000000000000000 ) ) ;
#1045 = DIRECTION ( 'NONE',  ( 0.0000000000000000000, 0.0000000000000000000, 1.000000000000000000 ) ) ;
#1046 = CARTESIAN_POINT ( 'NONE',  ( -0.4028607961385708400, 0.1041221793167811400, 0.3599999999999999900 ) ) ;
#1047 = CARTESIAN_POINT ( 'NONE',  ( -0.4028607961385710100, 0.1041221793167811700, 0.3599999999999999900 ) ) ;
#1048 = LINE ( 'NONE', #1047, #1462 ) ;
#1049 = AXIS2_PLACEMENT_3D ( 'NONE', #1046, #1045, #1044 ) ;
#1050 = PLANE ( 'NONE',  #1049 ) ;
#1051 = FACE_OUTER_BOUND ( 'NONE', #374, .T. ) ;
#1052 = DIRECTION ( 'NONE',  ( 0.0000000000000000000, 0.0000000000000000000, -1.000000000000000000 ) ) ;
#1053 = VECTOR ( 'NONE', #1052, 39.37007874015748100 ) ;
#1054 = CARTESIAN_POINT ( 'NONE',  ( -0.4148720844332456400, 0.1051825339412942300, 0.3599999999999999900 ) ) ;
#1055 = LINE ( 'NONE', #1054, #1053 ) ;
#1056 = CARTESIAN_POINT ( 'NONE',  ( -0.1318835223168573800, 0.01081722136601022900, 0.2600000000000000100 ) ) ;
#1057 = DIRECTION ( 'NONE',  ( 0.3255681544571574200, 0.9455185755993165100, 0.0000000000000000000 ) ) ;
#1058 = VECTOR ( 'NONE', #1057, 39.37007874015748100 ) ;
#1059 = DIRECTION ( 'NONE',  ( 1.224646799147353200E-016, -1.000000000000000000, 0.0000000000000000000 ) ) ;
#1060 = VECTOR ( 'NONE', #1059, 39.37007874015748100 ) ;
#1061 = CARTESIAN_POINT ( 'NONE',  ( -0.04999999999999999600, 0.01081722136601023300, 0.0000000000000000000 ) ) ;
#1062 = LINE ( 'NONE', #1061, #1060 ) ;
#1063 = DIRECTION ( 'NONE',  ( 0.1548833773298393400, -0.9879327605798395900, -1.254165579784967500E-030 ) ) ;
#1064 = VECTOR ( 'NONE', #1063, 39.37007874015748100 ) ;
#1065 = CARTESIAN_POINT ( 'NONE',  ( -0.5500000000000000400, -6.829619984160658000E-017, 0.1800000000000000500 ) ) ;
#1066 = AXIS2_PLACEMENT_3D ( 'NONE', #1065, #1128, #1127 ) ;
#1067 = FACE_BOUND ( 'NONE', #191, .T. ) ;
#1068 = FACE_OUTER_BOUND ( 'NONE', #107, .T. ) ;
#1069 = FACE_BOUND ( 'NONE', #109, .T. ) ;
#1070 = FACE_BOUND ( 'NONE', #190, .T. ) ;
#1071 = CARTESIAN_POINT ( 'NONE',  ( 0.0000000000000000000, 0.0000000000000000000, 0.3599999999999999900 ) ) ;
#1072 = CARTESIAN_POINT ( 'NONE',  ( -0.1270000000000000300, -1.707404996040164500E-017, 0.3599999999999999900 ) ) ;
#1073 = DIRECTION ( 'NONE',  ( -1.000000000000000000, -1.224646799147354900E-016, 0.0000000000000000000 ) ) ;
#1074 = DIRECTION ( 'NONE',  ( -1.224646799147353000E-016, 1.000000000000000000, 0.0000000000000000000 ) ) ;
#1075 = AXIS2_PLACEMENT_3D ( 'NONE', #1154, #1074, #1073 ) ;
#1076 = VECTOR ( 'NONE', #1145, 39.37007874015748100 ) ;
#1077 = CIRCLE ( 'NONE', #1167, 0.01550000000000000300 ) ;
#1078 = DIRECTION ( 'NONE',  ( 1.000000000000000000, 1.224646799147353000E-016, 0.0000000000000000000 ) ) ;
#1079 = CARTESIAN_POINT ( 'NONE',  ( -0.1351392038614289400, 0.001362035610017062600, 0.2600000000000000100 ) ) ;
#1080 = LINE ( 'NONE', #1079, #1058 ) ;
#1081 = DIRECTION ( 'NONE',  ( 0.0000000000000000000, -0.0000000000000000000, -1.000000000000000000 ) ) ;
#1082 = VECTOR ( 'NONE', #1081, 39.37007874015748100 ) ;
#1083 = CARTESIAN_POINT ( 'NONE',  ( -0.1318835223168574000, 0.01081722136601022900, 0.3599999999999999900 ) ) ;
#1084 = LINE ( 'NONE', #1083, #1082 ) ;
#1085 = CARTESIAN_POINT ( 'NONE',  ( -0.05000000000000000300, 0.009999999999999993300, 0.3599999999999999900 ) ) ;
#1086 = DIRECTION ( 'NONE',  ( -0.0000000000000000000, -0.0000000000000000000, -1.000000000000000000 ) ) ;
#1087 = VECTOR ( 'NONE', #1086, 39.37007874015748100 ) ;
#1088 = CARTESIAN_POINT ( 'NONE',  ( -0.1270000000000000300, 0.009999999999999974200, 0.3599999999999999900 ) ) ;
#1089 = DIRECTION ( 'NONE',  ( -0.0000000000000000000, -0.0000000000000000000, -1.000000000000000000 ) ) ;
#1090 = VECTOR ( 'NONE', #1089, 39.37007874015748100 ) ;
#1091 = CARTESIAN_POINT ( 'NONE',  ( -0.1270000000000000300, -1.555301434917138500E-017, 0.3599999999999999900 ) ) ;
#1092 = LINE ( 'NONE', #1091, #1090 ) ;
#1093 = CIRCLE ( 'NONE', #1066, 0.01550000000000001200 ) ;
#1094 = CARTESIAN_POINT ( 'NONE',  ( -0.5555855681834444000, 0.07300000000000019000, 0.2900000000000000900 ) ) ;
#1095 = DIRECTION ( 'NONE',  ( 0.9879327605798408100, 0.1548833773298315100, 0.0000000000000000000 ) ) ;
#1096 = DIRECTION ( 'NONE',  ( 0.1548833773298315100, -0.9879327605798408100, 0.0000000000000000000 ) ) ;
#1097 = CARTESIAN_POINT ( 'NONE',  ( -0.4148720844332456400, 0.1051825339412942300, 0.3599999999999999900 ) ) ;
#1098 = AXIS2_PLACEMENT_3D ( 'NONE', #1097, #1096, #1095 ) ;
#1099 = PLANE ( 'NONE',  #1098 ) ;
#1100 = LINE ( 'NONE', #1094, #1064 ) ;
#1101 = FACE_OUTER_BOUND ( 'NONE', #351, .T. ) ;
#1102 = DIRECTION ( 'NONE',  ( -0.1548833773298379200, 0.9879327605798398100, 0.0000000000000000000 ) ) ;
#1103 = VECTOR ( 'NONE', #1102, 39.37007874015748100 ) ;
#1104 = CARTESIAN_POINT ( 'NONE',  ( -0.4133232506599473500, 0.09530320633549591000, 0.2600000000000000600 ) ) ;
#1105 = LINE ( 'NONE', #1104, #1103 ) ;
#1106 = DIRECTION ( 'NONE',  ( 0.9879327605798408100, 0.1548833773298312600, -1.527995895304553600E-016 ) ) ;
#1107 = VECTOR ( 'NONE', #1106, 39.37007874015748100 ) ;
#1108 = CARTESIAN_POINT ( 'NONE',  ( -0.5571344019567428000, 0.08287932760579853900, 0.2600000000000001200 ) ) ;
#1109 = LINE ( 'NONE', #1108, #1107 ) ;
#1110 = DIRECTION ( 'NONE',  ( -1.000000000000000000, -1.224646799147353200E-016, 0.0000000000000000000 ) ) ;
#1111 = DIRECTION ( 'NONE',  ( -1.224646799147353000E-016, 1.000000000000000000, 0.0000000000000000000 ) ) ;
#1112 = CARTESIAN_POINT ( 'NONE',  ( -0.1270000000000000300, -1.493979371535143800E-017, 0.2480000000000000000 ) ) ;
#1113 = AXIS2_PLACEMENT_3D ( 'NONE', #1112, #1111, #1110 ) ;
#1114 = CIRCLE ( 'NONE', #1113, 0.01200000000000000200 ) ;
#1115 = CARTESIAN_POINT ( 'NONE',  ( -0.1270000000000000300, -1.493979371535143800E-017, 0.2360000000000000200 ) ) ;
#1116 = DIRECTION ( 'NONE',  ( 0.9455185755993165100, -0.3255681544571574200, -1.527995895304553600E-016 ) ) ;
#1117 = DIRECTION ( 'NONE',  ( 1.444748502449963800E-016, -4.974668036524153400E-017, 1.000000000000000000 ) ) ;
#1118 = CARTESIAN_POINT ( 'NONE',  ( -0.5514828098606052700, 0.1447206357721265200, 0.2600000000000001200 ) ) ;
#1119 = AXIS2_PLACEMENT_3D ( 'NONE', #1118, #1117, #1116 ) ;
#1120 = PLANE ( 'NONE',  #1119 ) ;
#1121 = FACE_OUTER_BOUND ( 'NONE', #273, .T. ) ;
#1122 = DIRECTION ( 'NONE',  ( -1.224646799147353200E-016, 1.000000000000000000, -0.0000000000000000000 ) ) ;
#1123 = VECTOR ( 'NONE', #1122, 39.37007874015748100 ) ;
#1124 = CARTESIAN_POINT ( 'NONE',  ( -0.03449999999999998900, -4.504566196472219800E-018, 0.1799999999999999900 ) ) ;
#1125 = LINE ( 'NONE', #1124, #1123 ) ;
#1126 = CARTESIAN_POINT ( 'NONE',  ( -0.04999999999999998900, -6.123233995736762500E-018, 0.3599999999999999900 ) ) ;
#1127 = DIRECTION ( 'NONE',  ( -1.000000000000000000, -1.224646799147352200E-016, 0.0000000000000000000 ) ) ;
#1128 = DIRECTION ( 'NONE',  ( -1.224646799147353000E-016, 1.000000000000000000, 0.0000000000000000000 ) ) ;
#1129 = LINE ( 'NONE', #1204, #1203 ) ;
#1130 = CARTESIAN_POINT ( 'NONE',  ( -0.6250000000000000000, -7.592720431288962200E-017, 0.2360000000000001000 ) ) ;
#1131 = CARTESIAN_POINT ( 'NONE',  ( -0.5500000000000000400, -6.829619984160658000E-017, 0.1800000000000000500 ) ) ;
#1132 = CYLINDRICAL_SURFACE ( 'NONE', #1038, 0.01550000000000001200 ) ;
#1133 = FACE_OUTER_BOUND ( 'NONE', #253, .T. ) ;
#1134 = DIRECTION ( 'NONE',  ( 0.9455185755993166200, -0.3255681544571572000, 0.0000000000000000000 ) ) ;
#1135 = DIRECTION ( 'NONE',  ( -0.3255681544571572000, -0.9455185755993166200, 0.0000000000000000000 ) ) ;
#1136 = CARTESIAN_POINT ( 'NONE',  ( -0.1351392038614289700, 0.001362035610017062600, 0.3599999999999999900 ) ) ;
#1137 = AXIS2_PLACEMENT_3D ( 'NONE', #1136, #1135, #1134 ) ;
#1138 = PLANE ( 'NONE',  #1137 ) ;
#1139 = FACE_OUTER_BOUND ( 'NONE', #112, .T. ) ;
#1140 = DIRECTION ( 'NONE',  ( -1.524468746464432500E-016, 0.0000000000000000000, -1.000000000000000000 ) ) ;
#1141 = VECTOR ( 'NONE', #1140, 39.37007874015748100 ) ;
#1142 = CARTESIAN_POINT ( 'NONE',  ( -0.6250000000000000000, 0.009999999999999923900, 0.2360000000000001000 ) ) ;
#1143 = LINE ( 'NONE', #1142, #1141 ) ;
#1144 = CARTESIAN_POINT ( 'NONE',  ( -0.1270000000000000300, -1.707404996040164500E-017, 0.2600000000000000100 ) ) ;
#1145 = DIRECTION ( 'NONE',  ( -1.000000000000000000, -1.224646799147353000E-016, 0.0000000000000000000 ) ) ;
#1146 = CARTESIAN_POINT ( 'NONE',  ( -0.6250000000000000000, 0.009999999999999923900, 0.1240000000000000800 ) ) ;
#1147 = DIRECTION ( 'NONE',  ( 1.000000000000000000, 1.224646799147353200E-016, -1.524468746464432800E-016 ) ) ;
#1148 = VECTOR ( 'NONE', #1147, 39.37007874015748100 ) ;
#1149 = CARTESIAN_POINT ( 'NONE',  ( -0.6250000000000000000, 0.009999999999999923900, 0.1240000000000000800 ) ) ;
#1150 = LINE ( 'NONE', #1149, #1148 ) ;
#1151 = PLANE ( 'NONE',  #1156 ) ;
#1152 = DIRECTION ( 'NONE',  ( 1.224646799147353000E-016, -1.000000000000000000, 0.0000000000000000000 ) ) ;
#1153 = CARTESIAN_POINT ( 'NONE',  ( 0.0000000000000000000, 0.0000000000000000000, 0.3599999999999999900 ) ) ;
#1154 = CARTESIAN_POINT ( 'NONE',  ( -0.2999999999999999900, -3.628235616585349700E-017, 0.1800000000000000200 ) ) ;
#1155 = CIRCLE ( 'NONE', #1075, 0.01549999999999997700 ) ;
#1156 = AXIS2_PLACEMENT_3D ( 'NONE', #1153, #1152, #1078 ) ;
#1157 = LINE ( 'NONE', #1071, #1076 ) ;
#1158 = CARTESIAN_POINT ( 'NONE',  ( -0.4061164776831425700, 0.09466699356078799000, 0.0000000000000000000 ) ) ;
#1159 = DIRECTION ( 'NONE',  ( 0.0000000000000000000, -0.0000000000000000000, -1.000000000000000000 ) ) ;
#1160 = VECTOR ( 'NONE', #1159, 39.37007874015748100 ) ;
#1161 = CARTESIAN_POINT ( 'NONE',  ( -0.4061164776831425700, 0.09466699356078799000, 0.3599999999999999900 ) ) ;
#1162 = LINE ( 'NONE', #1161, #1160 ) ;
#1163 = CARTESIAN_POINT ( 'NONE',  ( -0.5655000000000000000, 0.009999999999999929100, 0.1800000000000000500 ) ) ;
#1164 = DIRECTION ( 'NONE',  ( -1.000000000000000000, -1.224646799147353000E-016, 0.0000000000000000000 ) ) ;
#1165 = DIRECTION ( 'NONE',  ( -1.224646799147353000E-016, 1.000000000000000000, 0.0000000000000000000 ) ) ;
#1166 = CARTESIAN_POINT ( 'NONE',  ( -0.04999999999999998900, -6.402768735150616900E-018, 0.1799999999999999900 ) ) ;
#1167 = AXIS2_PLACEMENT_3D ( 'NONE', #1166, #1165, #1164 ) ;
#1168 = LINE ( 'NONE', #1088, #1087 ) ;
#1169 = DIRECTION ( 'NONE',  ( -1.000000000000000000, -1.224646799147353200E-016, 0.0000000000000000000 ) ) ;
#1170 = DIRECTION ( 'NONE',  ( -1.224646799147353200E-016, 1.000000000000000000, -0.0000000000000000000 ) ) ;
#1171 = AXIS2_PLACEMENT_3D ( 'NONE', #1172, #1170, #1169 ) ;
#1172 = CARTESIAN_POINT ( 'NONE',  ( -0.1270000000000000300, -1.493979371535143800E-017, 0.1120000000000000200 ) ) ;
#1173 = CYLINDRICAL_SURFACE ( 'NONE', #1171, 0.01200000000000000200 ) ;
#1174 = FACE_OUTER_BOUND ( 'NONE', #325, .T. ) ;
#1175 = DIRECTION ( 'NONE',  ( -1.000000000000000000, -1.707404996040163200E-015, 0.0000000000000000000 ) ) ;
#1176 = DIRECTION ( 'NONE',  ( 0.0000000000000000000, 0.0000000000000000000, 1.000000000000000000 ) ) ;
#1177 = CARTESIAN_POINT ( 'NONE',  ( -0.1270000000000000300, 0.02499999999999999400, 0.2600000000000000100 ) ) ;
#1178 = PLANE ( 'NONE',  #1026 ) ;
#1179 = FACE_OUTER_BOUND ( 'NONE', #430, .T. ) ;
#1180 = CARTESIAN_POINT ( 'NONE',  ( -0.1351392038614289400, 0.001362035610017062600, 0.2600000000000000100 ) ) ;
#1181 = DIRECTION ( 'NONE',  ( -1.000000000000000000, 0.0000000000000000000, 0.0000000000000000000 ) ) ;
#1182 = DIRECTION ( 'NONE',  ( -0.0000000000000000000, 0.0000000000000000000, -1.000000000000000000 ) ) ;
#1183 = CARTESIAN_POINT ( 'NONE',  ( -0.1270000000000000300, 0.02499999999999999400, 0.2600000000000000100 ) ) ;
#1184 = AXIS2_PLACEMENT_3D ( 'NONE', #1183, #1182, #1181 ) ;
#1185 = DIRECTION ( 'NONE',  ( -1.000000000000000000, 0.0000000000000000000, 0.0000000000000000000 ) ) ;
#1186 = DIRECTION ( 'NONE',  ( -0.0000000000000000000, -0.0000000000000000000, -1.000000000000000000 ) ) ;
#1187 = AXIS2_PLACEMENT_3D ( 'NONE', #1210, #1186, #1185 ) ;
#1188 = PLANE ( 'NONE',  #1184 ) ;
#1189 = FACE_OUTER_BOUND ( 'NONE', #420, .T. ) ;
#1190 = CARTESIAN_POINT ( 'NONE',  ( -0.1270000000000000300, 0.009999999999999984600, 0.1240000000000000100 ) ) ;
#1191 = DIRECTION ( 'NONE',  ( 1.000000000000000000, 1.778546870875171000E-016, 0.0000000000000000000 ) ) ;
#1192 = DIRECTION ( 'NONE',  ( -1.224646799147353000E-016, 1.000000000000000000, -0.0000000000000000000 ) ) ;
#1193 = CARTESIAN_POINT ( 'NONE',  ( -0.1270000000000000300, 0.009999999999999984600, 0.1120000000000000200 ) ) ;
#1194 = AXIS2_PLACEMENT_3D ( 'NONE', #1193, #1192, #1191 ) ;
#1195 = CIRCLE ( 'NONE', #1194, 0.01200000000000000200 ) ;
#1196 = DIRECTION ( 'NONE',  ( -1.224646799147353200E-016, 1.000000000000000000, -0.0000000000000000000 ) ) ;
#1197 = VECTOR ( 'NONE', #1196, 39.37007874015748100 ) ;
#1198 = CARTESIAN_POINT ( 'NONE',  ( -0.1270000000000000300, -1.493979371535143800E-017, 0.1240000000000000100 ) ) ;
#1199 = LINE ( 'NONE', #1198, #1197 ) ;
#1200 = CARTESIAN_POINT ( 'NONE',  ( -0.6250000000000000000, 0.009999999999999923900, 0.2360000000000001000 ) ) ;
#1201 = CARTESIAN_POINT ( 'NONE',  ( -0.1270000000000000300, 0.009999999999999984600, 0.1000000000000000500 ) ) ;
#1202 = DIRECTION ( 'NONE',  ( -1.000000000000000000, -1.224646799147353000E-016, 0.0000000000000000000 ) ) ;
#1203 = VECTOR ( 'NONE', #1202, 39.37007874015748100 ) ;
#1204 = CARTESIAN_POINT ( 'NONE',  ( 0.0000000000000000000, 0.0000000000000000000, 0.0000000000000000000 ) ) ;
#1205 = DIRECTION ( 'NONE',  ( -1.000000000000000000, -1.376939512935615400E-016, 0.0000000000000000000 ) ) ;
#1206 = DIRECTION ( 'NONE',  ( -1.224646799147353000E-016, 1.000000000000000000, 0.0000000000000000000 ) ) ;
#1207 = CARTESIAN_POINT ( 'NONE',  ( -0.5500000000000000400, 0.009999999999999932600, 0.1800000000000000500 ) ) ;
#1208 = AXIS2_PLACEMENT_3D ( 'NONE', #1207, #1206, #1205 ) ;
#1209 = CIRCLE ( 'NONE', #1208, 0.01550000000000001200 ) ;
#1210 = CARTESIAN_POINT ( 'NONE',  ( -0.1270000000000000300, 0.02499999999999999400, 0.4107173607448944000 ) ) ;
#1211 = CYLINDRICAL_SURFACE ( 'NONE', #1187, 0.02500000000000000500 ) ;
#1212 = FACE_OUTER_BOUND ( 'NONE', #409, .T. ) ;
#1213 = DIRECTION ( 'NONE',  ( 0.3255681544571578700, 0.9455185755993162900, 0.0000000000000000000 ) ) ;
#1214 = VECTOR ( 'NONE', #1213, 39.37007874015748900 ) ;
#1215 = CARTESIAN_POINT ( 'NONE',  ( -0.1351392038614289700, 0.001362035610017071100, 0.3599999999999999900 ) ) ;
#1216 = LINE ( 'NONE', #1215, #1214 ) ;
#1217 = CARTESIAN_POINT ( 'NONE',  ( -0.1318835223168574000, 0.01081722136601022900, 0.3599999999999999900 ) ) ;
#1218 = DIRECTION ( 'NONE',  ( -1.000000000000000000, 0.0000000000000000000, 0.0000000000000000000 ) ) ;
#1219 = DIRECTION ( 'NONE',  ( -0.0000000000000000000, -0.0000000000000000000, -1.000000000000000000 ) ) ;
#1220 = CARTESIAN_POINT ( 'NONE',  ( -0.1270000000000000300, 0.02499999999999999400, 0.3599999999999999900 ) ) ;
#1221 = AXIS2_PLACEMENT_3D ( 'NONE', #1220, #1219, #1218 ) ;
#1222 = CIRCLE ( 'NONE', #1221, 0.01500000000000001200 ) ;
#1223 = AXIS2_PLACEMENT_3D ( 'NONE', #1383, #1382, #1381 ) ;
#1224 = PLANE ( 'NONE',  #1223 ) ;
#1225 = DIRECTION ( 'NONE',  ( -1.000000000000000000, 0.0000000000000000000, 0.0000000000000000000 ) ) ;
#1226 = DIRECTION ( 'NONE',  ( 0.0000000000000000000, -0.0000000000000000000, -1.000000000000000000 ) ) ;
#1227 = CARTESIAN_POINT ( 'NONE',  ( -0.1270000000000000300, 0.02499999999999999400, 0.3599999999999999900 ) ) ;
#1228 = AXIS2_PLACEMENT_3D ( 'NONE', #1227, #1226, #1225 ) ;
#1229 = CIRCLE ( 'NONE', #1228, 0.02500000000000000500 ) ;
#1230 = FACE_OUTER_BOUND ( 'NONE', #411, .T. ) ;
#1231 = CARTESIAN_POINT ( 'NONE',  ( -0.1351392038614289700, 0.001362035610017066700, 0.3599999999999999900 ) ) ;
#1232 = DIRECTION ( 'NONE',  ( 0.0000000000000000000, 0.0000000000000000000, -1.000000000000000000 ) ) ;
#1233 = VECTOR ( 'NONE', #1232, 39.37007874015748100 ) ;
#1234 = CARTESIAN_POINT ( 'NONE',  ( -0.5555855681834444000, 0.07300000000000007900, 0.3599999999999999900 ) ) ;
#1235 = LINE ( 'NONE', #1234, #1233 ) ;
#1236 = CARTESIAN_POINT ( 'NONE',  ( -0.5555855681834444000, 0.07300000000000007900, 0.2900000000000000900 ) ) ;
#1237 = DIRECTION ( 'NONE',  ( -1.000000000000000000, -1.778546870875171000E-016, 0.0000000000000000000 ) ) ;
#1238 = DIRECTION ( 'NONE',  ( -1.224646799147353000E-016, 1.000000000000000000, 0.0000000000000000000 ) ) ;
#1239 = CARTESIAN_POINT ( 'NONE',  ( -0.1270000000000000300, 0.009999999999999984600, 0.2480000000000000000 ) ) ;
#1240 = AXIS2_PLACEMENT_3D ( 'NONE', #1239, #1238, #1237 ) ;
#1241 = DIRECTION ( 'NONE',  ( 1.000000000000000000, 0.0000000000000000000, -0.0000000000000000000 ) ) ;
#1242 = DIRECTION ( 'NONE',  ( 0.0000000000000000000, 0.0000000000000000000, 1.000000000000000000 ) ) ;
#1243 = CARTESIAN_POINT ( 'NONE',  ( -0.4109999999999999800, 0.08048421492679824800, 0.3599999999999999900 ) ) ;
#1244 = CIRCLE ( 'NONE', #1240, 0.01200000000000000200 ) ;
#1245 = AXIS2_PLACEMENT_3D ( 'NONE', #1243, #1242, #1241 ) ;
#1246 = PLANE ( 'NONE',  #1245 ) ;
#1247 = DIRECTION ( 'NONE',  ( -1.000000000000000000, 0.0000000000000000000, 0.0000000000000000000 ) ) ;
#1248 = DIRECTION ( 'NONE',  ( -0.0000000000000000000, -0.0000000000000000000, -1.000000000000000000 ) ) ;
#1249 = AXIS2_PLACEMENT_3D ( 'NONE', #1251, #1248, #1247 ) ;
#1250 = FACE_OUTER_BOUND ( 'NONE', #432, .T. ) ;
#1251 = CARTESIAN_POINT ( 'NONE',  ( -0.1270000000000000300, 0.02499999999999999400, 0.1507173607448944500 ) ) ;
#1252 = CYLINDRICAL_SURFACE ( 'NONE', #1249, 0.02500000000000000500 ) ;
#1253 = FACE_OUTER_BOUND ( 'NONE', #336, .T. ) ;
#1254 = DIRECTION ( 'NONE',  ( 0.0000000000000000000, -1.000000000000000000, -3.032960542342102500E-031 ) ) ;
#1255 = DIRECTION ( 'NONE',  ( -9.398824014798464500E-032, -2.884094330729634200E-031, 1.000000000000000000 ) ) ;
#1256 = CARTESIAN_POINT ( 'NONE',  ( -0.1270000000000000300, 0.02499999999999999400, 3.414809992080329000E-017 ) ) ;
#1257 = DIRECTION ( 'NONE',  ( -0.9455185755993162900, 0.3255681544571580300, 0.0000000000000000000 ) ) ;
#1258 = DIRECTION ( 'NONE',  ( 0.0000000000000000000, -0.0000000000000000000, -1.000000000000000000 ) ) ;
#1259 = CARTESIAN_POINT ( 'NONE',  ( -0.4109999999999999800, 0.08048421492679824800, 0.2600000000000000600 ) ) ;
#1260 = AXIS2_PLACEMENT_3D ( 'NONE', #1259, #1258, #1257 ) ;
#1261 = CIRCLE ( 'NONE', #1260, 0.02499999999999996700 ) ;
#1262 = CARTESIAN_POINT ( 'NONE',  ( -0.5274964191393475300, 0.08752582892569343900, 0.3599999999999999900 ) ) ;
#1263 = DIRECTION ( 'NONE',  ( 0.9879327605798408100, 0.1548833773298317300, 2.276539994720221100E-015 ) ) ;
#1264 = DIRECTION ( 'NONE',  ( -0.1548833773298315100, 0.9879327605798409200, -0.0000000000000000000 ) ) ;
#1265 = CARTESIAN_POINT ( 'NONE',  ( -0.5274964191393475300, 0.08752582892569343900, 0.3299999999999999600 ) ) ;
#1266 = AXIS2_PLACEMENT_3D ( 'NONE', #1265, #1264, #1263 ) ;
#1267 = CIRCLE ( 'NONE', #1266, 0.02999999999999997500 ) ;
#1268 = DIRECTION ( 'NONE',  ( -0.0000000000000000000, -0.0000000000000000000, -1.000000000000000000 ) ) ;
#1269 = CARTESIAN_POINT ( 'NONE',  ( -0.1270000000000000300, 0.02499999999999999400, 0.4107173607448944000 ) ) ;
#1270 = PLANE ( 'NONE',  #1271 ) ;
#1271 = AXIS2_PLACEMENT_3D ( 'NONE', #1431, #1272, #1400 ) ;
#1272 = DIRECTION ( 'NONE',  ( 1.224646799147353000E-016, -1.000000000000000000, 0.0000000000000000000 ) ) ;
#1273 = CARTESIAN_POINT ( 'NONE',  ( -0.5555855681834444000, 0.07300000000000007900, 0.3299999999999999600 ) ) ;
#1274 = DIRECTION ( 'NONE',  ( 0.9455185755993165100, -0.3255681544571573100, -1.527995895304553600E-016 ) ) ;
#1275 = VECTOR ( 'NONE', #1274, 39.37007874015748900 ) ;
#1276 = CARTESIAN_POINT ( 'NONE',  ( -0.5482271283160337100, 0.1541758215281196800, 0.2600000000000001200 ) ) ;
#1277 = LINE ( 'NONE', #1276, #1275 ) ;
#1278 = CARTESIAN_POINT ( 'NONE',  ( -0.4061164776831425700, 0.09466699356078799000, 0.2600000000000000600 ) ) ;
#1279 = DIRECTION ( 'NONE',  ( -0.3255681544571574200, -0.9455185755993165100, 0.0000000000000000000 ) ) ;
#1280 = VECTOR ( 'NONE', #1279, 39.37007874015748100 ) ;
#1281 = CARTESIAN_POINT ( 'NONE',  ( -0.4028607961385710100, 0.1041221793167811700, 0.2600000000000000600 ) ) ;
#1282 = LINE ( 'NONE', #1281, #1280 ) ;
#1283 = CARTESIAN_POINT ( 'NONE',  ( -0.4028607961385710100, 0.1041221793167811700, 0.2600000000000000600 ) ) ;
#1284 = VECTOR ( 'NONE', #1399, 39.37007874015748100 ) ;
#1285 = CARTESIAN_POINT ( 'NONE',  ( -0.1351392038614289700, 0.001362035610017071100, 0.3599999999999999900 ) ) ;
#1286 = DIRECTION ( 'NONE',  ( -1.000000000000000000, -1.224646799147354900E-016, 0.0000000000000000000 ) ) ;
#1287 = DIRECTION ( 'NONE',  ( -1.224646799147353200E-016, 1.000000000000000000, -0.0000000000000000000 ) ) ;
#1288 = AXIS2_PLACEMENT_3D ( 'NONE', #1290, #1287, #1286 ) ;
#1289 = FACE_OUTER_BOUND ( 'NONE', #609, .T. ) ;
#1290 = CARTESIAN_POINT ( 'NONE',  ( -0.2999999999999999900, -3.628235616585349700E-017, 0.1800000000000000200 ) ) ;
#1291 = CYLINDRICAL_SURFACE ( 'NONE', #1288, 0.01549999999999997700 ) ;
#1292 = FACE_OUTER_BOUND ( 'NONE', #451, .T. ) ;
#1293 = DIRECTION ( 'NONE',  ( -1.000000000000000000, -1.376939512935615400E-016, 0.0000000000000000000 ) ) ;
#1294 = DIRECTION ( 'NONE',  ( -1.224646799147353000E-016, 1.000000000000000000, 0.0000000000000000000 ) ) ;
#1295 = CARTESIAN_POINT ( 'NONE',  ( -0.5500000000000000400, 0.009999999999999932600, 0.1800000000000000500 ) ) ;
#1296 = AXIS2_PLACEMENT_3D ( 'NONE', #1295, #1294, #1293 ) ;
#1297 = CIRCLE ( 'NONE', #1296, 0.01550000000000001200 ) ;
#1298 = DIRECTION ( 'NONE',  ( -1.000000000000000000, -1.376939512935616200E-016, 0.0000000000000000000 ) ) ;
#1299 = DIRECTION ( 'NONE',  ( -1.224646799147353000E-016, 1.000000000000000000, 0.0000000000000000000 ) ) ;
#1300 = CARTESIAN_POINT ( 'NONE',  ( -0.04999999999999998900, 0.009999999999999993300, 0.1799999999999999900 ) ) ;
#1301 = AXIS2_PLACEMENT_3D ( 'NONE', #1300, #1299, #1298 ) ;
#1302 = CIRCLE ( 'NONE', #1301, 0.01550000000000000300 ) ;
#1303 = DIRECTION ( 'NONE',  ( -1.000000000000000000, -1.376939512935618600E-016, 0.0000000000000000000 ) ) ;
#1304 = DIRECTION ( 'NONE',  ( -1.224646799147353000E-016, 1.000000000000000000, 0.0000000000000000000 ) ) ;
#1305 = CARTESIAN_POINT ( 'NONE',  ( -0.2999999999999999900, 0.009999999999999963800, 0.1800000000000000200 ) ) ;
#1306 = AXIS2_PLACEMENT_3D ( 'NONE', #1305, #1304, #1303 ) ;
#1307 = CIRCLE ( 'NONE', #1306, 0.01549999999999997700 ) ;
#1308 = DIRECTION ( 'NONE',  ( -1.224646799147353200E-016, 1.000000000000000000, -0.0000000000000000000 ) ) ;
#1309 = VECTOR ( 'NONE', #1308, 39.37007874015748100 ) ;
#1310 = CARTESIAN_POINT ( 'NONE',  ( -0.1270000000000000300, -1.493979371535143800E-017, 0.2600000000000000100 ) ) ;
#1311 = LINE ( 'NONE', #1310, #1309 ) ;
#1312 = CARTESIAN_POINT ( 'NONE',  ( -0.1270000000000000300, 0.009999999999999984600, 0.2600000000000000100 ) ) ;
#1313 = CARTESIAN_POINT ( 'NONE',  ( -0.4133232506599473500, 0.09530320633549591000, 0.2600000000000000600 ) ) ;
#1314 = CARTESIAN_POINT ( 'NONE',  ( -0.5259475853660491300, 0.07764650131989511700, 0.2600000000000001200 ) ) ;
#1315 = DIRECTION ( 'NONE',  ( 0.9879327605798408100, 0.1548833773298312600, -1.527995895304553600E-016 ) ) ;
#1316 = VECTOR ( 'NONE', #1315, 39.37007874015748100 ) ;
#1317 = CARTESIAN_POINT ( 'NONE',  ( -0.5555855681834445100, 0.07300000000000014800, 0.2600000000000001200 ) ) ;
#1318 = LINE ( 'NONE', #1317, #1316 ) ;
#1319 = CARTESIAN_POINT ( 'NONE',  ( -0.4028607961385710100, 0.1041221793167811500, 0.3599999999999999900 ) ) ;
#1320 = DIRECTION ( 'NONE',  ( -0.9455185755993150700, 0.3255681544571616400, 0.0000000000000000000 ) ) ;
#1321 = DIRECTION ( 'NONE',  ( -0.0000000000000000000, 0.0000000000000000000, 1.000000000000000000 ) ) ;
#1322 = CARTESIAN_POINT ( 'NONE',  ( -0.4109999999999999800, 0.08048421492679824800, 0.3599999999999999900 ) ) ;
#1323 = AXIS2_PLACEMENT_3D ( 'NONE', #1322, #1321, #1320 ) ;
#1324 = CIRCLE ( 'NONE', #1323, 0.02500000000000000100 ) ;
#1325 = DIRECTION ( 'NONE',  ( 0.0000000000000000000, -0.0000000000000000000, -1.000000000000000000 ) ) ;
#1326 = VECTOR ( 'NONE', #1325, 39.37007874015748100 ) ;
#1327 = CARTESIAN_POINT ( 'NONE',  ( -0.4061164776831425700, 0.09466699356078799000, 0.3599999999999999900 ) ) ;
#1328 = LINE ( 'NONE', #1327, #1326 ) ;
#1329 = DIRECTION ( 'NONE',  ( 0.1548833773298393400, -0.9879327605798395900, -0.0000000000000000000 ) ) ;
#1330 = VECTOR ( 'NONE', #1329, 39.37007874015748100 ) ;
#1331 = CARTESIAN_POINT ( 'NONE',  ( -0.5270460325322139400, 0.08465301137881040000, 0.3599999999999999900 ) ) ;
#1332 = LINE ( 'NONE', #1331, #1330 ) ;
#1333 = DIRECTION ( 'NONE',  ( -0.9455185755993162900, 0.3255681544571580300, 0.0000000000000000000 ) ) ;
#1334 = DIRECTION ( 'NONE',  ( 0.0000000000000000000, -0.0000000000000000000, -1.000000000000000000 ) ) ;
#1335 = AXIS2_PLACEMENT_3D ( 'NONE', #1339, #1334, #1333 ) ;
#1336 = DIRECTION ( 'NONE',  ( -1.000000000000000000, 0.0000000000000000000, 1.524468746464432500E-016 ) ) ;
#1337 = PLANE ( 'NONE',  #1374 ) ;
#1338 = FACE_OUTER_BOUND ( 'NONE', #494, .T. ) ;
#1339 = CARTESIAN_POINT ( 'NONE',  ( -0.4109999999999999800, 0.08048421492679824800, 0.4109698723516968000 ) ) ;
#1340 = CYLINDRICAL_SURFACE ( 'NONE', #1335, 0.02499999999999996700 ) ;
#1341 = DIRECTION ( 'NONE',  ( -1.000000000000000000, -1.224646799147352200E-016, 0.0000000000000000000 ) ) ;
#1342 = DIRECTION ( 'NONE',  ( -1.224646799147353200E-016, 1.000000000000000000, -0.0000000000000000000 ) ) ;
#1343 = CARTESIAN_POINT ( 'NONE',  ( -0.5500000000000000400, -6.829619984160658000E-017, 0.1800000000000000500 ) ) ;
#1344 = AXIS2_PLACEMENT_3D ( 'NONE', #1343, #1342, #1341 ) ;
#1345 = CYLINDRICAL_SURFACE ( 'NONE', #1344, 0.01550000000000001200 ) ;
#1346 = FACE_OUTER_BOUND ( 'NONE', #455, .T. ) ;
#1347 = DIRECTION ( 'NONE',  ( -0.9455185755993166200, 0.3255681544571572000, 0.0000000000000000000 ) ) ;
#1348 = VECTOR ( 'NONE', #1347, 39.37007874015748100 ) ;
#1349 = CARTESIAN_POINT ( 'NONE',  ( -0.1351392038614289700, 0.001362035610017062600, 0.3599999999999999900 ) ) ;
#1350 = LINE ( 'NONE', #1349, #1348 ) ;
#1351 = DIRECTION ( 'NONE',  ( 1.000000000000000000, 1.280553747030123300E-016, 0.0000000000000000000 ) ) ;
#1352 = DIRECTION ( 'NONE',  ( 1.224646799147353200E-016, -1.000000000000000000, 0.0000000000000000000 ) ) ;
#1353 = CARTESIAN_POINT ( 'NONE',  ( -0.04999999999999999600, 0.01081722136601023300, 0.05000000000000000300 ) ) ;
#1354 = AXIS2_PLACEMENT_3D ( 'NONE', #1353, #1352, #1351 ) ;
#1355 = CYLINDRICAL_SURFACE ( 'NONE', #1354, 0.05000000000000000300 ) ;
#1356 = FACE_OUTER_BOUND ( 'NONE', #491, .T. ) ;
#1357 = DIRECTION ( 'NONE',  ( 0.9455185755993165100, -0.3255681544571573100, -1.527995895304553600E-016 ) ) ;
#1358 = VECTOR ( 'NONE', #1357, 39.37007874015748900 ) ;
#1359 = CARTESIAN_POINT ( 'NONE',  ( -0.5514828098606052700, 0.1447206357721265200, 0.2600000000000001200 ) ) ;
#1360 = LINE ( 'NONE', #1359, #1358 ) ;
#1361 = DIRECTION ( 'NONE',  ( 0.0000000000000000000, 1.000000000000000000, 0.0000000000000000000 ) ) ;
#1362 = VECTOR ( 'NONE', #1361, 39.37007874015748100 ) ;
#1363 = CARTESIAN_POINT ( 'NONE',  ( -0.6250000000000000000, -7.592720431288962200E-017, 0.2360000000000001000 ) ) ;
#1364 = LINE ( 'NONE', #1363, #1362 ) ;
#1365 = DIRECTION ( 'NONE',  ( 0.9879327605798395900, 0.1548833773298392300, 0.0000000000000000000 ) ) ;
#1366 = DIRECTION ( 'NONE',  ( 0.1548833773298393400, -0.9879327605798395900, 0.0000000000000000000 ) ) ;
#1367 = AXIS2_PLACEMENT_3D ( 'NONE', #1368, #1366, #1365 ) ;
#1368 = CARTESIAN_POINT ( 'NONE',  ( -0.5236243347061013700, 0.06282750991119658000, 0.02999999999999999900 ) ) ;
#1369 = CYLINDRICAL_SURFACE ( 'NONE', #1367, 0.03000000000000001300 ) ;
#1370 = FACE_OUTER_BOUND ( 'NONE', #612, .T. ) ;
#1371 = CARTESIAN_POINT ( 'NONE',  ( -0.5259475853660491300, 0.07764650131989510300, 0.3599999999999999900 ) ) ;
#1372 = DIRECTION ( 'NONE',  ( 1.524468746464432500E-016, 0.0000000000000000000, 1.000000000000000000 ) ) ;
#1373 = CARTESIAN_POINT ( 'NONE',  ( -0.6250000000000000000, -7.592720431288962200E-017, 0.2360000000000001000 ) ) ;
#1374 = AXIS2_PLACEMENT_3D ( 'NONE', #1373, #1336, #1372 ) ;
#1375 = LINE ( 'NONE', #1454, #1453 ) ;
#1376 = DIRECTION ( 'NONE',  ( 0.1548833773298393400, -0.9879327605798395900, 0.0000000000000000000 ) ) ;
#1377 = DIRECTION ( 'NONE',  ( -0.9879327605798395900, -0.1548833773298393400, 0.0000000000000000000 ) ) ;
#1378 = CARTESIAN_POINT ( 'NONE',  ( -0.5555855681834444000, 0.07300000000000007900, 0.3599999999999999900 ) ) ;
#1379 = AXIS2_PLACEMENT_3D ( 'NONE', #1378, #1377, #1376 ) ;
#1380 = FACE_OUTER_BOUND ( 'NONE', #329, .T. ) ;
#1381 = DIRECTION ( 'NONE',  ( 1.000000000000000000, 0.0000000000000000000, 0.0000000000000000000 ) ) ;
#1382 = DIRECTION ( 'NONE',  ( -0.0000000000000000000, 0.0000000000000000000, 1.000000000000000000 ) ) ;
#1383 = CARTESIAN_POINT ( 'NONE',  ( -0.1270000000000000300, 0.02499999999999999400, 0.3599999999999999900 ) ) ;
#1384 = PLANE ( 'NONE',  #1379 ) ;
#1385 = LINE ( 'NONE', #1285, #1284 ) ;
#1386 = DIRECTION ( 'NONE',  ( 1.000000000000000000, 0.0000000000000000000, 0.0000000000000000000 ) ) ;
#1387 = DIRECTION ( 'NONE',  ( 0.0000000000000000000, 0.0000000000000000000, 1.000000000000000000 ) ) ;
#1388 = CARTESIAN_POINT ( 'NONE',  ( -0.1270000000000000300, 0.02499999999999999400, 0.2600000000000000100 ) ) ;
#1389 = AXIS2_PLACEMENT_3D ( 'NONE', #1388, #1387, #1386 ) ;
#1390 = CIRCLE ( 'NONE', #1389, 0.02500000000000000500 ) ;
#1391 = CARTESIAN_POINT ( 'NONE',  ( -0.5274964191393475300, 0.08752582892569343900, 0.2900000000000000900 ) ) ;
#1392 = DIRECTION ( 'NONE',  ( 0.9879327605798408100, 0.1548833773298317300, 2.276539994720221100E-015 ) ) ;
#1393 = DIRECTION ( 'NONE',  ( -0.1548833773298315100, 0.9879327605798409200, -0.0000000000000000000 ) ) ;
#1394 = AXIS2_PLACEMENT_3D ( 'NONE', #1391, #1393, #1392 ) ;
#1395 = CIRCLE ( 'NONE', #1394, 0.02999999999999997500 ) ;
#1396 = AXIS2_PLACEMENT_3D ( 'NONE', #1269, #1268, #1430 ) ;
#1397 = CYLINDRICAL_SURFACE ( 'NONE', #1396, 0.01500000000000001200 ) ;
#1398 = FACE_OUTER_BOUND ( 'NONE', #342, .T. ) ;
#1399 = DIRECTION ( 'NONE',  ( 0.0000000000000000000, -0.0000000000000000000, -1.000000000000000000 ) ) ;
#1400 = DIRECTION ( 'NONE',  ( 1.000000000000000000, 1.224646799147353000E-016, 0.0000000000000000000 ) ) ;
#1401 = AXIS2_PLACEMENT_3D ( 'NONE', #1256, #1255, #1254 ) ;
#1402 = CIRCLE ( 'NONE', #1401, 0.02500000000000001200 ) ;
#1403 = DIRECTION ( 'NONE',  ( -1.000000000000000000, 0.0000000000000000000, 0.0000000000000000000 ) ) ;
#1404 = DIRECTION ( 'NONE',  ( 0.0000000000000000000, 0.0000000000000000000, 1.000000000000000000 ) ) ;
#1405 = CARTESIAN_POINT ( 'NONE',  ( -0.1270000000000000300, 0.02499999999999999400, 6.829619984160658000E-017 ) ) ;
#1406 = AXIS2_PLACEMENT_3D ( 'NONE', #1405, #1404, #1403 ) ;
#1407 = CIRCLE ( 'NONE', #1406, 0.01500000000000001200 ) ;
#1408 = DIRECTION ( 'NONE',  ( -1.000000000000000000, -1.224646799147353000E-016, 0.0000000000000000000 ) ) ;
#1409 = VECTOR ( 'NONE', #1408, 39.37007874015748100 ) ;
#1410 = CARTESIAN_POINT ( 'NONE',  ( -1.224646799147353000E-018, 0.01000000000000000000, 0.3599999999999999900 ) ) ;
#1411 = LINE ( 'NONE', #1410, #1409 ) ;
#1412 = DIRECTION ( 'NONE',  ( -1.224646799147353200E-016, 1.000000000000000000, -0.0000000000000000000 ) ) ;
#1413 = VECTOR ( 'NONE', #1412, 39.37007874015748100 ) ;
#1414 = CARTESIAN_POINT ( 'NONE',  ( -0.1270000000000000300, -1.493979371535143800E-017, 0.1000000000000000100 ) ) ;
#1415 = LINE ( 'NONE', #1414, #1413 ) ;
#1416 = DIRECTION ( 'NONE',  ( -1.224646799147353200E-016, 1.000000000000000000, -0.0000000000000000000 ) ) ;
#1417 = VECTOR ( 'NONE', #1416, 39.37007874015748100 ) ;
#1418 = CARTESIAN_POINT ( 'NONE',  ( -0.05000000000000001000, 0.08048421492679828900, 0.3599999999999999900 ) ) ;
#1419 = DIRECTION ( 'NONE',  ( 0.9879327605798408100, 0.1548833773298311500, -1.527995895304553600E-016 ) ) ;
#1420 = DIRECTION ( 'NONE',  ( 1.509557203002892900E-016, 2.366611648108884700E-017, 1.000000000000000000 ) ) ;
#1421 = CARTESIAN_POINT ( 'NONE',  ( -0.5555855681834445100, 0.07300000000000014800, 0.2600000000000001200 ) ) ;
#1422 = LINE ( 'NONE', #1418, #1417 ) ;
#1423 = AXIS2_PLACEMENT_3D ( 'NONE', #1421, #1420, #1419 ) ;
#1424 = PLANE ( 'NONE',  #1423 ) ;
#1425 = FACE_OUTER_BOUND ( 'NONE', #343, .T. ) ;
#1426 = DIRECTION ( 'NONE',  ( -0.1548833773298393400, 0.9879327605798395900, 0.0000000000000000000 ) ) ;
#1427 = VECTOR ( 'NONE', #1426, 39.37007874015748100 ) ;
#1428 = CARTESIAN_POINT ( 'NONE',  ( -0.5555855681834444000, 0.07300000000000007900, 0.3299999999999999600 ) ) ;
#1429 = LINE ( 'NONE', #1428, #1427 ) ;
#1430 = DIRECTION ( 'NONE',  ( -1.000000000000000000, 0.0000000000000000000, 0.0000000000000000000 ) ) ;
#1431 = CARTESIAN_POINT ( 'NONE',  ( -1.224646799147353000E-018, 0.01000000000000000000, 0.3599999999999999900 ) ) ;
#1432 = DIRECTION ( 'NONE',  ( 1.000000000000000000, 1.280553747030123300E-016, 0.0000000000000000000 ) ) ;
#1433 = DIRECTION ( 'NONE',  ( -1.224646799147353000E-016, 1.000000000000000000, -0.0000000000000000000 ) ) ;
#1434 = CARTESIAN_POINT ( 'NONE',  ( -0.04999999999999999600, 0.009999999999999993300, 0.05000000000000000300 ) ) ;
#1435 = AXIS2_PLACEMENT_3D ( 'NONE', #1434, #1433, #1432 ) ;
#1436 = CIRCLE ( 'NONE', #1435, 0.05000000000000000300 ) ;
#1437 = CARTESIAN_POINT ( 'NONE',  ( -0.1270000000000000300, 0.009999999999999984600, 0.2360000000000000200 ) ) ;
#1438 = CARTESIAN_POINT ( 'NONE',  ( -0.4148720844332456400, 0.1051825339412942300, 0.2600000000000000600 ) ) ;
#1439 = CARTESIAN_POINT ( 'NONE',  ( -0.5274964191393475300, 0.08752582892569349400, 0.2600000000000001200 ) ) ;
#1440 = DIRECTION ( 'NONE',  ( -0.1548833773298393400, 0.9879327605798395900, 1.254165579784968000E-030 ) ) ;
#1441 = VECTOR ( 'NONE', #1440, 39.37007874015748100 ) ;
#1442 = CARTESIAN_POINT ( 'NONE',  ( -0.5274964191393475300, 0.08752582892569367400, 0.2600000000000001200 ) ) ;
#1443 = LINE ( 'NONE', #1442, #1441 ) ;
#1444 = DIRECTION ( 'NONE',  ( -1.000000000000000000, 0.0000000000000000000, 0.0000000000000000000 ) ) ;
#1445 = DIRECTION ( 'NONE',  ( -0.0000000000000000000, -0.0000000000000000000, -1.000000000000000000 ) ) ;
#1446 = CARTESIAN_POINT ( 'NONE',  ( -0.1270000000000000300, 0.02499999999999999400, 0.1507173607448944500 ) ) ;
#1447 = AXIS2_PLACEMENT_3D ( 'NONE', #1446, #1445, #1444 ) ;
#1448 = CYLINDRICAL_SURFACE ( 'NONE', #1447, 0.01500000000000001200 ) ;
#1449 = FACE_OUTER_BOUND ( 'NONE', #305, .T. ) ;
#1450 = CARTESIAN_POINT ( 'NONE',  ( -0.5571344019567428000, 0.08287932760579849700, 0.2900000000000000900 ) ) ;
#1451 = CARTESIAN_POINT ( 'NONE',  ( -0.5571344019567428000, 0.08287932760579849700, 0.3299999999999999600 ) ) ;
#1452 = DIRECTION ( 'NONE',  ( 0.0000000000000000000, 0.0000000000000000000, -1.000000000000000000 ) ) ;
#1453 = VECTOR ( 'NONE', #1452, 39.37007874015748100 ) ;
#1454 = CARTESIAN_POINT ( 'NONE',  ( -0.5571344019567428000, 0.08287932760579849700, 0.3599999999999999900 ) ) ;
#1455 = DIRECTION ( 'NONE',  ( -0.9455185755993164000, 0.3255681544571578100, 0.0000000000000000000 ) ) ;
#1456 = DIRECTION ( 'NONE',  ( 0.0000000000000000000, 0.0000000000000000000, -1.000000000000000000 ) ) ;
#1457 = AXIS2_PLACEMENT_3D ( 'NONE', #1611, #1456, #1455 ) ;
#1458 = CIRCLE ( 'NONE', #1457, 0.01499999999999997900 ) ;
#1459 = DIRECTION ( 'NONE',  ( 0.0000000000000000000, -0.0000000000000000000, -1.000000000000000000 ) ) ;
#1460 = CARTESIAN_POINT ( 'NONE',  ( -0.1318835223168574000, 0.01081722136601022900, 0.3599999999999999900 ) ) ;
#1461 = PLANE ( 'NONE',  #1560 ) ;
#1462 = VECTOR ( 'NONE', #1459, 39.37007874015748100 ) ;
#1463 = AXIS2_PLACEMENT_3D ( 'NONE', #1464, #1613, #1612 ) ;
#1464 = CARTESIAN_POINT ( 'NONE',  ( -0.5259475853660491300, 0.07764650131989535300, 0.2900000000000000900 ) ) ;
#1465 = CYLINDRICAL_SURFACE ( 'NONE', #1463, 0.03000000000000001300 ) ;
#1466 = DIRECTION ( 'NONE',  ( 0.9455185755993165100, -0.3255681544571574200, 0.0000000000000000000 ) ) ;
#1467 = DIRECTION ( 'NONE',  ( 0.0000000000000000000, 0.0000000000000000000, 1.000000000000000000 ) ) ;
#1468 = FACE_OUTER_BOUND ( 'NONE', #278, .T. ) ;
#1469 = DIRECTION ( 'NONE',  ( 1.000000000000000000, 1.280553747030123300E-016, 0.0000000000000000000 ) ) ;
#1470 = DIRECTION ( 'NONE',  ( 1.224646799147353200E-016, -1.000000000000000000, 0.0000000000000000000 ) ) ;
#1471 = CARTESIAN_POINT ( 'NONE',  ( -0.05000000000000000300, 0.009999999999999993300, 0.3100000000000000000 ) ) ;
#1472 = AXIS2_PLACEMENT_3D ( 'NONE', #1471, #1470, #1469 ) ;
#1473 = CYLINDRICAL_SURFACE ( 'NONE', #1472, 0.05000000000000000300 ) ;
#1474 = FACE_OUTER_BOUND ( 'NONE', #553, .T. ) ;
#1475 = AXIS2_PLACEMENT_3D ( 'NONE', #1478, #1477, #1564 ) ;
#1476 = PLANE ( 'NONE',  #1475 ) ;
#1477 = DIRECTION ( 'NONE',  ( 0.0000000000000000000, 0.0000000000000000000, -1.000000000000000000 ) ) ;
#1478 = CARTESIAN_POINT ( 'NONE',  ( -0.4109999999999999800, 0.08048421492679824800, 0.3599999999999999900 ) ) ;
#1479 = FACE_OUTER_BOUND ( 'NONE', #466, .T. ) ;
#1480 = LINE ( 'NONE', #1460, #1589 ) ;
#1481 = DIRECTION ( 'NONE',  ( -0.9455185755993166200, 0.3255681544571572000, 0.0000000000000000000 ) ) ;
#1482 =( LENGTH_UNIT ( ) NAMED_UNIT ( * ) SI_UNIT ( $, .METRE. ) );
#1483 = DIRECTION ( 'NONE',  ( -0.1548833773298325900, 0.9879327605798407000, 0.0000000000000000000 ) ) ;
#1484 = VECTOR ( 'NONE', #1483, 39.37007874015748100 ) ;
#1485 = CARTESIAN_POINT ( 'NONE',  ( -0.4133232506599473500, 0.09530320633549588200, 0.3599999999999999900 ) ) ;
#1486 = LINE ( 'NONE', #1485, #1484 ) ;
#1487 = DIRECTION ( 'NONE',  ( 0.9455185755993164000, -0.3255681544571578100, 0.0000000000000000000 ) ) ;
#1488 = DIRECTION ( 'NONE',  ( 0.0000000000000000000, 0.0000000000000000000, 1.000000000000000000 ) ) ;
#1489 = CARTESIAN_POINT ( 'NONE',  ( -0.4109999999999999800, 0.08048421492679824800, 0.3599999999999999900 ) ) ;
#1490 = AXIS2_PLACEMENT_3D ( 'NONE', #1489, #1488, #1487 ) ;
#1491 = PLANE ( 'NONE',  #1528 ) ;
#1492 = CIRCLE ( 'NONE', #1524, 0.02999999999999997500 ) ;
#1493 = FACE_OUTER_BOUND ( 'NONE', #597, .T. ) ;
#1494 = DIRECTION ( 'NONE',  ( 0.0000000000000000000, -1.000000000000000000, 0.0000000000000000000 ) ) ;
#1495 = VECTOR ( 'NONE', #1494, 39.37007874015748100 ) ;
#1496 = CARTESIAN_POINT ( 'NONE',  ( -0.6250000000000000000, 0.009999999999999923900, 0.1240000000000000800 ) ) ;
#1497 = DIRECTION ( 'NONE',  ( 0.9879327605798408100, 0.1548833773298313700, 0.0000000000000000000 ) ) ;
#1498 = DIRECTION ( 'NONE',  ( 0.1548833773298313700, -0.9879327605798408100, 0.0000000000000000000 ) ) ;
#1499 = CARTESIAN_POINT ( 'NONE',  ( -0.4133232506599473500, 0.09530320633549588200, 0.3599999999999999900 ) ) ;
#1500 = LINE ( 'NONE', #1496, #1495 ) ;
#1501 = AXIS2_PLACEMENT_3D ( 'NONE', #1499, #1498, #1497 ) ;
#1502 = PLANE ( 'NONE',  #1501 ) ;
#1503 = DIRECTION ( 'NONE',  ( 1.000000000000000000, 0.0000000000000000000, -1.524468746464432800E-016 ) ) ;
#1504 = DIRECTION ( 'NONE',  ( 1.524468746464432800E-016, 0.0000000000000000000, 1.000000000000000000 ) ) ;
#1505 = DIRECTION ( 'NONE',  ( -0.3255681544571572000, -0.9455185755993166200, 0.0000000000000000000 ) ) ;
#1506 = PLANE ( 'NONE',  #1592 ) ;
#1507 = FACE_OUTER_BOUND ( 'NONE', #536, .T. ) ;
#1508 = LINE ( 'NONE', #1537, #1536 ) ;
#1509 = DIRECTION ( 'NONE',  ( 0.9879327605798395900, 0.1548833773298395100, 0.0000000000000000000 ) ) ;
#1510 = DIRECTION ( 'NONE',  ( 0.1548833773298393400, -0.9879327605798395900, 0.0000000000000000000 ) ) ;
#1511 = AXIS2_PLACEMENT_3D ( 'NONE', #1512, #1510, #1509 ) ;
#1512 = CARTESIAN_POINT ( 'NONE',  ( -0.5259475853660491300, 0.07764650131989527000, 0.07000000000000000700 ) ) ;
#1513 = CYLINDRICAL_SURFACE ( 'NONE', #1511, 0.03000000000000001300 ) ;
#1514 = DIRECTION ( 'NONE',  ( -0.9455185755993164000, 0.3255681544571578100, 0.0000000000000000000 ) ) ;
#1515 = DIRECTION ( 'NONE',  ( 0.0000000000000000000, -0.0000000000000000000, -1.000000000000000000 ) ) ;
#1516 = AXIS2_PLACEMENT_3D ( 'NONE', #1518, #1515, #1514 ) ;
#1517 = FACE_OUTER_BOUND ( 'NONE', #623, .T. ) ;
#1518 = CARTESIAN_POINT ( 'NONE',  ( -0.4109999999999999800, 0.08048421492679824800, 0.4109698723516968000 ) ) ;
#1519 = CYLINDRICAL_SURFACE ( 'NONE', #1516, 0.01499999999999997900 ) ;
#1520 = FACE_OUTER_BOUND ( 'NONE', #572, .T. ) ;
#1521 = DIRECTION ( 'NONE',  ( 0.9879327605798408100, 0.1548833773298317300, 0.0000000000000000000 ) ) ;
#1522 = DIRECTION ( 'NONE',  ( 0.1548833773298315400, -0.9879327605798408100, 0.0000000000000000000 ) ) ;
#1523 = CARTESIAN_POINT ( 'NONE',  ( -0.5259475853660491300, 0.07764650131989510300, 0.3299999999999999600 ) ) ;
#1524 = AXIS2_PLACEMENT_3D ( 'NONE', #1523, #1522, #1521 ) ;
#1525 = DIRECTION ( 'NONE',  ( 1.000000000000000000, 0.0000000000000000000, 0.0000000000000000000 ) ) ;
#1526 = DIRECTION ( 'NONE',  ( 0.0000000000000000000, 0.0000000000000000000, 1.000000000000000000 ) ) ;
#1527 = CARTESIAN_POINT ( 'NONE',  ( -0.1270000000000000300, 0.009999999999999995000, 0.3599999999999999900 ) ) ;
#1528 = AXIS2_PLACEMENT_3D ( 'NONE', #1527, #1526, #1525 ) ;
#1529 = CIRCLE ( 'NONE', #1490, 0.01499999999999997900 ) ;
#1530 = DIRECTION ( 'NONE',  ( 0.9879327605798408100, 0.1548833773298317300, 0.0000000000000000000 ) ) ;
#1531 = DIRECTION ( 'NONE',  ( 0.1548833773298315400, -0.9879327605798408100, 0.0000000000000000000 ) ) ;
#1532 = CARTESIAN_POINT ( 'NONE',  ( -0.5259475853660491300, 0.07764650131989510300, 0.2900000000000000900 ) ) ;
#1533 = AXIS2_PLACEMENT_3D ( 'NONE', #1532, #1531, #1530 ) ;
#1534 = CIRCLE ( 'NONE', #1533, 0.02999999999999997500 ) ;
#1535 = DIRECTION ( 'NONE',  ( 0.0000000000000000000, 0.0000000000000000000, -1.000000000000000000 ) ) ;
#1536 = VECTOR ( 'NONE', #1535, 39.37007874015748100 ) ;
#1537 = CARTESIAN_POINT ( 'NONE',  ( -0.4133232506599473500, 0.09530320633549588200, 0.3599999999999999900 ) ) ;
#1538 =( CONVERSION_BASED_UNIT ( 'INCH', #1539 ) LENGTH_UNIT ( ) NAMED_UNIT ( #1540 ) );
#1539 = LENGTH_MEASURE_WITH_UNIT ( LENGTH_MEASURE( 0.02539999999999999900 ), #1541 );
#1540 = DIMENSIONAL_EXPONENTS ( 1.000000000000000000, 0.0000000000000000000, 0.0000000000000000000, 0.0000000000000000000, 0.0000000000000000000, 0.0000000000000000000, 0.0000000000000000000 ) ;
#1541 =( LENGTH_UNIT ( ) NAMED_UNIT ( * ) SI_UNIT ( $, .METRE. ) );
#1542 = MECHANICAL_DESIGN_GEOMETRIC_PRESENTATION_REPRESENTATION (  '', ( #1544 ), #1565 ) ;
#1543 = PRESENTATION_LAYER_ASSIGNMENT (  '', '', ( #1544 ) ) ;
#1544 = STYLED_ITEM ( 'NONE', ( #1545 ), #1552 ) ;
#1545 = PRESENTATION_STYLE_ASSIGNMENT (( #1546 ) ) ;
#1546 = SURFACE_STYLE_USAGE ( .BOTH. , #1547 ) ;
#1547 = SURFACE_SIDE_STYLE ('',( #1548 ) ) ;
#1548 = SURFACE_STYLE_FILL_AREA ( #1549 ) ;
#1549 = FILL_AREA_STYLE ('',( #1550 ) ) ;
#1550 = FILL_AREA_STYLE_COLOUR ( '', #1551 ) ;
#1551 = COLOUR_RGB ( '',0.9882352941176471000, 1.000000000000000000, 0.9882352941176471000 ) ;
#1552 = ADVANCED_BREP_SHAPE_REPRESENTATION ( '2993', ( #111, #1622 ), #1553 ) ;
#1553 =( GEOMETRIC_REPRESENTATION_CONTEXT ( 3 ) GLOBAL_UNCERTAINTY_ASSIGNED_CONTEXT ( ( #1554 ) ) GLOBAL_UNIT_ASSIGNED_CONTEXT ( ( #1557, #1556, #1555 ) ) REPRESENTATION_CONTEXT ( 'NONE', 'WORKASPACE' ) );
#1554 = UNCERTAINTY_MEASURE_WITH_UNIT (LENGTH_MEASURE( 1.000000000000000100E-005 ), #1557, 'distance_accuracy_value', 'NONE');
#1555 =( NAMED_UNIT ( * ) SI_UNIT ( $, .STERADIAN. ) SOLID_ANGLE_UNIT ( ) );
#1556 =( NAMED_UNIT ( * ) PLANE_ANGLE_UNIT ( ) SI_UNIT ( $, .RADIAN. ) );
#1557 =( CONVERSION_BASED_UNIT ( 'INCH', #1558 ) LENGTH_UNIT ( ) NAMED_UNIT ( #1559 ) );
#1558 = LENGTH_MEASURE_WITH_UNIT ( LENGTH_MEASURE( 0.02539999999999999900 ), #1482 );
#1559 = DIMENSIONAL_EXPONENTS ( 1.000000000000000000, 0.0000000000000000000, 0.0000000000000000000, 0.0000000000000000000, 0.0000000000000000000, 0.0000000000000000000, 0.0000000000000000000 ) ;
#1560 = AXIS2_PLACEMENT_3D ( 'NONE', #1588, #1505, #1603 ) ;
#1561 = DIRECTION ( 'NONE',  ( -0.3255681544571557600, -0.9455185755993170700, 0.0000000000000000000 ) ) ;
#1562 = CARTESIAN_POINT ( 'NONE',  ( -0.4028607961385710100, 0.1041221793167811700, 0.3599999999999999900 ) ) ;
#1563 = LINE ( 'NONE', #1562, #1587 ) ;
#1564 = DIRECTION ( 'NONE',  ( -0.9455185755993165100, 0.3255681544571574200, 0.0000000000000000000 ) ) ;
#1565 =( GEOMETRIC_REPRESENTATION_CONTEXT ( 3 ) GLOBAL_UNCERTAINTY_ASSIGNED_CONTEXT ( ( #1570 ) ) GLOBAL_UNIT_ASSIGNED_CONTEXT ( ( #1538, #1572, #1571 ) ) REPRESENTATION_CONTEXT ( 'NONE', 'WORKASPACE' ) );
#1566 = CARTESIAN_POINT ( 'NONE',  ( -0.4109999999999999800, 0.08048421492679824800, 0.2600000000000000600 ) ) ;
#1567 = AXIS2_PLACEMENT_3D ( 'NONE', #1566, #1467, #1466 ) ;
#1568 = PLANE ( 'NONE',  #1567 ) ;
#1569 = FACE_OUTER_BOUND ( 'NONE', #549, .T. ) ;
#1570 = UNCERTAINTY_MEASURE_WITH_UNIT (LENGTH_MEASURE( 1.000000000000000100E-005 ), #1538, 'distance_accuracy_value', 'NONE');
#1571 =( NAMED_UNIT ( * ) SI_UNIT ( $, .STERADIAN. ) SOLID_ANGLE_UNIT ( ) );
#1572 =( NAMED_UNIT ( * ) PLANE_ANGLE_UNIT ( ) SI_UNIT ( $, .RADIAN. ) );
#1573 = CARTESIAN_POINT ( 'NONE',  ( -0.4133232506599475200, 0.09530320633549584100, 0.3599999999999999900 ) ) ;
#1574 = DIRECTION ( 'NONE',  ( -0.9879327605798408100, -0.1548833773298315100, 0.0000000000000000000 ) ) ;
#1575 = VECTOR ( 'NONE', #1574, 39.37007874015748100 ) ;
#1576 = CARTESIAN_POINT ( 'NONE',  ( -0.4133232506599473500, 0.09530320633549588200, 0.3599999999999999900 ) ) ;
#1577 = LINE ( 'NONE', #1576, #1575 ) ;
#1578 = DIRECTION ( 'NONE',  ( -0.9879327605798395900, -0.1548833773298392300, 0.0000000000000000000 ) ) ;
#1579 = DIRECTION ( 'NONE',  ( -0.1548833773298393400, 0.9879327605798395900, 0.0000000000000000000 ) ) ;
#1580 = AXIS2_PLACEMENT_3D ( 'NONE', #1607, #1579, #1578 ) ;
#1581 = CARTESIAN_POINT ( 'NONE',  ( -0.04999999999999998900, -6.402768735150616900E-018, 0.1799999999999999900 ) ) ;
#1582 = AXIS2_PLACEMENT_3D ( 'NONE', #1581, #1583, #1609 ) ;
#1583 = DIRECTION ( 'NONE',  ( -1.224646799147353200E-016, 1.000000000000000000, -0.0000000000000000000 ) ) ;
#1584 = CYLINDRICAL_SURFACE ( 'NONE', #1582, 0.01550000000000000300 ) ;
#1585 = FACE_OUTER_BOUND ( 'NONE', #541, .T. ) ;
#1586 = CARTESIAN_POINT ( 'NONE',  ( -0.4061164776831425700, 0.09466699356078799000, 0.3599999999999999900 ) ) ;
#1587 = VECTOR ( 'NONE', #1561, 39.37007874015748900 ) ;
#1588 = CARTESIAN_POINT ( 'NONE',  ( -0.1318835223168574000, 0.01081722136601022900, 0.3599999999999999900 ) ) ;
#1589 = VECTOR ( 'NONE', #1481, 39.37007874015748100 ) ;
#1590 = FACE_OUTER_BOUND ( 'NONE', #498, .T. ) ;
#1591 = CARTESIAN_POINT ( 'NONE',  ( -0.1351392038614289700, 0.001362035610017062600, 0.3599999999999999900 ) ) ;
#1592 = AXIS2_PLACEMENT_3D ( 'NONE', #1591, #1606, #1605 ) ;
#1593 = PLANE ( 'NONE',  #1596 ) ;
#1594 = FACE_OUTER_BOUND ( 'NONE', #477, .T. ) ;
#1595 = CARTESIAN_POINT ( 'NONE',  ( -0.6250000000000000000, 0.009999999999999923900, 0.1240000000000000800 ) ) ;
#1596 = AXIS2_PLACEMENT_3D ( 'NONE', #1595, #1504, #1503 ) ;
#1597 = FACE_OUTER_BOUND ( 'NONE', #538, .T. ) ;
#1598 = DIRECTION ( 'NONE',  ( -1.000000000000000000, 0.0000000000000000000, 1.524468746464432800E-016 ) ) ;
#1599 = DIRECTION ( 'NONE',  ( -1.524468746464432800E-016, 0.0000000000000000000, -1.000000000000000000 ) ) ;
#1600 = CARTESIAN_POINT ( 'NONE',  ( -0.6250000000000000000, -7.592720431288962200E-017, 0.2360000000000001000 ) ) ;
#1601 = AXIS2_PLACEMENT_3D ( 'NONE', #1600, #1599, #1598 ) ;
#1602 = PLANE ( 'NONE',  #1601 ) ;
#1603 = DIRECTION ( 'NONE',  ( 0.9455185755993166200, -0.3255681544571572000, 0.0000000000000000000 ) ) ;
#1604 = FACE_OUTER_BOUND ( 'NONE', #362, .T. ) ;
#1605 = DIRECTION ( 'NONE',  ( 0.9455185755993166200, -0.3255681544571572000, 0.0000000000000000000 ) ) ;
#1606 = DIRECTION ( 'NONE',  ( -0.3255681544571572000, -0.9455185755993166200, 0.0000000000000000000 ) ) ;
#1607 = CARTESIAN_POINT ( 'NONE',  ( -0.5259475853660491300, 0.07764650131989527000, 0.3299999999999999600 ) ) ;
#1608 = CYLINDRICAL_SURFACE ( 'NONE', #1580, 0.03000000000000001300 ) ;
#1609 = DIRECTION ( 'NONE',  ( -1.000000000000000000, -1.224646799147353000E-016, 0.0000000000000000000 ) ) ;
#1610 = FACE_OUTER_BOUND ( 'NONE', #584, .T. ) ;
#1611 = CARTESIAN_POINT ( 'NONE',  ( -0.4109999999999999800, 0.08048421492679824800, 0.2600000000000000600 ) ) ;
#1612 = DIRECTION ( 'NONE',  ( 0.9879327605798395900, 0.1548833773298395100, 0.0000000000000000000 ) ) ;
#1613 = DIRECTION ( 'NONE',  ( 0.1548833773298393400, -0.9879327605798395900, -1.254165579784967600E-030 ) ) ;
#1614 = PRODUCT_DEFINITION_SHAPE ( 'NONE', 'NONE',  #1617 ) ;
#1615 = PRODUCT_RELATED_PRODUCT_CATEGORY ( 'part', '', ( #1623 ) ) ;
#1616 = PRODUCT_DEFINITION_FORMATION_WITH_SPECIFIED_SOURCE ( 'ANY', '', #1623, .NOT_KNOWN. ) ;
#1617 = PRODUCT_DEFINITION ( 'UNKNOWN', '', #1616, #1618 ) ;
#1618 = PRODUCT_DEFINITION_CONTEXT ( 'detailed design', #1620, 'design' ) ;
#1619 = APPLICATION_PROTOCOL_DEFINITION ( 'draft international standard', 'automotive_design', 1998, #1620 ) ;
#1620 = APPLICATION_CONTEXT ( 'automotive_design' ) ;
#1621 = SHAPE_DEFINITION_REPRESENTATION ( #1614, #1552 ) ;
#1622 = AXIS2_PLACEMENT_3D ( 'NONE', #1629, #1628, #1627 ) ;
#1623 = PRODUCT ( '2993', '2993', '', ( #1624 ) ) ;
#1624 = PRODUCT_CONTEXT ( 'NONE', #1626, 'mechanical' ) ;
#1625 = APPLICATION_PROTOCOL_DEFINITION ( 'draft international standard', 'automotive_design', 1998, #1626 ) ;
#1626 = APPLICATION_CONTEXT ( 'automotive_design' ) ;
#1627 = DIRECTION ( 'NONE',  ( 1.000000000000000000, 0.0000000000000000000, 0.0000000000000000000 ) ) ;
#1628 = DIRECTION ( 'NONE',  ( 0.0000000000000000000, 0.0000000000000000000, 1.000000000000000000 ) ) ;
#1629 = CARTESIAN_POINT ( 'NONE',  ( 0.0000000000000000000, 0.0000000000000000000, 0.0000000000000000000 ) ) ;
ENDSEC;
END-ISO-10303-21;
