ISO-10303-21;
HEADER;
/* Generated by software containing ST-Developer
 * from STEP Tools, Inc. (www.steptools.com) 
 */
/* OPTION: using custom schema-name function */

FILE_DESCRIPTION(
/* description */ (''),
/* implementation_level */ '2;1');

FILE_NAME(
/* name */ '524372771wbm000_01_214.stp',
/* time_stamp */ '2023-01-02T16:55:06+08:00',
/* author */ (''),
/* organization */ (''),
/* preprocessor_version */ 'ST-DEVELOPER v16.7',
/* originating_system */ 'SIEMENS PLM Software NX 1919',
/* authorisation */ '');

FILE_SCHEMA (('AUTOMOTIVE_DESIGN { 1 0 10303 214 3 1 1 1 }'));
ENDSEC;

DATA;
#10=SHAPE_REPRESENTATION_RELATIONSHIP('None',
'relationship between 524372771wbm000_01-None and 524372771wbm000_01-N
one',#22,#11);
#11=ADVANCED_BREP_SHAPE_REPRESENTATION('524372771wbm000_01-None',(#32),
#22833);
#12=SHAPE_DEFINITION_REPRESENTATION(#13,#22);
#13=PRODUCT_DEFINITION_SHAPE('','',#14);
#14=PRODUCT_DEFINITION(' ','',#16,#15);
#15=PRODUCT_DEFINITION_CONTEXT('part definition',#21,'design');
#16=PRODUCT_DEFINITION_FORMATION_WITH_SPECIFIED_SOURCE(' ',' ',#18,
 .NOT_KNOWN.);
#17=PRODUCT_RELATED_PRODUCT_CATEGORY('part','',(#18));
#18=PRODUCT('524372771wbm000_01','524372771wbm000_01',' ',(#19));
#19=PRODUCT_CONTEXT(' ',#21,'mechanical');
#20=APPLICATION_PROTOCOL_DEFINITION('international standard',
'automotive_design',2010,#21);
#21=APPLICATION_CONTEXT(
'core data for automotive mechanical design processes');
#22=SHAPE_REPRESENTATION('524372771wbm000_01-None',(#14240),#22833);
#23=PRESENTATION_LAYER_ASSIGNMENT('1','Layer 1',(#32));
#24=STYLED_ITEM('',(#25),#32);
#25=PRESENTATION_STYLE_ASSIGNMENT((#26));
#26=SURFACE_STYLE_USAGE(.BOTH.,#27);
#27=SURFACE_SIDE_STYLE('',(#28));
#28=SURFACE_STYLE_FILL_AREA(#29);
#29=FILL_AREA_STYLE('',(#30));
#30=FILL_AREA_STYLE_COLOUR('',#31);
#31=COLOUR_RGB('Medium Steel',0.596063172350652,0.666666666666667,0.686259250782025);
#32=MANIFOLD_SOLID_BREP('',#33);
#33=CLOSED_SHELL('',(#351,#352,#353,#354,#355,#356,#357,#358,#359,#360,
#361,#362,#363,#364,#365,#366,#367,#368,#369,#370,#371,#372,#373,#374,#375,
#376,#377,#378,#379,#380,#381,#382,#383,#384,#385,#386,#387,#388,#389,#390,
#391,#392,#393,#394,#395,#396,#397,#398,#399,#400,#401,#402,#403,#404,#405,
#406,#407,#408,#409,#410,#411,#412,#413,#414,#415,#416,#417,#418,#419,#420,
#421,#422,#423,#424,#425,#426,#427,#428,#429,#430,#431,#432,#433,#434,#435,
#436,#437,#438,#439,#440,#441,#442,#443,#444,#445,#446,#447,#448,#449,#450,
#451,#452,#453,#454,#455,#456,#457,#458,#459,#460,#461,#462,#463,#464,#465,
#466,#467,#468,#469,#470,#471,#472,#473,#474,#475,#476,#477,#478,#479,#480,
#481,#482,#483,#484,#485,#486,#487,#488,#489,#490,#491,#492,#493,#494,#495,
#496,#497,#498,#499,#500,#501,#502,#503,#504,#505,#506,#507,#508,#509,#510,
#511,#512,#513,#514,#515,#516,#517,#518,#519,#520,#521,#522,#523,#524,#525,
#526,#527,#528,#529,#530,#531,#532,#533,#534,#535,#536,#537,#538,#539,#540,
#541,#542,#543,#544,#545,#546,#547,#548,#549,#550,#551,#552,#553,#554,#555,
#556,#557,#558,#559,#560,#561,#562,#563,#564,#565,#566,#567,#568,#569,#570,
#571,#572,#573,#574,#575,#576,#577,#578,#579,#580,#581,#582,#583,#584,#585,
#586,#587,#588,#589,#590,#591,#592,#593,#594,#595,#596,#597,#598,#599,#600,
#601,#602,#603,#604,#605,#606,#607,#608,#609,#610,#611,#612,#613,#614,#615,
#616,#617,#618,#619,#620,#621,#622,#623,#624,#625,#626,#627,#628,#629,#630,
#631,#632,#633,#634,#635,#636,#637,#638,#639,#640,#641,#642,#643,#644,#645,
#646,#647,#648,#649,#650,#651,#652,#653,#654,#655,#656,#657,#658,#659,#660,
#661,#662,#663,#664,#665,#666,#667,#668,#669,#670,#671,#672,#673,#674,#675,
#676,#677,#678,#679,#680,#681,#682,#683,#684,#685,#686,#687,#688,#689,#690,
#691,#692,#693,#694,#695,#696,#697,#698,#699,#700,#701,#702,#703,#704,#705,
#706,#707,#708,#709,#710,#711,#712,#713,#714,#715,#716,#717,#718,#719,#720,
#721,#722,#723,#724,#725,#726,#727,#728,#729,#730,#731,#732,#733,#734,#735,
#736,#737,#738,#739,#740,#741,#742,#743,#744,#745,#746,#747,#748,#749,#750,
#751,#752,#753,#754,#755,#756,#757,#758,#759,#760,#761,#762,#763,#764,#765,
#766,#767,#768,#769,#770,#771,#772,#773,#774,#775,#776,#777,#778,#779,#780,
#781,#782,#783,#784,#785,#786,#787,#788,#789,#790,#791,#792,#793,#794,#795,
#796,#797,#798,#799,#800,#801,#802,#803,#804,#805,#806,#807,#808,#809,#810,
#811,#812,#813,#814,#815,#816,#817,#818,#819,#820,#821,#822,#823,#824,#825,
#826,#827,#828,#829,#830,#831,#832,#833,#834,#835,#836,#837,#838,#839,#840,
#841,#842,#843,#844,#845,#846,#847,#848,#849,#850,#851,#852,#853,#854,#855,
#856,#857,#858,#859,#860,#861,#862,#863,#864,#865,#866,#867,#868,#869,#870,
#871,#872,#873,#874,#875,#876,#877,#878,#879,#880,#881,#882,#883,#884,#885,
#886,#887,#888,#889,#890,#891,#892,#893,#894,#895,#896,#897,#898,#899,#900,
#901,#902,#903,#904,#905,#906,#907,#908,#909,#910,#911,#912,#913,#914,#915,
#916,#917,#918,#919,#920,#921,#922,#923,#924,#925,#926,#927,#928,#929,#930,
#931,#932,#933,#934,#935,#936,#937,#938,#939,#940,#941,#942,#943,#944,#945,
#946,#947,#948,#949,#950,#951,#952,#953,#954,#955,#956,#957,#958,#959,#960,
#961,#962,#963,#964,#965,#966,#967,#968,#969,#970,#971,#972,#973,#974,#975,
#976,#977,#978,#979,#980,#981,#982,#983,#984,#985,#986,#987,#988,#989,#990,
#991,#992,#993,#994,#995,#996,#997,#998,#999,#1000,#1001,#1002,#1003,#1004,
#1005,#1006,#1007,#1008,#1009,#1010,#1011,#1012,#1013,#1014,#1015,#1016,
#1017,#1018,#1019,#1020,#1021,#1022,#1023,#1024,#1025,#1026,#1027,#1028,
#1029,#1030,#1031,#1032,#1033,#1034,#1035,#1036,#1037,#1038,#1039,#1040,
#1041,#1042,#1043,#1044,#1045,#1046,#1047,#1048));
#34=CYLINDRICAL_SURFACE('',#14300,0.175000000000002);
#35=CYLINDRICAL_SURFACE('',#14308,0.175000000000002);
#36=CYLINDRICAL_SURFACE('',#14323,0.175000000000002);
#37=CYLINDRICAL_SURFACE('',#14326,0.175000000000002);
#38=CYLINDRICAL_SURFACE('',#14348,0.125);
#39=CYLINDRICAL_SURFACE('',#14352,0.0499999999999997);
#40=CYLINDRICAL_SURFACE('',#14359,0.1);
#41=CYLINDRICAL_SURFACE('',#14372,0.125);
#42=CYLINDRICAL_SURFACE('',#14377,0.125);
#43=CYLINDRICAL_SURFACE('',#14382,0.125);
#44=CYLINDRICAL_SURFACE('',#14387,0.125);
#45=CYLINDRICAL_SURFACE('',#14392,0.125);
#46=CYLINDRICAL_SURFACE('',#14397,0.125);
#47=CYLINDRICAL_SURFACE('',#14402,0.125);
#48=CYLINDRICAL_SURFACE('',#14407,0.125);
#49=CYLINDRICAL_SURFACE('',#14412,0.125);
#50=CYLINDRICAL_SURFACE('',#14417,0.125);
#51=CYLINDRICAL_SURFACE('',#14422,0.125);
#52=CYLINDRICAL_SURFACE('',#14427,0.125);
#53=CYLINDRICAL_SURFACE('',#14432,0.125);
#54=CYLINDRICAL_SURFACE('',#14437,0.125);
#55=CYLINDRICAL_SURFACE('',#14442,0.125);
#56=CYLINDRICAL_SURFACE('',#14447,0.125);
#57=CYLINDRICAL_SURFACE('',#14452,0.125);
#58=CYLINDRICAL_SURFACE('',#14457,0.125);
#59=CYLINDRICAL_SURFACE('',#14462,0.125);
#60=CYLINDRICAL_SURFACE('',#14467,0.125);
#61=CYLINDRICAL_SURFACE('',#14472,0.125);
#62=CYLINDRICAL_SURFACE('',#14477,0.125);
#63=CYLINDRICAL_SURFACE('',#14482,0.125);
#64=CYLINDRICAL_SURFACE('',#14487,0.125);
#65=CYLINDRICAL_SURFACE('',#14492,0.125);
#66=CYLINDRICAL_SURFACE('',#14497,0.125);
#67=CYLINDRICAL_SURFACE('',#14501,0.0499999999999997);
#68=CYLINDRICAL_SURFACE('',#14508,0.1);
#69=CYLINDRICAL_SURFACE('',#14512,0.0499999999999997);
#70=CYLINDRICAL_SURFACE('',#14519,0.1);
#71=CYLINDRICAL_SURFACE('',#14523,0.0499999999999997);
#72=CYLINDRICAL_SURFACE('',#14530,0.1);
#73=CYLINDRICAL_SURFACE('',#14534,0.0499999999999997);
#74=CYLINDRICAL_SURFACE('',#14541,0.1);
#75=CYLINDRICAL_SURFACE('',#14545,0.0499999999999997);
#76=CYLINDRICAL_SURFACE('',#14552,0.1);
#77=CYLINDRICAL_SURFACE('',#14556,0.0499999999999997);
#78=CYLINDRICAL_SURFACE('',#14563,0.1);
#79=CYLINDRICAL_SURFACE('',#14567,0.0499999999999997);
#80=CYLINDRICAL_SURFACE('',#14574,0.1);
#81=CYLINDRICAL_SURFACE('',#14578,0.0499999999999997);
#82=CYLINDRICAL_SURFACE('',#14585,0.1);
#83=CYLINDRICAL_SURFACE('',#14589,0.0499999999999997);
#84=CYLINDRICAL_SURFACE('',#14596,0.1);
#85=CYLINDRICAL_SURFACE('',#14600,0.0499999999999997);
#86=CYLINDRICAL_SURFACE('',#14607,0.1);
#87=CYLINDRICAL_SURFACE('',#14611,0.0499999999999997);
#88=CYLINDRICAL_SURFACE('',#14618,0.1);
#89=CYLINDRICAL_SURFACE('',#14622,0.0499999999999997);
#90=CYLINDRICAL_SURFACE('',#14629,0.1);
#91=CYLINDRICAL_SURFACE('',#14633,0.0499999999999997);
#92=CYLINDRICAL_SURFACE('',#14640,0.1);
#93=CYLINDRICAL_SURFACE('',#14644,0.0499999999999997);
#94=CYLINDRICAL_SURFACE('',#14651,0.1);
#95=CYLINDRICAL_SURFACE('',#14655,0.0499999999999997);
#96=CYLINDRICAL_SURFACE('',#14662,0.1);
#97=CYLINDRICAL_SURFACE('',#14666,0.0499999999999997);
#98=CYLINDRICAL_SURFACE('',#14673,0.1);
#99=CYLINDRICAL_SURFACE('',#14677,0.0499999999999997);
#100=CYLINDRICAL_SURFACE('',#14684,0.1);
#101=CYLINDRICAL_SURFACE('',#14688,0.0499999999999997);
#102=CYLINDRICAL_SURFACE('',#14695,0.1);
#103=CYLINDRICAL_SURFACE('',#14699,0.0499999999999997);
#104=CYLINDRICAL_SURFACE('',#14706,0.1);
#105=CYLINDRICAL_SURFACE('',#14710,0.0499999999999997);
#106=CYLINDRICAL_SURFACE('',#14717,0.1);
#107=CYLINDRICAL_SURFACE('',#14721,0.0499999999999997);
#108=CYLINDRICAL_SURFACE('',#14728,0.1);
#109=CYLINDRICAL_SURFACE('',#14732,0.0499999999999997);
#110=CYLINDRICAL_SURFACE('',#14739,0.1);
#111=CYLINDRICAL_SURFACE('',#14743,0.0499999999999997);
#112=CYLINDRICAL_SURFACE('',#14750,0.1);
#113=CYLINDRICAL_SURFACE('',#14754,0.0499999999999997);
#114=CYLINDRICAL_SURFACE('',#14761,0.1);
#115=CYLINDRICAL_SURFACE('',#14765,0.0499999999999997);
#116=CYLINDRICAL_SURFACE('',#14772,0.1);
#117=CYLINDRICAL_SURFACE('',#14776,0.0499999999999997);
#118=CYLINDRICAL_SURFACE('',#14783,0.1);
#119=CYLINDRICAL_SURFACE('',#15001,0.15);
#120=CYLINDRICAL_SURFACE('',#15051,0.15);
#121=CYLINDRICAL_SURFACE('',#15094,0.302999999999998);
#122=CYLINDRICAL_SURFACE('',#15097,0.0999999999999997);
#123=CYLINDRICAL_SURFACE('',#15121,0.302999999999998);
#124=CYLINDRICAL_SURFACE('',#15122,0.0999999999999997);
#125=FACE_BOUND('',#2355,.T.);
#126=FACE_BOUND('',#2356,.T.);
#127=FACE_BOUND('',#2364,.T.);
#128=FACE_BOUND('',#2365,.T.);
#129=FACE_BOUND('',#2412,.T.);
#130=FACE_BOUND('',#2413,.T.);
#131=FACE_BOUND('',#2414,.T.);
#132=FACE_BOUND('',#2415,.T.);
#133=FACE_BOUND('',#2420,.T.);
#134=FACE_BOUND('',#2421,.T.);
#135=FACE_BOUND('',#2422,.T.);
#136=FACE_BOUND('',#2423,.T.);
#137=FACE_BOUND('',#2424,.T.);
#138=FACE_BOUND('',#2425,.T.);
#139=FACE_BOUND('',#2426,.T.);
#140=FACE_BOUND('',#2427,.T.);
#141=FACE_BOUND('',#2428,.T.);
#142=FACE_BOUND('',#2429,.T.);
#143=FACE_BOUND('',#2430,.T.);
#144=FACE_BOUND('',#2431,.T.);
#145=FACE_BOUND('',#2432,.T.);
#146=FACE_BOUND('',#2433,.T.);
#147=FACE_BOUND('',#2434,.T.);
#148=FACE_BOUND('',#2435,.T.);
#149=FACE_BOUND('',#2436,.T.);
#150=FACE_BOUND('',#2437,.T.);
#151=FACE_BOUND('',#2438,.T.);
#152=FACE_BOUND('',#2439,.T.);
#153=FACE_BOUND('',#2440,.T.);
#154=FACE_BOUND('',#2441,.T.);
#155=FACE_BOUND('',#2442,.T.);
#156=FACE_BOUND('',#2443,.T.);
#157=FACE_BOUND('',#2444,.T.);
#158=FACE_BOUND('',#2445,.T.);
#159=FACE_BOUND('',#2446,.T.);
#160=FACE_BOUND('',#2447,.T.);
#161=FACE_BOUND('',#2964,.T.);
#162=FACE_BOUND('',#2965,.T.);
#163=FACE_BOUND('',#2968,.T.);
#164=FACE_BOUND('',#2969,.T.);
#165=CIRCLE('',#14242,0.15);
#166=CIRCLE('',#14251,0.15);
#167=CIRCLE('',#14292,0.175000000000002);
#168=CIRCLE('',#14298,0.175000000000002);
#169=CIRCLE('',#14299,0.175000000000002);
#170=CIRCLE('',#14307,0.175000000000002);
#171=CIRCLE('',#14309,0.175000000000002);
#172=CIRCLE('',#14310,0.175000000000002);
#173=CIRCLE('',#14318,0.175000000000002);
#174=CIRCLE('',#14319,0.175000000000002);
#175=CIRCLE('',#14344,0.125);
#176=CIRCLE('',#14346,0.125);
#177=CIRCLE('',#14350,0.0499999999999997);
#178=CIRCLE('',#14351,0.0499999999999997);
#179=CIRCLE('',#14354,0.1);
#180=CIRCLE('',#14356,0.1);
#181=CIRCLE('',#14368,0.125);
#182=CIRCLE('',#14370,0.125);
#183=CIRCLE('',#14373,0.125);
#184=CIRCLE('',#14375,0.125);
#185=CIRCLE('',#14378,0.125);
#186=CIRCLE('',#14380,0.125);
#187=CIRCLE('',#14383,0.125);
#188=CIRCLE('',#14385,0.125);
#189=CIRCLE('',#14388,0.125);
#190=CIRCLE('',#14390,0.125);
#191=CIRCLE('',#14393,0.125);
#192=CIRCLE('',#14395,0.125);
#193=CIRCLE('',#14398,0.125);
#194=CIRCLE('',#14400,0.125);
#195=CIRCLE('',#14403,0.125);
#196=CIRCLE('',#14405,0.125);
#197=CIRCLE('',#14408,0.125);
#198=CIRCLE('',#14410,0.125);
#199=CIRCLE('',#14413,0.125);
#200=CIRCLE('',#14415,0.125);
#201=CIRCLE('',#14418,0.125);
#202=CIRCLE('',#14420,0.125);
#203=CIRCLE('',#14423,0.125);
#204=CIRCLE('',#14425,0.125);
#205=CIRCLE('',#14428,0.125);
#206=CIRCLE('',#14430,0.125);
#207=CIRCLE('',#14433,0.125);
#208=CIRCLE('',#14435,0.125);
#209=CIRCLE('',#14438,0.125);
#210=CIRCLE('',#14440,0.125);
#211=CIRCLE('',#14443,0.125);
#212=CIRCLE('',#14445,0.125);
#213=CIRCLE('',#14448,0.125);
#214=CIRCLE('',#14450,0.125);
#215=CIRCLE('',#14453,0.125);
#216=CIRCLE('',#14455,0.125);
#217=CIRCLE('',#14458,0.125);
#218=CIRCLE('',#14460,0.125);
#219=CIRCLE('',#14463,0.125);
#220=CIRCLE('',#14465,0.125);
#221=CIRCLE('',#14468,0.125);
#222=CIRCLE('',#14470,0.125);
#223=CIRCLE('',#14473,0.125);
#224=CIRCLE('',#14475,0.125);
#225=CIRCLE('',#14478,0.125);
#226=CIRCLE('',#14480,0.125);
#227=CIRCLE('',#14483,0.125);
#228=CIRCLE('',#14485,0.125);
#229=CIRCLE('',#14488,0.125);
#230=CIRCLE('',#14490,0.125);
#231=CIRCLE('',#14493,0.125);
#232=CIRCLE('',#14495,0.125);
#233=CIRCLE('',#14499,0.0499999999999997);
#234=CIRCLE('',#14500,0.0499999999999997);
#235=CIRCLE('',#14503,0.1);
#236=CIRCLE('',#14505,0.1);
#237=CIRCLE('',#14510,0.0499999999999997);
#238=CIRCLE('',#14511,0.0499999999999997);
#239=CIRCLE('',#14514,0.1);
#240=CIRCLE('',#14516,0.1);
#241=CIRCLE('',#14521,0.0499999999999997);
#242=CIRCLE('',#14522,0.0499999999999997);
#243=CIRCLE('',#14525,0.1);
#244=CIRCLE('',#14527,0.1);
#245=CIRCLE('',#14532,0.0499999999999997);
#246=CIRCLE('',#14533,0.0499999999999997);
#247=CIRCLE('',#14536,0.1);
#248=CIRCLE('',#14538,0.1);
#249=CIRCLE('',#14543,0.0499999999999997);
#250=CIRCLE('',#14544,0.0499999999999997);
#251=CIRCLE('',#14547,0.1);
#252=CIRCLE('',#14549,0.1);
#253=CIRCLE('',#14554,0.0499999999999997);
#254=CIRCLE('',#14555,0.0499999999999997);
#255=CIRCLE('',#14558,0.1);
#256=CIRCLE('',#14560,0.1);
#257=CIRCLE('',#14565,0.0499999999999997);
#258=CIRCLE('',#14566,0.0499999999999997);
#259=CIRCLE('',#14569,0.1);
#260=CIRCLE('',#14571,0.1);
#261=CIRCLE('',#14576,0.0499999999999997);
#262=CIRCLE('',#14577,0.0499999999999997);
#263=CIRCLE('',#14580,0.1);
#264=CIRCLE('',#14582,0.1);
#265=CIRCLE('',#14587,0.0499999999999997);
#266=CIRCLE('',#14588,0.0499999999999997);
#267=CIRCLE('',#14591,0.1);
#268=CIRCLE('',#14593,0.1);
#269=CIRCLE('',#14598,0.0499999999999997);
#270=CIRCLE('',#14599,0.0499999999999997);
#271=CIRCLE('',#14602,0.1);
#272=CIRCLE('',#14604,0.1);
#273=CIRCLE('',#14609,0.0499999999999997);
#274=CIRCLE('',#14610,0.0499999999999997);
#275=CIRCLE('',#14613,0.1);
#276=CIRCLE('',#14615,0.1);
#277=CIRCLE('',#14620,0.0499999999999997);
#278=CIRCLE('',#14621,0.0499999999999997);
#279=CIRCLE('',#14624,0.1);
#280=CIRCLE('',#14626,0.1);
#281=CIRCLE('',#14631,0.0499999999999997);
#282=CIRCLE('',#14632,0.0499999999999997);
#283=CIRCLE('',#14635,0.1);
#284=CIRCLE('',#14637,0.1);
#285=CIRCLE('',#14642,0.0499999999999997);
#286=CIRCLE('',#14643,0.0499999999999997);
#287=CIRCLE('',#14646,0.1);
#288=CIRCLE('',#14648,0.1);
#289=CIRCLE('',#14653,0.0499999999999997);
#290=CIRCLE('',#14654,0.0499999999999997);
#291=CIRCLE('',#14657,0.1);
#292=CIRCLE('',#14659,0.1);
#293=CIRCLE('',#14664,0.0499999999999997);
#294=CIRCLE('',#14665,0.0499999999999997);
#295=CIRCLE('',#14668,0.1);
#296=CIRCLE('',#14670,0.1);
#297=CIRCLE('',#14675,0.0499999999999997);
#298=CIRCLE('',#14676,0.0499999999999997);
#299=CIRCLE('',#14679,0.1);
#300=CIRCLE('',#14681,0.1);
#301=CIRCLE('',#14686,0.0499999999999997);
#302=CIRCLE('',#14687,0.0499999999999997);
#303=CIRCLE('',#14690,0.1);
#304=CIRCLE('',#14692,0.1);
#305=CIRCLE('',#14697,0.0499999999999997);
#306=CIRCLE('',#14698,0.0499999999999997);
#307=CIRCLE('',#14701,0.1);
#308=CIRCLE('',#14703,0.1);
#309=CIRCLE('',#14708,0.0499999999999997);
#310=CIRCLE('',#14709,0.0499999999999997);
#311=CIRCLE('',#14712,0.1);
#312=CIRCLE('',#14714,0.1);
#313=CIRCLE('',#14719,0.0499999999999997);
#314=CIRCLE('',#14720,0.0499999999999997);
#315=CIRCLE('',#14723,0.1);
#316=CIRCLE('',#14725,0.1);
#317=CIRCLE('',#14730,0.0499999999999997);
#318=CIRCLE('',#14731,0.0499999999999997);
#319=CIRCLE('',#14734,0.1);
#320=CIRCLE('',#14736,0.1);
#321=CIRCLE('',#14741,0.0499999999999997);
#322=CIRCLE('',#14742,0.0499999999999997);
#323=CIRCLE('',#14745,0.1);
#324=CIRCLE('',#14747,0.1);
#325=CIRCLE('',#14752,0.0499999999999997);
#326=CIRCLE('',#14753,0.0499999999999997);
#327=CIRCLE('',#14756,0.1);
#328=CIRCLE('',#14758,0.1);
#329=CIRCLE('',#14763,0.0499999999999997);
#330=CIRCLE('',#14764,0.0499999999999997);
#331=CIRCLE('',#14767,0.1);
#332=CIRCLE('',#14769,0.1);
#333=CIRCLE('',#14774,0.0499999999999997);
#334=CIRCLE('',#14775,0.0499999999999997);
#335=CIRCLE('',#14778,0.1);
#336=CIRCLE('',#14780,0.1);
#337=CIRCLE('',#14998,0.15);
#338=CIRCLE('',#14999,0.15);
#339=CIRCLE('',#15000,0.15);
#340=CIRCLE('',#15043,0.15);
#341=CIRCLE('',#15048,0.15);
#342=CIRCLE('',#15049,0.15);
#343=CIRCLE('',#15078,0.0999999999999997);
#344=CIRCLE('',#15079,0.302999999999998);
#345=CIRCLE('',#15081,0.302999999999998);
#346=CIRCLE('',#15082,0.0999999999999997);
#347=CIRCLE('',#15105,0.302999999999998);
#348=CIRCLE('',#15106,0.0999999999999997);
#349=CIRCLE('',#15108,0.0999999999999997);
#350=CIRCLE('',#15109,0.302999999999998);
#351=ADVANCED_FACE('',(#1656),#1049,.T.);
#352=ADVANCED_FACE('',(#1657),#1050,.T.);
#353=ADVANCED_FACE('',(#1658),#1051,.T.);
#354=ADVANCED_FACE('',(#1659),#1052,.F.);
#355=ADVANCED_FACE('',(#1660),#1053,.F.);
#356=ADVANCED_FACE('',(#1661),#1054,.F.);
#357=ADVANCED_FACE('',(#1662),#1055,.F.);
#358=ADVANCED_FACE('',(#125,#126),#1056,.F.);
#359=ADVANCED_FACE('',(#1663),#1057,.T.);
#360=ADVANCED_FACE('',(#1664),#1058,.T.);
#361=ADVANCED_FACE('',(#1665),#1059,.T.);
#362=ADVANCED_FACE('',(#1666),#1060,.F.);
#363=ADVANCED_FACE('',(#1667),#1061,.F.);
#364=ADVANCED_FACE('',(#1668),#1062,.F.);
#365=ADVANCED_FACE('',(#1669),#1063,.F.);
#366=ADVANCED_FACE('',(#127,#128),#1064,.F.);
#367=ADVANCED_FACE('',(#1670),#1065,.F.);
#368=ADVANCED_FACE('',(#1671),#1066,.T.);
#369=ADVANCED_FACE('',(#1672),#1067,.T.);
#370=ADVANCED_FACE('',(#1673),#1068,.T.);
#371=ADVANCED_FACE('',(#1674),#1069,.T.);
#372=ADVANCED_FACE('',(#1675),#1070,.T.);
#373=ADVANCED_FACE('',(#1676),#1071,.T.);
#374=ADVANCED_FACE('',(#1677),#1072,.T.);
#375=ADVANCED_FACE('',(#1678),#1073,.T.);
#376=ADVANCED_FACE('',(#1679),#1074,.T.);
#377=ADVANCED_FACE('',(#1680),#1075,.T.);
#378=ADVANCED_FACE('',(#1681),#1076,.T.);
#379=ADVANCED_FACE('',(#1682),#1077,.T.);
#380=ADVANCED_FACE('',(#1683),#1078,.T.);
#381=ADVANCED_FACE('',(#1684),#1079,.T.);
#382=ADVANCED_FACE('',(#1685),#1080,.T.);
#383=ADVANCED_FACE('',(#1686),#1081,.T.);
#384=ADVANCED_FACE('',(#1687),#1082,.T.);
#385=ADVANCED_FACE('',(#1688),#1083,.T.);
#386=ADVANCED_FACE('',(#1689),#1084,.T.);
#387=ADVANCED_FACE('',(#1690),#1085,.T.);
#388=ADVANCED_FACE('',(#1691),#1086,.T.);
#389=ADVANCED_FACE('',(#1692),#1087,.T.);
#390=ADVANCED_FACE('',(#1693),#1088,.T.);
#391=ADVANCED_FACE('',(#1694),#1089,.T.);
#392=ADVANCED_FACE('',(#1695),#1090,.T.);
#393=ADVANCED_FACE('',(#1696),#1091,.T.);
#394=ADVANCED_FACE('',(#1697),#1092,.T.);
#395=ADVANCED_FACE('',(#1698),#1093,.T.);
#396=ADVANCED_FACE('',(#1699),#1094,.T.);
#397=ADVANCED_FACE('',(#1700),#1095,.T.);
#398=ADVANCED_FACE('',(#1701),#1096,.T.);
#399=ADVANCED_FACE('',(#1702),#1097,.F.);
#400=ADVANCED_FACE('',(#1703),#1098,.F.);
#401=ADVANCED_FACE('',(#1704),#1099,.F.);
#402=ADVANCED_FACE('',(#1705),#1100,.F.);
#403=ADVANCED_FACE('',(#1706),#1101,.T.);
#404=ADVANCED_FACE('',(#1707),#1102,.F.);
#405=ADVANCED_FACE('',(#1708),#34,.F.);
#406=ADVANCED_FACE('',(#1709),#1103,.F.);
#407=ADVANCED_FACE('',(#1710),#1104,.F.);
#408=ADVANCED_FACE('',(#1711),#1105,.F.);
#409=ADVANCED_FACE('',(#1712),#1106,.F.);
#410=ADVANCED_FACE('',(#1713),#1107,.T.);
#411=ADVANCED_FACE('',(#1714),#1108,.F.);
#412=ADVANCED_FACE('',(#1715),#35,.F.);
#413=ADVANCED_FACE('',(#129,#130,#131,#132),#1109,.T.);
#414=ADVANCED_FACE('',(#1716),#1110,.T.);
#415=ADVANCED_FACE('',(#1717),#1111,.F.);
#416=ADVANCED_FACE('',(#1718),#1112,.F.);
#417=ADVANCED_FACE('',(#1719),#1113,.T.);
#418=ADVANCED_FACE('',(#133,#134,#135,#136,#137,#138,#139,#140,#141,#142,
#143,#144,#145,#146,#147,#148,#149,#150,#151,#152,#153,#154,#155,#156,#157,
#158,#159,#160),#1114,.T.);
#419=ADVANCED_FACE('',(#1720),#1115,.T.);
#420=ADVANCED_FACE('',(#1721),#1116,.T.);
#421=ADVANCED_FACE('',(#1722),#1117,.T.);
#422=ADVANCED_FACE('',(#1723),#1118,.T.);
#423=ADVANCED_FACE('',(#1724),#36,.F.);
#424=ADVANCED_FACE('',(#1725),#1119,.T.);
#425=ADVANCED_FACE('',(#1726),#1120,.T.);
#426=ADVANCED_FACE('',(#1727),#37,.F.);
#427=ADVANCED_FACE('',(#1728),#1121,.F.);
#428=ADVANCED_FACE('',(#1729),#1122,.F.);
#429=ADVANCED_FACE('',(#1730),#1123,.F.);
#430=ADVANCED_FACE('',(#1731),#1124,.F.);
#431=ADVANCED_FACE('',(#1732),#1125,.T.);
#432=ADVANCED_FACE('',(#1733),#1126,.F.);
#433=ADVANCED_FACE('',(#1734),#1127,.T.);
#434=ADVANCED_FACE('',(#1735),#1128,.T.);
#435=ADVANCED_FACE('',(#1736),#1129,.T.);
#436=ADVANCED_FACE('',(#1737),#1130,.F.);
#437=ADVANCED_FACE('',(#1738),#1131,.F.);
#438=ADVANCED_FACE('',(#1739),#1132,.F.);
#439=ADVANCED_FACE('',(#1740),#1133,.F.);
#440=ADVANCED_FACE('',(#1741),#1134,.T.);
#441=ADVANCED_FACE('',(#1742),#1135,.F.);
#442=ADVANCED_FACE('',(#1743),#1136,.F.);
#443=ADVANCED_FACE('',(#1744),#1137,.T.);
#444=ADVANCED_FACE('',(#1745),#1138,.T.);
#445=ADVANCED_FACE('',(#1746),#1139,.F.);
#446=ADVANCED_FACE('',(#1747),#38,.T.);
#447=ADVANCED_FACE('',(#1748),#1140,.F.);
#448=ADVANCED_FACE('',(#1749),#39,.T.);
#449=ADVANCED_FACE('',(#1750),#1141,.F.);
#450=ADVANCED_FACE('',(#1751),#1142,.T.);
#451=ADVANCED_FACE('',(#1752),#1143,.F.);
#452=ADVANCED_FACE('',(#1753),#1144,.F.);
#453=ADVANCED_FACE('',(#1754),#40,.T.);
#454=ADVANCED_FACE('',(#1755),#1145,.F.);
#455=ADVANCED_FACE('',(#1756),#1146,.T.);
#456=ADVANCED_FACE('',(#1757),#1147,.F.);
#457=ADVANCED_FACE('',(#1758),#1148,.F.);
#458=ADVANCED_FACE('',(#1759),#1149,.F.);
#459=ADVANCED_FACE('',(#1760),#1150,.F.);
#460=ADVANCED_FACE('',(#1761),#1151,.F.);
#461=ADVANCED_FACE('',(#1762),#1152,.F.);
#462=ADVANCED_FACE('',(#1763),#1153,.T.);
#463=ADVANCED_FACE('',(#1764),#1154,.F.);
#464=ADVANCED_FACE('',(#1765),#41,.T.);
#465=ADVANCED_FACE('',(#1766),#1155,.T.);
#466=ADVANCED_FACE('',(#1767),#1156,.F.);
#467=ADVANCED_FACE('',(#1768),#42,.T.);
#468=ADVANCED_FACE('',(#1769),#1157,.T.);
#469=ADVANCED_FACE('',(#1770),#1158,.F.);
#470=ADVANCED_FACE('',(#1771),#43,.T.);
#471=ADVANCED_FACE('',(#1772),#1159,.T.);
#472=ADVANCED_FACE('',(#1773),#1160,.F.);
#473=ADVANCED_FACE('',(#1774),#44,.T.);
#474=ADVANCED_FACE('',(#1775),#1161,.T.);
#475=ADVANCED_FACE('',(#1776),#1162,.F.);
#476=ADVANCED_FACE('',(#1777),#45,.T.);
#477=ADVANCED_FACE('',(#1778),#1163,.T.);
#478=ADVANCED_FACE('',(#1779),#1164,.F.);
#479=ADVANCED_FACE('',(#1780),#46,.T.);
#480=ADVANCED_FACE('',(#1781),#1165,.T.);
#481=ADVANCED_FACE('',(#1782),#1166,.F.);
#482=ADVANCED_FACE('',(#1783),#47,.T.);
#483=ADVANCED_FACE('',(#1784),#1167,.T.);
#484=ADVANCED_FACE('',(#1785),#1168,.F.);
#485=ADVANCED_FACE('',(#1786),#48,.T.);
#486=ADVANCED_FACE('',(#1787),#1169,.T.);
#487=ADVANCED_FACE('',(#1788),#1170,.F.);
#488=ADVANCED_FACE('',(#1789),#49,.T.);
#489=ADVANCED_FACE('',(#1790),#1171,.T.);
#490=ADVANCED_FACE('',(#1791),#1172,.F.);
#491=ADVANCED_FACE('',(#1792),#50,.T.);
#492=ADVANCED_FACE('',(#1793),#1173,.T.);
#493=ADVANCED_FACE('',(#1794),#1174,.F.);
#494=ADVANCED_FACE('',(#1795),#51,.T.);
#495=ADVANCED_FACE('',(#1796),#1175,.T.);
#496=ADVANCED_FACE('',(#1797),#1176,.F.);
#497=ADVANCED_FACE('',(#1798),#52,.T.);
#498=ADVANCED_FACE('',(#1799),#1177,.T.);
#499=ADVANCED_FACE('',(#1800),#1178,.F.);
#500=ADVANCED_FACE('',(#1801),#53,.T.);
#501=ADVANCED_FACE('',(#1802),#1179,.T.);
#502=ADVANCED_FACE('',(#1803),#1180,.F.);
#503=ADVANCED_FACE('',(#1804),#54,.T.);
#504=ADVANCED_FACE('',(#1805),#1181,.T.);
#505=ADVANCED_FACE('',(#1806),#1182,.F.);
#506=ADVANCED_FACE('',(#1807),#55,.T.);
#507=ADVANCED_FACE('',(#1808),#1183,.T.);
#508=ADVANCED_FACE('',(#1809),#1184,.F.);
#509=ADVANCED_FACE('',(#1810),#56,.T.);
#510=ADVANCED_FACE('',(#1811),#1185,.T.);
#511=ADVANCED_FACE('',(#1812),#1186,.F.);
#512=ADVANCED_FACE('',(#1813),#57,.T.);
#513=ADVANCED_FACE('',(#1814),#1187,.T.);
#514=ADVANCED_FACE('',(#1815),#1188,.F.);
#515=ADVANCED_FACE('',(#1816),#58,.T.);
#516=ADVANCED_FACE('',(#1817),#1189,.T.);
#517=ADVANCED_FACE('',(#1818),#1190,.F.);
#518=ADVANCED_FACE('',(#1819),#59,.T.);
#519=ADVANCED_FACE('',(#1820),#1191,.T.);
#520=ADVANCED_FACE('',(#1821),#1192,.F.);
#521=ADVANCED_FACE('',(#1822),#60,.T.);
#522=ADVANCED_FACE('',(#1823),#1193,.T.);
#523=ADVANCED_FACE('',(#1824),#1194,.F.);
#524=ADVANCED_FACE('',(#1825),#61,.T.);
#525=ADVANCED_FACE('',(#1826),#1195,.T.);
#526=ADVANCED_FACE('',(#1827),#1196,.F.);
#527=ADVANCED_FACE('',(#1828),#62,.T.);
#528=ADVANCED_FACE('',(#1829),#1197,.T.);
#529=ADVANCED_FACE('',(#1830),#1198,.F.);
#530=ADVANCED_FACE('',(#1831),#63,.T.);
#531=ADVANCED_FACE('',(#1832),#1199,.T.);
#532=ADVANCED_FACE('',(#1833),#1200,.F.);
#533=ADVANCED_FACE('',(#1834),#64,.T.);
#534=ADVANCED_FACE('',(#1835),#1201,.T.);
#535=ADVANCED_FACE('',(#1836),#1202,.F.);
#536=ADVANCED_FACE('',(#1837),#65,.T.);
#537=ADVANCED_FACE('',(#1838),#1203,.T.);
#538=ADVANCED_FACE('',(#1839),#1204,.F.);
#539=ADVANCED_FACE('',(#1840),#66,.T.);
#540=ADVANCED_FACE('',(#1841),#1205,.F.);
#541=ADVANCED_FACE('',(#1842),#67,.T.);
#542=ADVANCED_FACE('',(#1843),#1206,.F.);
#543=ADVANCED_FACE('',(#1844),#1207,.T.);
#544=ADVANCED_FACE('',(#1845),#1208,.F.);
#545=ADVANCED_FACE('',(#1846),#1209,.F.);
#546=ADVANCED_FACE('',(#1847),#68,.T.);
#547=ADVANCED_FACE('',(#1848),#1210,.F.);
#548=ADVANCED_FACE('',(#1849),#69,.T.);
#549=ADVANCED_FACE('',(#1850),#1211,.F.);
#550=ADVANCED_FACE('',(#1851),#1212,.T.);
#551=ADVANCED_FACE('',(#1852),#1213,.F.);
#552=ADVANCED_FACE('',(#1853),#1214,.F.);
#553=ADVANCED_FACE('',(#1854),#70,.T.);
#554=ADVANCED_FACE('',(#1855),#1215,.F.);
#555=ADVANCED_FACE('',(#1856),#71,.T.);
#556=ADVANCED_FACE('',(#1857),#1216,.F.);
#557=ADVANCED_FACE('',(#1858),#1217,.T.);
#558=ADVANCED_FACE('',(#1859),#1218,.F.);
#559=ADVANCED_FACE('',(#1860),#1219,.F.);
#560=ADVANCED_FACE('',(#1861),#72,.T.);
#561=ADVANCED_FACE('',(#1862),#1220,.F.);
#562=ADVANCED_FACE('',(#1863),#73,.T.);
#563=ADVANCED_FACE('',(#1864),#1221,.F.);
#564=ADVANCED_FACE('',(#1865),#1222,.T.);
#565=ADVANCED_FACE('',(#1866),#1223,.F.);
#566=ADVANCED_FACE('',(#1867),#1224,.F.);
#567=ADVANCED_FACE('',(#1868),#74,.T.);
#568=ADVANCED_FACE('',(#1869),#1225,.F.);
#569=ADVANCED_FACE('',(#1870),#75,.T.);
#570=ADVANCED_FACE('',(#1871),#1226,.F.);
#571=ADVANCED_FACE('',(#1872),#1227,.T.);
#572=ADVANCED_FACE('',(#1873),#1228,.F.);
#573=ADVANCED_FACE('',(#1874),#1229,.F.);
#574=ADVANCED_FACE('',(#1875),#76,.T.);
#575=ADVANCED_FACE('',(#1876),#1230,.F.);
#576=ADVANCED_FACE('',(#1877),#77,.T.);
#577=ADVANCED_FACE('',(#1878),#1231,.F.);
#578=ADVANCED_FACE('',(#1879),#1232,.T.);
#579=ADVANCED_FACE('',(#1880),#1233,.F.);
#580=ADVANCED_FACE('',(#1881),#1234,.F.);
#581=ADVANCED_FACE('',(#1882),#78,.T.);
#582=ADVANCED_FACE('',(#1883),#1235,.F.);
#583=ADVANCED_FACE('',(#1884),#79,.T.);
#584=ADVANCED_FACE('',(#1885),#1236,.F.);
#585=ADVANCED_FACE('',(#1886),#1237,.T.);
#586=ADVANCED_FACE('',(#1887),#1238,.F.);
#587=ADVANCED_FACE('',(#1888),#1239,.F.);
#588=ADVANCED_FACE('',(#1889),#80,.T.);
#589=ADVANCED_FACE('',(#1890),#1240,.F.);
#590=ADVANCED_FACE('',(#1891),#81,.T.);
#591=ADVANCED_FACE('',(#1892),#1241,.F.);
#592=ADVANCED_FACE('',(#1893),#1242,.T.);
#593=ADVANCED_FACE('',(#1894),#1243,.F.);
#594=ADVANCED_FACE('',(#1895),#1244,.F.);
#595=ADVANCED_FACE('',(#1896),#82,.T.);
#596=ADVANCED_FACE('',(#1897),#1245,.F.);
#597=ADVANCED_FACE('',(#1898),#83,.T.);
#598=ADVANCED_FACE('',(#1899),#1246,.F.);
#599=ADVANCED_FACE('',(#1900),#1247,.T.);
#600=ADVANCED_FACE('',(#1901),#1248,.F.);
#601=ADVANCED_FACE('',(#1902),#1249,.F.);
#602=ADVANCED_FACE('',(#1903),#84,.T.);
#603=ADVANCED_FACE('',(#1904),#1250,.F.);
#604=ADVANCED_FACE('',(#1905),#85,.T.);
#605=ADVANCED_FACE('',(#1906),#1251,.F.);
#606=ADVANCED_FACE('',(#1907),#1252,.T.);
#607=ADVANCED_FACE('',(#1908),#1253,.F.);
#608=ADVANCED_FACE('',(#1909),#1254,.F.);
#609=ADVANCED_FACE('',(#1910),#86,.T.);
#610=ADVANCED_FACE('',(#1911),#1255,.F.);
#611=ADVANCED_FACE('',(#1912),#87,.T.);
#612=ADVANCED_FACE('',(#1913),#1256,.F.);
#613=ADVANCED_FACE('',(#1914),#1257,.T.);
#614=ADVANCED_FACE('',(#1915),#1258,.F.);
#615=ADVANCED_FACE('',(#1916),#1259,.F.);
#616=ADVANCED_FACE('',(#1917),#88,.T.);
#617=ADVANCED_FACE('',(#1918),#1260,.F.);
#618=ADVANCED_FACE('',(#1919),#89,.T.);
#619=ADVANCED_FACE('',(#1920),#1261,.F.);
#620=ADVANCED_FACE('',(#1921),#1262,.T.);
#621=ADVANCED_FACE('',(#1922),#1263,.F.);
#622=ADVANCED_FACE('',(#1923),#1264,.F.);
#623=ADVANCED_FACE('',(#1924),#90,.T.);
#624=ADVANCED_FACE('',(#1925),#1265,.F.);
#625=ADVANCED_FACE('',(#1926),#91,.T.);
#626=ADVANCED_FACE('',(#1927),#1266,.F.);
#627=ADVANCED_FACE('',(#1928),#1267,.T.);
#628=ADVANCED_FACE('',(#1929),#1268,.F.);
#629=ADVANCED_FACE('',(#1930),#1269,.F.);
#630=ADVANCED_FACE('',(#1931),#92,.T.);
#631=ADVANCED_FACE('',(#1932),#1270,.F.);
#632=ADVANCED_FACE('',(#1933),#93,.T.);
#633=ADVANCED_FACE('',(#1934),#1271,.F.);
#634=ADVANCED_FACE('',(#1935),#1272,.T.);
#635=ADVANCED_FACE('',(#1936),#1273,.F.);
#636=ADVANCED_FACE('',(#1937),#1274,.F.);
#637=ADVANCED_FACE('',(#1938),#94,.T.);
#638=ADVANCED_FACE('',(#1939),#1275,.F.);
#639=ADVANCED_FACE('',(#1940),#95,.T.);
#640=ADVANCED_FACE('',(#1941),#1276,.F.);
#641=ADVANCED_FACE('',(#1942),#1277,.T.);
#642=ADVANCED_FACE('',(#1943),#1278,.F.);
#643=ADVANCED_FACE('',(#1944),#1279,.F.);
#644=ADVANCED_FACE('',(#1945),#96,.T.);
#645=ADVANCED_FACE('',(#1946),#1280,.F.);
#646=ADVANCED_FACE('',(#1947),#97,.T.);
#647=ADVANCED_FACE('',(#1948),#1281,.F.);
#648=ADVANCED_FACE('',(#1949),#1282,.T.);
#649=ADVANCED_FACE('',(#1950),#1283,.F.);
#650=ADVANCED_FACE('',(#1951),#1284,.F.);
#651=ADVANCED_FACE('',(#1952),#98,.T.);
#652=ADVANCED_FACE('',(#1953),#1285,.F.);
#653=ADVANCED_FACE('',(#1954),#99,.T.);
#654=ADVANCED_FACE('',(#1955),#1286,.F.);
#655=ADVANCED_FACE('',(#1956),#1287,.T.);
#656=ADVANCED_FACE('',(#1957),#1288,.F.);
#657=ADVANCED_FACE('',(#1958),#1289,.F.);
#658=ADVANCED_FACE('',(#1959),#100,.T.);
#659=ADVANCED_FACE('',(#1960),#1290,.F.);
#660=ADVANCED_FACE('',(#1961),#101,.T.);
#661=ADVANCED_FACE('',(#1962),#1291,.F.);
#662=ADVANCED_FACE('',(#1963),#1292,.T.);
#663=ADVANCED_FACE('',(#1964),#1293,.F.);
#664=ADVANCED_FACE('',(#1965),#1294,.F.);
#665=ADVANCED_FACE('',(#1966),#102,.T.);
#666=ADVANCED_FACE('',(#1967),#1295,.F.);
#667=ADVANCED_FACE('',(#1968),#103,.T.);
#668=ADVANCED_FACE('',(#1969),#1296,.F.);
#669=ADVANCED_FACE('',(#1970),#1297,.T.);
#670=ADVANCED_FACE('',(#1971),#1298,.F.);
#671=ADVANCED_FACE('',(#1972),#1299,.F.);
#672=ADVANCED_FACE('',(#1973),#104,.T.);
#673=ADVANCED_FACE('',(#1974),#1300,.F.);
#674=ADVANCED_FACE('',(#1975),#105,.T.);
#675=ADVANCED_FACE('',(#1976),#1301,.F.);
#676=ADVANCED_FACE('',(#1977),#1302,.T.);
#677=ADVANCED_FACE('',(#1978),#1303,.F.);
#678=ADVANCED_FACE('',(#1979),#1304,.F.);
#679=ADVANCED_FACE('',(#1980),#106,.T.);
#680=ADVANCED_FACE('',(#1981),#1305,.F.);
#681=ADVANCED_FACE('',(#1982),#107,.T.);
#682=ADVANCED_FACE('',(#1983),#1306,.F.);
#683=ADVANCED_FACE('',(#1984),#1307,.T.);
#684=ADVANCED_FACE('',(#1985),#1308,.F.);
#685=ADVANCED_FACE('',(#1986),#1309,.F.);
#686=ADVANCED_FACE('',(#1987),#108,.T.);
#687=ADVANCED_FACE('',(#1988),#1310,.F.);
#688=ADVANCED_FACE('',(#1989),#109,.T.);
#689=ADVANCED_FACE('',(#1990),#1311,.F.);
#690=ADVANCED_FACE('',(#1991),#1312,.T.);
#691=ADVANCED_FACE('',(#1992),#1313,.F.);
#692=ADVANCED_FACE('',(#1993),#1314,.F.);
#693=ADVANCED_FACE('',(#1994),#110,.T.);
#694=ADVANCED_FACE('',(#1995),#1315,.F.);
#695=ADVANCED_FACE('',(#1996),#111,.T.);
#696=ADVANCED_FACE('',(#1997),#1316,.F.);
#697=ADVANCED_FACE('',(#1998),#1317,.T.);
#698=ADVANCED_FACE('',(#1999),#1318,.F.);
#699=ADVANCED_FACE('',(#2000),#1319,.F.);
#700=ADVANCED_FACE('',(#2001),#112,.T.);
#701=ADVANCED_FACE('',(#2002),#1320,.F.);
#702=ADVANCED_FACE('',(#2003),#113,.T.);
#703=ADVANCED_FACE('',(#2004),#1321,.F.);
#704=ADVANCED_FACE('',(#2005),#1322,.T.);
#705=ADVANCED_FACE('',(#2006),#1323,.F.);
#706=ADVANCED_FACE('',(#2007),#1324,.F.);
#707=ADVANCED_FACE('',(#2008),#114,.T.);
#708=ADVANCED_FACE('',(#2009),#1325,.F.);
#709=ADVANCED_FACE('',(#2010),#115,.T.);
#710=ADVANCED_FACE('',(#2011),#1326,.F.);
#711=ADVANCED_FACE('',(#2012),#1327,.T.);
#712=ADVANCED_FACE('',(#2013),#1328,.F.);
#713=ADVANCED_FACE('',(#2014),#1329,.F.);
#714=ADVANCED_FACE('',(#2015),#116,.T.);
#715=ADVANCED_FACE('',(#2016),#1330,.F.);
#716=ADVANCED_FACE('',(#2017),#117,.T.);
#717=ADVANCED_FACE('',(#2018),#1331,.F.);
#718=ADVANCED_FACE('',(#2019),#1332,.T.);
#719=ADVANCED_FACE('',(#2020),#1333,.F.);
#720=ADVANCED_FACE('',(#2021),#1334,.F.);
#721=ADVANCED_FACE('',(#2022),#118,.T.);
#722=ADVANCED_FACE('',(#2023),#1335,.F.);
#723=ADVANCED_FACE('',(#2024),#1336,.T.);
#724=ADVANCED_FACE('',(#2025),#1337,.F.);
#725=ADVANCED_FACE('',(#2026),#1338,.F.);
#726=ADVANCED_FACE('',(#2027),#1339,.F.);
#727=ADVANCED_FACE('',(#2028),#1340,.F.);
#728=ADVANCED_FACE('',(#2029),#1341,.F.);
#729=ADVANCED_FACE('',(#2030),#1342,.F.);
#730=ADVANCED_FACE('',(#2031),#1343,.F.);
#731=ADVANCED_FACE('',(#2032),#1344,.T.);
#732=ADVANCED_FACE('',(#2033),#1345,.F.);
#733=ADVANCED_FACE('',(#2034),#1346,.F.);
#734=ADVANCED_FACE('',(#2035),#1347,.F.);
#735=ADVANCED_FACE('',(#2036),#1348,.F.);
#736=ADVANCED_FACE('',(#2037),#1349,.F.);
#737=ADVANCED_FACE('',(#2038),#1350,.F.);
#738=ADVANCED_FACE('',(#2039),#1351,.F.);
#739=ADVANCED_FACE('',(#2040),#1352,.T.);
#740=ADVANCED_FACE('',(#2041),#1353,.F.);
#741=ADVANCED_FACE('',(#2042),#1354,.F.);
#742=ADVANCED_FACE('',(#2043),#1355,.F.);
#743=ADVANCED_FACE('',(#2044),#1356,.F.);
#744=ADVANCED_FACE('',(#2045),#1357,.F.);
#745=ADVANCED_FACE('',(#2046),#1358,.F.);
#746=ADVANCED_FACE('',(#2047),#1359,.F.);
#747=ADVANCED_FACE('',(#2048),#1360,.T.);
#748=ADVANCED_FACE('',(#2049),#1361,.F.);
#749=ADVANCED_FACE('',(#2050),#1362,.F.);
#750=ADVANCED_FACE('',(#2051),#1363,.F.);
#751=ADVANCED_FACE('',(#2052),#1364,.F.);
#752=ADVANCED_FACE('',(#2053),#1365,.F.);
#753=ADVANCED_FACE('',(#2054),#1366,.F.);
#754=ADVANCED_FACE('',(#2055),#1367,.F.);
#755=ADVANCED_FACE('',(#2056),#1368,.T.);
#756=ADVANCED_FACE('',(#2057),#1369,.F.);
#757=ADVANCED_FACE('',(#2058),#1370,.F.);
#758=ADVANCED_FACE('',(#2059),#1371,.F.);
#759=ADVANCED_FACE('',(#2060),#1372,.F.);
#760=ADVANCED_FACE('',(#2061),#1373,.F.);
#761=ADVANCED_FACE('',(#2062),#1374,.F.);
#762=ADVANCED_FACE('',(#2063),#1375,.F.);
#763=ADVANCED_FACE('',(#2064),#1376,.T.);
#764=ADVANCED_FACE('',(#2065),#1377,.F.);
#765=ADVANCED_FACE('',(#2066),#1378,.F.);
#766=ADVANCED_FACE('',(#2067),#1379,.F.);
#767=ADVANCED_FACE('',(#2068),#1380,.F.);
#768=ADVANCED_FACE('',(#2069),#1381,.F.);
#769=ADVANCED_FACE('',(#2070),#1382,.F.);
#770=ADVANCED_FACE('',(#2071),#1383,.F.);
#771=ADVANCED_FACE('',(#2072),#1384,.T.);
#772=ADVANCED_FACE('',(#2073),#1385,.F.);
#773=ADVANCED_FACE('',(#2074),#1386,.F.);
#774=ADVANCED_FACE('',(#2075),#1387,.F.);
#775=ADVANCED_FACE('',(#2076),#1388,.F.);
#776=ADVANCED_FACE('',(#2077),#1389,.F.);
#777=ADVANCED_FACE('',(#2078),#1390,.F.);
#778=ADVANCED_FACE('',(#2079),#1391,.F.);
#779=ADVANCED_FACE('',(#2080),#1392,.T.);
#780=ADVANCED_FACE('',(#2081),#1393,.F.);
#781=ADVANCED_FACE('',(#2082),#1394,.F.);
#782=ADVANCED_FACE('',(#2083),#1395,.F.);
#783=ADVANCED_FACE('',(#2084),#1396,.F.);
#784=ADVANCED_FACE('',(#2085),#1397,.F.);
#785=ADVANCED_FACE('',(#2086),#1398,.F.);
#786=ADVANCED_FACE('',(#2087),#1399,.F.);
#787=ADVANCED_FACE('',(#2088),#1400,.T.);
#788=ADVANCED_FACE('',(#2089),#1401,.F.);
#789=ADVANCED_FACE('',(#2090),#1402,.F.);
#790=ADVANCED_FACE('',(#2091),#1403,.F.);
#791=ADVANCED_FACE('',(#2092),#1404,.F.);
#792=ADVANCED_FACE('',(#2093),#1405,.F.);
#793=ADVANCED_FACE('',(#2094),#1406,.F.);
#794=ADVANCED_FACE('',(#2095),#1407,.F.);
#795=ADVANCED_FACE('',(#2096),#1408,.T.);
#796=ADVANCED_FACE('',(#2097),#1409,.F.);
#797=ADVANCED_FACE('',(#2098),#1410,.F.);
#798=ADVANCED_FACE('',(#2099),#1411,.F.);
#799=ADVANCED_FACE('',(#2100),#1412,.F.);
#800=ADVANCED_FACE('',(#2101),#1413,.F.);
#801=ADVANCED_FACE('',(#2102),#1414,.F.);
#802=ADVANCED_FACE('',(#2103),#1415,.F.);
#803=ADVANCED_FACE('',(#2104),#1416,.T.);
#804=ADVANCED_FACE('',(#2105),#1417,.F.);
#805=ADVANCED_FACE('',(#2106),#1418,.F.);
#806=ADVANCED_FACE('',(#2107),#1419,.F.);
#807=ADVANCED_FACE('',(#2108),#1420,.F.);
#808=ADVANCED_FACE('',(#2109),#1421,.F.);
#809=ADVANCED_FACE('',(#2110),#1422,.F.);
#810=ADVANCED_FACE('',(#2111),#1423,.F.);
#811=ADVANCED_FACE('',(#2112),#1424,.T.);
#812=ADVANCED_FACE('',(#2113),#1425,.F.);
#813=ADVANCED_FACE('',(#2114),#1426,.F.);
#814=ADVANCED_FACE('',(#2115),#1427,.F.);
#815=ADVANCED_FACE('',(#2116),#1428,.F.);
#816=ADVANCED_FACE('',(#2117),#1429,.F.);
#817=ADVANCED_FACE('',(#2118),#1430,.F.);
#818=ADVANCED_FACE('',(#2119),#1431,.F.);
#819=ADVANCED_FACE('',(#2120),#1432,.T.);
#820=ADVANCED_FACE('',(#2121),#1433,.F.);
#821=ADVANCED_FACE('',(#2122),#1434,.F.);
#822=ADVANCED_FACE('',(#2123),#1435,.F.);
#823=ADVANCED_FACE('',(#2124),#1436,.F.);
#824=ADVANCED_FACE('',(#2125),#1437,.F.);
#825=ADVANCED_FACE('',(#2126),#1438,.F.);
#826=ADVANCED_FACE('',(#2127),#1439,.F.);
#827=ADVANCED_FACE('',(#2128),#1440,.T.);
#828=ADVANCED_FACE('',(#2129),#1441,.F.);
#829=ADVANCED_FACE('',(#2130),#1442,.F.);
#830=ADVANCED_FACE('',(#2131),#1443,.F.);
#831=ADVANCED_FACE('',(#2132),#1444,.F.);
#832=ADVANCED_FACE('',(#2133),#1445,.F.);
#833=ADVANCED_FACE('',(#2134),#1446,.F.);
#834=ADVANCED_FACE('',(#2135),#1447,.F.);
#835=ADVANCED_FACE('',(#2136),#1448,.T.);
#836=ADVANCED_FACE('',(#2137),#1449,.F.);
#837=ADVANCED_FACE('',(#2138),#1450,.F.);
#838=ADVANCED_FACE('',(#2139),#1451,.F.);
#839=ADVANCED_FACE('',(#2140),#1452,.F.);
#840=ADVANCED_FACE('',(#2141),#1453,.F.);
#841=ADVANCED_FACE('',(#2142),#1454,.F.);
#842=ADVANCED_FACE('',(#2143),#1455,.F.);
#843=ADVANCED_FACE('',(#2144),#1456,.T.);
#844=ADVANCED_FACE('',(#2145),#1457,.F.);
#845=ADVANCED_FACE('',(#2146),#1458,.F.);
#846=ADVANCED_FACE('',(#2147),#1459,.F.);
#847=ADVANCED_FACE('',(#2148),#1460,.F.);
#848=ADVANCED_FACE('',(#2149),#1461,.F.);
#849=ADVANCED_FACE('',(#2150),#1462,.F.);
#850=ADVANCED_FACE('',(#2151),#1463,.F.);
#851=ADVANCED_FACE('',(#2152),#1464,.T.);
#852=ADVANCED_FACE('',(#2153),#1465,.F.);
#853=ADVANCED_FACE('',(#2154),#1466,.F.);
#854=ADVANCED_FACE('',(#2155),#1467,.F.);
#855=ADVANCED_FACE('',(#2156),#1468,.F.);
#856=ADVANCED_FACE('',(#2157),#1469,.F.);
#857=ADVANCED_FACE('',(#2158),#1470,.F.);
#858=ADVANCED_FACE('',(#2159),#1471,.F.);
#859=ADVANCED_FACE('',(#2160),#1472,.T.);
#860=ADVANCED_FACE('',(#2161),#1473,.F.);
#861=ADVANCED_FACE('',(#2162),#1474,.F.);
#862=ADVANCED_FACE('',(#2163),#1475,.F.);
#863=ADVANCED_FACE('',(#2164),#1476,.F.);
#864=ADVANCED_FACE('',(#2165),#1477,.F.);
#865=ADVANCED_FACE('',(#2166),#1478,.F.);
#866=ADVANCED_FACE('',(#2167),#1479,.F.);
#867=ADVANCED_FACE('',(#2168),#1480,.T.);
#868=ADVANCED_FACE('',(#2169),#1481,.F.);
#869=ADVANCED_FACE('',(#2170),#1482,.F.);
#870=ADVANCED_FACE('',(#2171),#1483,.F.);
#871=ADVANCED_FACE('',(#2172),#1484,.F.);
#872=ADVANCED_FACE('',(#2173),#1485,.F.);
#873=ADVANCED_FACE('',(#2174),#1486,.F.);
#874=ADVANCED_FACE('',(#2175),#1487,.F.);
#875=ADVANCED_FACE('',(#2176),#1488,.T.);
#876=ADVANCED_FACE('',(#2177),#1489,.F.);
#877=ADVANCED_FACE('',(#2178),#1490,.F.);
#878=ADVANCED_FACE('',(#2179),#1491,.F.);
#879=ADVANCED_FACE('',(#2180),#1492,.F.);
#880=ADVANCED_FACE('',(#2181),#1493,.F.);
#881=ADVANCED_FACE('',(#2182),#1494,.F.);
#882=ADVANCED_FACE('',(#2183),#1495,.F.);
#883=ADVANCED_FACE('',(#2184),#1496,.T.);
#884=ADVANCED_FACE('',(#2185),#1497,.F.);
#885=ADVANCED_FACE('',(#2186),#1498,.F.);
#886=ADVANCED_FACE('',(#2187),#1499,.F.);
#887=ADVANCED_FACE('',(#2188),#1500,.F.);
#888=ADVANCED_FACE('',(#2189),#1501,.F.);
#889=ADVANCED_FACE('',(#2190),#1502,.F.);
#890=ADVANCED_FACE('',(#2191),#1503,.F.);
#891=ADVANCED_FACE('',(#2192),#1504,.T.);
#892=ADVANCED_FACE('',(#2193),#1505,.F.);
#893=ADVANCED_FACE('',(#2194),#1506,.F.);
#894=ADVANCED_FACE('',(#2195),#1507,.F.);
#895=ADVANCED_FACE('',(#2196),#1508,.F.);
#896=ADVANCED_FACE('',(#2197),#1509,.F.);
#897=ADVANCED_FACE('',(#2198),#1510,.F.);
#898=ADVANCED_FACE('',(#2199),#1511,.F.);
#899=ADVANCED_FACE('',(#2200),#1512,.T.);
#900=ADVANCED_FACE('',(#2201),#1513,.F.);
#901=ADVANCED_FACE('',(#2202),#1514,.F.);
#902=ADVANCED_FACE('',(#2203),#1515,.F.);
#903=ADVANCED_FACE('',(#2204),#1516,.F.);
#904=ADVANCED_FACE('',(#2205),#1517,.F.);
#905=ADVANCED_FACE('',(#2206),#1518,.F.);
#906=ADVANCED_FACE('',(#2207),#1519,.F.);
#907=ADVANCED_FACE('',(#2208),#1520,.T.);
#908=ADVANCED_FACE('',(#2209),#1521,.F.);
#909=ADVANCED_FACE('',(#2210),#1522,.F.);
#910=ADVANCED_FACE('',(#2211),#1523,.F.);
#911=ADVANCED_FACE('',(#2212),#1524,.F.);
#912=ADVANCED_FACE('',(#2213),#1525,.F.);
#913=ADVANCED_FACE('',(#2214),#1526,.F.);
#914=ADVANCED_FACE('',(#2215),#1527,.F.);
#915=ADVANCED_FACE('',(#2216),#1528,.T.);
#916=ADVANCED_FACE('',(#2217),#1529,.F.);
#917=ADVANCED_FACE('',(#2218),#1530,.F.);
#918=ADVANCED_FACE('',(#2219),#1531,.F.);
#919=ADVANCED_FACE('',(#2220),#1532,.F.);
#920=ADVANCED_FACE('',(#2221),#1533,.F.);
#921=ADVANCED_FACE('',(#2222),#1534,.F.);
#922=ADVANCED_FACE('',(#2223),#1535,.F.);
#923=ADVANCED_FACE('',(#2224),#1536,.T.);
#924=ADVANCED_FACE('',(#2225),#1537,.F.);
#925=ADVANCED_FACE('',(#2226),#1538,.F.);
#926=ADVANCED_FACE('',(#2227),#1539,.F.);
#927=ADVANCED_FACE('',(#2228),#1540,.F.);
#928=ADVANCED_FACE('',(#2229),#1541,.F.);
#929=ADVANCED_FACE('',(#2230),#1542,.F.);
#930=ADVANCED_FACE('',(#2231),#1543,.F.);
#931=ADVANCED_FACE('',(#2232),#1544,.F.);
#932=ADVANCED_FACE('',(#2233),#1545,.F.);
#933=ADVANCED_FACE('',(#2234),#1546,.F.);
#934=ADVANCED_FACE('',(#2235),#1547,.F.);
#935=ADVANCED_FACE('',(#161,#162),#1548,.T.);
#936=ADVANCED_FACE('',(#2236),#119,.T.);
#937=ADVANCED_FACE('',(#2237),#1549,.T.);
#938=ADVANCED_FACE('',(#163,#164),#1550,.F.);
#939=ADVANCED_FACE('',(#2238),#1551,.F.);
#940=ADVANCED_FACE('',(#2239),#1552,.F.);
#941=ADVANCED_FACE('',(#2240),#1553,.F.);
#942=ADVANCED_FACE('',(#2241),#1554,.T.);
#943=ADVANCED_FACE('',(#2242),#1555,.T.);
#944=ADVANCED_FACE('',(#2243),#1556,.T.);
#945=ADVANCED_FACE('',(#2244),#1557,.F.);
#946=ADVANCED_FACE('',(#2245),#1558,.T.);
#947=ADVANCED_FACE('',(#2246),#1559,.F.);
#948=ADVANCED_FACE('',(#2247),#1560,.F.);
#949=ADVANCED_FACE('',(#2248),#1561,.T.);
#950=ADVANCED_FACE('',(#2249),#1562,.T.);
#951=ADVANCED_FACE('',(#2250),#1563,.T.);
#952=ADVANCED_FACE('',(#2251),#1564,.T.);
#953=ADVANCED_FACE('',(#2252),#1565,.F.);
#954=ADVANCED_FACE('',(#2253),#1566,.F.);
#955=ADVANCED_FACE('',(#2254),#1567,.F.);
#956=ADVANCED_FACE('',(#2255),#1568,.F.);
#957=ADVANCED_FACE('',(#2256),#1569,.T.);
#958=ADVANCED_FACE('',(#2257),#1570,.F.);
#959=ADVANCED_FACE('',(#2258),#1571,.F.);
#960=ADVANCED_FACE('',(#2259),#1572,.F.);
#961=ADVANCED_FACE('',(#2260),#1573,.F.);
#962=ADVANCED_FACE('',(#2261),#1574,.F.);
#963=ADVANCED_FACE('',(#2262),#1575,.F.);
#964=ADVANCED_FACE('',(#2263),#1576,.F.);
#965=ADVANCED_FACE('',(#2264),#1577,.F.);
#966=ADVANCED_FACE('',(#2265),#1578,.F.);
#967=ADVANCED_FACE('',(#2266),#1579,.F.);
#968=ADVANCED_FACE('',(#2267),#1580,.F.);
#969=ADVANCED_FACE('',(#2268),#1581,.F.);
#970=ADVANCED_FACE('',(#2269),#1582,.F.);
#971=ADVANCED_FACE('',(#2270),#1583,.T.);
#972=ADVANCED_FACE('',(#2271),#1584,.T.);
#973=ADVANCED_FACE('',(#2272),#1585,.T.);
#974=ADVANCED_FACE('',(#2273),#1586,.T.);
#975=ADVANCED_FACE('',(#2274),#1587,.T.);
#976=ADVANCED_FACE('',(#2275),#1588,.F.);
#977=ADVANCED_FACE('',(#2276),#1589,.F.);
#978=ADVANCED_FACE('',(#2277),#1590,.T.);
#979=ADVANCED_FACE('',(#2278),#1591,.T.);
#980=ADVANCED_FACE('',(#2279),#1592,.T.);
#981=ADVANCED_FACE('',(#2280),#1593,.T.);
#982=ADVANCED_FACE('',(#2281),#1594,.F.);
#983=ADVANCED_FACE('',(#2282),#120,.T.);
#984=ADVANCED_FACE('',(#2283),#1595,.T.);
#985=ADVANCED_FACE('',(#2284),#1596,.T.);
#986=ADVANCED_FACE('',(#2285),#1597,.T.);
#987=ADVANCED_FACE('',(#2286),#1598,.T.);
#988=ADVANCED_FACE('',(#2287),#1599,.F.);
#989=ADVANCED_FACE('',(#2288),#1600,.F.);
#990=ADVANCED_FACE('',(#2289),#1601,.F.);
#991=ADVANCED_FACE('',(#2290),#1602,.F.);
#992=ADVANCED_FACE('',(#2291),#1603,.F.);
#993=ADVANCED_FACE('',(#2292),#1604,.T.);
#994=ADVANCED_FACE('',(#2293),#1605,.T.);
#995=ADVANCED_FACE('',(#2294),#1606,.F.);
#996=ADVANCED_FACE('',(#2295),#1607,.F.);
#997=ADVANCED_FACE('',(#2296),#1608,.F.);
#998=ADVANCED_FACE('',(#2297),#1609,.F.);
#999=ADVANCED_FACE('',(#2298),#1610,.F.);
#1000=ADVANCED_FACE('',(#2299),#1611,.F.);
#1001=ADVANCED_FACE('',(#2300),#1612,.F.);
#1002=ADVANCED_FACE('',(#2301),#1613,.T.);
#1003=ADVANCED_FACE('',(#2302),#1614,.F.);
#1004=ADVANCED_FACE('',(#2303),#1615,.F.);
#1005=ADVANCED_FACE('',(#2304),#1616,.F.);
#1006=ADVANCED_FACE('',(#2305),#1617,.F.);
#1007=ADVANCED_FACE('',(#2306),#1618,.F.);
#1008=ADVANCED_FACE('',(#2307),#1619,.T.);
#1009=ADVANCED_FACE('',(#2308),#1620,.T.);
#1010=ADVANCED_FACE('',(#2309),#1621,.F.);
#1011=ADVANCED_FACE('',(#2310),#1622,.T.);
#1012=ADVANCED_FACE('',(#2311),#1623,.F.);
#1013=ADVANCED_FACE('',(#2312),#1624,.F.);
#1014=ADVANCED_FACE('',(#2313),#1625,.F.);
#1015=ADVANCED_FACE('',(#2314),#1626,.F.);
#1016=ADVANCED_FACE('',(#2315),#1627,.F.);
#1017=ADVANCED_FACE('',(#2316),#1628,.F.);
#1018=ADVANCED_FACE('',(#2317),#1629,.F.);
#1019=ADVANCED_FACE('',(#2318),#1630,.F.);
#1020=ADVANCED_FACE('',(#2319),#1631,.T.);
#1021=ADVANCED_FACE('',(#2320),#1632,.F.);
#1022=ADVANCED_FACE('',(#2321),#121,.T.);
#1023=ADVANCED_FACE('',(#2322),#1633,.T.);
#1024=ADVANCED_FACE('',(#2323),#1634,.T.);
#1025=ADVANCED_FACE('',(#2324),#122,.F.);
#1026=ADVANCED_FACE('',(#2325),#1635,.F.);
#1027=ADVANCED_FACE('',(#2326),#1636,.F.);
#1028=ADVANCED_FACE('',(#2327),#1637,.F.);
#1029=ADVANCED_FACE('',(#2328),#1638,.F.);
#1030=ADVANCED_FACE('',(#2329),#1639,.F.);
#1031=ADVANCED_FACE('',(#2330),#1640,.T.);
#1032=ADVANCED_FACE('',(#2331),#1641,.T.);
#1033=ADVANCED_FACE('',(#2332),#1642,.F.);
#1034=ADVANCED_FACE('',(#2333),#1643,.T.);
#1035=ADVANCED_FACE('',(#2334),#1644,.F.);
#1036=ADVANCED_FACE('',(#2335),#1645,.F.);
#1037=ADVANCED_FACE('',(#2336),#1646,.F.);
#1038=ADVANCED_FACE('',(#2337),#1647,.F.);
#1039=ADVANCED_FACE('',(#2338),#1648,.F.);
#1040=ADVANCED_FACE('',(#2339),#1649,.F.);
#1041=ADVANCED_FACE('',(#2340),#1650,.F.);
#1042=ADVANCED_FACE('',(#2341),#1651,.F.);
#1043=ADVANCED_FACE('',(#2342),#1652,.T.);
#1044=ADVANCED_FACE('',(#2343),#1653,.F.);
#1045=ADVANCED_FACE('',(#2344),#123,.T.);
#1046=ADVANCED_FACE('',(#2345),#124,.F.);
#1047=ADVANCED_FACE('',(#2346),#1654,.T.);
#1048=ADVANCED_FACE('',(#2347),#1655,.T.);
#1049=PLANE('',#14241);
#1050=PLANE('',#14243);
#1051=PLANE('',#14244);
#1052=PLANE('',#14245);
#1053=PLANE('',#14246);
#1054=PLANE('',#14247);
#1055=PLANE('',#14248);
#1056=PLANE('',#14249);
#1057=PLANE('',#14250);
#1058=PLANE('',#14252);
#1059=PLANE('',#14253);
#1060=PLANE('',#14254);
#1061=PLANE('',#14255);
#1062=PLANE('',#14256);
#1063=PLANE('',#14257);
#1064=PLANE('',#14258);
#1065=PLANE('',#14259);
#1066=PLANE('',#14260);
#1067=PLANE('',#14261);
#1068=PLANE('',#14262);
#1069=PLANE('',#14263);
#1070=PLANE('',#14264);
#1071=PLANE('',#14265);
#1072=PLANE('',#14266);
#1073=PLANE('',#14267);
#1074=PLANE('',#14268);
#1075=PLANE('',#14269);
#1076=PLANE('',#14270);
#1077=PLANE('',#14271);
#1078=PLANE('',#14272);
#1079=PLANE('',#14273);
#1080=PLANE('',#14274);
#1081=PLANE('',#14275);
#1082=PLANE('',#14276);
#1083=PLANE('',#14277);
#1084=PLANE('',#14278);
#1085=PLANE('',#14279);
#1086=PLANE('',#14280);
#1087=PLANE('',#14281);
#1088=PLANE('',#14282);
#1089=PLANE('',#14283);
#1090=PLANE('',#14284);
#1091=PLANE('',#14285);
#1092=PLANE('',#14286);
#1093=PLANE('',#14287);
#1094=PLANE('',#14288);
#1095=PLANE('',#14289);
#1096=PLANE('',#14290);
#1097=PLANE('',#14291);
#1098=PLANE('',#14293);
#1099=PLANE('',#14294);
#1100=PLANE('',#14295);
#1101=PLANE('',#14296);
#1102=PLANE('',#14297);
#1103=PLANE('',#14301);
#1104=PLANE('',#14302);
#1105=PLANE('',#14303);
#1106=PLANE('',#14304);
#1107=PLANE('',#14305);
#1108=PLANE('',#14306);
#1109=PLANE('',#14311);
#1110=PLANE('',#14312);
#1111=PLANE('',#14313);
#1112=PLANE('',#14314);
#1113=PLANE('',#14315);
#1114=PLANE('',#14316);
#1115=PLANE('',#14317);
#1116=PLANE('',#14320);
#1117=PLANE('',#14321);
#1118=PLANE('',#14322);
#1119=PLANE('',#14324);
#1120=PLANE('',#14325);
#1121=PLANE('',#14327);
#1122=PLANE('',#14328);
#1123=PLANE('',#14329);
#1124=PLANE('',#14330);
#1125=PLANE('',#14331);
#1126=PLANE('',#14332);
#1127=PLANE('',#14333);
#1128=PLANE('',#14334);
#1129=PLANE('',#14335);
#1130=PLANE('',#14336);
#1131=PLANE('',#14337);
#1132=PLANE('',#14338);
#1133=PLANE('',#14339);
#1134=PLANE('',#14340);
#1135=PLANE('',#14341);
#1136=PLANE('',#14342);
#1137=PLANE('',#14343);
#1138=PLANE('',#14345);
#1139=PLANE('',#14347);
#1140=PLANE('',#14349);
#1141=PLANE('',#14353);
#1142=PLANE('',#14355);
#1143=PLANE('',#14357);
#1144=PLANE('',#14358);
#1145=PLANE('',#14360);
#1146=PLANE('',#14361);
#1147=PLANE('',#14362);
#1148=PLANE('',#14363);
#1149=PLANE('',#14364);
#1150=PLANE('',#14365);
#1151=PLANE('',#14366);
#1152=PLANE('',#14367);
#1153=PLANE('',#14369);
#1154=PLANE('',#14371);
#1155=PLANE('',#14374);
#1156=PLANE('',#14376);
#1157=PLANE('',#14379);
#1158=PLANE('',#14381);
#1159=PLANE('',#14384);
#1160=PLANE('',#14386);
#1161=PLANE('',#14389);
#1162=PLANE('',#14391);
#1163=PLANE('',#14394);
#1164=PLANE('',#14396);
#1165=PLANE('',#14399);
#1166=PLANE('',#14401);
#1167=PLANE('',#14404);
#1168=PLANE('',#14406);
#1169=PLANE('',#14409);
#1170=PLANE('',#14411);
#1171=PLANE('',#14414);
#1172=PLANE('',#14416);
#1173=PLANE('',#14419);
#1174=PLANE('',#14421);
#1175=PLANE('',#14424);
#1176=PLANE('',#14426);
#1177=PLANE('',#14429);
#1178=PLANE('',#14431);
#1179=PLANE('',#14434);
#1180=PLANE('',#14436);
#1181=PLANE('',#14439);
#1182=PLANE('',#14441);
#1183=PLANE('',#14444);
#1184=PLANE('',#14446);
#1185=PLANE('',#14449);
#1186=PLANE('',#14451);
#1187=PLANE('',#14454);
#1188=PLANE('',#14456);
#1189=PLANE('',#14459);
#1190=PLANE('',#14461);
#1191=PLANE('',#14464);
#1192=PLANE('',#14466);
#1193=PLANE('',#14469);
#1194=PLANE('',#14471);
#1195=PLANE('',#14474);
#1196=PLANE('',#14476);
#1197=PLANE('',#14479);
#1198=PLANE('',#14481);
#1199=PLANE('',#14484);
#1200=PLANE('',#14486);
#1201=PLANE('',#14489);
#1202=PLANE('',#14491);
#1203=PLANE('',#14494);
#1204=PLANE('',#14496);
#1205=PLANE('',#14498);
#1206=PLANE('',#14502);
#1207=PLANE('',#14504);
#1208=PLANE('',#14506);
#1209=PLANE('',#14507);
#1210=PLANE('',#14509);
#1211=PLANE('',#14513);
#1212=PLANE('',#14515);
#1213=PLANE('',#14517);
#1214=PLANE('',#14518);
#1215=PLANE('',#14520);
#1216=PLANE('',#14524);
#1217=PLANE('',#14526);
#1218=PLANE('',#14528);
#1219=PLANE('',#14529);
#1220=PLANE('',#14531);
#1221=PLANE('',#14535);
#1222=PLANE('',#14537);
#1223=PLANE('',#14539);
#1224=PLANE('',#14540);
#1225=PLANE('',#14542);
#1226=PLANE('',#14546);
#1227=PLANE('',#14548);
#1228=PLANE('',#14550);
#1229=PLANE('',#14551);
#1230=PLANE('',#14553);
#1231=PLANE('',#14557);
#1232=PLANE('',#14559);
#1233=PLANE('',#14561);
#1234=PLANE('',#14562);
#1235=PLANE('',#14564);
#1236=PLANE('',#14568);
#1237=PLANE('',#14570);
#1238=PLANE('',#14572);
#1239=PLANE('',#14573);
#1240=PLANE('',#14575);
#1241=PLANE('',#14579);
#1242=PLANE('',#14581);
#1243=PLANE('',#14583);
#1244=PLANE('',#14584);
#1245=PLANE('',#14586);
#1246=PLANE('',#14590);
#1247=PLANE('',#14592);
#1248=PLANE('',#14594);
#1249=PLANE('',#14595);
#1250=PLANE('',#14597);
#1251=PLANE('',#14601);
#1252=PLANE('',#14603);
#1253=PLANE('',#14605);
#1254=PLANE('',#14606);
#1255=PLANE('',#14608);
#1256=PLANE('',#14612);
#1257=PLANE('',#14614);
#1258=PLANE('',#14616);
#1259=PLANE('',#14617);
#1260=PLANE('',#14619);
#1261=PLANE('',#14623);
#1262=PLANE('',#14625);
#1263=PLANE('',#14627);
#1264=PLANE('',#14628);
#1265=PLANE('',#14630);
#1266=PLANE('',#14634);
#1267=PLANE('',#14636);
#1268=PLANE('',#14638);
#1269=PLANE('',#14639);
#1270=PLANE('',#14641);
#1271=PLANE('',#14645);
#1272=PLANE('',#14647);
#1273=PLANE('',#14649);
#1274=PLANE('',#14650);
#1275=PLANE('',#14652);
#1276=PLANE('',#14656);
#1277=PLANE('',#14658);
#1278=PLANE('',#14660);
#1279=PLANE('',#14661);
#1280=PLANE('',#14663);
#1281=PLANE('',#14667);
#1282=PLANE('',#14669);
#1283=PLANE('',#14671);
#1284=PLANE('',#14672);
#1285=PLANE('',#14674);
#1286=PLANE('',#14678);
#1287=PLANE('',#14680);
#1288=PLANE('',#14682);
#1289=PLANE('',#14683);
#1290=PLANE('',#14685);
#1291=PLANE('',#14689);
#1292=PLANE('',#14691);
#1293=PLANE('',#14693);
#1294=PLANE('',#14694);
#1295=PLANE('',#14696);
#1296=PLANE('',#14700);
#1297=PLANE('',#14702);
#1298=PLANE('',#14704);
#1299=PLANE('',#14705);
#1300=PLANE('',#14707);
#1301=PLANE('',#14711);
#1302=PLANE('',#14713);
#1303=PLANE('',#14715);
#1304=PLANE('',#14716);
#1305=PLANE('',#14718);
#1306=PLANE('',#14722);
#1307=PLANE('',#14724);
#1308=PLANE('',#14726);
#1309=PLANE('',#14727);
#1310=PLANE('',#14729);
#1311=PLANE('',#14733);
#1312=PLANE('',#14735);
#1313=PLANE('',#14737);
#1314=PLANE('',#14738);
#1315=PLANE('',#14740);
#1316=PLANE('',#14744);
#1317=PLANE('',#14746);
#1318=PLANE('',#14748);
#1319=PLANE('',#14749);
#1320=PLANE('',#14751);
#1321=PLANE('',#14755);
#1322=PLANE('',#14757);
#1323=PLANE('',#14759);
#1324=PLANE('',#14760);
#1325=PLANE('',#14762);
#1326=PLANE('',#14766);
#1327=PLANE('',#14768);
#1328=PLANE('',#14770);
#1329=PLANE('',#14771);
#1330=PLANE('',#14773);
#1331=PLANE('',#14777);
#1332=PLANE('',#14779);
#1333=PLANE('',#14781);
#1334=PLANE('',#14782);
#1335=PLANE('',#14784);
#1336=PLANE('',#14785);
#1337=PLANE('',#14786);
#1338=PLANE('',#14787);
#1339=PLANE('',#14788);
#1340=PLANE('',#14789);
#1341=PLANE('',#14790);
#1342=PLANE('',#14791);
#1343=PLANE('',#14792);
#1344=PLANE('',#14793);
#1345=PLANE('',#14794);
#1346=PLANE('',#14795);
#1347=PLANE('',#14796);
#1348=PLANE('',#14797);
#1349=PLANE('',#14798);
#1350=PLANE('',#14799);
#1351=PLANE('',#14800);
#1352=PLANE('',#14801);
#1353=PLANE('',#14802);
#1354=PLANE('',#14803);
#1355=PLANE('',#14804);
#1356=PLANE('',#14805);
#1357=PLANE('',#14806);
#1358=PLANE('',#14807);
#1359=PLANE('',#14808);
#1360=PLANE('',#14809);
#1361=PLANE('',#14810);
#1362=PLANE('',#14811);
#1363=PLANE('',#14812);
#1364=PLANE('',#14813);
#1365=PLANE('',#14814);
#1366=PLANE('',#14815);
#1367=PLANE('',#14816);
#1368=PLANE('',#14817);
#1369=PLANE('',#14818);
#1370=PLANE('',#14819);
#1371=PLANE('',#14820);
#1372=PLANE('',#14821);
#1373=PLANE('',#14822);
#1374=PLANE('',#14823);
#1375=PLANE('',#14824);
#1376=PLANE('',#14825);
#1377=PLANE('',#14826);
#1378=PLANE('',#14827);
#1379=PLANE('',#14828);
#1380=PLANE('',#14829);
#1381=PLANE('',#14830);
#1382=PLANE('',#14831);
#1383=PLANE('',#14832);
#1384=PLANE('',#14833);
#1385=PLANE('',#14834);
#1386=PLANE('',#14835);
#1387=PLANE('',#14836);
#1388=PLANE('',#14837);
#1389=PLANE('',#14838);
#1390=PLANE('',#14839);
#1391=PLANE('',#14840);
#1392=PLANE('',#14841);
#1393=PLANE('',#14842);
#1394=PLANE('',#14843);
#1395=PLANE('',#14844);
#1396=PLANE('',#14845);
#1397=PLANE('',#14846);
#1398=PLANE('',#14847);
#1399=PLANE('',#14848);
#1400=PLANE('',#14849);
#1401=PLANE('',#14850);
#1402=PLANE('',#14851);
#1403=PLANE('',#14852);
#1404=PLANE('',#14853);
#1405=PLANE('',#14854);
#1406=PLANE('',#14855);
#1407=PLANE('',#14856);
#1408=PLANE('',#14857);
#1409=PLANE('',#14858);
#1410=PLANE('',#14859);
#1411=PLANE('',#14860);
#1412=PLANE('',#14861);
#1413=PLANE('',#14862);
#1414=PLANE('',#14863);
#1415=PLANE('',#14864);
#1416=PLANE('',#14865);
#1417=PLANE('',#14866);
#1418=PLANE('',#14867);
#1419=PLANE('',#14868);
#1420=PLANE('',#14869);
#1421=PLANE('',#14870);
#1422=PLANE('',#14871);
#1423=PLANE('',#14872);
#1424=PLANE('',#14873);
#1425=PLANE('',#14874);
#1426=PLANE('',#14875);
#1427=PLANE('',#14876);
#1428=PLANE('',#14877);
#1429=PLANE('',#14878);
#1430=PLANE('',#14879);
#1431=PLANE('',#14880);
#1432=PLANE('',#14881);
#1433=PLANE('',#14882);
#1434=PLANE('',#14883);
#1435=PLANE('',#14884);
#1436=PLANE('',#14885);
#1437=PLANE('',#14886);
#1438=PLANE('',#14887);
#1439=PLANE('',#14888);
#1440=PLANE('',#14889);
#1441=PLANE('',#14890);
#1442=PLANE('',#14891);
#1443=PLANE('',#14892);
#1444=PLANE('',#14893);
#1445=PLANE('',#14894);
#1446=PLANE('',#14895);
#1447=PLANE('',#14896);
#1448=PLANE('',#14897);
#1449=PLANE('',#14898);
#1450=PLANE('',#14899);
#1451=PLANE('',#14900);
#1452=PLANE('',#14901);
#1453=PLANE('',#14902);
#1454=PLANE('',#14903);
#1455=PLANE('',#14904);
#1456=PLANE('',#14905);
#1457=PLANE('',#14906);
#1458=PLANE('',#14907);
#1459=PLANE('',#14908);
#1460=PLANE('',#14909);
#1461=PLANE('',#14910);
#1462=PLANE('',#14911);
#1463=PLANE('',#14912);
#1464=PLANE('',#14913);
#1465=PLANE('',#14914);
#1466=PLANE('',#14915);
#1467=PLANE('',#14916);
#1468=PLANE('',#14917);
#1469=PLANE('',#14918);
#1470=PLANE('',#14919);
#1471=PLANE('',#14920);
#1472=PLANE('',#14921);
#1473=PLANE('',#14922);
#1474=PLANE('',#14923);
#1475=PLANE('',#14924);
#1476=PLANE('',#14925);
#1477=PLANE('',#14926);
#1478=PLANE('',#14927);
#1479=PLANE('',#14928);
#1480=PLANE('',#14929);
#1481=PLANE('',#14930);
#1482=PLANE('',#14931);
#1483=PLANE('',#14932);
#1484=PLANE('',#14933);
#1485=PLANE('',#14934);
#1486=PLANE('',#14935);
#1487=PLANE('',#14936);
#1488=PLANE('',#14937);
#1489=PLANE('',#14938);
#1490=PLANE('',#14939);
#1491=PLANE('',#14940);
#1492=PLANE('',#14941);
#1493=PLANE('',#14942);
#1494=PLANE('',#14943);
#1495=PLANE('',#14944);
#1496=PLANE('',#14945);
#1497=PLANE('',#14946);
#1498=PLANE('',#14947);
#1499=PLANE('',#14948);
#1500=PLANE('',#14949);
#1501=PLANE('',#14950);
#1502=PLANE('',#14951);
#1503=PLANE('',#14952);
#1504=PLANE('',#14953);
#1505=PLANE('',#14954);
#1506=PLANE('',#14955);
#1507=PLANE('',#14956);
#1508=PLANE('',#14957);
#1509=PLANE('',#14958);
#1510=PLANE('',#14959);
#1511=PLANE('',#14960);
#1512=PLANE('',#14961);
#1513=PLANE('',#14962);
#1514=PLANE('',#14963);
#1515=PLANE('',#14964);
#1516=PLANE('',#14965);
#1517=PLANE('',#14966);
#1518=PLANE('',#14967);
#1519=PLANE('',#14968);
#1520=PLANE('',#14969);
#1521=PLANE('',#14970);
#1522=PLANE('',#14971);
#1523=PLANE('',#14972);
#1524=PLANE('',#14973);
#1525=PLANE('',#14974);
#1526=PLANE('',#14975);
#1527=PLANE('',#14976);
#1528=PLANE('',#14977);
#1529=PLANE('',#14978);
#1530=PLANE('',#14979);
#1531=PLANE('',#14980);
#1532=PLANE('',#14981);
#1533=PLANE('',#14982);
#1534=PLANE('',#14983);
#1535=PLANE('',#14984);
#1536=PLANE('',#14985);
#1537=PLANE('',#14986);
#1538=PLANE('',#14987);
#1539=PLANE('',#14988);
#1540=PLANE('',#14989);
#1541=PLANE('',#14990);
#1542=PLANE('',#14991);
#1543=PLANE('',#14992);
#1544=PLANE('',#14993);
#1545=PLANE('',#14994);
#1546=PLANE('',#14995);
#1547=PLANE('',#14996);
#1548=PLANE('',#14997);
#1549=PLANE('',#15002);
#1550=PLANE('',#15003);
#1551=PLANE('',#15004);
#1552=PLANE('',#15005);
#1553=PLANE('',#15006);
#1554=PLANE('',#15007);
#1555=PLANE('',#15008);
#1556=PLANE('',#15009);
#1557=PLANE('',#15010);
#1558=PLANE('',#15011);
#1559=PLANE('',#15012);
#1560=PLANE('',#15013);
#1561=PLANE('',#15014);
#1562=PLANE('',#15015);
#1563=PLANE('',#15016);
#1564=PLANE('',#15017);
#1565=PLANE('',#15018);
#1566=PLANE('',#15019);
#1567=PLANE('',#15020);
#1568=PLANE('',#15021);
#1569=PLANE('',#15022);
#1570=PLANE('',#15023);
#1571=PLANE('',#15024);
#1572=PLANE('',#15025);
#1573=PLANE('',#15026);
#1574=PLANE('',#15027);
#1575=PLANE('',#15028);
#1576=PLANE('',#15029);
#1577=PLANE('',#15030);
#1578=PLANE('',#15031);
#1579=PLANE('',#15032);
#1580=PLANE('',#15033);
#1581=PLANE('',#15034);
#1582=PLANE('',#15035);
#1583=PLANE('',#15036);
#1584=PLANE('',#15037);
#1585=PLANE('',#15038);
#1586=PLANE('',#15039);
#1587=PLANE('',#15040);
#1588=PLANE('',#15041);
#1589=PLANE('',#15042);
#1590=PLANE('',#15044);
#1591=PLANE('',#15045);
#1592=PLANE('',#15046);
#1593=PLANE('',#15047);
#1594=PLANE('',#15050);
#1595=PLANE('',#15052);
#1596=PLANE('',#15053);
#1597=PLANE('',#15054);
#1598=PLANE('',#15055);
#1599=PLANE('',#15056);
#1600=PLANE('',#15057);
#1601=PLANE('',#15058);
#1602=PLANE('',#15059);
#1603=PLANE('',#15060);
#1604=PLANE('',#15061);
#1605=PLANE('',#15062);
#1606=PLANE('',#15063);
#1607=PLANE('',#15064);
#1608=PLANE('',#15065);
#1609=PLANE('',#15066);
#1610=PLANE('',#15067);
#1611=PLANE('',#15068);
#1612=PLANE('',#15069);
#1613=PLANE('',#15070);
#1614=PLANE('',#15071);
#1615=PLANE('',#15072);
#1616=PLANE('',#15073);
#1617=PLANE('',#15074);
#1618=PLANE('',#15075);
#1619=PLANE('',#15076);
#1620=PLANE('',#15077);
#1621=PLANE('',#15080);
#1622=PLANE('',#15083);
#1623=PLANE('',#15084);
#1624=PLANE('',#15085);
#1625=PLANE('',#15086);
#1626=PLANE('',#15087);
#1627=PLANE('',#15088);
#1628=PLANE('',#15089);
#1629=PLANE('',#15090);
#1630=PLANE('',#15091);
#1631=PLANE('',#15092);
#1632=PLANE('',#15093);
#1633=PLANE('',#15095);
#1634=PLANE('',#15096);
#1635=PLANE('',#15098);
#1636=PLANE('',#15099);
#1637=PLANE('',#15100);
#1638=PLANE('',#15101);
#1639=PLANE('',#15102);
#1640=PLANE('',#15103);
#1641=PLANE('',#15104);
#1642=PLANE('',#15107);
#1643=PLANE('',#15110);
#1644=PLANE('',#15111);
#1645=PLANE('',#15112);
#1646=PLANE('',#15113);
#1647=PLANE('',#15114);
#1648=PLANE('',#15115);
#1649=PLANE('',#15116);
#1650=PLANE('',#15117);
#1651=PLANE('',#15118);
#1652=PLANE('',#15119);
#1653=PLANE('',#15120);
#1654=PLANE('',#15123);
#1655=PLANE('',#15124);
#1656=FACE_OUTER_BOUND('',#2348,.T.);
#1657=FACE_OUTER_BOUND('',#2349,.T.);
#1658=FACE_OUTER_BOUND('',#2350,.T.);
#1659=FACE_OUTER_BOUND('',#2351,.T.);
#1660=FACE_OUTER_BOUND('',#2352,.T.);
#1661=FACE_OUTER_BOUND('',#2353,.T.);
#1662=FACE_OUTER_BOUND('',#2354,.T.);
#1663=FACE_OUTER_BOUND('',#2357,.T.);
#1664=FACE_OUTER_BOUND('',#2358,.T.);
#1665=FACE_OUTER_BOUND('',#2359,.T.);
#1666=FACE_OUTER_BOUND('',#2360,.T.);
#1667=FACE_OUTER_BOUND('',#2361,.T.);
#1668=FACE_OUTER_BOUND('',#2362,.T.);
#1669=FACE_OUTER_BOUND('',#2363,.T.);
#1670=FACE_OUTER_BOUND('',#2366,.T.);
#1671=FACE_OUTER_BOUND('',#2367,.T.);
#1672=FACE_OUTER_BOUND('',#2368,.T.);
#1673=FACE_OUTER_BOUND('',#2369,.T.);
#1674=FACE_OUTER_BOUND('',#2370,.T.);
#1675=FACE_OUTER_BOUND('',#2371,.T.);
#1676=FACE_OUTER_BOUND('',#2372,.T.);
#1677=FACE_OUTER_BOUND('',#2373,.T.);
#1678=FACE_OUTER_BOUND('',#2374,.T.);
#1679=FACE_OUTER_BOUND('',#2375,.T.);
#1680=FACE_OUTER_BOUND('',#2376,.T.);
#1681=FACE_OUTER_BOUND('',#2377,.T.);
#1682=FACE_OUTER_BOUND('',#2378,.T.);
#1683=FACE_OUTER_BOUND('',#2379,.T.);
#1684=FACE_OUTER_BOUND('',#2380,.T.);
#1685=FACE_OUTER_BOUND('',#2381,.T.);
#1686=FACE_OUTER_BOUND('',#2382,.T.);
#1687=FACE_OUTER_BOUND('',#2383,.T.);
#1688=FACE_OUTER_BOUND('',#2384,.T.);
#1689=FACE_OUTER_BOUND('',#2385,.T.);
#1690=FACE_OUTER_BOUND('',#2386,.T.);
#1691=FACE_OUTER_BOUND('',#2387,.T.);
#1692=FACE_OUTER_BOUND('',#2388,.T.);
#1693=FACE_OUTER_BOUND('',#2389,.T.);
#1694=FACE_OUTER_BOUND('',#2390,.T.);
#1695=FACE_OUTER_BOUND('',#2391,.T.);
#1696=FACE_OUTER_BOUND('',#2392,.T.);
#1697=FACE_OUTER_BOUND('',#2393,.T.);
#1698=FACE_OUTER_BOUND('',#2394,.T.);
#1699=FACE_OUTER_BOUND('',#2395,.T.);
#1700=FACE_OUTER_BOUND('',#2396,.T.);
#1701=FACE_OUTER_BOUND('',#2397,.T.);
#1702=FACE_OUTER_BOUND('',#2398,.T.);
#1703=FACE_OUTER_BOUND('',#2399,.T.);
#1704=FACE_OUTER_BOUND('',#2400,.T.);
#1705=FACE_OUTER_BOUND('',#2401,.T.);
#1706=FACE_OUTER_BOUND('',#2402,.T.);
#1707=FACE_OUTER_BOUND('',#2403,.T.);
#1708=FACE_OUTER_BOUND('',#2404,.T.);
#1709=FACE_OUTER_BOUND('',#2405,.T.);
#1710=FACE_OUTER_BOUND('',#2406,.T.);
#1711=FACE_OUTER_BOUND('',#2407,.T.);
#1712=FACE_OUTER_BOUND('',#2408,.T.);
#1713=FACE_OUTER_BOUND('',#2409,.T.);
#1714=FACE_OUTER_BOUND('',#2410,.T.);
#1715=FACE_OUTER_BOUND('',#2411,.T.);
#1716=FACE_OUTER_BOUND('',#2416,.T.);
#1717=FACE_OUTER_BOUND('',#2417,.T.);
#1718=FACE_OUTER_BOUND('',#2418,.T.);
#1719=FACE_OUTER_BOUND('',#2419,.T.);
#1720=FACE_OUTER_BOUND('',#2448,.T.);
#1721=FACE_OUTER_BOUND('',#2449,.T.);
#1722=FACE_OUTER_BOUND('',#2450,.T.);
#1723=FACE_OUTER_BOUND('',#2451,.T.);
#1724=FACE_OUTER_BOUND('',#2452,.T.);
#1725=FACE_OUTER_BOUND('',#2453,.T.);
#1726=FACE_OUTER_BOUND('',#2454,.T.);
#1727=FACE_OUTER_BOUND('',#2455,.T.);
#1728=FACE_OUTER_BOUND('',#2456,.T.);
#1729=FACE_OUTER_BOUND('',#2457,.T.);
#1730=FACE_OUTER_BOUND('',#2458,.T.);
#1731=FACE_OUTER_BOUND('',#2459,.T.);
#1732=FACE_OUTER_BOUND('',#2460,.T.);
#1733=FACE_OUTER_BOUND('',#2461,.T.);
#1734=FACE_OUTER_BOUND('',#2462,.T.);
#1735=FACE_OUTER_BOUND('',#2463,.T.);
#1736=FACE_OUTER_BOUND('',#2464,.T.);
#1737=FACE_OUTER_BOUND('',#2465,.T.);
#1738=FACE_OUTER_BOUND('',#2466,.T.);
#1739=FACE_OUTER_BOUND('',#2467,.T.);
#1740=FACE_OUTER_BOUND('',#2468,.T.);
#1741=FACE_OUTER_BOUND('',#2469,.T.);
#1742=FACE_OUTER_BOUND('',#2470,.T.);
#1743=FACE_OUTER_BOUND('',#2471,.T.);
#1744=FACE_OUTER_BOUND('',#2472,.T.);
#1745=FACE_OUTER_BOUND('',#2473,.T.);
#1746=FACE_OUTER_BOUND('',#2474,.T.);
#1747=FACE_OUTER_BOUND('',#2475,.T.);
#1748=FACE_OUTER_BOUND('',#2476,.T.);
#1749=FACE_OUTER_BOUND('',#2477,.T.);
#1750=FACE_OUTER_BOUND('',#2478,.T.);
#1751=FACE_OUTER_BOUND('',#2479,.T.);
#1752=FACE_OUTER_BOUND('',#2480,.T.);
#1753=FACE_OUTER_BOUND('',#2481,.T.);
#1754=FACE_OUTER_BOUND('',#2482,.T.);
#1755=FACE_OUTER_BOUND('',#2483,.T.);
#1756=FACE_OUTER_BOUND('',#2484,.T.);
#1757=FACE_OUTER_BOUND('',#2485,.T.);
#1758=FACE_OUTER_BOUND('',#2486,.T.);
#1759=FACE_OUTER_BOUND('',#2487,.T.);
#1760=FACE_OUTER_BOUND('',#2488,.T.);
#1761=FACE_OUTER_BOUND('',#2489,.T.);
#1762=FACE_OUTER_BOUND('',#2490,.T.);
#1763=FACE_OUTER_BOUND('',#2491,.T.);
#1764=FACE_OUTER_BOUND('',#2492,.T.);
#1765=FACE_OUTER_BOUND('',#2493,.T.);
#1766=FACE_OUTER_BOUND('',#2494,.T.);
#1767=FACE_OUTER_BOUND('',#2495,.T.);
#1768=FACE_OUTER_BOUND('',#2496,.T.);
#1769=FACE_OUTER_BOUND('',#2497,.T.);
#1770=FACE_OUTER_BOUND('',#2498,.T.);
#1771=FACE_OUTER_BOUND('',#2499,.T.);
#1772=FACE_OUTER_BOUND('',#2500,.T.);
#1773=FACE_OUTER_BOUND('',#2501,.T.);
#1774=FACE_OUTER_BOUND('',#2502,.T.);
#1775=FACE_OUTER_BOUND('',#2503,.T.);
#1776=FACE_OUTER_BOUND('',#2504,.T.);
#1777=FACE_OUTER_BOUND('',#2505,.T.);
#1778=FACE_OUTER_BOUND('',#2506,.T.);
#1779=FACE_OUTER_BOUND('',#2507,.T.);
#1780=FACE_OUTER_BOUND('',#2508,.T.);
#1781=FACE_OUTER_BOUND('',#2509,.T.);
#1782=FACE_OUTER_BOUND('',#2510,.T.);
#1783=FACE_OUTER_BOUND('',#2511,.T.);
#1784=FACE_OUTER_BOUND('',#2512,.T.);
#1785=FACE_OUTER_BOUND('',#2513,.T.);
#1786=FACE_OUTER_BOUND('',#2514,.T.);
#1787=FACE_OUTER_BOUND('',#2515,.T.);
#1788=FACE_OUTER_BOUND('',#2516,.T.);
#1789=FACE_OUTER_BOUND('',#2517,.T.);
#1790=FACE_OUTER_BOUND('',#2518,.T.);
#1791=FACE_OUTER_BOUND('',#2519,.T.);
#1792=FACE_OUTER_BOUND('',#2520,.T.);
#1793=FACE_OUTER_BOUND('',#2521,.T.);
#1794=FACE_OUTER_BOUND('',#2522,.T.);
#1795=FACE_OUTER_BOUND('',#2523,.T.);
#1796=FACE_OUTER_BOUND('',#2524,.T.);
#1797=FACE_OUTER_BOUND('',#2525,.T.);
#1798=FACE_OUTER_BOUND('',#2526,.T.);
#1799=FACE_OUTER_BOUND('',#2527,.T.);
#1800=FACE_OUTER_BOUND('',#2528,.T.);
#1801=FACE_OUTER_BOUND('',#2529,.T.);
#1802=FACE_OUTER_BOUND('',#2530,.T.);
#1803=FACE_OUTER_BOUND('',#2531,.T.);
#1804=FACE_OUTER_BOUND('',#2532,.T.);
#1805=FACE_OUTER_BOUND('',#2533,.T.);
#1806=FACE_OUTER_BOUND('',#2534,.T.);
#1807=FACE_OUTER_BOUND('',#2535,.T.);
#1808=FACE_OUTER_BOUND('',#2536,.T.);
#1809=FACE_OUTER_BOUND('',#2537,.T.);
#1810=FACE_OUTER_BOUND('',#2538,.T.);
#1811=FACE_OUTER_BOUND('',#2539,.T.);
#1812=FACE_OUTER_BOUND('',#2540,.T.);
#1813=FACE_OUTER_BOUND('',#2541,.T.);
#1814=FACE_OUTER_BOUND('',#2542,.T.);
#1815=FACE_OUTER_BOUND('',#2543,.T.);
#1816=FACE_OUTER_BOUND('',#2544,.T.);
#1817=FACE_OUTER_BOUND('',#2545,.T.);
#1818=FACE_OUTER_BOUND('',#2546,.T.);
#1819=FACE_OUTER_BOUND('',#2547,.T.);
#1820=FACE_OUTER_BOUND('',#2548,.T.);
#1821=FACE_OUTER_BOUND('',#2549,.T.);
#1822=FACE_OUTER_BOUND('',#2550,.T.);
#1823=FACE_OUTER_BOUND('',#2551,.T.);
#1824=FACE_OUTER_BOUND('',#2552,.T.);
#1825=FACE_OUTER_BOUND('',#2553,.T.);
#1826=FACE_OUTER_BOUND('',#2554,.T.);
#1827=FACE_OUTER_BOUND('',#2555,.T.);
#1828=FACE_OUTER_BOUND('',#2556,.T.);
#1829=FACE_OUTER_BOUND('',#2557,.T.);
#1830=FACE_OUTER_BOUND('',#2558,.T.);
#1831=FACE_OUTER_BOUND('',#2559,.T.);
#1832=FACE_OUTER_BOUND('',#2560,.T.);
#1833=FACE_OUTER_BOUND('',#2561,.T.);
#1834=FACE_OUTER_BOUND('',#2562,.T.);
#1835=FACE_OUTER_BOUND('',#2563,.T.);
#1836=FACE_OUTER_BOUND('',#2564,.T.);
#1837=FACE_OUTER_BOUND('',#2565,.T.);
#1838=FACE_OUTER_BOUND('',#2566,.T.);
#1839=FACE_OUTER_BOUND('',#2567,.T.);
#1840=FACE_OUTER_BOUND('',#2568,.T.);
#1841=FACE_OUTER_BOUND('',#2569,.T.);
#1842=FACE_OUTER_BOUND('',#2570,.T.);
#1843=FACE_OUTER_BOUND('',#2571,.T.);
#1844=FACE_OUTER_BOUND('',#2572,.T.);
#1845=FACE_OUTER_BOUND('',#2573,.T.);
#1846=FACE_OUTER_BOUND('',#2574,.T.);
#1847=FACE_OUTER_BOUND('',#2575,.T.);
#1848=FACE_OUTER_BOUND('',#2576,.T.);
#1849=FACE_OUTER_BOUND('',#2577,.T.);
#1850=FACE_OUTER_BOUND('',#2578,.T.);
#1851=FACE_OUTER_BOUND('',#2579,.T.);
#1852=FACE_OUTER_BOUND('',#2580,.T.);
#1853=FACE_OUTER_BOUND('',#2581,.T.);
#1854=FACE_OUTER_BOUND('',#2582,.T.);
#1855=FACE_OUTER_BOUND('',#2583,.T.);
#1856=FACE_OUTER_BOUND('',#2584,.T.);
#1857=FACE_OUTER_BOUND('',#2585,.T.);
#1858=FACE_OUTER_BOUND('',#2586,.T.);
#1859=FACE_OUTER_BOUND('',#2587,.T.);
#1860=FACE_OUTER_BOUND('',#2588,.T.);
#1861=FACE_OUTER_BOUND('',#2589,.T.);
#1862=FACE_OUTER_BOUND('',#2590,.T.);
#1863=FACE_OUTER_BOUND('',#2591,.T.);
#1864=FACE_OUTER_BOUND('',#2592,.T.);
#1865=FACE_OUTER_BOUND('',#2593,.T.);
#1866=FACE_OUTER_BOUND('',#2594,.T.);
#1867=FACE_OUTER_BOUND('',#2595,.T.);
#1868=FACE_OUTER_BOUND('',#2596,.T.);
#1869=FACE_OUTER_BOUND('',#2597,.T.);
#1870=FACE_OUTER_BOUND('',#2598,.T.);
#1871=FACE_OUTER_BOUND('',#2599,.T.);
#1872=FACE_OUTER_BOUND('',#2600,.T.);
#1873=FACE_OUTER_BOUND('',#2601,.T.);
#1874=FACE_OUTER_BOUND('',#2602,.T.);
#1875=FACE_OUTER_BOUND('',#2603,.T.);
#1876=FACE_OUTER_BOUND('',#2604,.T.);
#1877=FACE_OUTER_BOUND('',#2605,.T.);
#1878=FACE_OUTER_BOUND('',#2606,.T.);
#1879=FACE_OUTER_BOUND('',#2607,.T.);
#1880=FACE_OUTER_BOUND('',#2608,.T.);
#1881=FACE_OUTER_BOUND('',#2609,.T.);
#1882=FACE_OUTER_BOUND('',#2610,.T.);
#1883=FACE_OUTER_BOUND('',#2611,.T.);
#1884=FACE_OUTER_BOUND('',#2612,.T.);
#1885=FACE_OUTER_BOUND('',#2613,.T.);
#1886=FACE_OUTER_BOUND('',#2614,.T.);
#1887=FACE_OUTER_BOUND('',#2615,.T.);
#1888=FACE_OUTER_BOUND('',#2616,.T.);
#1889=FACE_OUTER_BOUND('',#2617,.T.);
#1890=FACE_OUTER_BOUND('',#2618,.T.);
#1891=FACE_OUTER_BOUND('',#2619,.T.);
#1892=FACE_OUTER_BOUND('',#2620,.T.);
#1893=FACE_OUTER_BOUND('',#2621,.T.);
#1894=FACE_OUTER_BOUND('',#2622,.T.);
#1895=FACE_OUTER_BOUND('',#2623,.T.);
#1896=FACE_OUTER_BOUND('',#2624,.T.);
#1897=FACE_OUTER_BOUND('',#2625,.T.);
#1898=FACE_OUTER_BOUND('',#2626,.T.);
#1899=FACE_OUTER_BOUND('',#2627,.T.);
#1900=FACE_OUTER_BOUND('',#2628,.T.);
#1901=FACE_OUTER_BOUND('',#2629,.T.);
#1902=FACE_OUTER_BOUND('',#2630,.T.);
#1903=FACE_OUTER_BOUND('',#2631,.T.);
#1904=FACE_OUTER_BOUND('',#2632,.T.);
#1905=FACE_OUTER_BOUND('',#2633,.T.);
#1906=FACE_OUTER_BOUND('',#2634,.T.);
#1907=FACE_OUTER_BOUND('',#2635,.T.);
#1908=FACE_OUTER_BOUND('',#2636,.T.);
#1909=FACE_OUTER_BOUND('',#2637,.T.);
#1910=FACE_OUTER_BOUND('',#2638,.T.);
#1911=FACE_OUTER_BOUND('',#2639,.T.);
#1912=FACE_OUTER_BOUND('',#2640,.T.);
#1913=FACE_OUTER_BOUND('',#2641,.T.);
#1914=FACE_OUTER_BOUND('',#2642,.T.);
#1915=FACE_OUTER_BOUND('',#2643,.T.);
#1916=FACE_OUTER_BOUND('',#2644,.T.);
#1917=FACE_OUTER_BOUND('',#2645,.T.);
#1918=FACE_OUTER_BOUND('',#2646,.T.);
#1919=FACE_OUTER_BOUND('',#2647,.T.);
#1920=FACE_OUTER_BOUND('',#2648,.T.);
#1921=FACE_OUTER_BOUND('',#2649,.T.);
#1922=FACE_OUTER_BOUND('',#2650,.T.);
#1923=FACE_OUTER_BOUND('',#2651,.T.);
#1924=FACE_OUTER_BOUND('',#2652,.T.);
#1925=FACE_OUTER_BOUND('',#2653,.T.);
#1926=FACE_OUTER_BOUND('',#2654,.T.);
#1927=FACE_OUTER_BOUND('',#2655,.T.);
#1928=FACE_OUTER_BOUND('',#2656,.T.);
#1929=FACE_OUTER_BOUND('',#2657,.T.);
#1930=FACE_OUTER_BOUND('',#2658,.T.);
#1931=FACE_OUTER_BOUND('',#2659,.T.);
#1932=FACE_OUTER_BOUND('',#2660,.T.);
#1933=FACE_OUTER_BOUND('',#2661,.T.);
#1934=FACE_OUTER_BOUND('',#2662,.T.);
#1935=FACE_OUTER_BOUND('',#2663,.T.);
#1936=FACE_OUTER_BOUND('',#2664,.T.);
#1937=FACE_OUTER_BOUND('',#2665,.T.);
#1938=FACE_OUTER_BOUND('',#2666,.T.);
#1939=FACE_OUTER_BOUND('',#2667,.T.);
#1940=FACE_OUTER_BOUND('',#2668,.T.);
#1941=FACE_OUTER_BOUND('',#2669,.T.);
#1942=FACE_OUTER_BOUND('',#2670,.T.);
#1943=FACE_OUTER_BOUND('',#2671,.T.);
#1944=FACE_OUTER_BOUND('',#2672,.T.);
#1945=FACE_OUTER_BOUND('',#2673,.T.);
#1946=FACE_OUTER_BOUND('',#2674,.T.);
#1947=FACE_OUTER_BOUND('',#2675,.T.);
#1948=FACE_OUTER_BOUND('',#2676,.T.);
#1949=FACE_OUTER_BOUND('',#2677,.T.);
#1950=FACE_OUTER_BOUND('',#2678,.T.);
#1951=FACE_OUTER_BOUND('',#2679,.T.);
#1952=FACE_OUTER_BOUND('',#2680,.T.);
#1953=FACE_OUTER_BOUND('',#2681,.T.);
#1954=FACE_OUTER_BOUND('',#2682,.T.);
#1955=FACE_OUTER_BOUND('',#2683,.T.);
#1956=FACE_OUTER_BOUND('',#2684,.T.);
#1957=FACE_OUTER_BOUND('',#2685,.T.);
#1958=FACE_OUTER_BOUND('',#2686,.T.);
#1959=FACE_OUTER_BOUND('',#2687,.T.);
#1960=FACE_OUTER_BOUND('',#2688,.T.);
#1961=FACE_OUTER_BOUND('',#2689,.T.);
#1962=FACE_OUTER_BOUND('',#2690,.T.);
#1963=FACE_OUTER_BOUND('',#2691,.T.);
#1964=FACE_OUTER_BOUND('',#2692,.T.);
#1965=FACE_OUTER_BOUND('',#2693,.T.);
#1966=FACE_OUTER_BOUND('',#2694,.T.);
#1967=FACE_OUTER_BOUND('',#2695,.T.);
#1968=FACE_OUTER_BOUND('',#2696,.T.);
#1969=FACE_OUTER_BOUND('',#2697,.T.);
#1970=FACE_OUTER_BOUND('',#2698,.T.);
#1971=FACE_OUTER_BOUND('',#2699,.T.);
#1972=FACE_OUTER_BOUND('',#2700,.T.);
#1973=FACE_OUTER_BOUND('',#2701,.T.);
#1974=FACE_OUTER_BOUND('',#2702,.T.);
#1975=FACE_OUTER_BOUND('',#2703,.T.);
#1976=FACE_OUTER_BOUND('',#2704,.T.);
#1977=FACE_OUTER_BOUND('',#2705,.T.);
#1978=FACE_OUTER_BOUND('',#2706,.T.);
#1979=FACE_OUTER_BOUND('',#2707,.T.);
#1980=FACE_OUTER_BOUND('',#2708,.T.);
#1981=FACE_OUTER_BOUND('',#2709,.T.);
#1982=FACE_OUTER_BOUND('',#2710,.T.);
#1983=FACE_OUTER_BOUND('',#2711,.T.);
#1984=FACE_OUTER_BOUND('',#2712,.T.);
#1985=FACE_OUTER_BOUND('',#2713,.T.);
#1986=FACE_OUTER_BOUND('',#2714,.T.);
#1987=FACE_OUTER_BOUND('',#2715,.T.);
#1988=FACE_OUTER_BOUND('',#2716,.T.);
#1989=FACE_OUTER_BOUND('',#2717,.T.);
#1990=FACE_OUTER_BOUND('',#2718,.T.);
#1991=FACE_OUTER_BOUND('',#2719,.T.);
#1992=FACE_OUTER_BOUND('',#2720,.T.);
#1993=FACE_OUTER_BOUND('',#2721,.T.);
#1994=FACE_OUTER_BOUND('',#2722,.T.);
#1995=FACE_OUTER_BOUND('',#2723,.T.);
#1996=FACE_OUTER_BOUND('',#2724,.T.);
#1997=FACE_OUTER_BOUND('',#2725,.T.);
#1998=FACE_OUTER_BOUND('',#2726,.T.);
#1999=FACE_OUTER_BOUND('',#2727,.T.);
#2000=FACE_OUTER_BOUND('',#2728,.T.);
#2001=FACE_OUTER_BOUND('',#2729,.T.);
#2002=FACE_OUTER_BOUND('',#2730,.T.);
#2003=FACE_OUTER_BOUND('',#2731,.T.);
#2004=FACE_OUTER_BOUND('',#2732,.T.);
#2005=FACE_OUTER_BOUND('',#2733,.T.);
#2006=FACE_OUTER_BOUND('',#2734,.T.);
#2007=FACE_OUTER_BOUND('',#2735,.T.);
#2008=FACE_OUTER_BOUND('',#2736,.T.);
#2009=FACE_OUTER_BOUND('',#2737,.T.);
#2010=FACE_OUTER_BOUND('',#2738,.T.);
#2011=FACE_OUTER_BOUND('',#2739,.T.);
#2012=FACE_OUTER_BOUND('',#2740,.T.);
#2013=FACE_OUTER_BOUND('',#2741,.T.);
#2014=FACE_OUTER_BOUND('',#2742,.T.);
#2015=FACE_OUTER_BOUND('',#2743,.T.);
#2016=FACE_OUTER_BOUND('',#2744,.T.);
#2017=FACE_OUTER_BOUND('',#2745,.T.);
#2018=FACE_OUTER_BOUND('',#2746,.T.);
#2019=FACE_OUTER_BOUND('',#2747,.T.);
#2020=FACE_OUTER_BOUND('',#2748,.T.);
#2021=FACE_OUTER_BOUND('',#2749,.T.);
#2022=FACE_OUTER_BOUND('',#2750,.T.);
#2023=FACE_OUTER_BOUND('',#2751,.T.);
#2024=FACE_OUTER_BOUND('',#2752,.T.);
#2025=FACE_OUTER_BOUND('',#2753,.T.);
#2026=FACE_OUTER_BOUND('',#2754,.T.);
#2027=FACE_OUTER_BOUND('',#2755,.T.);
#2028=FACE_OUTER_BOUND('',#2756,.T.);
#2029=FACE_OUTER_BOUND('',#2757,.T.);
#2030=FACE_OUTER_BOUND('',#2758,.T.);
#2031=FACE_OUTER_BOUND('',#2759,.T.);
#2032=FACE_OUTER_BOUND('',#2760,.T.);
#2033=FACE_OUTER_BOUND('',#2761,.T.);
#2034=FACE_OUTER_BOUND('',#2762,.T.);
#2035=FACE_OUTER_BOUND('',#2763,.T.);
#2036=FACE_OUTER_BOUND('',#2764,.T.);
#2037=FACE_OUTER_BOUND('',#2765,.T.);
#2038=FACE_OUTER_BOUND('',#2766,.T.);
#2039=FACE_OUTER_BOUND('',#2767,.T.);
#2040=FACE_OUTER_BOUND('',#2768,.T.);
#2041=FACE_OUTER_BOUND('',#2769,.T.);
#2042=FACE_OUTER_BOUND('',#2770,.T.);
#2043=FACE_OUTER_BOUND('',#2771,.T.);
#2044=FACE_OUTER_BOUND('',#2772,.T.);
#2045=FACE_OUTER_BOUND('',#2773,.T.);
#2046=FACE_OUTER_BOUND('',#2774,.T.);
#2047=FACE_OUTER_BOUND('',#2775,.T.);
#2048=FACE_OUTER_BOUND('',#2776,.T.);
#2049=FACE_OUTER_BOUND('',#2777,.T.);
#2050=FACE_OUTER_BOUND('',#2778,.T.);
#2051=FACE_OUTER_BOUND('',#2779,.T.);
#2052=FACE_OUTER_BOUND('',#2780,.T.);
#2053=FACE_OUTER_BOUND('',#2781,.T.);
#2054=FACE_OUTER_BOUND('',#2782,.T.);
#2055=FACE_OUTER_BOUND('',#2783,.T.);
#2056=FACE_OUTER_BOUND('',#2784,.T.);
#2057=FACE_OUTER_BOUND('',#2785,.T.);
#2058=FACE_OUTER_BOUND('',#2786,.T.);
#2059=FACE_OUTER_BOUND('',#2787,.T.);
#2060=FACE_OUTER_BOUND('',#2788,.T.);
#2061=FACE_OUTER_BOUND('',#2789,.T.);
#2062=FACE_OUTER_BOUND('',#2790,.T.);
#2063=FACE_OUTER_BOUND('',#2791,.T.);
#2064=FACE_OUTER_BOUND('',#2792,.T.);
#2065=FACE_OUTER_BOUND('',#2793,.T.);
#2066=FACE_OUTER_BOUND('',#2794,.T.);
#2067=FACE_OUTER_BOUND('',#2795,.T.);
#2068=FACE_OUTER_BOUND('',#2796,.T.);
#2069=FACE_OUTER_BOUND('',#2797,.T.);
#2070=FACE_OUTER_BOUND('',#2798,.T.);
#2071=FACE_OUTER_BOUND('',#2799,.T.);
#2072=FACE_OUTER_BOUND('',#2800,.T.);
#2073=FACE_OUTER_BOUND('',#2801,.T.);
#2074=FACE_OUTER_BOUND('',#2802,.T.);
#2075=FACE_OUTER_BOUND('',#2803,.T.);
#2076=FACE_OUTER_BOUND('',#2804,.T.);
#2077=FACE_OUTER_BOUND('',#2805,.T.);
#2078=FACE_OUTER_BOUND('',#2806,.T.);
#2079=FACE_OUTER_BOUND('',#2807,.T.);
#2080=FACE_OUTER_BOUND('',#2808,.T.);
#2081=FACE_OUTER_BOUND('',#2809,.T.);
#2082=FACE_OUTER_BOUND('',#2810,.T.);
#2083=FACE_OUTER_BOUND('',#2811,.T.);
#2084=FACE_OUTER_BOUND('',#2812,.T.);
#2085=FACE_OUTER_BOUND('',#2813,.T.);
#2086=FACE_OUTER_BOUND('',#2814,.T.);
#2087=FACE_OUTER_BOUND('',#2815,.T.);
#2088=FACE_OUTER_BOUND('',#2816,.T.);
#2089=FACE_OUTER_BOUND('',#2817,.T.);
#2090=FACE_OUTER_BOUND('',#2818,.T.);
#2091=FACE_OUTER_BOUND('',#2819,.T.);
#2092=FACE_OUTER_BOUND('',#2820,.T.);
#2093=FACE_OUTER_BOUND('',#2821,.T.);
#2094=FACE_OUTER_BOUND('',#2822,.T.);
#2095=FACE_OUTER_BOUND('',#2823,.T.);
#2096=FACE_OUTER_BOUND('',#2824,.T.);
#2097=FACE_OUTER_BOUND('',#2825,.T.);
#2098=FACE_OUTER_BOUND('',#2826,.T.);
#2099=FACE_OUTER_BOUND('',#2827,.T.);
#2100=FACE_OUTER_BOUND('',#2828,.T.);
#2101=FACE_OUTER_BOUND('',#2829,.T.);
#2102=FACE_OUTER_BOUND('',#2830,.T.);
#2103=FACE_OUTER_BOUND('',#2831,.T.);
#2104=FACE_OUTER_BOUND('',#2832,.T.);
#2105=FACE_OUTER_BOUND('',#2833,.T.);
#2106=FACE_OUTER_BOUND('',#2834,.T.);
#2107=FACE_OUTER_BOUND('',#2835,.T.);
#2108=FACE_OUTER_BOUND('',#2836,.T.);
#2109=FACE_OUTER_BOUND('',#2837,.T.);
#2110=FACE_OUTER_BOUND('',#2838,.T.);
#2111=FACE_OUTER_BOUND('',#2839,.T.);
#2112=FACE_OUTER_BOUND('',#2840,.T.);
#2113=FACE_OUTER_BOUND('',#2841,.T.);
#2114=FACE_OUTER_BOUND('',#2842,.T.);
#2115=FACE_OUTER_BOUND('',#2843,.T.);
#2116=FACE_OUTER_BOUND('',#2844,.T.);
#2117=FACE_OUTER_BOUND('',#2845,.T.);
#2118=FACE_OUTER_BOUND('',#2846,.T.);
#2119=FACE_OUTER_BOUND('',#2847,.T.);
#2120=FACE_OUTER_BOUND('',#2848,.T.);
#2121=FACE_OUTER_BOUND('',#2849,.T.);
#2122=FACE_OUTER_BOUND('',#2850,.T.);
#2123=FACE_OUTER_BOUND('',#2851,.T.);
#2124=FACE_OUTER_BOUND('',#2852,.T.);
#2125=FACE_OUTER_BOUND('',#2853,.T.);
#2126=FACE_OUTER_BOUND('',#2854,.T.);
#2127=FACE_OUTER_BOUND('',#2855,.T.);
#2128=FACE_OUTER_BOUND('',#2856,.T.);
#2129=FACE_OUTER_BOUND('',#2857,.T.);
#2130=FACE_OUTER_BOUND('',#2858,.T.);
#2131=FACE_OUTER_BOUND('',#2859,.T.);
#2132=FACE_OUTER_BOUND('',#2860,.T.);
#2133=FACE_OUTER_BOUND('',#2861,.T.);
#2134=FACE_OUTER_BOUND('',#2862,.T.);
#2135=FACE_OUTER_BOUND('',#2863,.T.);
#2136=FACE_OUTER_BOUND('',#2864,.T.);
#2137=FACE_OUTER_BOUND('',#2865,.T.);
#2138=FACE_OUTER_BOUND('',#2866,.T.);
#2139=FACE_OUTER_BOUND('',#2867,.T.);
#2140=FACE_OUTER_BOUND('',#2868,.T.);
#2141=FACE_OUTER_BOUND('',#2869,.T.);
#2142=FACE_OUTER_BOUND('',#2870,.T.);
#2143=FACE_OUTER_BOUND('',#2871,.T.);
#2144=FACE_OUTER_BOUND('',#2872,.T.);
#2145=FACE_OUTER_BOUND('',#2873,.T.);
#2146=FACE_OUTER_BOUND('',#2874,.T.);
#2147=FACE_OUTER_BOUND('',#2875,.T.);
#2148=FACE_OUTER_BOUND('',#2876,.T.);
#2149=FACE_OUTER_BOUND('',#2877,.T.);
#2150=FACE_OUTER_BOUND('',#2878,.T.);
#2151=FACE_OUTER_BOUND('',#2879,.T.);
#2152=FACE_OUTER_BOUND('',#2880,.T.);
#2153=FACE_OUTER_BOUND('',#2881,.T.);
#2154=FACE_OUTER_BOUND('',#2882,.T.);
#2155=FACE_OUTER_BOUND('',#2883,.T.);
#2156=FACE_OUTER_BOUND('',#2884,.T.);
#2157=FACE_OUTER_BOUND('',#2885,.T.);
#2158=FACE_OUTER_BOUND('',#2886,.T.);
#2159=FACE_OUTER_BOUND('',#2887,.T.);
#2160=FACE_OUTER_BOUND('',#2888,.T.);
#2161=FACE_OUTER_BOUND('',#2889,.T.);
#2162=FACE_OUTER_BOUND('',#2890,.T.);
#2163=FACE_OUTER_BOUND('',#2891,.T.);
#2164=FACE_OUTER_BOUND('',#2892,.T.);
#2165=FACE_OUTER_BOUND('',#2893,.T.);
#2166=FACE_OUTER_BOUND('',#2894,.T.);
#2167=FACE_OUTER_BOUND('',#2895,.T.);
#2168=FACE_OUTER_BOUND('',#2896,.T.);
#2169=FACE_OUTER_BOUND('',#2897,.T.);
#2170=FACE_OUTER_BOUND('',#2898,.T.);
#2171=FACE_OUTER_BOUND('',#2899,.T.);
#2172=FACE_OUTER_BOUND('',#2900,.T.);
#2173=FACE_OUTER_BOUND('',#2901,.T.);
#2174=FACE_OUTER_BOUND('',#2902,.T.);
#2175=FACE_OUTER_BOUND('',#2903,.T.);
#2176=FACE_OUTER_BOUND('',#2904,.T.);
#2177=FACE_OUTER_BOUND('',#2905,.T.);
#2178=FACE_OUTER_BOUND('',#2906,.T.);
#2179=FACE_OUTER_BOUND('',#2907,.T.);
#2180=FACE_OUTER_BOUND('',#2908,.T.);
#2181=FACE_OUTER_BOUND('',#2909,.T.);
#2182=FACE_OUTER_BOUND('',#2910,.T.);
#2183=FACE_OUTER_BOUND('',#2911,.T.);
#2184=FACE_OUTER_BOUND('',#2912,.T.);
#2185=FACE_OUTER_BOUND('',#2913,.T.);
#2186=FACE_OUTER_BOUND('',#2914,.T.);
#2187=FACE_OUTER_BOUND('',#2915,.T.);
#2188=FACE_OUTER_BOUND('',#2916,.T.);
#2189=FACE_OUTER_BOUND('',#2917,.T.);
#2190=FACE_OUTER_BOUND('',#2918,.T.);
#2191=FACE_OUTER_BOUND('',#2919,.T.);
#2192=FACE_OUTER_BOUND('',#2920,.T.);
#2193=FACE_OUTER_BOUND('',#2921,.T.);
#2194=FACE_OUTER_BOUND('',#2922,.T.);
#2195=FACE_OUTER_BOUND('',#2923,.T.);
#2196=FACE_OUTER_BOUND('',#2924,.T.);
#2197=FACE_OUTER_BOUND('',#2925,.T.);
#2198=FACE_OUTER_BOUND('',#2926,.T.);
#2199=FACE_OUTER_BOUND('',#2927,.T.);
#2200=FACE_OUTER_BOUND('',#2928,.T.);
#2201=FACE_OUTER_BOUND('',#2929,.T.);
#2202=FACE_OUTER_BOUND('',#2930,.T.);
#2203=FACE_OUTER_BOUND('',#2931,.T.);
#2204=FACE_OUTER_BOUND('',#2932,.T.);
#2205=FACE_OUTER_BOUND('',#2933,.T.);
#2206=FACE_OUTER_BOUND('',#2934,.T.);
#2207=FACE_OUTER_BOUND('',#2935,.T.);
#2208=FACE_OUTER_BOUND('',#2936,.T.);
#2209=FACE_OUTER_BOUND('',#2937,.T.);
#2210=FACE_OUTER_BOUND('',#2938,.T.);
#2211=FACE_OUTER_BOUND('',#2939,.T.);
#2212=FACE_OUTER_BOUND('',#2940,.T.);
#2213=FACE_OUTER_BOUND('',#2941,.T.);
#2214=FACE_OUTER_BOUND('',#2942,.T.);
#2215=FACE_OUTER_BOUND('',#2943,.T.);
#2216=FACE_OUTER_BOUND('',#2944,.T.);
#2217=FACE_OUTER_BOUND('',#2945,.T.);
#2218=FACE_OUTER_BOUND('',#2946,.T.);
#2219=FACE_OUTER_BOUND('',#2947,.T.);
#2220=FACE_OUTER_BOUND('',#2948,.T.);
#2221=FACE_OUTER_BOUND('',#2949,.T.);
#2222=FACE_OUTER_BOUND('',#2950,.T.);
#2223=FACE_OUTER_BOUND('',#2951,.T.);
#2224=FACE_OUTER_BOUND('',#2952,.T.);
#2225=FACE_OUTER_BOUND('',#2953,.T.);
#2226=FACE_OUTER_BOUND('',#2954,.T.);
#2227=FACE_OUTER_BOUND('',#2955,.T.);
#2228=FACE_OUTER_BOUND('',#2956,.T.);
#2229=FACE_OUTER_BOUND('',#2957,.T.);
#2230=FACE_OUTER_BOUND('',#2958,.T.);
#2231=FACE_OUTER_BOUND('',#2959,.T.);
#2232=FACE_OUTER_BOUND('',#2960,.T.);
#2233=FACE_OUTER_BOUND('',#2961,.T.);
#2234=FACE_OUTER_BOUND('',#2962,.T.);
#2235=FACE_OUTER_BOUND('',#2963,.T.);
#2236=FACE_OUTER_BOUND('',#2966,.T.);
#2237=FACE_OUTER_BOUND('',#2967,.T.);
#2238=FACE_OUTER_BOUND('',#2970,.T.);
#2239=FACE_OUTER_BOUND('',#2971,.T.);
#2240=FACE_OUTER_BOUND('',#2972,.T.);
#2241=FACE_OUTER_BOUND('',#2973,.T.);
#2242=FACE_OUTER_BOUND('',#2974,.T.);
#2243=FACE_OUTER_BOUND('',#2975,.T.);
#2244=FACE_OUTER_BOUND('',#2976,.T.);
#2245=FACE_OUTER_BOUND('',#2977,.T.);
#2246=FACE_OUTER_BOUND('',#2978,.T.);
#2247=FACE_OUTER_BOUND('',#2979,.T.);
#2248=FACE_OUTER_BOUND('',#2980,.T.);
#2249=FACE_OUTER_BOUND('',#2981,.T.);
#2250=FACE_OUTER_BOUND('',#2982,.T.);
#2251=FACE_OUTER_BOUND('',#2983,.T.);
#2252=FACE_OUTER_BOUND('',#2984,.T.);
#2253=FACE_OUTER_BOUND('',#2985,.T.);
#2254=FACE_OUTER_BOUND('',#2986,.T.);
#2255=FACE_OUTER_BOUND('',#2987,.T.);
#2256=FACE_OUTER_BOUND('',#2988,.T.);
#2257=FACE_OUTER_BOUND('',#2989,.T.);
#2258=FACE_OUTER_BOUND('',#2990,.T.);
#2259=FACE_OUTER_BOUND('',#2991,.T.);
#2260=FACE_OUTER_BOUND('',#2992,.T.);
#2261=FACE_OUTER_BOUND('',#2993,.T.);
#2262=FACE_OUTER_BOUND('',#2994,.T.);
#2263=FACE_OUTER_BOUND('',#2995,.T.);
#2264=FACE_OUTER_BOUND('',#2996,.T.);
#2265=FACE_OUTER_BOUND('',#2997,.T.);
#2266=FACE_OUTER_BOUND('',#2998,.T.);
#2267=FACE_OUTER_BOUND('',#2999,.T.);
#2268=FACE_OUTER_BOUND('',#3000,.T.);
#2269=FACE_OUTER_BOUND('',#3001,.T.);
#2270=FACE_OUTER_BOUND('',#3002,.T.);
#2271=FACE_OUTER_BOUND('',#3003,.T.);
#2272=FACE_OUTER_BOUND('',#3004,.T.);
#2273=FACE_OUTER_BOUND('',#3005,.T.);
#2274=FACE_OUTER_BOUND('',#3006,.T.);
#2275=FACE_OUTER_BOUND('',#3007,.T.);
#2276=FACE_OUTER_BOUND('',#3008,.T.);
#2277=FACE_OUTER_BOUND('',#3009,.T.);
#2278=FACE_OUTER_BOUND('',#3010,.T.);
#2279=FACE_OUTER_BOUND('',#3011,.T.);
#2280=FACE_OUTER_BOUND('',#3012,.T.);
#2281=FACE_OUTER_BOUND('',#3013,.T.);
#2282=FACE_OUTER_BOUND('',#3014,.T.);
#2283=FACE_OUTER_BOUND('',#3015,.T.);
#2284=FACE_OUTER_BOUND('',#3016,.T.);
#2285=FACE_OUTER_BOUND('',#3017,.T.);
#2286=FACE_OUTER_BOUND('',#3018,.T.);
#2287=FACE_OUTER_BOUND('',#3019,.T.);
#2288=FACE_OUTER_BOUND('',#3020,.T.);
#2289=FACE_OUTER_BOUND('',#3021,.T.);
#2290=FACE_OUTER_BOUND('',#3022,.T.);
#2291=FACE_OUTER_BOUND('',#3023,.T.);
#2292=FACE_OUTER_BOUND('',#3024,.T.);
#2293=FACE_OUTER_BOUND('',#3025,.T.);
#2294=FACE_OUTER_BOUND('',#3026,.T.);
#2295=FACE_OUTER_BOUND('',#3027,.T.);
#2296=FACE_OUTER_BOUND('',#3028,.T.);
#2297=FACE_OUTER_BOUND('',#3029,.T.);
#2298=FACE_OUTER_BOUND('',#3030,.T.);
#2299=FACE_OUTER_BOUND('',#3031,.T.);
#2300=FACE_OUTER_BOUND('',#3032,.T.);
#2301=FACE_OUTER_BOUND('',#3033,.T.);
#2302=FACE_OUTER_BOUND('',#3034,.T.);
#2303=FACE_OUTER_BOUND('',#3035,.T.);
#2304=FACE_OUTER_BOUND('',#3036,.T.);
#2305=FACE_OUTER_BOUND('',#3037,.T.);
#2306=FACE_OUTER_BOUND('',#3038,.T.);
#2307=FACE_OUTER_BOUND('',#3039,.T.);
#2308=FACE_OUTER_BOUND('',#3040,.T.);
#2309=FACE_OUTER_BOUND('',#3041,.T.);
#2310=FACE_OUTER_BOUND('',#3042,.T.);
#2311=FACE_OUTER_BOUND('',#3043,.T.);
#2312=FACE_OUTER_BOUND('',#3044,.T.);
#2313=FACE_OUTER_BOUND('',#3045,.T.);
#2314=FACE_OUTER_BOUND('',#3046,.T.);
#2315=FACE_OUTER_BOUND('',#3047,.T.);
#2316=FACE_OUTER_BOUND('',#3048,.T.);
#2317=FACE_OUTER_BOUND('',#3049,.T.);
#2318=FACE_OUTER_BOUND('',#3050,.T.);
#2319=FACE_OUTER_BOUND('',#3051,.T.);
#2320=FACE_OUTER_BOUND('',#3052,.T.);
#2321=FACE_OUTER_BOUND('',#3053,.T.);
#2322=FACE_OUTER_BOUND('',#3054,.T.);
#2323=FACE_OUTER_BOUND('',#3055,.T.);
#2324=FACE_OUTER_BOUND('',#3056,.T.);
#2325=FACE_OUTER_BOUND('',#3057,.T.);
#2326=FACE_OUTER_BOUND('',#3058,.T.);
#2327=FACE_OUTER_BOUND('',#3059,.T.);
#2328=FACE_OUTER_BOUND('',#3060,.T.);
#2329=FACE_OUTER_BOUND('',#3061,.T.);
#2330=FACE_OUTER_BOUND('',#3062,.T.);
#2331=FACE_OUTER_BOUND('',#3063,.T.);
#2332=FACE_OUTER_BOUND('',#3064,.T.);
#2333=FACE_OUTER_BOUND('',#3065,.T.);
#2334=FACE_OUTER_BOUND('',#3066,.T.);
#2335=FACE_OUTER_BOUND('',#3067,.T.);
#2336=FACE_OUTER_BOUND('',#3068,.T.);
#2337=FACE_OUTER_BOUND('',#3069,.T.);
#2338=FACE_OUTER_BOUND('',#3070,.T.);
#2339=FACE_OUTER_BOUND('',#3071,.T.);
#2340=FACE_OUTER_BOUND('',#3072,.T.);
#2341=FACE_OUTER_BOUND('',#3073,.T.);
#2342=FACE_OUTER_BOUND('',#3074,.T.);
#2343=FACE_OUTER_BOUND('',#3075,.T.);
#2344=FACE_OUTER_BOUND('',#3076,.T.);
#2345=FACE_OUTER_BOUND('',#3077,.T.);
#2346=FACE_OUTER_BOUND('',#3078,.T.);
#2347=FACE_OUTER_BOUND('',#3079,.T.);
#2348=EDGE_LOOP('',(#3080,#3081,#3082,#3083,#3084,#3085,#3086,#3087,#3088));
#2349=EDGE_LOOP('',(#3089,#3090,#3091,#3092,#3093,#3094,#3095,#3096,#3097,
#3098,#3099));
#2350=EDGE_LOOP('',(#3100,#3101,#3102,#3103,#3104,#3105,#3106,#3107,#3108,
#3109,#3110,#3111,#3112));
#2351=EDGE_LOOP('',(#3113,#3114,#3115,#3116,#3117,#3118));
#2352=EDGE_LOOP('',(#3119,#3120,#3121,#3122,#3123,#3124,#3125,#3126,#3127));
#2353=EDGE_LOOP('',(#3128,#3129,#3130,#3131,#3132,#3133,#3134));
#2354=EDGE_LOOP('',(#3135,#3136,#3137,#3138,#3139,#3140,#3141,#3142));
#2355=EDGE_LOOP('',(#3143,#3144,#3145,#3146));
#2356=EDGE_LOOP('',(#3147,#3148,#3149,#3150));
#2357=EDGE_LOOP('',(#3151,#3152,#3153,#3154,#3155,#3156,#3157,#3158,#3159,
#3160,#3161,#3162,#3163));
#2358=EDGE_LOOP('',(#3164,#3165,#3166,#3167,#3168,#3169,#3170,#3171,#3172,
#3173,#3174));
#2359=EDGE_LOOP('',(#3175,#3176,#3177,#3178,#3179,#3180,#3181,#3182,#3183));
#2360=EDGE_LOOP('',(#3184,#3185,#3186,#3187,#3188,#3189));
#2361=EDGE_LOOP('',(#3190,#3191,#3192,#3193,#3194,#3195,#3196,#3197,#3198));
#2362=EDGE_LOOP('',(#3199,#3200,#3201,#3202,#3203,#3204,#3205));
#2363=EDGE_LOOP('',(#3206,#3207,#3208,#3209,#3210,#3211,#3212,#3213));
#2364=EDGE_LOOP('',(#3214,#3215,#3216,#3217));
#2365=EDGE_LOOP('',(#3218,#3219,#3220,#3221));
#2366=EDGE_LOOP('',(#3222,#3223,#3224,#3225));
#2367=EDGE_LOOP('',(#3226,#3227,#3228,#3229,#3230,#3231,#3232,#3233,#3234,
#3235));
#2368=EDGE_LOOP('',(#3236,#3237,#3238,#3239,#3240,#3241,#3242,#3243,#3244,
#3245));
#2369=EDGE_LOOP('',(#3246,#3247,#3248,#3249));
#2370=EDGE_LOOP('',(#3250,#3251,#3252,#3253));
#2371=EDGE_LOOP('',(#3254,#3255,#3256,#3257));
#2372=EDGE_LOOP('',(#3258,#3259,#3260,#3261));
#2373=EDGE_LOOP('',(#3262,#3263,#3264,#3265));
#2374=EDGE_LOOP('',(#3266,#3267,#3268,#3269));
#2375=EDGE_LOOP('',(#3270,#3271,#3272,#3273));
#2376=EDGE_LOOP('',(#3274,#3275,#3276,#3277));
#2377=EDGE_LOOP('',(#3278,#3279,#3280,#3281));
#2378=EDGE_LOOP('',(#3282,#3283,#3284,#3285));
#2379=EDGE_LOOP('',(#3286,#3287,#3288,#3289));
#2380=EDGE_LOOP('',(#3290,#3291,#3292,#3293));
#2381=EDGE_LOOP('',(#3294,#3295,#3296,#3297));
#2382=EDGE_LOOP('',(#3298,#3299,#3300,#3301));
#2383=EDGE_LOOP('',(#3302,#3303,#3304,#3305));
#2384=EDGE_LOOP('',(#3306,#3307,#3308,#3309));
#2385=EDGE_LOOP('',(#3310,#3311,#3312,#3313));
#2386=EDGE_LOOP('',(#3314,#3315,#3316,#3317));
#2387=EDGE_LOOP('',(#3318,#3319,#3320,#3321));
#2388=EDGE_LOOP('',(#3322,#3323,#3324,#3325));
#2389=EDGE_LOOP('',(#3326,#3327,#3328,#3329));
#2390=EDGE_LOOP('',(#3330,#3331,#3332,#3333));
#2391=EDGE_LOOP('',(#3334,#3335,#3336,#3337));
#2392=EDGE_LOOP('',(#3338,#3339,#3340,#3341));
#2393=EDGE_LOOP('',(#3342,#3343,#3344,#3345));
#2394=EDGE_LOOP('',(#3346,#3347,#3348,#3349));
#2395=EDGE_LOOP('',(#3350,#3351,#3352,#3353));
#2396=EDGE_LOOP('',(#3354,#3355,#3356,#3357));
#2397=EDGE_LOOP('',(#3358,#3359,#3360,#3361,#3362,#3363,#3364,#3365,#3366,
#3367,#3368,#3369));
#2398=EDGE_LOOP('',(#3370,#3371,#3372,#3373,#3374,#3375,#3376,#3377));
#2399=EDGE_LOOP('',(#3378,#3379,#3380,#3381,#3382,#3383,#3384,#3385,#3386,
#3387));
#2400=EDGE_LOOP('',(#3388,#3389,#3390,#3391));
#2401=EDGE_LOOP('',(#3392,#3393,#3394,#3395));
#2402=EDGE_LOOP('',(#3396,#3397,#3398,#3399,#3400,#3401,#3402,#3403,#3404,
#3405,#3406,#3407,#3408,#3409,#3410,#3411,#3412,#3413,#3414,#3415,#3416,
#3417,#3418,#3419,#3420,#3421,#3422,#3423,#3424,#3425,#3426,#3427,#3428,
#3429,#3430,#3431,#3432,#3433,#3434,#3435,#3436,#3437,#3438,#3439,#3440,
#3441,#3442,#3443,#3444,#3445,#3446,#3447,#3448,#3449,#3450,#3451,#3452,
#3453,#3454,#3455,#3456,#3457,#3458,#3459,#3460,#3461,#3462,#3463,#3464,
#3465,#3466,#3467,#3468,#3469,#3470,#3471,#3472,#3473,#3474,#3475,#3476,
#3477,#3478,#3479,#3480,#3481,#3482,#3483,#3484,#3485,#3486,#3487,#3488,
#3489,#3490,#3491,#3492,#3493,#3494,#3495,#3496,#3497,#3498,#3499,#3500,
#3501,#3502,#3503,#3504,#3505,#3506,#3507,#3508,#3509,#3510,#3511,#3512,
#3513,#3514,#3515,#3516,#3517,#3518,#3519));
#2403=EDGE_LOOP('',(#3520,#3521,#3522,#3523,#3524,#3525,#3526,#3527,#3528,
#3529,#3530,#3531,#3532,#3533,#3534,#3535,#3536,#3537,#3538,#3539,#3540,
#3541,#3542,#3543,#3544,#3545,#3546,#3547,#3548,#3549,#3550,#3551,#3552,
#3553,#3554,#3555,#3556,#3557,#3558,#3559,#3560,#3561,#3562,#3563,#3564,
#3565,#3566,#3567,#3568,#3569,#3570,#3571,#3572,#3573,#3574,#3575,#3576,
#3577,#3578,#3579,#3580,#3581,#3582,#3583,#3584,#3585,#3586,#3587,#3588,
#3589,#3590,#3591,#3592,#3593,#3594,#3595,#3596,#3597,#3598,#3599,#3600,
#3601,#3602,#3603,#3604,#3605,#3606,#3607,#3608,#3609,#3610,#3611,#3612,
#3613,#3614,#3615,#3616,#3617,#3618,#3619,#3620,#3621,#3622,#3623,#3624,
#3625,#3626,#3627,#3628,#3629,#3630,#3631,#3632,#3633,#3634,#3635,#3636,
#3637,#3638,#3639,#3640,#3641,#3642,#3643,#3644,#3645,#3646,#3647));
#2404=EDGE_LOOP('',(#3648,#3649,#3650,#3651));
#2405=EDGE_LOOP('',(#3652,#3653,#3654,#3655));
#2406=EDGE_LOOP('',(#3656,#3657,#3658,#3659));
#2407=EDGE_LOOP('',(#3660,#3661,#3662,#3663));
#2408=EDGE_LOOP('',(#3664,#3665,#3666,#3667,#3668,#3669,#3670,#3671));
#2409=EDGE_LOOP('',(#3672,#3673,#3674,#3675,#3676,#3677,#3678,#3679));
#2410=EDGE_LOOP('',(#3680,#3681,#3682,#3683,#3684,#3685));
#2411=EDGE_LOOP('',(#3686,#3687,#3688,#3689));
#2412=EDGE_LOOP('',(#3690,#3691,#3692,#3693));
#2413=EDGE_LOOP('',(#3694,#3695,#3696,#3697));
#2414=EDGE_LOOP('',(#3698,#3699,#3700,#3701,#3702,#3703,#3704,#3705));
#2415=EDGE_LOOP('',(#3706,#3707,#3708));
#2416=EDGE_LOOP('',(#3709,#3710,#3711,#3712,#3713));
#2417=EDGE_LOOP('',(#3714,#3715,#3716,#3717,#3718));
#2418=EDGE_LOOP('',(#3719,#3720,#3721,#3722));
#2419=EDGE_LOOP('',(#3723,#3724,#3725,#3726));
#2420=EDGE_LOOP('',(#3727,#3728,#3729,#3730));
#2421=EDGE_LOOP('',(#3731,#3732,#3733,#3734));
#2422=EDGE_LOOP('',(#3735,#3736,#3737,#3738));
#2423=EDGE_LOOP('',(#3739,#3740,#3741,#3742));
#2424=EDGE_LOOP('',(#3743,#3744,#3745,#3746));
#2425=EDGE_LOOP('',(#3747,#3748,#3749,#3750));
#2426=EDGE_LOOP('',(#3751,#3752,#3753,#3754));
#2427=EDGE_LOOP('',(#3755,#3756,#3757,#3758));
#2428=EDGE_LOOP('',(#3759,#3760,#3761,#3762));
#2429=EDGE_LOOP('',(#3763,#3764,#3765,#3766));
#2430=EDGE_LOOP('',(#3767,#3768,#3769,#3770));
#2431=EDGE_LOOP('',(#3771,#3772,#3773,#3774));
#2432=EDGE_LOOP('',(#3775,#3776,#3777,#3778));
#2433=EDGE_LOOP('',(#3779,#3780,#3781,#3782));
#2434=EDGE_LOOP('',(#3783,#3784,#3785,#3786));
#2435=EDGE_LOOP('',(#3787,#3788,#3789,#3790));
#2436=EDGE_LOOP('',(#3791,#3792,#3793,#3794));
#2437=EDGE_LOOP('',(#3795,#3796,#3797,#3798));
#2438=EDGE_LOOP('',(#3799,#3800,#3801,#3802));
#2439=EDGE_LOOP('',(#3803,#3804,#3805,#3806));
#2440=EDGE_LOOP('',(#3807,#3808,#3809,#3810));
#2441=EDGE_LOOP('',(#3811,#3812,#3813,#3814));
#2442=EDGE_LOOP('',(#3815,#3816,#3817,#3818));
#2443=EDGE_LOOP('',(#3819,#3820,#3821,#3822));
#2444=EDGE_LOOP('',(#3823,#3824,#3825,#3826));
#2445=EDGE_LOOP('',(#3827,#3828,#3829,#3830));
#2446=EDGE_LOOP('',(#3831,#3832,#3833,#3834));
#2447=EDGE_LOOP('',(#3835,#3836,#3837,#3838,#3839,#3840,#3841,#3842));
#2448=EDGE_LOOP('',(#3843,#3844,#3845,#3846));
#2449=EDGE_LOOP('',(#3847,#3848,#3849,#3850,#3851,#3852,#3853,#3854,#3855,
#3856,#3857,#3858,#3859,#3860,#3861,#3862,#3863,#3864,#3865,#3866,#3867,
#3868,#3869,#3870,#3871,#3872,#3873,#3874,#3875,#3876,#3877,#3878,#3879,
#3880,#3881,#3882,#3883,#3884,#3885,#3886,#3887,#3888,#3889,#3890,#3891,
#3892,#3893,#3894,#3895,#3896,#3897,#3898,#3899,#3900,#3901,#3902,#3903,
#3904,#3905,#3906,#3907,#3908,#3909,#3910,#3911,#3912,#3913,#3914,#3915,
#3916,#3917,#3918,#3919,#3920,#3921,#3922,#3923,#3924,#3925,#3926,#3927,
#3928,#3929,#3930,#3931,#3932,#3933,#3934,#3935,#3936,#3937,#3938,#3939,
#3940,#3941,#3942,#3943,#3944,#3945,#3946,#3947,#3948,#3949,#3950,#3951,
#3952,#3953,#3954,#3955,#3956,#3957,#3958,#3959,#3960,#3961,#3962,#3963,
#3964,#3965,#3966,#3967,#3968,#3969,#3970,#3971,#3972,#3973,#3974,#3975,
#3976,#3977,#3978));
#2450=EDGE_LOOP('',(#3979,#3980,#3981,#3982));
#2451=EDGE_LOOP('',(#3983,#3984,#3985,#3986));
#2452=EDGE_LOOP('',(#3987,#3988,#3989,#3990));
#2453=EDGE_LOOP('',(#3991,#3992,#3993,#3994));
#2454=EDGE_LOOP('',(#3995,#3996,#3997,#3998));
#2455=EDGE_LOOP('',(#3999,#4000,#4001,#4002));
#2456=EDGE_LOOP('',(#4003,#4004,#4005,#4006,#4007,#4008));
#2457=EDGE_LOOP('',(#4009,#4010,#4011,#4012));
#2458=EDGE_LOOP('',(#4013,#4014,#4015,#4016));
#2459=EDGE_LOOP('',(#4017,#4018,#4019,#4020));
#2460=EDGE_LOOP('',(#4021,#4022,#4023,#4024));
#2461=EDGE_LOOP('',(#4025,#4026,#4027,#4028));
#2462=EDGE_LOOP('',(#4029,#4030,#4031,#4032));
#2463=EDGE_LOOP('',(#4033,#4034,#4035,#4036,#4037,#4038,#4039,#4040,#4041,
#4042));
#2464=EDGE_LOOP('',(#4043,#4044,#4045,#4046,#4047,#4048,#4049,#4050));
#2465=EDGE_LOOP('',(#4051,#4052,#4053,#4054));
#2466=EDGE_LOOP('',(#4055,#4056,#4057,#4058));
#2467=EDGE_LOOP('',(#4059,#4060,#4061,#4062,#4063));
#2468=EDGE_LOOP('',(#4064,#4065,#4066,#4067,#4068));
#2469=EDGE_LOOP('',(#4069,#4070,#4071,#4072));
#2470=EDGE_LOOP('',(#4073,#4074,#4075,#4076,#4077));
#2471=EDGE_LOOP('',(#4078,#4079,#4080,#4081,#4082));
#2472=EDGE_LOOP('',(#4083,#4084,#4085,#4086));
#2473=EDGE_LOOP('',(#4087,#4088,#4089,#4090));
#2474=EDGE_LOOP('',(#4091,#4092,#4093,#4094));
#2475=EDGE_LOOP('',(#4095,#4096,#4097,#4098));
#2476=EDGE_LOOP('',(#4099,#4100,#4101,#4102));
#2477=EDGE_LOOP('',(#4103,#4104,#4105,#4106));
#2478=EDGE_LOOP('',(#4107,#4108,#4109,#4110));
#2479=EDGE_LOOP('',(#4111,#4112,#4113,#4114,#4115,#4116));
#2480=EDGE_LOOP('',(#4117,#4118,#4119,#4120,#4121,#4122));
#2481=EDGE_LOOP('',(#4123,#4124,#4125,#4126));
#2482=EDGE_LOOP('',(#4127,#4128,#4129,#4130));
#2483=EDGE_LOOP('',(#4131,#4132,#4133,#4134));
#2484=EDGE_LOOP('',(#4135,#4136,#4137,#4138,#4139,#4140,#4141,#4142));
#2485=EDGE_LOOP('',(#4143,#4144,#4145,#4146,#4147,#4148,#4149,#4150));
#2486=EDGE_LOOP('',(#4151,#4152,#4153,#4154));
#2487=EDGE_LOOP('',(#4155,#4156,#4157,#4158));
#2488=EDGE_LOOP('',(#4159,#4160,#4161,#4162));
#2489=EDGE_LOOP('',(#4163,#4164,#4165,#4166));
#2490=EDGE_LOOP('',(#4167,#4168,#4169,#4170));
#2491=EDGE_LOOP('',(#4171,#4172,#4173,#4174));
#2492=EDGE_LOOP('',(#4175,#4176,#4177,#4178));
#2493=EDGE_LOOP('',(#4179,#4180,#4181,#4182));
#2494=EDGE_LOOP('',(#4183,#4184,#4185,#4186));
#2495=EDGE_LOOP('',(#4187,#4188,#4189,#4190));
#2496=EDGE_LOOP('',(#4191,#4192,#4193,#4194));
#2497=EDGE_LOOP('',(#4195,#4196,#4197,#4198));
#2498=EDGE_LOOP('',(#4199,#4200,#4201,#4202));
#2499=EDGE_LOOP('',(#4203,#4204,#4205,#4206));
#2500=EDGE_LOOP('',(#4207,#4208,#4209,#4210));
#2501=EDGE_LOOP('',(#4211,#4212,#4213,#4214));
#2502=EDGE_LOOP('',(#4215,#4216,#4217,#4218));
#2503=EDGE_LOOP('',(#4219,#4220,#4221,#4222));
#2504=EDGE_LOOP('',(#4223,#4224,#4225,#4226));
#2505=EDGE_LOOP('',(#4227,#4228,#4229,#4230));
#2506=EDGE_LOOP('',(#4231,#4232,#4233,#4234));
#2507=EDGE_LOOP('',(#4235,#4236,#4237,#4238));
#2508=EDGE_LOOP('',(#4239,#4240,#4241,#4242));
#2509=EDGE_LOOP('',(#4243,#4244,#4245,#4246));
#2510=EDGE_LOOP('',(#4247,#4248,#4249,#4250));
#2511=EDGE_LOOP('',(#4251,#4252,#4253,#4254));
#2512=EDGE_LOOP('',(#4255,#4256,#4257,#4258));
#2513=EDGE_LOOP('',(#4259,#4260,#4261,#4262));
#2514=EDGE_LOOP('',(#4263,#4264,#4265,#4266));
#2515=EDGE_LOOP('',(#4267,#4268,#4269,#4270));
#2516=EDGE_LOOP('',(#4271,#4272,#4273,#4274));
#2517=EDGE_LOOP('',(#4275,#4276,#4277,#4278));
#2518=EDGE_LOOP('',(#4279,#4280,#4281,#4282));
#2519=EDGE_LOOP('',(#4283,#4284,#4285,#4286));
#2520=EDGE_LOOP('',(#4287,#4288,#4289,#4290));
#2521=EDGE_LOOP('',(#4291,#4292,#4293,#4294));
#2522=EDGE_LOOP('',(#4295,#4296,#4297,#4298));
#2523=EDGE_LOOP('',(#4299,#4300,#4301,#4302));
#2524=EDGE_LOOP('',(#4303,#4304,#4305,#4306));
#2525=EDGE_LOOP('',(#4307,#4308,#4309,#4310));
#2526=EDGE_LOOP('',(#4311,#4312,#4313,#4314));
#2527=EDGE_LOOP('',(#4315,#4316,#4317,#4318));
#2528=EDGE_LOOP('',(#4319,#4320,#4321,#4322));
#2529=EDGE_LOOP('',(#4323,#4324,#4325,#4326));
#2530=EDGE_LOOP('',(#4327,#4328,#4329,#4330));
#2531=EDGE_LOOP('',(#4331,#4332,#4333,#4334));
#2532=EDGE_LOOP('',(#4335,#4336,#4337,#4338));
#2533=EDGE_LOOP('',(#4339,#4340,#4341,#4342));
#2534=EDGE_LOOP('',(#4343,#4344,#4345,#4346));
#2535=EDGE_LOOP('',(#4347,#4348,#4349,#4350));
#2536=EDGE_LOOP('',(#4351,#4352,#4353,#4354));
#2537=EDGE_LOOP('',(#4355,#4356,#4357,#4358));
#2538=EDGE_LOOP('',(#4359,#4360,#4361,#4362));
#2539=EDGE_LOOP('',(#4363,#4364,#4365,#4366));
#2540=EDGE_LOOP('',(#4367,#4368,#4369,#4370));
#2541=EDGE_LOOP('',(#4371,#4372,#4373,#4374));
#2542=EDGE_LOOP('',(#4375,#4376,#4377,#4378));
#2543=EDGE_LOOP('',(#4379,#4380,#4381,#4382));
#2544=EDGE_LOOP('',(#4383,#4384,#4385,#4386));
#2545=EDGE_LOOP('',(#4387,#4388,#4389,#4390));
#2546=EDGE_LOOP('',(#4391,#4392,#4393,#4394));
#2547=EDGE_LOOP('',(#4395,#4396,#4397,#4398));
#2548=EDGE_LOOP('',(#4399,#4400,#4401,#4402));
#2549=EDGE_LOOP('',(#4403,#4404,#4405,#4406));
#2550=EDGE_LOOP('',(#4407,#4408,#4409,#4410));
#2551=EDGE_LOOP('',(#4411,#4412,#4413,#4414));
#2552=EDGE_LOOP('',(#4415,#4416,#4417,#4418));
#2553=EDGE_LOOP('',(#4419,#4420,#4421,#4422));
#2554=EDGE_LOOP('',(#4423,#4424,#4425,#4426));
#2555=EDGE_LOOP('',(#4427,#4428,#4429,#4430));
#2556=EDGE_LOOP('',(#4431,#4432,#4433,#4434));
#2557=EDGE_LOOP('',(#4435,#4436,#4437,#4438));
#2558=EDGE_LOOP('',(#4439,#4440,#4441,#4442));
#2559=EDGE_LOOP('',(#4443,#4444,#4445,#4446));
#2560=EDGE_LOOP('',(#4447,#4448,#4449,#4450));
#2561=EDGE_LOOP('',(#4451,#4452,#4453,#4454));
#2562=EDGE_LOOP('',(#4455,#4456,#4457,#4458));
#2563=EDGE_LOOP('',(#4459,#4460,#4461,#4462));
#2564=EDGE_LOOP('',(#4463,#4464,#4465,#4466));
#2565=EDGE_LOOP('',(#4467,#4468,#4469,#4470));
#2566=EDGE_LOOP('',(#4471,#4472,#4473,#4474));
#2567=EDGE_LOOP('',(#4475,#4476,#4477,#4478));
#2568=EDGE_LOOP('',(#4479,#4480,#4481,#4482));
#2569=EDGE_LOOP('',(#4483,#4484,#4485,#4486));
#2570=EDGE_LOOP('',(#4487,#4488,#4489,#4490));
#2571=EDGE_LOOP('',(#4491,#4492,#4493,#4494));
#2572=EDGE_LOOP('',(#4495,#4496,#4497,#4498,#4499,#4500));
#2573=EDGE_LOOP('',(#4501,#4502,#4503,#4504,#4505,#4506));
#2574=EDGE_LOOP('',(#4507,#4508,#4509,#4510));
#2575=EDGE_LOOP('',(#4511,#4512,#4513,#4514));
#2576=EDGE_LOOP('',(#4515,#4516,#4517,#4518));
#2577=EDGE_LOOP('',(#4519,#4520,#4521,#4522));
#2578=EDGE_LOOP('',(#4523,#4524,#4525,#4526));
#2579=EDGE_LOOP('',(#4527,#4528,#4529,#4530,#4531,#4532));
#2580=EDGE_LOOP('',(#4533,#4534,#4535,#4536,#4537,#4538));
#2581=EDGE_LOOP('',(#4539,#4540,#4541,#4542));
#2582=EDGE_LOOP('',(#4543,#4544,#4545,#4546));
#2583=EDGE_LOOP('',(#4547,#4548,#4549,#4550));
#2584=EDGE_LOOP('',(#4551,#4552,#4553,#4554));
#2585=EDGE_LOOP('',(#4555,#4556,#4557,#4558));
#2586=EDGE_LOOP('',(#4559,#4560,#4561,#4562,#4563,#4564));
#2587=EDGE_LOOP('',(#4565,#4566,#4567,#4568,#4569,#4570));
#2588=EDGE_LOOP('',(#4571,#4572,#4573,#4574));
#2589=EDGE_LOOP('',(#4575,#4576,#4577,#4578));
#2590=EDGE_LOOP('',(#4579,#4580,#4581,#4582));
#2591=EDGE_LOOP('',(#4583,#4584,#4585,#4586));
#2592=EDGE_LOOP('',(#4587,#4588,#4589,#4590));
#2593=EDGE_LOOP('',(#4591,#4592,#4593,#4594,#4595,#4596));
#2594=EDGE_LOOP('',(#4597,#4598,#4599,#4600,#4601,#4602));
#2595=EDGE_LOOP('',(#4603,#4604,#4605,#4606));
#2596=EDGE_LOOP('',(#4607,#4608,#4609,#4610));
#2597=EDGE_LOOP('',(#4611,#4612,#4613,#4614));
#2598=EDGE_LOOP('',(#4615,#4616,#4617,#4618));
#2599=EDGE_LOOP('',(#4619,#4620,#4621,#4622));
#2600=EDGE_LOOP('',(#4623,#4624,#4625,#4626,#4627,#4628));
#2601=EDGE_LOOP('',(#4629,#4630,#4631,#4632,#4633,#4634));
#2602=EDGE_LOOP('',(#4635,#4636,#4637,#4638));
#2603=EDGE_LOOP('',(#4639,#4640,#4641,#4642));
#2604=EDGE_LOOP('',(#4643,#4644,#4645,#4646));
#2605=EDGE_LOOP('',(#4647,#4648,#4649,#4650));
#2606=EDGE_LOOP('',(#4651,#4652,#4653,#4654));
#2607=EDGE_LOOP('',(#4655,#4656,#4657,#4658,#4659,#4660));
#2608=EDGE_LOOP('',(#4661,#4662,#4663,#4664,#4665,#4666));
#2609=EDGE_LOOP('',(#4667,#4668,#4669,#4670));
#2610=EDGE_LOOP('',(#4671,#4672,#4673,#4674));
#2611=EDGE_LOOP('',(#4675,#4676,#4677,#4678));
#2612=EDGE_LOOP('',(#4679,#4680,#4681,#4682));
#2613=EDGE_LOOP('',(#4683,#4684,#4685,#4686));
#2614=EDGE_LOOP('',(#4687,#4688,#4689,#4690,#4691,#4692));
#2615=EDGE_LOOP('',(#4693,#4694,#4695,#4696,#4697,#4698));
#2616=EDGE_LOOP('',(#4699,#4700,#4701,#4702));
#2617=EDGE_LOOP('',(#4703,#4704,#4705,#4706));
#2618=EDGE_LOOP('',(#4707,#4708,#4709,#4710));
#2619=EDGE_LOOP('',(#4711,#4712,#4713,#4714));
#2620=EDGE_LOOP('',(#4715,#4716,#4717,#4718));
#2621=EDGE_LOOP('',(#4719,#4720,#4721,#4722,#4723,#4724));
#2622=EDGE_LOOP('',(#4725,#4726,#4727,#4728,#4729,#4730));
#2623=EDGE_LOOP('',(#4731,#4732,#4733,#4734));
#2624=EDGE_LOOP('',(#4735,#4736,#4737,#4738));
#2625=EDGE_LOOP('',(#4739,#4740,#4741,#4742));
#2626=EDGE_LOOP('',(#4743,#4744,#4745,#4746));
#2627=EDGE_LOOP('',(#4747,#4748,#4749,#4750));
#2628=EDGE_LOOP('',(#4751,#4752,#4753,#4754,#4755,#4756));
#2629=EDGE_LOOP('',(#4757,#4758,#4759,#4760,#4761,#4762));
#2630=EDGE_LOOP('',(#4763,#4764,#4765,#4766));
#2631=EDGE_LOOP('',(#4767,#4768,#4769,#4770));
#2632=EDGE_LOOP('',(#4771,#4772,#4773,#4774));
#2633=EDGE_LOOP('',(#4775,#4776,#4777,#4778));
#2634=EDGE_LOOP('',(#4779,#4780,#4781,#4782));
#2635=EDGE_LOOP('',(#4783,#4784,#4785,#4786,#4787,#4788));
#2636=EDGE_LOOP('',(#4789,#4790,#4791,#4792,#4793,#4794));
#2637=EDGE_LOOP('',(#4795,#4796,#4797,#4798));
#2638=EDGE_LOOP('',(#4799,#4800,#4801,#4802));
#2639=EDGE_LOOP('',(#4803,#4804,#4805,#4806));
#2640=EDGE_LOOP('',(#4807,#4808,#4809,#4810));
#2641=EDGE_LOOP('',(#4811,#4812,#4813,#4814));
#2642=EDGE_LOOP('',(#4815,#4816,#4817,#4818,#4819,#4820));
#2643=EDGE_LOOP('',(#4821,#4822,#4823,#4824,#4825,#4826));
#2644=EDGE_LOOP('',(#4827,#4828,#4829,#4830));
#2645=EDGE_LOOP('',(#4831,#4832,#4833,#4834));
#2646=EDGE_LOOP('',(#4835,#4836,#4837,#4838));
#2647=EDGE_LOOP('',(#4839,#4840,#4841,#4842));
#2648=EDGE_LOOP('',(#4843,#4844,#4845,#4846));
#2649=EDGE_LOOP('',(#4847,#4848,#4849,#4850,#4851,#4852));
#2650=EDGE_LOOP('',(#4853,#4854,#4855,#4856,#4857,#4858));
#2651=EDGE_LOOP('',(#4859,#4860,#4861,#4862));
#2652=EDGE_LOOP('',(#4863,#4864,#4865,#4866));
#2653=EDGE_LOOP('',(#4867,#4868,#4869,#4870));
#2654=EDGE_LOOP('',(#4871,#4872,#4873,#4874));
#2655=EDGE_LOOP('',(#4875,#4876,#4877,#4878));
#2656=EDGE_LOOP('',(#4879,#4880,#4881,#4882,#4883,#4884));
#2657=EDGE_LOOP('',(#4885,#4886,#4887,#4888,#4889,#4890));
#2658=EDGE_LOOP('',(#4891,#4892,#4893,#4894));
#2659=EDGE_LOOP('',(#4895,#4896,#4897,#4898));
#2660=EDGE_LOOP('',(#4899,#4900,#4901,#4902));
#2661=EDGE_LOOP('',(#4903,#4904,#4905,#4906));
#2662=EDGE_LOOP('',(#4907,#4908,#4909,#4910));
#2663=EDGE_LOOP('',(#4911,#4912,#4913,#4914,#4915,#4916));
#2664=EDGE_LOOP('',(#4917,#4918,#4919,#4920,#4921,#4922));
#2665=EDGE_LOOP('',(#4923,#4924,#4925,#4926));
#2666=EDGE_LOOP('',(#4927,#4928,#4929,#4930));
#2667=EDGE_LOOP('',(#4931,#4932,#4933,#4934));
#2668=EDGE_LOOP('',(#4935,#4936,#4937,#4938));
#2669=EDGE_LOOP('',(#4939,#4940,#4941,#4942));
#2670=EDGE_LOOP('',(#4943,#4944,#4945,#4946,#4947,#4948));
#2671=EDGE_LOOP('',(#4949,#4950,#4951,#4952,#4953,#4954));
#2672=EDGE_LOOP('',(#4955,#4956,#4957,#4958));
#2673=EDGE_LOOP('',(#4959,#4960,#4961,#4962));
#2674=EDGE_LOOP('',(#4963,#4964,#4965,#4966));
#2675=EDGE_LOOP('',(#4967,#4968,#4969,#4970));
#2676=EDGE_LOOP('',(#4971,#4972,#4973,#4974));
#2677=EDGE_LOOP('',(#4975,#4976,#4977,#4978,#4979,#4980));
#2678=EDGE_LOOP('',(#4981,#4982,#4983,#4984,#4985,#4986));
#2679=EDGE_LOOP('',(#4987,#4988,#4989,#4990));
#2680=EDGE_LOOP('',(#4991,#4992,#4993,#4994));
#2681=EDGE_LOOP('',(#4995,#4996,#4997,#4998));
#2682=EDGE_LOOP('',(#4999,#5000,#5001,#5002));
#2683=EDGE_LOOP('',(#5003,#5004,#5005,#5006));
#2684=EDGE_LOOP('',(#5007,#5008,#5009,#5010,#5011,#5012));
#2685=EDGE_LOOP('',(#5013,#5014,#5015,#5016,#5017,#5018));
#2686=EDGE_LOOP('',(#5019,#5020,#5021,#5022));
#2687=EDGE_LOOP('',(#5023,#5024,#5025,#5026));
#2688=EDGE_LOOP('',(#5027,#5028,#5029,#5030));
#2689=EDGE_LOOP('',(#5031,#5032,#5033,#5034));
#2690=EDGE_LOOP('',(#5035,#5036,#5037,#5038));
#2691=EDGE_LOOP('',(#5039,#5040,#5041,#5042,#5043,#5044));
#2692=EDGE_LOOP('',(#5045,#5046,#5047,#5048,#5049,#5050));
#2693=EDGE_LOOP('',(#5051,#5052,#5053,#5054));
#2694=EDGE_LOOP('',(#5055,#5056,#5057,#5058));
#2695=EDGE_LOOP('',(#5059,#5060,#5061,#5062));
#2696=EDGE_LOOP('',(#5063,#5064,#5065,#5066));
#2697=EDGE_LOOP('',(#5067,#5068,#5069,#5070));
#2698=EDGE_LOOP('',(#5071,#5072,#5073,#5074,#5075,#5076));
#2699=EDGE_LOOP('',(#5077,#5078,#5079,#5080,#5081,#5082));
#2700=EDGE_LOOP('',(#5083,#5084,#5085,#5086));
#2701=EDGE_LOOP('',(#5087,#5088,#5089,#5090));
#2702=EDGE_LOOP('',(#5091,#5092,#5093,#5094));
#2703=EDGE_LOOP('',(#5095,#5096,#5097,#5098));
#2704=EDGE_LOOP('',(#5099,#5100,#5101,#5102));
#2705=EDGE_LOOP('',(#5103,#5104,#5105,#5106,#5107,#5108));
#2706=EDGE_LOOP('',(#5109,#5110,#5111,#5112,#5113,#5114));
#2707=EDGE_LOOP('',(#5115,#5116,#5117,#5118));
#2708=EDGE_LOOP('',(#5119,#5120,#5121,#5122));
#2709=EDGE_LOOP('',(#5123,#5124,#5125,#5126));
#2710=EDGE_LOOP('',(#5127,#5128,#5129,#5130));
#2711=EDGE_LOOP('',(#5131,#5132,#5133,#5134));
#2712=EDGE_LOOP('',(#5135,#5136,#5137,#5138,#5139,#5140));
#2713=EDGE_LOOP('',(#5141,#5142,#5143,#5144,#5145,#5146));
#2714=EDGE_LOOP('',(#5147,#5148,#5149,#5150));
#2715=EDGE_LOOP('',(#5151,#5152,#5153,#5154));
#2716=EDGE_LOOP('',(#5155,#5156,#5157,#5158));
#2717=EDGE_LOOP('',(#5159,#5160,#5161,#5162));
#2718=EDGE_LOOP('',(#5163,#5164,#5165,#5166));
#2719=EDGE_LOOP('',(#5167,#5168,#5169,#5170,#5171,#5172));
#2720=EDGE_LOOP('',(#5173,#5174,#5175,#5176,#5177,#5178));
#2721=EDGE_LOOP('',(#5179,#5180,#5181,#5182));
#2722=EDGE_LOOP('',(#5183,#5184,#5185,#5186));
#2723=EDGE_LOOP('',(#5187,#5188,#5189,#5190));
#2724=EDGE_LOOP('',(#5191,#5192,#5193,#5194));
#2725=EDGE_LOOP('',(#5195,#5196,#5197,#5198));
#2726=EDGE_LOOP('',(#5199,#5200,#5201,#5202,#5203,#5204));
#2727=EDGE_LOOP('',(#5205,#5206,#5207,#5208,#5209,#5210));
#2728=EDGE_LOOP('',(#5211,#5212,#5213,#5214));
#2729=EDGE_LOOP('',(#5215,#5216,#5217,#5218));
#2730=EDGE_LOOP('',(#5219,#5220,#5221,#5222));
#2731=EDGE_LOOP('',(#5223,#5224,#5225,#5226));
#2732=EDGE_LOOP('',(#5227,#5228,#5229,#5230));
#2733=EDGE_LOOP('',(#5231,#5232,#5233,#5234,#5235,#5236));
#2734=EDGE_LOOP('',(#5237,#5238,#5239,#5240,#5241,#5242));
#2735=EDGE_LOOP('',(#5243,#5244,#5245,#5246));
#2736=EDGE_LOOP('',(#5247,#5248,#5249,#5250));
#2737=EDGE_LOOP('',(#5251,#5252,#5253,#5254));
#2738=EDGE_LOOP('',(#5255,#5256,#5257,#5258));
#2739=EDGE_LOOP('',(#5259,#5260,#5261,#5262));
#2740=EDGE_LOOP('',(#5263,#5264,#5265,#5266,#5267,#5268));
#2741=EDGE_LOOP('',(#5269,#5270,#5271,#5272,#5273,#5274));
#2742=EDGE_LOOP('',(#5275,#5276,#5277,#5278));
#2743=EDGE_LOOP('',(#5279,#5280,#5281,#5282));
#2744=EDGE_LOOP('',(#5283,#5284,#5285,#5286));
#2745=EDGE_LOOP('',(#5287,#5288,#5289,#5290));
#2746=EDGE_LOOP('',(#5291,#5292,#5293,#5294));
#2747=EDGE_LOOP('',(#5295,#5296,#5297,#5298,#5299,#5300));
#2748=EDGE_LOOP('',(#5301,#5302,#5303,#5304,#5305,#5306));
#2749=EDGE_LOOP('',(#5307,#5308,#5309,#5310));
#2750=EDGE_LOOP('',(#5311,#5312,#5313,#5314));
#2751=EDGE_LOOP('',(#5315,#5316,#5317,#5318));
#2752=EDGE_LOOP('',(#5319,#5320,#5321,#5322,#5323,#5324,#5325,#5326));
#2753=EDGE_LOOP('',(#5327,#5328,#5329,#5330,#5331,#5332,#5333,#5334));
#2754=EDGE_LOOP('',(#5335,#5336,#5337,#5338));
#2755=EDGE_LOOP('',(#5339,#5340,#5341,#5342));
#2756=EDGE_LOOP('',(#5343,#5344,#5345,#5346));
#2757=EDGE_LOOP('',(#5347,#5348,#5349,#5350));
#2758=EDGE_LOOP('',(#5351,#5352,#5353,#5354));
#2759=EDGE_LOOP('',(#5355,#5356,#5357,#5358));
#2760=EDGE_LOOP('',(#5359,#5360,#5361,#5362,#5363,#5364,#5365,#5366));
#2761=EDGE_LOOP('',(#5367,#5368,#5369,#5370,#5371,#5372,#5373,#5374));
#2762=EDGE_LOOP('',(#5375,#5376,#5377,#5378));
#2763=EDGE_LOOP('',(#5379,#5380,#5381,#5382));
#2764=EDGE_LOOP('',(#5383,#5384,#5385,#5386));
#2765=EDGE_LOOP('',(#5387,#5388,#5389,#5390));
#2766=EDGE_LOOP('',(#5391,#5392,#5393,#5394));
#2767=EDGE_LOOP('',(#5395,#5396,#5397,#5398));
#2768=EDGE_LOOP('',(#5399,#5400,#5401,#5402,#5403,#5404,#5405,#5406));
#2769=EDGE_LOOP('',(#5407,#5408,#5409,#5410,#5411,#5412,#5413,#5414));
#2770=EDGE_LOOP('',(#5415,#5416,#5417,#5418));
#2771=EDGE_LOOP('',(#5419,#5420,#5421,#5422));
#2772=EDGE_LOOP('',(#5423,#5424,#5425,#5426));
#2773=EDGE_LOOP('',(#5427,#5428,#5429,#5430));
#2774=EDGE_LOOP('',(#5431,#5432,#5433,#5434));
#2775=EDGE_LOOP('',(#5435,#5436,#5437,#5438));
#2776=EDGE_LOOP('',(#5439,#5440,#5441,#5442,#5443,#5444,#5445,#5446));
#2777=EDGE_LOOP('',(#5447,#5448,#5449,#5450,#5451,#5452,#5453,#5454));
#2778=EDGE_LOOP('',(#5455,#5456,#5457,#5458));
#2779=EDGE_LOOP('',(#5459,#5460,#5461,#5462));
#2780=EDGE_LOOP('',(#5463,#5464,#5465,#5466));
#2781=EDGE_LOOP('',(#5467,#5468,#5469,#5470));
#2782=EDGE_LOOP('',(#5471,#5472,#5473,#5474));
#2783=EDGE_LOOP('',(#5475,#5476,#5477,#5478));
#2784=EDGE_LOOP('',(#5479,#5480,#5481,#5482,#5483,#5484,#5485,#5486));
#2785=EDGE_LOOP('',(#5487,#5488,#5489,#5490,#5491,#5492,#5493,#5494));
#2786=EDGE_LOOP('',(#5495,#5496,#5497,#5498));
#2787=EDGE_LOOP('',(#5499,#5500,#5501,#5502));
#2788=EDGE_LOOP('',(#5503,#5504,#5505,#5506));
#2789=EDGE_LOOP('',(#5507,#5508,#5509,#5510));
#2790=EDGE_LOOP('',(#5511,#5512,#5513,#5514));
#2791=EDGE_LOOP('',(#5515,#5516,#5517,#5518));
#2792=EDGE_LOOP('',(#5519,#5520,#5521,#5522,#5523,#5524,#5525,#5526));
#2793=EDGE_LOOP('',(#5527,#5528,#5529,#5530,#5531,#5532,#5533,#5534));
#2794=EDGE_LOOP('',(#5535,#5536,#5537,#5538));
#2795=EDGE_LOOP('',(#5539,#5540,#5541,#5542));
#2796=EDGE_LOOP('',(#5543,#5544,#5545,#5546));
#2797=EDGE_LOOP('',(#5547,#5548,#5549,#5550));
#2798=EDGE_LOOP('',(#5551,#5552,#5553,#5554));
#2799=EDGE_LOOP('',(#5555,#5556,#5557,#5558));
#2800=EDGE_LOOP('',(#5559,#5560,#5561,#5562,#5563,#5564,#5565,#5566));
#2801=EDGE_LOOP('',(#5567,#5568,#5569,#5570,#5571,#5572,#5573,#5574));
#2802=EDGE_LOOP('',(#5575,#5576,#5577,#5578));
#2803=EDGE_LOOP('',(#5579,#5580,#5581,#5582));
#2804=EDGE_LOOP('',(#5583,#5584,#5585,#5586));
#2805=EDGE_LOOP('',(#5587,#5588,#5589,#5590));
#2806=EDGE_LOOP('',(#5591,#5592,#5593,#5594));
#2807=EDGE_LOOP('',(#5595,#5596,#5597,#5598));
#2808=EDGE_LOOP('',(#5599,#5600,#5601,#5602,#5603,#5604,#5605,#5606));
#2809=EDGE_LOOP('',(#5607,#5608,#5609,#5610,#5611,#5612,#5613,#5614));
#2810=EDGE_LOOP('',(#5615,#5616,#5617,#5618));
#2811=EDGE_LOOP('',(#5619,#5620,#5621,#5622));
#2812=EDGE_LOOP('',(#5623,#5624,#5625,#5626));
#2813=EDGE_LOOP('',(#5627,#5628,#5629,#5630));
#2814=EDGE_LOOP('',(#5631,#5632,#5633,#5634));
#2815=EDGE_LOOP('',(#5635,#5636,#5637,#5638));
#2816=EDGE_LOOP('',(#5639,#5640,#5641,#5642,#5643,#5644,#5645,#5646));
#2817=EDGE_LOOP('',(#5647,#5648,#5649,#5650,#5651,#5652,#5653,#5654));
#2818=EDGE_LOOP('',(#5655,#5656,#5657,#5658));
#2819=EDGE_LOOP('',(#5659,#5660,#5661,#5662));
#2820=EDGE_LOOP('',(#5663,#5664,#5665,#5666));
#2821=EDGE_LOOP('',(#5667,#5668,#5669,#5670));
#2822=EDGE_LOOP('',(#5671,#5672,#5673,#5674));
#2823=EDGE_LOOP('',(#5675,#5676,#5677,#5678));
#2824=EDGE_LOOP('',(#5679,#5680,#5681,#5682,#5683,#5684,#5685,#5686));
#2825=EDGE_LOOP('',(#5687,#5688,#5689,#5690,#5691,#5692,#5693,#5694));
#2826=EDGE_LOOP('',(#5695,#5696,#5697,#5698));
#2827=EDGE_LOOP('',(#5699,#5700,#5701,#5702));
#2828=EDGE_LOOP('',(#5703,#5704,#5705,#5706));
#2829=EDGE_LOOP('',(#5707,#5708,#5709,#5710));
#2830=EDGE_LOOP('',(#5711,#5712,#5713,#5714));
#2831=EDGE_LOOP('',(#5715,#5716,#5717,#5718));
#2832=EDGE_LOOP('',(#5719,#5720,#5721,#5722,#5723,#5724,#5725,#5726));
#2833=EDGE_LOOP('',(#5727,#5728,#5729,#5730,#5731,#5732,#5733,#5734));
#2834=EDGE_LOOP('',(#5735,#5736,#5737,#5738));
#2835=EDGE_LOOP('',(#5739,#5740,#5741,#5742));
#2836=EDGE_LOOP('',(#5743,#5744,#5745,#5746));
#2837=EDGE_LOOP('',(#5747,#5748,#5749,#5750));
#2838=EDGE_LOOP('',(#5751,#5752,#5753,#5754));
#2839=EDGE_LOOP('',(#5755,#5756,#5757,#5758));
#2840=EDGE_LOOP('',(#5759,#5760,#5761,#5762,#5763,#5764,#5765,#5766));
#2841=EDGE_LOOP('',(#5767,#5768,#5769,#5770,#5771,#5772,#5773,#5774));
#2842=EDGE_LOOP('',(#5775,#5776,#5777,#5778));
#2843=EDGE_LOOP('',(#5779,#5780,#5781,#5782));
#2844=EDGE_LOOP('',(#5783,#5784,#5785,#5786));
#2845=EDGE_LOOP('',(#5787,#5788,#5789,#5790));
#2846=EDGE_LOOP('',(#5791,#5792,#5793,#5794));
#2847=EDGE_LOOP('',(#5795,#5796,#5797,#5798));
#2848=EDGE_LOOP('',(#5799,#5800,#5801,#5802,#5803,#5804,#5805,#5806));
#2849=EDGE_LOOP('',(#5807,#5808,#5809,#5810,#5811,#5812,#5813,#5814));
#2850=EDGE_LOOP('',(#5815,#5816,#5817,#5818));
#2851=EDGE_LOOP('',(#5819,#5820,#5821,#5822));
#2852=EDGE_LOOP('',(#5823,#5824,#5825,#5826));
#2853=EDGE_LOOP('',(#5827,#5828,#5829,#5830));
#2854=EDGE_LOOP('',(#5831,#5832,#5833,#5834));
#2855=EDGE_LOOP('',(#5835,#5836,#5837,#5838));
#2856=EDGE_LOOP('',(#5839,#5840,#5841,#5842,#5843,#5844,#5845,#5846));
#2857=EDGE_LOOP('',(#5847,#5848,#5849,#5850,#5851,#5852,#5853,#5854));
#2858=EDGE_LOOP('',(#5855,#5856,#5857,#5858));
#2859=EDGE_LOOP('',(#5859,#5860,#5861,#5862));
#2860=EDGE_LOOP('',(#5863,#5864,#5865,#5866));
#2861=EDGE_LOOP('',(#5867,#5868,#5869,#5870));
#2862=EDGE_LOOP('',(#5871,#5872,#5873,#5874));
#2863=EDGE_LOOP('',(#5875,#5876,#5877,#5878));
#2864=EDGE_LOOP('',(#5879,#5880,#5881,#5882,#5883,#5884,#5885,#5886));
#2865=EDGE_LOOP('',(#5887,#5888,#5889,#5890,#5891,#5892,#5893,#5894));
#2866=EDGE_LOOP('',(#5895,#5896,#5897,#5898));
#2867=EDGE_LOOP('',(#5899,#5900,#5901,#5902));
#2868=EDGE_LOOP('',(#5903,#5904,#5905,#5906));
#2869=EDGE_LOOP('',(#5907,#5908,#5909,#5910));
#2870=EDGE_LOOP('',(#5911,#5912,#5913,#5914));
#2871=EDGE_LOOP('',(#5915,#5916,#5917,#5918));
#2872=EDGE_LOOP('',(#5919,#5920,#5921,#5922,#5923,#5924,#5925,#5926));
#2873=EDGE_LOOP('',(#5927,#5928,#5929,#5930,#5931,#5932,#5933,#5934));
#2874=EDGE_LOOP('',(#5935,#5936,#5937,#5938));
#2875=EDGE_LOOP('',(#5939,#5940,#5941,#5942));
#2876=EDGE_LOOP('',(#5943,#5944,#5945,#5946));
#2877=EDGE_LOOP('',(#5947,#5948,#5949,#5950));
#2878=EDGE_LOOP('',(#5951,#5952,#5953,#5954));
#2879=EDGE_LOOP('',(#5955,#5956,#5957,#5958));
#2880=EDGE_LOOP('',(#5959,#5960,#5961,#5962,#5963,#5964,#5965,#5966));
#2881=EDGE_LOOP('',(#5967,#5968,#5969,#5970,#5971,#5972,#5973,#5974));
#2882=EDGE_LOOP('',(#5975,#5976,#5977,#5978));
#2883=EDGE_LOOP('',(#5979,#5980,#5981,#5982));
#2884=EDGE_LOOP('',(#5983,#5984,#5985,#5986));
#2885=EDGE_LOOP('',(#5987,#5988,#5989,#5990));
#2886=EDGE_LOOP('',(#5991,#5992,#5993,#5994));
#2887=EDGE_LOOP('',(#5995,#5996,#5997,#5998));
#2888=EDGE_LOOP('',(#5999,#6000,#6001,#6002,#6003,#6004,#6005,#6006));
#2889=EDGE_LOOP('',(#6007,#6008,#6009,#6010,#6011,#6012,#6013,#6014));
#2890=EDGE_LOOP('',(#6015,#6016,#6017,#6018));
#2891=EDGE_LOOP('',(#6019,#6020,#6021,#6022));
#2892=EDGE_LOOP('',(#6023,#6024,#6025,#6026));
#2893=EDGE_LOOP('',(#6027,#6028,#6029,#6030));
#2894=EDGE_LOOP('',(#6031,#6032,#6033,#6034));
#2895=EDGE_LOOP('',(#6035,#6036,#6037,#6038));
#2896=EDGE_LOOP('',(#6039,#6040,#6041,#6042,#6043,#6044,#6045,#6046));
#2897=EDGE_LOOP('',(#6047,#6048,#6049,#6050,#6051,#6052,#6053,#6054));
#2898=EDGE_LOOP('',(#6055,#6056,#6057,#6058));
#2899=EDGE_LOOP('',(#6059,#6060,#6061,#6062));
#2900=EDGE_LOOP('',(#6063,#6064,#6065,#6066));
#2901=EDGE_LOOP('',(#6067,#6068,#6069,#6070));
#2902=EDGE_LOOP('',(#6071,#6072,#6073,#6074));
#2903=EDGE_LOOP('',(#6075,#6076,#6077,#6078));
#2904=EDGE_LOOP('',(#6079,#6080,#6081,#6082,#6083,#6084,#6085,#6086));
#2905=EDGE_LOOP('',(#6087,#6088,#6089,#6090,#6091,#6092,#6093,#6094));
#2906=EDGE_LOOP('',(#6095,#6096,#6097,#6098));
#2907=EDGE_LOOP('',(#6099,#6100,#6101,#6102));
#2908=EDGE_LOOP('',(#6103,#6104,#6105,#6106));
#2909=EDGE_LOOP('',(#6107,#6108,#6109,#6110));
#2910=EDGE_LOOP('',(#6111,#6112,#6113,#6114));
#2911=EDGE_LOOP('',(#6115,#6116,#6117,#6118));
#2912=EDGE_LOOP('',(#6119,#6120,#6121,#6122,#6123,#6124,#6125,#6126));
#2913=EDGE_LOOP('',(#6127,#6128,#6129,#6130,#6131,#6132,#6133,#6134));
#2914=EDGE_LOOP('',(#6135,#6136,#6137,#6138));
#2915=EDGE_LOOP('',(#6139,#6140,#6141,#6142));
#2916=EDGE_LOOP('',(#6143,#6144,#6145,#6146));
#2917=EDGE_LOOP('',(#6147,#6148,#6149,#6150));
#2918=EDGE_LOOP('',(#6151,#6152,#6153,#6154));
#2919=EDGE_LOOP('',(#6155,#6156,#6157,#6158));
#2920=EDGE_LOOP('',(#6159,#6160,#6161,#6162,#6163,#6164,#6165,#6166));
#2921=EDGE_LOOP('',(#6167,#6168,#6169,#6170,#6171,#6172,#6173,#6174));
#2922=EDGE_LOOP('',(#6175,#6176,#6177,#6178));
#2923=EDGE_LOOP('',(#6179,#6180,#6181,#6182));
#2924=EDGE_LOOP('',(#6183,#6184,#6185,#6186));
#2925=EDGE_LOOP('',(#6187,#6188,#6189,#6190));
#2926=EDGE_LOOP('',(#6191,#6192,#6193,#6194));
#2927=EDGE_LOOP('',(#6195,#6196,#6197,#6198));
#2928=EDGE_LOOP('',(#6199,#6200,#6201,#6202,#6203,#6204,#6205,#6206));
#2929=EDGE_LOOP('',(#6207,#6208,#6209,#6210,#6211,#6212,#6213,#6214));
#2930=EDGE_LOOP('',(#6215,#6216,#6217,#6218));
#2931=EDGE_LOOP('',(#6219,#6220,#6221,#6222));
#2932=EDGE_LOOP('',(#6223,#6224,#6225,#6226));
#2933=EDGE_LOOP('',(#6227,#6228,#6229,#6230));
#2934=EDGE_LOOP('',(#6231,#6232,#6233,#6234));
#2935=EDGE_LOOP('',(#6235,#6236,#6237,#6238));
#2936=EDGE_LOOP('',(#6239,#6240,#6241,#6242,#6243,#6244,#6245,#6246));
#2937=EDGE_LOOP('',(#6247,#6248,#6249,#6250,#6251,#6252,#6253,#6254));
#2938=EDGE_LOOP('',(#6255,#6256,#6257,#6258));
#2939=EDGE_LOOP('',(#6259,#6260,#6261,#6262));
#2940=EDGE_LOOP('',(#6263,#6264,#6265,#6266));
#2941=EDGE_LOOP('',(#6267,#6268,#6269,#6270));
#2942=EDGE_LOOP('',(#6271,#6272,#6273,#6274));
#2943=EDGE_LOOP('',(#6275,#6276,#6277,#6278));
#2944=EDGE_LOOP('',(#6279,#6280,#6281,#6282,#6283,#6284,#6285,#6286));
#2945=EDGE_LOOP('',(#6287,#6288,#6289,#6290,#6291,#6292,#6293,#6294));
#2946=EDGE_LOOP('',(#6295,#6296,#6297,#6298));
#2947=EDGE_LOOP('',(#6299,#6300,#6301,#6302));
#2948=EDGE_LOOP('',(#6303,#6304,#6305,#6306));
#2949=EDGE_LOOP('',(#6307,#6308,#6309,#6310));
#2950=EDGE_LOOP('',(#6311,#6312,#6313,#6314));
#2951=EDGE_LOOP('',(#6315,#6316,#6317,#6318));
#2952=EDGE_LOOP('',(#6319,#6320,#6321,#6322,#6323,#6324,#6325,#6326));
#2953=EDGE_LOOP('',(#6327,#6328,#6329,#6330,#6331,#6332,#6333,#6334));
#2954=EDGE_LOOP('',(#6335,#6336,#6337,#6338));
#2955=EDGE_LOOP('',(#6339,#6340,#6341,#6342));
#2956=EDGE_LOOP('',(#6343,#6344,#6345,#6346));
#2957=EDGE_LOOP('',(#6347,#6348,#6349,#6350));
#2958=EDGE_LOOP('',(#6351,#6352,#6353,#6354));
#2959=EDGE_LOOP('',(#6355,#6356,#6357,#6358,#6359,#6360,#6361,#6362,#6363,
#6364,#6365,#6366,#6367,#6368));
#2960=EDGE_LOOP('',(#6369,#6370,#6371,#6372));
#2961=EDGE_LOOP('',(#6373,#6374,#6375,#6376,#6377,#6378,#6379,#6380,#6381,
#6382,#6383,#6384,#6385,#6386,#6387,#6388));
#2962=EDGE_LOOP('',(#6389,#6390,#6391,#6392,#6393,#6394,#6395,#6396,#6397,
#6398,#6399,#6400,#6401,#6402));
#2963=EDGE_LOOP('',(#6403,#6404,#6405,#6406));
#2964=EDGE_LOOP('',(#6407,#6408,#6409,#6410));
#2965=EDGE_LOOP('',(#6411,#6412,#6413,#6414,#6415,#6416,#6417,#6418,#6419,
#6420));
#2966=EDGE_LOOP('',(#6421,#6422,#6423,#6424,#6425,#6426,#6427,#6428,#6429,
#6430));
#2967=EDGE_LOOP('',(#6431,#6432,#6433,#6434,#6435,#6436,#6437,#6438,#6439));
#2968=EDGE_LOOP('',(#6440,#6441,#6442,#6443));
#2969=EDGE_LOOP('',(#6444,#6445,#6446,#6447,#6448,#6449,#6450,#6451,#6452,
#6453));
#2970=EDGE_LOOP('',(#6454,#6455,#6456,#6457,#6458,#6459,#6460,#6461,#6462,
#6463,#6464,#6465,#6466,#6467,#6468,#6469,#6470,#6471,#6472,#6473,#6474,
#6475,#6476,#6477,#6478,#6479,#6480,#6481,#6482,#6483,#6484,#6485,#6486,
#6487,#6488,#6489,#6490,#6491,#6492,#6493,#6494,#6495,#6496,#6497,#6498,
#6499,#6500,#6501,#6502,#6503,#6504,#6505,#6506,#6507,#6508,#6509,#6510,
#6511,#6512,#6513,#6514,#6515,#6516,#6517,#6518,#6519,#6520,#6521,#6522,
#6523,#6524,#6525,#6526,#6527,#6528,#6529,#6530,#6531,#6532,#6533,#6534,
#6535,#6536,#6537,#6538,#6539,#6540,#6541,#6542,#6543,#6544,#6545,#6546,
#6547,#6548,#6549,#6550,#6551,#6552,#6553,#6554,#6555,#6556,#6557,#6558,
#6559,#6560,#6561,#6562,#6563,#6564,#6565,#6566,#6567,#6568,#6569,#6570,
#6571,#6572,#6573,#6574,#6575,#6576,#6577));
#2971=EDGE_LOOP('',(#6578,#6579,#6580,#6581,#6582,#6583));
#2972=EDGE_LOOP('',(#6584,#6585,#6586,#6587));
#2973=EDGE_LOOP('',(#6588,#6589,#6590,#6591));
#2974=EDGE_LOOP('',(#6592,#6593,#6594,#6595,#6596,#6597));
#2975=EDGE_LOOP('',(#6598,#6599,#6600,#6601,#6602,#6603));
#2976=EDGE_LOOP('',(#6604,#6605,#6606,#6607,#6608,#6609,#6610,#6611));
#2977=EDGE_LOOP('',(#6612,#6613,#6614,#6615,#6616,#6617));
#2978=EDGE_LOOP('',(#6618,#6619,#6620,#6621));
#2979=EDGE_LOOP('',(#6622,#6623,#6624,#6625));
#2980=EDGE_LOOP('',(#6626,#6627,#6628,#6629,#6630,#6631));
#2981=EDGE_LOOP('',(#6632,#6633,#6634,#6635));
#2982=EDGE_LOOP('',(#6636,#6637,#6638,#6639,#6640,#6641,#6642,#6643));
#2983=EDGE_LOOP('',(#6644,#6645,#6646,#6647,#6648,#6649,#6650));
#2984=EDGE_LOOP('',(#6651,#6652,#6653,#6654,#6655,#6656,#6657));
#2985=EDGE_LOOP('',(#6658,#6659,#6660,#6661,#6662,#6663,#6664));
#2986=EDGE_LOOP('',(#6665,#6666,#6667,#6668,#6669,#6670,#6671,#6672));
#2987=EDGE_LOOP('',(#6673,#6674,#6675,#6676,#6677,#6678,#6679));
#2988=EDGE_LOOP('',(#6680,#6681,#6682,#6683));
#2989=EDGE_LOOP('',(#6684,#6685,#6686,#6687));
#2990=EDGE_LOOP('',(#6688,#6689,#6690,#6691));
#2991=EDGE_LOOP('',(#6692,#6693,#6694,#6695));
#2992=EDGE_LOOP('',(#6696,#6697,#6698,#6699,#6700,#6701,#6702,#6703,#6704,
#6705));
#2993=EDGE_LOOP('',(#6706,#6707,#6708,#6709));
#2994=EDGE_LOOP('',(#6710,#6711,#6712,#6713));
#2995=EDGE_LOOP('',(#6714,#6715,#6716,#6717));
#2996=EDGE_LOOP('',(#6718,#6719,#6720,#6721));
#2997=EDGE_LOOP('',(#6722,#6723,#6724,#6725));
#2998=EDGE_LOOP('',(#6726,#6727,#6728,#6729));
#2999=EDGE_LOOP('',(#6730,#6731,#6732,#6733));
#3000=EDGE_LOOP('',(#6734,#6735,#6736,#6737,#6738,#6739));
#3001=EDGE_LOOP('',(#6740,#6741,#6742,#6743,#6744,#6745));
#3002=EDGE_LOOP('',(#6746,#6747,#6748,#6749,#6750,#6751,#6752));
#3003=EDGE_LOOP('',(#6753,#6754,#6755,#6756));
#3004=EDGE_LOOP('',(#6757,#6758,#6759,#6760));
#3005=EDGE_LOOP('',(#6761,#6762,#6763,#6764));
#3006=EDGE_LOOP('',(#6765,#6766,#6767,#6768));
#3007=EDGE_LOOP('',(#6769,#6770,#6771,#6772));
#3008=EDGE_LOOP('',(#6773,#6774,#6775,#6776));
#3009=EDGE_LOOP('',(#6777,#6778,#6779,#6780,#6781,#6782));
#3010=EDGE_LOOP('',(#6783,#6784,#6785,#6786));
#3011=EDGE_LOOP('',(#6787,#6788,#6789,#6790));
#3012=EDGE_LOOP('',(#6791,#6792,#6793,#6794));
#3013=EDGE_LOOP('',(#6795,#6796,#6797,#6798,#6799,#6800,#6801,#6802,#6803));
#3014=EDGE_LOOP('',(#6804,#6805,#6806,#6807,#6808,#6809,#6810,#6811,#6812,
#6813));
#3015=EDGE_LOOP('',(#6814,#6815,#6816,#6817,#6818,#6819));
#3016=EDGE_LOOP('',(#6820,#6821,#6822,#6823));
#3017=EDGE_LOOP('',(#6824,#6825,#6826,#6827));
#3018=EDGE_LOOP('',(#6828,#6829,#6830,#6831));
#3019=EDGE_LOOP('',(#6832,#6833,#6834,#6835,#6836,#6837,#6838));
#3020=EDGE_LOOP('',(#6839,#6840,#6841,#6842));
#3021=EDGE_LOOP('',(#6843,#6844,#6845,#6846));
#3022=EDGE_LOOP('',(#6847,#6848,#6849,#6850));
#3023=EDGE_LOOP('',(#6851,#6852,#6853,#6854));
#3024=EDGE_LOOP('',(#6855,#6856,#6857,#6858));
#3025=EDGE_LOOP('',(#6859,#6860,#6861,#6862));
#3026=EDGE_LOOP('',(#6863,#6864,#6865,#6866,#6867,#6868));
#3027=EDGE_LOOP('',(#6869,#6870,#6871,#6872));
#3028=EDGE_LOOP('',(#6873,#6874,#6875,#6876));
#3029=EDGE_LOOP('',(#6877,#6878,#6879,#6880));
#3030=EDGE_LOOP('',(#6881,#6882,#6883,#6884));
#3031=EDGE_LOOP('',(#6885,#6886,#6887,#6888));
#3032=EDGE_LOOP('',(#6889,#6890,#6891,#6892));
#3033=EDGE_LOOP('',(#6893,#6894,#6895));
#3034=EDGE_LOOP('',(#6896,#6897,#6898,#6899));
#3035=EDGE_LOOP('',(#6900,#6901,#6902,#6903));
#3036=EDGE_LOOP('',(#6904,#6905,#6906,#6907));
#3037=EDGE_LOOP('',(#6908,#6909,#6910,#6911));
#3038=EDGE_LOOP('',(#6912,#6913,#6914,#6915));
#3039=EDGE_LOOP('',(#6916,#6917,#6918,#6919,#6920,#6921,#6922,#6923));
#3040=EDGE_LOOP('',(#6924,#6925,#6926,#6927));
#3041=EDGE_LOOP('',(#6928,#6929,#6930,#6931,#6932,#6933,#6934,#6935,#6936,
#6937));
#3042=EDGE_LOOP('',(#6938,#6939,#6940,#6941,#6942,#6943,#6944,#6945,#6946,
#6947));
#3043=EDGE_LOOP('',(#6948,#6949,#6950,#6951));
#3044=EDGE_LOOP('',(#6952,#6953,#6954,#6955,#6956,#6957));
#3045=EDGE_LOOP('',(#6958,#6959,#6960,#6961,#6962,#6963,#6964,#6965));
#3046=EDGE_LOOP('',(#6966,#6967,#6968,#6969,#6970,#6971));
#3047=EDGE_LOOP('',(#6972,#6973,#6974,#6975));
#3048=EDGE_LOOP('',(#6976,#6977,#6978,#6979));
#3049=EDGE_LOOP('',(#6980,#6981,#6982,#6983));
#3050=EDGE_LOOP('',(#6984,#6985,#6986,#6987));
#3051=EDGE_LOOP('',(#6988,#6989,#6990,#6991));
#3052=EDGE_LOOP('',(#6992,#6993,#6994,#6995,#6996,#6997,#6998,#6999,#7000,
#7001,#7002,#7003,#7004,#7005,#7006,#7007));
#3053=EDGE_LOOP('',(#7008,#7009,#7010,#7011));
#3054=EDGE_LOOP('',(#7012,#7013,#7014,#7015));
#3055=EDGE_LOOP('',(#7016,#7017,#7018,#7019));
#3056=EDGE_LOOP('',(#7020,#7021,#7022,#7023));
#3057=EDGE_LOOP('',(#7024,#7025,#7026,#7027));
#3058=EDGE_LOOP('',(#7028,#7029,#7030,#7031));
#3059=EDGE_LOOP('',(#7032,#7033,#7034,#7035));
#3060=EDGE_LOOP('',(#7036,#7037,#7038,#7039));
#3061=EDGE_LOOP('',(#7040,#7041,#7042,#7043));
#3062=EDGE_LOOP('',(#7044,#7045,#7046,#7047));
#3063=EDGE_LOOP('',(#7048,#7049,#7050,#7051));
#3064=EDGE_LOOP('',(#7052,#7053,#7054,#7055,#7056,#7057,#7058,#7059,#7060,
#7061));
#3065=EDGE_LOOP('',(#7062,#7063,#7064,#7065,#7066,#7067,#7068,#7069,#7070,
#7071));
#3066=EDGE_LOOP('',(#7072,#7073,#7074,#7075,#7076,#7077,#7078,#7079));
#3067=EDGE_LOOP('',(#7080,#7081,#7082,#7083,#7084,#7085));
#3068=EDGE_LOOP('',(#7086,#7087,#7088,#7089));
#3069=EDGE_LOOP('',(#7090,#7091,#7092,#7093));
#3070=EDGE_LOOP('',(#7094,#7095,#7096,#7097));
#3071=EDGE_LOOP('',(#7098,#7099,#7100,#7101));
#3072=EDGE_LOOP('',(#7102,#7103,#7104,#7105));
#3073=EDGE_LOOP('',(#7106,#7107,#7108,#7109,#7110,#7111));
#3074=EDGE_LOOP('',(#7112,#7113,#7114,#7115,#7116,#7117,#7118,#7119));
#3075=EDGE_LOOP('',(#7120,#7121,#7122,#7123,#7124,#7125,#7126,#7127,#7128,
#7129,#7130,#7131,#7132,#7133,#7134,#7135));
#3076=EDGE_LOOP('',(#7136,#7137,#7138,#7139));
#3077=EDGE_LOOP('',(#7140,#7141,#7142,#7143));
#3078=EDGE_LOOP('',(#7144,#7145,#7146,#7147));
#3079=EDGE_LOOP('',(#7148,#7149,#7150,#7151));
#3080=ORIENTED_EDGE('',*,*,#8504,.F.);
#3081=ORIENTED_EDGE('',*,*,#8505,.T.);
#3082=ORIENTED_EDGE('',*,*,#8506,.F.);
#3083=ORIENTED_EDGE('',*,*,#8507,.T.);
#3084=ORIENTED_EDGE('',*,*,#8508,.F.);
#3085=ORIENTED_EDGE('',*,*,#8509,.T.);
#3086=ORIENTED_EDGE('',*,*,#8510,.F.);
#3087=ORIENTED_EDGE('',*,*,#8511,.T.);
#3088=ORIENTED_EDGE('',*,*,#8512,.T.);
#3089=ORIENTED_EDGE('',*,*,#8513,.F.);
#3090=ORIENTED_EDGE('',*,*,#8514,.T.);
#3091=ORIENTED_EDGE('',*,*,#8515,.F.);
#3092=ORIENTED_EDGE('',*,*,#8516,.F.);
#3093=ORIENTED_EDGE('',*,*,#8517,.F.);
#3094=ORIENTED_EDGE('',*,*,#8518,.T.);
#3095=ORIENTED_EDGE('',*,*,#8519,.F.);
#3096=ORIENTED_EDGE('',*,*,#8520,.F.);
#3097=ORIENTED_EDGE('',*,*,#8521,.T.);
#3098=ORIENTED_EDGE('',*,*,#8522,.F.);
#3099=ORIENTED_EDGE('',*,*,#8523,.F.);
#3100=ORIENTED_EDGE('',*,*,#8524,.F.);
#3101=ORIENTED_EDGE('',*,*,#8525,.T.);
#3102=ORIENTED_EDGE('',*,*,#8526,.F.);
#3103=ORIENTED_EDGE('',*,*,#8527,.T.);
#3104=ORIENTED_EDGE('',*,*,#8528,.F.);
#3105=ORIENTED_EDGE('',*,*,#8529,.T.);
#3106=ORIENTED_EDGE('',*,*,#8530,.F.);
#3107=ORIENTED_EDGE('',*,*,#8531,.F.);
#3108=ORIENTED_EDGE('',*,*,#8532,.F.);
#3109=ORIENTED_EDGE('',*,*,#8533,.T.);
#3110=ORIENTED_EDGE('',*,*,#8534,.T.);
#3111=ORIENTED_EDGE('',*,*,#8535,.F.);
#3112=ORIENTED_EDGE('',*,*,#8536,.F.);
#3113=ORIENTED_EDGE('',*,*,#8537,.F.);
#3114=ORIENTED_EDGE('',*,*,#8538,.F.);
#3115=ORIENTED_EDGE('',*,*,#8539,.F.);
#3116=ORIENTED_EDGE('',*,*,#8524,.T.);
#3117=ORIENTED_EDGE('',*,*,#8540,.T.);
#3118=ORIENTED_EDGE('',*,*,#8515,.T.);
#3119=ORIENTED_EDGE('',*,*,#8541,.F.);
#3120=ORIENTED_EDGE('',*,*,#8542,.F.);
#3121=ORIENTED_EDGE('',*,*,#8543,.F.);
#3122=ORIENTED_EDGE('',*,*,#8544,.F.);
#3123=ORIENTED_EDGE('',*,*,#8545,.F.);
#3124=ORIENTED_EDGE('',*,*,#8546,.T.);
#3125=ORIENTED_EDGE('',*,*,#8547,.T.);
#3126=ORIENTED_EDGE('',*,*,#8548,.T.);
#3127=ORIENTED_EDGE('',*,*,#8528,.T.);
#3128=ORIENTED_EDGE('',*,*,#8549,.F.);
#3129=ORIENTED_EDGE('',*,*,#8504,.T.);
#3130=ORIENTED_EDGE('',*,*,#8550,.T.);
#3131=ORIENTED_EDGE('',*,*,#8551,.T.);
#3132=ORIENTED_EDGE('',*,*,#8552,.T.);
#3133=ORIENTED_EDGE('',*,*,#8553,.T.);
#3134=ORIENTED_EDGE('',*,*,#8554,.F.);
#3135=ORIENTED_EDGE('',*,*,#8555,.F.);
#3136=ORIENTED_EDGE('',*,*,#8556,.T.);
#3137=ORIENTED_EDGE('',*,*,#8557,.T.);
#3138=ORIENTED_EDGE('',*,*,#8552,.F.);
#3139=ORIENTED_EDGE('',*,*,#8558,.F.);
#3140=ORIENTED_EDGE('',*,*,#8559,.F.);
#3141=ORIENTED_EDGE('',*,*,#8560,.T.);
#3142=ORIENTED_EDGE('',*,*,#8546,.F.);
#3143=ORIENTED_EDGE('',*,*,#8561,.F.);
#3144=ORIENTED_EDGE('',*,*,#8562,.F.);
#3145=ORIENTED_EDGE('',*,*,#8563,.F.);
#3146=ORIENTED_EDGE('',*,*,#8564,.T.);
#3147=ORIENTED_EDGE('',*,*,#8565,.F.);
#3148=ORIENTED_EDGE('',*,*,#8566,.F.);
#3149=ORIENTED_EDGE('',*,*,#8567,.T.);
#3150=ORIENTED_EDGE('',*,*,#8568,.T.);
#3151=ORIENTED_EDGE('',*,*,#8569,.F.);
#3152=ORIENTED_EDGE('',*,*,#8570,.T.);
#3153=ORIENTED_EDGE('',*,*,#8571,.T.);
#3154=ORIENTED_EDGE('',*,*,#8572,.F.);
#3155=ORIENTED_EDGE('',*,*,#8573,.F.);
#3156=ORIENTED_EDGE('',*,*,#8574,.F.);
#3157=ORIENTED_EDGE('',*,*,#8575,.T.);
#3158=ORIENTED_EDGE('',*,*,#8576,.T.);
#3159=ORIENTED_EDGE('',*,*,#8577,.T.);
#3160=ORIENTED_EDGE('',*,*,#8578,.T.);
#3161=ORIENTED_EDGE('',*,*,#8579,.T.);
#3162=ORIENTED_EDGE('',*,*,#8580,.T.);
#3163=ORIENTED_EDGE('',*,*,#8581,.T.);
#3164=ORIENTED_EDGE('',*,*,#8582,.F.);
#3165=ORIENTED_EDGE('',*,*,#8583,.T.);
#3166=ORIENTED_EDGE('',*,*,#8584,.F.);
#3167=ORIENTED_EDGE('',*,*,#8585,.T.);
#3168=ORIENTED_EDGE('',*,*,#8586,.T.);
#3169=ORIENTED_EDGE('',*,*,#8587,.F.);
#3170=ORIENTED_EDGE('',*,*,#8588,.T.);
#3171=ORIENTED_EDGE('',*,*,#8589,.T.);
#3172=ORIENTED_EDGE('',*,*,#8590,.F.);
#3173=ORIENTED_EDGE('',*,*,#8591,.T.);
#3174=ORIENTED_EDGE('',*,*,#8592,.T.);
#3175=ORIENTED_EDGE('',*,*,#8593,.F.);
#3176=ORIENTED_EDGE('',*,*,#8594,.T.);
#3177=ORIENTED_EDGE('',*,*,#8595,.F.);
#3178=ORIENTED_EDGE('',*,*,#8596,.F.);
#3179=ORIENTED_EDGE('',*,*,#8597,.F.);
#3180=ORIENTED_EDGE('',*,*,#8598,.F.);
#3181=ORIENTED_EDGE('',*,*,#8599,.F.);
#3182=ORIENTED_EDGE('',*,*,#8600,.T.);
#3183=ORIENTED_EDGE('',*,*,#8601,.F.);
#3184=ORIENTED_EDGE('',*,*,#8602,.F.);
#3185=ORIENTED_EDGE('',*,*,#8603,.F.);
#3186=ORIENTED_EDGE('',*,*,#8604,.F.);
#3187=ORIENTED_EDGE('',*,*,#8582,.T.);
#3188=ORIENTED_EDGE('',*,*,#8605,.T.);
#3189=ORIENTED_EDGE('',*,*,#8571,.F.);
#3190=ORIENTED_EDGE('',*,*,#8606,.F.);
#3191=ORIENTED_EDGE('',*,*,#8580,.F.);
#3192=ORIENTED_EDGE('',*,*,#8607,.T.);
#3193=ORIENTED_EDGE('',*,*,#8608,.F.);
#3194=ORIENTED_EDGE('',*,*,#8609,.F.);
#3195=ORIENTED_EDGE('',*,*,#8610,.F.);
#3196=ORIENTED_EDGE('',*,*,#8611,.F.);
#3197=ORIENTED_EDGE('',*,*,#8612,.F.);
#3198=ORIENTED_EDGE('',*,*,#8613,.F.);
#3199=ORIENTED_EDGE('',*,*,#8614,.F.);
#3200=ORIENTED_EDGE('',*,*,#8615,.F.);
#3201=ORIENTED_EDGE('',*,*,#8616,.T.);
#3202=ORIENTED_EDGE('',*,*,#8617,.F.);
#3203=ORIENTED_EDGE('',*,*,#8618,.F.);
#3204=ORIENTED_EDGE('',*,*,#8619,.T.);
#3205=ORIENTED_EDGE('',*,*,#8595,.T.);
#3206=ORIENTED_EDGE('',*,*,#8620,.F.);
#3207=ORIENTED_EDGE('',*,*,#8609,.T.);
#3208=ORIENTED_EDGE('',*,*,#8621,.T.);
#3209=ORIENTED_EDGE('',*,*,#8622,.T.);
#3210=ORIENTED_EDGE('',*,*,#8623,.F.);
#3211=ORIENTED_EDGE('',*,*,#8617,.T.);
#3212=ORIENTED_EDGE('',*,*,#8624,.T.);
#3213=ORIENTED_EDGE('',*,*,#8625,.T.);
#3214=ORIENTED_EDGE('',*,*,#8626,.T.);
#3215=ORIENTED_EDGE('',*,*,#8627,.T.);
#3216=ORIENTED_EDGE('',*,*,#8628,.T.);
#3217=ORIENTED_EDGE('',*,*,#8629,.F.);
#3218=ORIENTED_EDGE('',*,*,#8630,.F.);
#3219=ORIENTED_EDGE('',*,*,#8631,.F.);
#3220=ORIENTED_EDGE('',*,*,#8632,.T.);
#3221=ORIENTED_EDGE('',*,*,#8633,.T.);
#3222=ORIENTED_EDGE('',*,*,#8634,.F.);
#3223=ORIENTED_EDGE('',*,*,#8635,.F.);
#3224=ORIENTED_EDGE('',*,*,#8636,.F.);
#3225=ORIENTED_EDGE('',*,*,#8637,.T.);
#3226=ORIENTED_EDGE('',*,*,#8638,.F.);
#3227=ORIENTED_EDGE('',*,*,#8639,.T.);
#3228=ORIENTED_EDGE('',*,*,#8596,.T.);
#3229=ORIENTED_EDGE('',*,*,#8619,.F.);
#3230=ORIENTED_EDGE('',*,*,#8640,.F.);
#3231=ORIENTED_EDGE('',*,*,#8641,.T.);
#3232=ORIENTED_EDGE('',*,*,#8642,.T.);
#3233=ORIENTED_EDGE('',*,*,#8643,.T.);
#3234=ORIENTED_EDGE('',*,*,#8644,.T.);
#3235=ORIENTED_EDGE('',*,*,#8645,.F.);
#3236=ORIENTED_EDGE('',*,*,#8512,.F.);
#3237=ORIENTED_EDGE('',*,*,#8646,.T.);
#3238=ORIENTED_EDGE('',*,*,#8647,.F.);
#3239=ORIENTED_EDGE('',*,*,#8648,.F.);
#3240=ORIENTED_EDGE('',*,*,#8649,.F.);
#3241=ORIENTED_EDGE('',*,*,#8650,.T.);
#3242=ORIENTED_EDGE('',*,*,#8651,.F.);
#3243=ORIENTED_EDGE('',*,*,#8652,.T.);
#3244=ORIENTED_EDGE('',*,*,#8653,.F.);
#3245=ORIENTED_EDGE('',*,*,#8550,.F.);
#3246=ORIENTED_EDGE('',*,*,#8536,.T.);
#3247=ORIENTED_EDGE('',*,*,#8654,.T.);
#3248=ORIENTED_EDGE('',*,*,#8516,.T.);
#3249=ORIENTED_EDGE('',*,*,#8540,.F.);
#3250=ORIENTED_EDGE('',*,*,#8592,.F.);
#3251=ORIENTED_EDGE('',*,*,#8655,.T.);
#3252=ORIENTED_EDGE('',*,*,#8572,.T.);
#3253=ORIENTED_EDGE('',*,*,#8605,.F.);
#3254=ORIENTED_EDGE('',*,*,#8656,.F.);
#3255=ORIENTED_EDGE('',*,*,#8657,.T.);
#3256=ORIENTED_EDGE('',*,*,#8658,.T.);
#3257=ORIENTED_EDGE('',*,*,#8659,.F.);
#3258=ORIENTED_EDGE('',*,*,#8660,.F.);
#3259=ORIENTED_EDGE('',*,*,#8661,.T.);
#3260=ORIENTED_EDGE('',*,*,#8662,.T.);
#3261=ORIENTED_EDGE('',*,*,#8663,.F.);
#3262=ORIENTED_EDGE('',*,*,#8664,.F.);
#3263=ORIENTED_EDGE('',*,*,#8665,.T.);
#3264=ORIENTED_EDGE('',*,*,#8666,.T.);
#3265=ORIENTED_EDGE('',*,*,#8667,.F.);
#3266=ORIENTED_EDGE('',*,*,#8668,.F.);
#3267=ORIENTED_EDGE('',*,*,#8669,.T.);
#3268=ORIENTED_EDGE('',*,*,#8670,.T.);
#3269=ORIENTED_EDGE('',*,*,#8671,.F.);
#3270=ORIENTED_EDGE('',*,*,#8672,.F.);
#3271=ORIENTED_EDGE('',*,*,#8673,.T.);
#3272=ORIENTED_EDGE('',*,*,#8674,.T.);
#3273=ORIENTED_EDGE('',*,*,#8675,.F.);
#3274=ORIENTED_EDGE('',*,*,#8676,.F.);
#3275=ORIENTED_EDGE('',*,*,#8677,.T.);
#3276=ORIENTED_EDGE('',*,*,#8678,.T.);
#3277=ORIENTED_EDGE('',*,*,#8679,.F.);
#3278=ORIENTED_EDGE('',*,*,#8680,.F.);
#3279=ORIENTED_EDGE('',*,*,#8681,.T.);
#3280=ORIENTED_EDGE('',*,*,#8682,.T.);
#3281=ORIENTED_EDGE('',*,*,#8683,.F.);
#3282=ORIENTED_EDGE('',*,*,#8684,.F.);
#3283=ORIENTED_EDGE('',*,*,#8685,.T.);
#3284=ORIENTED_EDGE('',*,*,#8686,.T.);
#3285=ORIENTED_EDGE('',*,*,#8687,.F.);
#3286=ORIENTED_EDGE('',*,*,#8688,.F.);
#3287=ORIENTED_EDGE('',*,*,#8689,.T.);
#3288=ORIENTED_EDGE('',*,*,#8690,.T.);
#3289=ORIENTED_EDGE('',*,*,#8691,.F.);
#3290=ORIENTED_EDGE('',*,*,#8692,.F.);
#3291=ORIENTED_EDGE('',*,*,#8693,.T.);
#3292=ORIENTED_EDGE('',*,*,#8694,.T.);
#3293=ORIENTED_EDGE('',*,*,#8695,.F.);
#3294=ORIENTED_EDGE('',*,*,#8696,.F.);
#3295=ORIENTED_EDGE('',*,*,#8697,.T.);
#3296=ORIENTED_EDGE('',*,*,#8698,.T.);
#3297=ORIENTED_EDGE('',*,*,#8699,.F.);
#3298=ORIENTED_EDGE('',*,*,#8700,.F.);
#3299=ORIENTED_EDGE('',*,*,#8701,.T.);
#3300=ORIENTED_EDGE('',*,*,#8702,.T.);
#3301=ORIENTED_EDGE('',*,*,#8703,.F.);
#3302=ORIENTED_EDGE('',*,*,#8704,.F.);
#3303=ORIENTED_EDGE('',*,*,#8705,.T.);
#3304=ORIENTED_EDGE('',*,*,#8706,.T.);
#3305=ORIENTED_EDGE('',*,*,#8707,.F.);
#3306=ORIENTED_EDGE('',*,*,#8708,.F.);
#3307=ORIENTED_EDGE('',*,*,#8709,.T.);
#3308=ORIENTED_EDGE('',*,*,#8710,.T.);
#3309=ORIENTED_EDGE('',*,*,#8711,.F.);
#3310=ORIENTED_EDGE('',*,*,#8712,.F.);
#3311=ORIENTED_EDGE('',*,*,#8713,.T.);
#3312=ORIENTED_EDGE('',*,*,#8714,.T.);
#3313=ORIENTED_EDGE('',*,*,#8715,.F.);
#3314=ORIENTED_EDGE('',*,*,#8716,.F.);
#3315=ORIENTED_EDGE('',*,*,#8717,.T.);
#3316=ORIENTED_EDGE('',*,*,#8718,.T.);
#3317=ORIENTED_EDGE('',*,*,#8719,.F.);
#3318=ORIENTED_EDGE('',*,*,#8720,.F.);
#3319=ORIENTED_EDGE('',*,*,#8721,.T.);
#3320=ORIENTED_EDGE('',*,*,#8722,.T.);
#3321=ORIENTED_EDGE('',*,*,#8723,.F.);
#3322=ORIENTED_EDGE('',*,*,#8724,.F.);
#3323=ORIENTED_EDGE('',*,*,#8725,.T.);
#3324=ORIENTED_EDGE('',*,*,#8726,.T.);
#3325=ORIENTED_EDGE('',*,*,#8727,.F.);
#3326=ORIENTED_EDGE('',*,*,#8728,.F.);
#3327=ORIENTED_EDGE('',*,*,#8729,.T.);
#3328=ORIENTED_EDGE('',*,*,#8730,.T.);
#3329=ORIENTED_EDGE('',*,*,#8731,.F.);
#3330=ORIENTED_EDGE('',*,*,#8732,.F.);
#3331=ORIENTED_EDGE('',*,*,#8733,.T.);
#3332=ORIENTED_EDGE('',*,*,#8734,.T.);
#3333=ORIENTED_EDGE('',*,*,#8735,.F.);
#3334=ORIENTED_EDGE('',*,*,#8736,.F.);
#3335=ORIENTED_EDGE('',*,*,#8737,.T.);
#3336=ORIENTED_EDGE('',*,*,#8738,.T.);
#3337=ORIENTED_EDGE('',*,*,#8739,.F.);
#3338=ORIENTED_EDGE('',*,*,#8740,.F.);
#3339=ORIENTED_EDGE('',*,*,#8741,.T.);
#3340=ORIENTED_EDGE('',*,*,#8742,.T.);
#3341=ORIENTED_EDGE('',*,*,#8743,.F.);
#3342=ORIENTED_EDGE('',*,*,#8744,.F.);
#3343=ORIENTED_EDGE('',*,*,#8745,.T.);
#3344=ORIENTED_EDGE('',*,*,#8746,.T.);
#3345=ORIENTED_EDGE('',*,*,#8747,.F.);
#3346=ORIENTED_EDGE('',*,*,#8748,.F.);
#3347=ORIENTED_EDGE('',*,*,#8749,.T.);
#3348=ORIENTED_EDGE('',*,*,#8750,.T.);
#3349=ORIENTED_EDGE('',*,*,#8751,.F.);
#3350=ORIENTED_EDGE('',*,*,#8752,.F.);
#3351=ORIENTED_EDGE('',*,*,#8753,.T.);
#3352=ORIENTED_EDGE('',*,*,#8754,.T.);
#3353=ORIENTED_EDGE('',*,*,#8755,.F.);
#3354=ORIENTED_EDGE('',*,*,#8756,.F.);
#3355=ORIENTED_EDGE('',*,*,#8757,.T.);
#3356=ORIENTED_EDGE('',*,*,#8758,.T.);
#3357=ORIENTED_EDGE('',*,*,#8759,.F.);
#3358=ORIENTED_EDGE('',*,*,#8760,.T.);
#3359=ORIENTED_EDGE('',*,*,#8761,.T.);
#3360=ORIENTED_EDGE('',*,*,#8762,.T.);
#3361=ORIENTED_EDGE('',*,*,#8763,.F.);
#3362=ORIENTED_EDGE('',*,*,#8764,.T.);
#3363=ORIENTED_EDGE('',*,*,#8765,.T.);
#3364=ORIENTED_EDGE('',*,*,#8766,.F.);
#3365=ORIENTED_EDGE('',*,*,#8767,.F.);
#3366=ORIENTED_EDGE('',*,*,#8768,.F.);
#3367=ORIENTED_EDGE('',*,*,#8769,.T.);
#3368=ORIENTED_EDGE('',*,*,#8770,.F.);
#3369=ORIENTED_EDGE('',*,*,#8771,.T.);
#3370=ORIENTED_EDGE('',*,*,#8772,.F.);
#3371=ORIENTED_EDGE('',*,*,#8773,.T.);
#3372=ORIENTED_EDGE('',*,*,#8774,.F.);
#3373=ORIENTED_EDGE('',*,*,#8775,.F.);
#3374=ORIENTED_EDGE('',*,*,#8776,.T.);
#3375=ORIENTED_EDGE('',*,*,#8531,.T.);
#3376=ORIENTED_EDGE('',*,*,#8777,.T.);
#3377=ORIENTED_EDGE('',*,*,#8519,.T.);
#3378=ORIENTED_EDGE('',*,*,#8778,.F.);
#3379=ORIENTED_EDGE('',*,*,#8520,.T.);
#3380=ORIENTED_EDGE('',*,*,#8777,.F.);
#3381=ORIENTED_EDGE('',*,*,#8530,.T.);
#3382=ORIENTED_EDGE('',*,*,#8779,.F.);
#3383=ORIENTED_EDGE('',*,*,#8508,.T.);
#3384=ORIENTED_EDGE('',*,*,#8780,.T.);
#3385=ORIENTED_EDGE('',*,*,#8522,.T.);
#3386=ORIENTED_EDGE('',*,*,#8781,.F.);
#3387=ORIENTED_EDGE('',*,*,#8782,.T.);
#3388=ORIENTED_EDGE('',*,*,#8783,.F.);
#3389=ORIENTED_EDGE('',*,*,#8784,.F.);
#3390=ORIENTED_EDGE('',*,*,#8785,.T.);
#3391=ORIENTED_EDGE('',*,*,#8547,.F.);
#3392=ORIENTED_EDGE('',*,*,#8786,.F.);
#3393=ORIENTED_EDGE('',*,*,#8608,.T.);
#3394=ORIENTED_EDGE('',*,*,#8787,.T.);
#3395=ORIENTED_EDGE('',*,*,#8788,.T.);
#3396=ORIENTED_EDGE('',*,*,#8789,.F.);
#3397=ORIENTED_EDGE('',*,*,#8790,.T.);
#3398=ORIENTED_EDGE('',*,*,#8791,.T.);
#3399=ORIENTED_EDGE('',*,*,#8792,.T.);
#3400=ORIENTED_EDGE('',*,*,#8793,.F.);
#3401=ORIENTED_EDGE('',*,*,#8794,.T.);
#3402=ORIENTED_EDGE('',*,*,#8784,.T.);
#3403=ORIENTED_EDGE('',*,*,#8795,.T.);
#3404=ORIENTED_EDGE('',*,*,#8561,.T.);
#3405=ORIENTED_EDGE('',*,*,#8796,.T.);
#3406=ORIENTED_EDGE('',*,*,#8797,.T.);
#3407=ORIENTED_EDGE('',*,*,#8652,.F.);
#3408=ORIENTED_EDGE('',*,*,#8798,.F.);
#3409=ORIENTED_EDGE('',*,*,#8799,.T.);
#3410=ORIENTED_EDGE('',*,*,#8800,.T.);
#3411=ORIENTED_EDGE('',*,*,#8641,.F.);
#3412=ORIENTED_EDGE('',*,*,#8801,.F.);
#3413=ORIENTED_EDGE('',*,*,#8802,.F.);
#3414=ORIENTED_EDGE('',*,*,#8626,.F.);
#3415=ORIENTED_EDGE('',*,*,#8803,.F.);
#3416=ORIENTED_EDGE('',*,*,#8788,.F.);
#3417=ORIENTED_EDGE('',*,*,#8804,.T.);
#3418=ORIENTED_EDGE('',*,*,#8805,.T.);
#3419=ORIENTED_EDGE('',*,*,#8806,.T.);
#3420=ORIENTED_EDGE('',*,*,#8807,.F.);
#3421=ORIENTED_EDGE('',*,*,#8808,.T.);
#3422=ORIENTED_EDGE('',*,*,#8809,.T.);
#3423=ORIENTED_EDGE('',*,*,#8810,.T.);
#3424=ORIENTED_EDGE('',*,*,#8811,.F.);
#3425=ORIENTED_EDGE('',*,*,#8812,.T.);
#3426=ORIENTED_EDGE('',*,*,#8813,.T.);
#3427=ORIENTED_EDGE('',*,*,#8814,.T.);
#3428=ORIENTED_EDGE('',*,*,#8815,.F.);
#3429=ORIENTED_EDGE('',*,*,#8816,.T.);
#3430=ORIENTED_EDGE('',*,*,#8817,.T.);
#3431=ORIENTED_EDGE('',*,*,#8818,.T.);
#3432=ORIENTED_EDGE('',*,*,#8819,.F.);
#3433=ORIENTED_EDGE('',*,*,#8820,.T.);
#3434=ORIENTED_EDGE('',*,*,#8821,.T.);
#3435=ORIENTED_EDGE('',*,*,#8822,.T.);
#3436=ORIENTED_EDGE('',*,*,#8823,.F.);
#3437=ORIENTED_EDGE('',*,*,#8824,.T.);
#3438=ORIENTED_EDGE('',*,*,#8825,.T.);
#3439=ORIENTED_EDGE('',*,*,#8826,.T.);
#3440=ORIENTED_EDGE('',*,*,#8827,.F.);
#3441=ORIENTED_EDGE('',*,*,#8828,.T.);
#3442=ORIENTED_EDGE('',*,*,#8829,.T.);
#3443=ORIENTED_EDGE('',*,*,#8830,.T.);
#3444=ORIENTED_EDGE('',*,*,#8831,.F.);
#3445=ORIENTED_EDGE('',*,*,#8832,.T.);
#3446=ORIENTED_EDGE('',*,*,#8833,.T.);
#3447=ORIENTED_EDGE('',*,*,#8834,.T.);
#3448=ORIENTED_EDGE('',*,*,#8835,.F.);
#3449=ORIENTED_EDGE('',*,*,#8836,.T.);
#3450=ORIENTED_EDGE('',*,*,#8837,.T.);
#3451=ORIENTED_EDGE('',*,*,#8838,.T.);
#3452=ORIENTED_EDGE('',*,*,#8839,.F.);
#3453=ORIENTED_EDGE('',*,*,#8840,.T.);
#3454=ORIENTED_EDGE('',*,*,#8841,.T.);
#3455=ORIENTED_EDGE('',*,*,#8842,.T.);
#3456=ORIENTED_EDGE('',*,*,#8843,.F.);
#3457=ORIENTED_EDGE('',*,*,#8844,.T.);
#3458=ORIENTED_EDGE('',*,*,#8845,.T.);
#3459=ORIENTED_EDGE('',*,*,#8846,.T.);
#3460=ORIENTED_EDGE('',*,*,#8847,.F.);
#3461=ORIENTED_EDGE('',*,*,#8848,.T.);
#3462=ORIENTED_EDGE('',*,*,#8849,.T.);
#3463=ORIENTED_EDGE('',*,*,#8850,.T.);
#3464=ORIENTED_EDGE('',*,*,#8851,.F.);
#3465=ORIENTED_EDGE('',*,*,#8852,.T.);
#3466=ORIENTED_EDGE('',*,*,#8853,.T.);
#3467=ORIENTED_EDGE('',*,*,#8854,.T.);
#3468=ORIENTED_EDGE('',*,*,#8855,.F.);
#3469=ORIENTED_EDGE('',*,*,#8856,.T.);
#3470=ORIENTED_EDGE('',*,*,#8857,.T.);
#3471=ORIENTED_EDGE('',*,*,#8858,.T.);
#3472=ORIENTED_EDGE('',*,*,#8859,.F.);
#3473=ORIENTED_EDGE('',*,*,#8860,.T.);
#3474=ORIENTED_EDGE('',*,*,#8861,.T.);
#3475=ORIENTED_EDGE('',*,*,#8862,.T.);
#3476=ORIENTED_EDGE('',*,*,#8863,.F.);
#3477=ORIENTED_EDGE('',*,*,#8864,.T.);
#3478=ORIENTED_EDGE('',*,*,#8865,.T.);
#3479=ORIENTED_EDGE('',*,*,#8866,.T.);
#3480=ORIENTED_EDGE('',*,*,#8867,.F.);
#3481=ORIENTED_EDGE('',*,*,#8868,.T.);
#3482=ORIENTED_EDGE('',*,*,#8869,.T.);
#3483=ORIENTED_EDGE('',*,*,#8870,.T.);
#3484=ORIENTED_EDGE('',*,*,#8871,.F.);
#3485=ORIENTED_EDGE('',*,*,#8872,.T.);
#3486=ORIENTED_EDGE('',*,*,#8873,.T.);
#3487=ORIENTED_EDGE('',*,*,#8874,.T.);
#3488=ORIENTED_EDGE('',*,*,#8875,.F.);
#3489=ORIENTED_EDGE('',*,*,#8876,.T.);
#3490=ORIENTED_EDGE('',*,*,#8877,.T.);
#3491=ORIENTED_EDGE('',*,*,#8878,.T.);
#3492=ORIENTED_EDGE('',*,*,#8879,.F.);
#3493=ORIENTED_EDGE('',*,*,#8880,.T.);
#3494=ORIENTED_EDGE('',*,*,#8881,.T.);
#3495=ORIENTED_EDGE('',*,*,#8882,.T.);
#3496=ORIENTED_EDGE('',*,*,#8883,.F.);
#3497=ORIENTED_EDGE('',*,*,#8884,.T.);
#3498=ORIENTED_EDGE('',*,*,#8885,.T.);
#3499=ORIENTED_EDGE('',*,*,#8886,.T.);
#3500=ORIENTED_EDGE('',*,*,#8887,.F.);
#3501=ORIENTED_EDGE('',*,*,#8888,.T.);
#3502=ORIENTED_EDGE('',*,*,#8889,.T.);
#3503=ORIENTED_EDGE('',*,*,#8890,.T.);
#3504=ORIENTED_EDGE('',*,*,#8891,.F.);
#3505=ORIENTED_EDGE('',*,*,#8892,.T.);
#3506=ORIENTED_EDGE('',*,*,#8893,.T.);
#3507=ORIENTED_EDGE('',*,*,#8894,.T.);
#3508=ORIENTED_EDGE('',*,*,#8895,.F.);
#3509=ORIENTED_EDGE('',*,*,#8896,.T.);
#3510=ORIENTED_EDGE('',*,*,#8897,.T.);
#3511=ORIENTED_EDGE('',*,*,#8898,.T.);
#3512=ORIENTED_EDGE('',*,*,#8899,.F.);
#3513=ORIENTED_EDGE('',*,*,#8900,.T.);
#3514=ORIENTED_EDGE('',*,*,#8901,.T.);
#3515=ORIENTED_EDGE('',*,*,#8902,.T.);
#3516=ORIENTED_EDGE('',*,*,#8903,.F.);
#3517=ORIENTED_EDGE('',*,*,#8904,.T.);
#3518=ORIENTED_EDGE('',*,*,#8905,.T.);
#3519=ORIENTED_EDGE('',*,*,#8906,.T.);
#3520=ORIENTED_EDGE('',*,*,#8790,.F.);
#3521=ORIENTED_EDGE('',*,*,#8907,.T.);
#3522=ORIENTED_EDGE('',*,*,#8908,.F.);
#3523=ORIENTED_EDGE('',*,*,#8909,.F.);
#3524=ORIENTED_EDGE('',*,*,#8904,.F.);
#3525=ORIENTED_EDGE('',*,*,#8910,.T.);
#3526=ORIENTED_EDGE('',*,*,#8911,.F.);
#3527=ORIENTED_EDGE('',*,*,#8912,.F.);
#3528=ORIENTED_EDGE('',*,*,#8900,.F.);
#3529=ORIENTED_EDGE('',*,*,#8913,.T.);
#3530=ORIENTED_EDGE('',*,*,#8914,.F.);
#3531=ORIENTED_EDGE('',*,*,#8915,.F.);
#3532=ORIENTED_EDGE('',*,*,#8896,.F.);
#3533=ORIENTED_EDGE('',*,*,#8916,.T.);
#3534=ORIENTED_EDGE('',*,*,#8917,.F.);
#3535=ORIENTED_EDGE('',*,*,#8918,.F.);
#3536=ORIENTED_EDGE('',*,*,#8892,.F.);
#3537=ORIENTED_EDGE('',*,*,#8919,.T.);
#3538=ORIENTED_EDGE('',*,*,#8920,.F.);
#3539=ORIENTED_EDGE('',*,*,#8921,.F.);
#3540=ORIENTED_EDGE('',*,*,#8888,.F.);
#3541=ORIENTED_EDGE('',*,*,#8922,.T.);
#3542=ORIENTED_EDGE('',*,*,#8923,.F.);
#3543=ORIENTED_EDGE('',*,*,#8924,.F.);
#3544=ORIENTED_EDGE('',*,*,#8884,.F.);
#3545=ORIENTED_EDGE('',*,*,#8925,.T.);
#3546=ORIENTED_EDGE('',*,*,#8926,.F.);
#3547=ORIENTED_EDGE('',*,*,#8927,.F.);
#3548=ORIENTED_EDGE('',*,*,#8880,.F.);
#3549=ORIENTED_EDGE('',*,*,#8928,.T.);
#3550=ORIENTED_EDGE('',*,*,#8929,.F.);
#3551=ORIENTED_EDGE('',*,*,#8930,.F.);
#3552=ORIENTED_EDGE('',*,*,#8876,.F.);
#3553=ORIENTED_EDGE('',*,*,#8931,.T.);
#3554=ORIENTED_EDGE('',*,*,#8932,.F.);
#3555=ORIENTED_EDGE('',*,*,#8933,.F.);
#3556=ORIENTED_EDGE('',*,*,#8872,.F.);
#3557=ORIENTED_EDGE('',*,*,#8934,.T.);
#3558=ORIENTED_EDGE('',*,*,#8935,.F.);
#3559=ORIENTED_EDGE('',*,*,#8936,.F.);
#3560=ORIENTED_EDGE('',*,*,#8868,.F.);
#3561=ORIENTED_EDGE('',*,*,#8937,.T.);
#3562=ORIENTED_EDGE('',*,*,#8938,.F.);
#3563=ORIENTED_EDGE('',*,*,#8939,.F.);
#3564=ORIENTED_EDGE('',*,*,#8864,.F.);
#3565=ORIENTED_EDGE('',*,*,#8940,.T.);
#3566=ORIENTED_EDGE('',*,*,#8941,.F.);
#3567=ORIENTED_EDGE('',*,*,#8942,.F.);
#3568=ORIENTED_EDGE('',*,*,#8860,.F.);
#3569=ORIENTED_EDGE('',*,*,#8943,.T.);
#3570=ORIENTED_EDGE('',*,*,#8944,.F.);
#3571=ORIENTED_EDGE('',*,*,#8945,.F.);
#3572=ORIENTED_EDGE('',*,*,#8856,.F.);
#3573=ORIENTED_EDGE('',*,*,#8946,.T.);
#3574=ORIENTED_EDGE('',*,*,#8947,.F.);
#3575=ORIENTED_EDGE('',*,*,#8948,.F.);
#3576=ORIENTED_EDGE('',*,*,#8852,.F.);
#3577=ORIENTED_EDGE('',*,*,#8949,.T.);
#3578=ORIENTED_EDGE('',*,*,#8950,.F.);
#3579=ORIENTED_EDGE('',*,*,#8951,.F.);
#3580=ORIENTED_EDGE('',*,*,#8848,.F.);
#3581=ORIENTED_EDGE('',*,*,#8952,.T.);
#3582=ORIENTED_EDGE('',*,*,#8953,.F.);
#3583=ORIENTED_EDGE('',*,*,#8954,.F.);
#3584=ORIENTED_EDGE('',*,*,#8844,.F.);
#3585=ORIENTED_EDGE('',*,*,#8955,.T.);
#3586=ORIENTED_EDGE('',*,*,#8956,.F.);
#3587=ORIENTED_EDGE('',*,*,#8957,.F.);
#3588=ORIENTED_EDGE('',*,*,#8840,.F.);
#3589=ORIENTED_EDGE('',*,*,#8958,.T.);
#3590=ORIENTED_EDGE('',*,*,#8959,.F.);
#3591=ORIENTED_EDGE('',*,*,#8960,.F.);
#3592=ORIENTED_EDGE('',*,*,#8836,.F.);
#3593=ORIENTED_EDGE('',*,*,#8961,.T.);
#3594=ORIENTED_EDGE('',*,*,#8962,.F.);
#3595=ORIENTED_EDGE('',*,*,#8963,.F.);
#3596=ORIENTED_EDGE('',*,*,#8832,.F.);
#3597=ORIENTED_EDGE('',*,*,#8964,.T.);
#3598=ORIENTED_EDGE('',*,*,#8965,.F.);
#3599=ORIENTED_EDGE('',*,*,#8966,.F.);
#3600=ORIENTED_EDGE('',*,*,#8828,.F.);
#3601=ORIENTED_EDGE('',*,*,#8967,.T.);
#3602=ORIENTED_EDGE('',*,*,#8968,.F.);
#3603=ORIENTED_EDGE('',*,*,#8969,.F.);
#3604=ORIENTED_EDGE('',*,*,#8824,.F.);
#3605=ORIENTED_EDGE('',*,*,#8970,.T.);
#3606=ORIENTED_EDGE('',*,*,#8971,.F.);
#3607=ORIENTED_EDGE('',*,*,#8972,.F.);
#3608=ORIENTED_EDGE('',*,*,#8820,.F.);
#3609=ORIENTED_EDGE('',*,*,#8973,.T.);
#3610=ORIENTED_EDGE('',*,*,#8974,.F.);
#3611=ORIENTED_EDGE('',*,*,#8975,.F.);
#3612=ORIENTED_EDGE('',*,*,#8816,.F.);
#3613=ORIENTED_EDGE('',*,*,#8976,.T.);
#3614=ORIENTED_EDGE('',*,*,#8977,.F.);
#3615=ORIENTED_EDGE('',*,*,#8978,.F.);
#3616=ORIENTED_EDGE('',*,*,#8812,.F.);
#3617=ORIENTED_EDGE('',*,*,#8979,.T.);
#3618=ORIENTED_EDGE('',*,*,#8980,.F.);
#3619=ORIENTED_EDGE('',*,*,#8981,.F.);
#3620=ORIENTED_EDGE('',*,*,#8808,.F.);
#3621=ORIENTED_EDGE('',*,*,#8982,.T.);
#3622=ORIENTED_EDGE('',*,*,#8983,.F.);
#3623=ORIENTED_EDGE('',*,*,#8984,.F.);
#3624=ORIENTED_EDGE('',*,*,#8804,.F.);
#3625=ORIENTED_EDGE('',*,*,#8787,.F.);
#3626=ORIENTED_EDGE('',*,*,#8607,.F.);
#3627=ORIENTED_EDGE('',*,*,#8579,.F.);
#3628=ORIENTED_EDGE('',*,*,#8985,.F.);
#3629=ORIENTED_EDGE('',*,*,#8599,.T.);
#3630=ORIENTED_EDGE('',*,*,#8986,.F.);
#3631=ORIENTED_EDGE('',*,*,#8987,.F.);
#3632=ORIENTED_EDGE('',*,*,#8988,.F.);
#3633=ORIENTED_EDGE('',*,*,#8575,.F.);
#3634=ORIENTED_EDGE('',*,*,#8989,.F.);
#3635=ORIENTED_EDGE('',*,*,#8533,.F.);
#3636=ORIENTED_EDGE('',*,*,#8990,.F.);
#3637=ORIENTED_EDGE('',*,*,#8991,.F.);
#3638=ORIENTED_EDGE('',*,*,#8992,.F.);
#3639=ORIENTED_EDGE('',*,*,#8509,.F.);
#3640=ORIENTED_EDGE('',*,*,#8779,.T.);
#3641=ORIENTED_EDGE('',*,*,#8529,.F.);
#3642=ORIENTED_EDGE('',*,*,#8548,.F.);
#3643=ORIENTED_EDGE('',*,*,#8785,.F.);
#3644=ORIENTED_EDGE('',*,*,#8794,.F.);
#3645=ORIENTED_EDGE('',*,*,#8993,.T.);
#3646=ORIENTED_EDGE('',*,*,#8994,.F.);
#3647=ORIENTED_EDGE('',*,*,#8995,.F.);
#3648=ORIENTED_EDGE('',*,*,#8996,.F.);
#3649=ORIENTED_EDGE('',*,*,#8601,.T.);
#3650=ORIENTED_EDGE('',*,*,#8997,.T.);
#3651=ORIENTED_EDGE('',*,*,#8585,.F.);
#3652=ORIENTED_EDGE('',*,*,#8998,.F.);
#3653=ORIENTED_EDGE('',*,*,#8999,.F.);
#3654=ORIENTED_EDGE('',*,*,#9000,.T.);
#3655=ORIENTED_EDGE('',*,*,#8636,.T.);
#3656=ORIENTED_EDGE('',*,*,#8986,.T.);
#3657=ORIENTED_EDGE('',*,*,#8598,.T.);
#3658=ORIENTED_EDGE('',*,*,#9001,.T.);
#3659=ORIENTED_EDGE('',*,*,#9002,.T.);
#3660=ORIENTED_EDGE('',*,*,#8510,.T.);
#3661=ORIENTED_EDGE('',*,*,#8992,.T.);
#3662=ORIENTED_EDGE('',*,*,#9003,.F.);
#3663=ORIENTED_EDGE('',*,*,#9004,.T.);
#3664=ORIENTED_EDGE('',*,*,#9005,.F.);
#3665=ORIENTED_EDGE('',*,*,#9006,.T.);
#3666=ORIENTED_EDGE('',*,*,#8766,.T.);
#3667=ORIENTED_EDGE('',*,*,#9007,.T.);
#3668=ORIENTED_EDGE('',*,*,#9008,.T.);
#3669=ORIENTED_EDGE('',*,*,#8649,.T.);
#3670=ORIENTED_EDGE('',*,*,#9009,.T.);
#3671=ORIENTED_EDGE('',*,*,#9010,.F.);
#3672=ORIENTED_EDGE('',*,*,#9011,.F.);
#3673=ORIENTED_EDGE('',*,*,#9012,.T.);
#3674=ORIENTED_EDGE('',*,*,#9013,.F.);
#3675=ORIENTED_EDGE('',*,*,#8644,.F.);
#3676=ORIENTED_EDGE('',*,*,#9014,.F.);
#3677=ORIENTED_EDGE('',*,*,#9015,.F.);
#3678=ORIENTED_EDGE('',*,*,#8764,.F.);
#3679=ORIENTED_EDGE('',*,*,#9016,.F.);
#3680=ORIENTED_EDGE('',*,*,#9017,.F.);
#3681=ORIENTED_EDGE('',*,*,#9018,.T.);
#3682=ORIENTED_EDGE('',*,*,#8987,.T.);
#3683=ORIENTED_EDGE('',*,*,#9002,.F.);
#3684=ORIENTED_EDGE('',*,*,#9019,.T.);
#3685=ORIENTED_EDGE('',*,*,#9020,.F.);
#3686=ORIENTED_EDGE('',*,*,#9021,.F.);
#3687=ORIENTED_EDGE('',*,*,#8523,.T.);
#3688=ORIENTED_EDGE('',*,*,#8780,.F.);
#3689=ORIENTED_EDGE('',*,*,#8507,.F.);
#3690=ORIENTED_EDGE('',*,*,#9022,.F.);
#3691=ORIENTED_EDGE('',*,*,#9023,.T.);
#3692=ORIENTED_EDGE('',*,*,#9024,.F.);
#3693=ORIENTED_EDGE('',*,*,#9025,.F.);
#3694=ORIENTED_EDGE('',*,*,#9026,.F.);
#3695=ORIENTED_EDGE('',*,*,#9027,.T.);
#3696=ORIENTED_EDGE('',*,*,#9028,.F.);
#3697=ORIENTED_EDGE('',*,*,#9029,.F.);
#3698=ORIENTED_EDGE('',*,*,#9030,.T.);
#3699=ORIENTED_EDGE('',*,*,#8534,.F.);
#3700=ORIENTED_EDGE('',*,*,#8989,.T.);
#3701=ORIENTED_EDGE('',*,*,#8574,.T.);
#3702=ORIENTED_EDGE('',*,*,#9031,.T.);
#3703=ORIENTED_EDGE('',*,*,#9032,.T.);
#3704=ORIENTED_EDGE('',*,*,#9033,.F.);
#3705=ORIENTED_EDGE('',*,*,#9034,.F.);
#3706=ORIENTED_EDGE('',*,*,#9035,.F.);
#3707=ORIENTED_EDGE('',*,*,#9036,.F.);
#3708=ORIENTED_EDGE('',*,*,#9037,.F.);
#3709=ORIENTED_EDGE('',*,*,#9038,.T.);
#3710=ORIENTED_EDGE('',*,*,#9039,.T.);
#3711=ORIENTED_EDGE('',*,*,#9040,.T.);
#3712=ORIENTED_EDGE('',*,*,#8798,.T.);
#3713=ORIENTED_EDGE('',*,*,#8651,.T.);
#3714=ORIENTED_EDGE('',*,*,#9041,.F.);
#3715=ORIENTED_EDGE('',*,*,#9042,.F.);
#3716=ORIENTED_EDGE('',*,*,#8642,.F.);
#3717=ORIENTED_EDGE('',*,*,#8800,.F.);
#3718=ORIENTED_EDGE('',*,*,#9043,.F.);
#3719=ORIENTED_EDGE('',*,*,#9040,.F.);
#3720=ORIENTED_EDGE('',*,*,#9044,.T.);
#3721=ORIENTED_EDGE('',*,*,#9043,.T.);
#3722=ORIENTED_EDGE('',*,*,#8799,.F.);
#3723=ORIENTED_EDGE('',*,*,#9045,.F.);
#3724=ORIENTED_EDGE('',*,*,#9041,.T.);
#3725=ORIENTED_EDGE('',*,*,#9044,.F.);
#3726=ORIENTED_EDGE('',*,*,#9039,.F.);
#3727=ORIENTED_EDGE('',*,*,#9046,.F.);
#3728=ORIENTED_EDGE('',*,*,#9047,.T.);
#3729=ORIENTED_EDGE('',*,*,#9048,.T.);
#3730=ORIENTED_EDGE('',*,*,#9049,.T.);
#3731=ORIENTED_EDGE('',*,*,#9050,.F.);
#3732=ORIENTED_EDGE('',*,*,#9051,.T.);
#3733=ORIENTED_EDGE('',*,*,#9052,.T.);
#3734=ORIENTED_EDGE('',*,*,#9053,.T.);
#3735=ORIENTED_EDGE('',*,*,#9054,.F.);
#3736=ORIENTED_EDGE('',*,*,#9055,.T.);
#3737=ORIENTED_EDGE('',*,*,#9056,.T.);
#3738=ORIENTED_EDGE('',*,*,#9057,.T.);
#3739=ORIENTED_EDGE('',*,*,#9058,.F.);
#3740=ORIENTED_EDGE('',*,*,#9059,.T.);
#3741=ORIENTED_EDGE('',*,*,#9060,.T.);
#3742=ORIENTED_EDGE('',*,*,#9061,.T.);
#3743=ORIENTED_EDGE('',*,*,#9062,.F.);
#3744=ORIENTED_EDGE('',*,*,#9063,.T.);
#3745=ORIENTED_EDGE('',*,*,#9064,.T.);
#3746=ORIENTED_EDGE('',*,*,#9065,.T.);
#3747=ORIENTED_EDGE('',*,*,#9066,.F.);
#3748=ORIENTED_EDGE('',*,*,#9067,.T.);
#3749=ORIENTED_EDGE('',*,*,#9068,.T.);
#3750=ORIENTED_EDGE('',*,*,#9069,.T.);
#3751=ORIENTED_EDGE('',*,*,#9070,.F.);
#3752=ORIENTED_EDGE('',*,*,#9071,.T.);
#3753=ORIENTED_EDGE('',*,*,#9072,.T.);
#3754=ORIENTED_EDGE('',*,*,#9073,.T.);
#3755=ORIENTED_EDGE('',*,*,#9074,.F.);
#3756=ORIENTED_EDGE('',*,*,#9075,.T.);
#3757=ORIENTED_EDGE('',*,*,#9076,.T.);
#3758=ORIENTED_EDGE('',*,*,#9077,.T.);
#3759=ORIENTED_EDGE('',*,*,#9078,.F.);
#3760=ORIENTED_EDGE('',*,*,#9079,.T.);
#3761=ORIENTED_EDGE('',*,*,#9080,.T.);
#3762=ORIENTED_EDGE('',*,*,#9081,.T.);
#3763=ORIENTED_EDGE('',*,*,#9082,.F.);
#3764=ORIENTED_EDGE('',*,*,#9083,.T.);
#3765=ORIENTED_EDGE('',*,*,#9084,.T.);
#3766=ORIENTED_EDGE('',*,*,#9085,.T.);
#3767=ORIENTED_EDGE('',*,*,#9086,.F.);
#3768=ORIENTED_EDGE('',*,*,#9087,.T.);
#3769=ORIENTED_EDGE('',*,*,#9088,.T.);
#3770=ORIENTED_EDGE('',*,*,#9089,.T.);
#3771=ORIENTED_EDGE('',*,*,#9090,.F.);
#3772=ORIENTED_EDGE('',*,*,#9091,.T.);
#3773=ORIENTED_EDGE('',*,*,#9092,.T.);
#3774=ORIENTED_EDGE('',*,*,#9093,.T.);
#3775=ORIENTED_EDGE('',*,*,#9094,.F.);
#3776=ORIENTED_EDGE('',*,*,#9095,.T.);
#3777=ORIENTED_EDGE('',*,*,#9096,.T.);
#3778=ORIENTED_EDGE('',*,*,#9097,.T.);
#3779=ORIENTED_EDGE('',*,*,#9098,.F.);
#3780=ORIENTED_EDGE('',*,*,#9099,.T.);
#3781=ORIENTED_EDGE('',*,*,#9100,.T.);
#3782=ORIENTED_EDGE('',*,*,#9101,.T.);
#3783=ORIENTED_EDGE('',*,*,#9102,.F.);
#3784=ORIENTED_EDGE('',*,*,#9103,.T.);
#3785=ORIENTED_EDGE('',*,*,#9104,.T.);
#3786=ORIENTED_EDGE('',*,*,#9105,.T.);
#3787=ORIENTED_EDGE('',*,*,#9106,.F.);
#3788=ORIENTED_EDGE('',*,*,#9107,.T.);
#3789=ORIENTED_EDGE('',*,*,#9108,.T.);
#3790=ORIENTED_EDGE('',*,*,#9109,.T.);
#3791=ORIENTED_EDGE('',*,*,#9110,.F.);
#3792=ORIENTED_EDGE('',*,*,#9111,.T.);
#3793=ORIENTED_EDGE('',*,*,#9112,.T.);
#3794=ORIENTED_EDGE('',*,*,#9113,.T.);
#3795=ORIENTED_EDGE('',*,*,#9114,.F.);
#3796=ORIENTED_EDGE('',*,*,#9115,.T.);
#3797=ORIENTED_EDGE('',*,*,#9116,.T.);
#3798=ORIENTED_EDGE('',*,*,#9117,.T.);
#3799=ORIENTED_EDGE('',*,*,#9118,.F.);
#3800=ORIENTED_EDGE('',*,*,#9119,.T.);
#3801=ORIENTED_EDGE('',*,*,#9120,.T.);
#3802=ORIENTED_EDGE('',*,*,#9121,.T.);
#3803=ORIENTED_EDGE('',*,*,#9122,.F.);
#3804=ORIENTED_EDGE('',*,*,#9123,.T.);
#3805=ORIENTED_EDGE('',*,*,#9124,.T.);
#3806=ORIENTED_EDGE('',*,*,#9125,.T.);
#3807=ORIENTED_EDGE('',*,*,#9126,.F.);
#3808=ORIENTED_EDGE('',*,*,#9127,.T.);
#3809=ORIENTED_EDGE('',*,*,#9128,.T.);
#3810=ORIENTED_EDGE('',*,*,#9129,.T.);
#3811=ORIENTED_EDGE('',*,*,#9130,.F.);
#3812=ORIENTED_EDGE('',*,*,#9131,.T.);
#3813=ORIENTED_EDGE('',*,*,#9132,.T.);
#3814=ORIENTED_EDGE('',*,*,#9133,.T.);
#3815=ORIENTED_EDGE('',*,*,#9134,.F.);
#3816=ORIENTED_EDGE('',*,*,#9135,.T.);
#3817=ORIENTED_EDGE('',*,*,#9136,.T.);
#3818=ORIENTED_EDGE('',*,*,#9137,.T.);
#3819=ORIENTED_EDGE('',*,*,#9138,.F.);
#3820=ORIENTED_EDGE('',*,*,#9139,.T.);
#3821=ORIENTED_EDGE('',*,*,#9140,.T.);
#3822=ORIENTED_EDGE('',*,*,#9141,.T.);
#3823=ORIENTED_EDGE('',*,*,#9142,.F.);
#3824=ORIENTED_EDGE('',*,*,#9143,.T.);
#3825=ORIENTED_EDGE('',*,*,#9144,.T.);
#3826=ORIENTED_EDGE('',*,*,#9145,.T.);
#3827=ORIENTED_EDGE('',*,*,#9146,.F.);
#3828=ORIENTED_EDGE('',*,*,#9147,.T.);
#3829=ORIENTED_EDGE('',*,*,#9148,.T.);
#3830=ORIENTED_EDGE('',*,*,#9149,.T.);
#3831=ORIENTED_EDGE('',*,*,#9150,.F.);
#3832=ORIENTED_EDGE('',*,*,#9151,.T.);
#3833=ORIENTED_EDGE('',*,*,#9152,.T.);
#3834=ORIENTED_EDGE('',*,*,#9153,.T.);
#3835=ORIENTED_EDGE('',*,*,#9008,.F.);
#3836=ORIENTED_EDGE('',*,*,#9154,.F.);
#3837=ORIENTED_EDGE('',*,*,#9014,.T.);
#3838=ORIENTED_EDGE('',*,*,#8643,.F.);
#3839=ORIENTED_EDGE('',*,*,#9042,.T.);
#3840=ORIENTED_EDGE('',*,*,#9045,.T.);
#3841=ORIENTED_EDGE('',*,*,#9038,.F.);
#3842=ORIENTED_EDGE('',*,*,#8650,.F.);
#3843=ORIENTED_EDGE('',*,*,#9015,.T.);
#3844=ORIENTED_EDGE('',*,*,#9154,.T.);
#3845=ORIENTED_EDGE('',*,*,#9007,.F.);
#3846=ORIENTED_EDGE('',*,*,#8765,.F.);
#3847=ORIENTED_EDGE('',*,*,#9155,.F.);
#3848=ORIENTED_EDGE('',*,*,#8759,.T.);
#3849=ORIENTED_EDGE('',*,*,#9156,.T.);
#3850=ORIENTED_EDGE('',*,*,#9157,.T.);
#3851=ORIENTED_EDGE('',*,*,#9158,.F.);
#3852=ORIENTED_EDGE('',*,*,#8767,.T.);
#3853=ORIENTED_EDGE('',*,*,#9006,.F.);
#3854=ORIENTED_EDGE('',*,*,#9159,.F.);
#3855=ORIENTED_EDGE('',*,*,#9160,.T.);
#3856=ORIENTED_EDGE('',*,*,#8990,.T.);
#3857=ORIENTED_EDGE('',*,*,#8532,.T.);
#3858=ORIENTED_EDGE('',*,*,#8776,.F.);
#3859=ORIENTED_EDGE('',*,*,#9161,.F.);
#3860=ORIENTED_EDGE('',*,*,#9162,.F.);
#3861=ORIENTED_EDGE('',*,*,#9163,.T.);
#3862=ORIENTED_EDGE('',*,*,#9164,.T.);
#3863=ORIENTED_EDGE('',*,*,#9165,.T.);
#3864=ORIENTED_EDGE('',*,*,#9166,.F.);
#3865=ORIENTED_EDGE('',*,*,#9167,.T.);
#3866=ORIENTED_EDGE('',*,*,#9168,.T.);
#3867=ORIENTED_EDGE('',*,*,#9169,.T.);
#3868=ORIENTED_EDGE('',*,*,#9170,.F.);
#3869=ORIENTED_EDGE('',*,*,#8999,.T.);
#3870=ORIENTED_EDGE('',*,*,#9171,.T.);
#3871=ORIENTED_EDGE('',*,*,#8576,.F.);
#3872=ORIENTED_EDGE('',*,*,#8988,.T.);
#3873=ORIENTED_EDGE('',*,*,#9018,.F.);
#3874=ORIENTED_EDGE('',*,*,#9172,.F.);
#3875=ORIENTED_EDGE('',*,*,#9016,.T.);
#3876=ORIENTED_EDGE('',*,*,#8763,.T.);
#3877=ORIENTED_EDGE('',*,*,#9173,.T.);
#3878=ORIENTED_EDGE('',*,*,#9174,.T.);
#3879=ORIENTED_EDGE('',*,*,#9175,.F.);
#3880=ORIENTED_EDGE('',*,*,#8659,.T.);
#3881=ORIENTED_EDGE('',*,*,#9176,.T.);
#3882=ORIENTED_EDGE('',*,*,#9177,.T.);
#3883=ORIENTED_EDGE('',*,*,#9178,.F.);
#3884=ORIENTED_EDGE('',*,*,#8663,.T.);
#3885=ORIENTED_EDGE('',*,*,#9179,.T.);
#3886=ORIENTED_EDGE('',*,*,#9180,.T.);
#3887=ORIENTED_EDGE('',*,*,#9181,.F.);
#3888=ORIENTED_EDGE('',*,*,#8667,.T.);
#3889=ORIENTED_EDGE('',*,*,#9182,.T.);
#3890=ORIENTED_EDGE('',*,*,#9183,.T.);
#3891=ORIENTED_EDGE('',*,*,#9184,.F.);
#3892=ORIENTED_EDGE('',*,*,#8671,.T.);
#3893=ORIENTED_EDGE('',*,*,#9185,.T.);
#3894=ORIENTED_EDGE('',*,*,#9186,.T.);
#3895=ORIENTED_EDGE('',*,*,#9187,.F.);
#3896=ORIENTED_EDGE('',*,*,#8675,.T.);
#3897=ORIENTED_EDGE('',*,*,#9188,.T.);
#3898=ORIENTED_EDGE('',*,*,#9189,.T.);
#3899=ORIENTED_EDGE('',*,*,#9190,.F.);
#3900=ORIENTED_EDGE('',*,*,#8679,.T.);
#3901=ORIENTED_EDGE('',*,*,#9191,.T.);
#3902=ORIENTED_EDGE('',*,*,#9192,.T.);
#3903=ORIENTED_EDGE('',*,*,#9193,.F.);
#3904=ORIENTED_EDGE('',*,*,#8683,.T.);
#3905=ORIENTED_EDGE('',*,*,#9194,.T.);
#3906=ORIENTED_EDGE('',*,*,#9195,.T.);
#3907=ORIENTED_EDGE('',*,*,#9196,.F.);
#3908=ORIENTED_EDGE('',*,*,#8687,.T.);
#3909=ORIENTED_EDGE('',*,*,#9197,.T.);
#3910=ORIENTED_EDGE('',*,*,#9198,.T.);
#3911=ORIENTED_EDGE('',*,*,#9199,.F.);
#3912=ORIENTED_EDGE('',*,*,#8691,.T.);
#3913=ORIENTED_EDGE('',*,*,#9200,.T.);
#3914=ORIENTED_EDGE('',*,*,#9201,.T.);
#3915=ORIENTED_EDGE('',*,*,#9202,.F.);
#3916=ORIENTED_EDGE('',*,*,#8695,.T.);
#3917=ORIENTED_EDGE('',*,*,#9203,.T.);
#3918=ORIENTED_EDGE('',*,*,#9204,.T.);
#3919=ORIENTED_EDGE('',*,*,#9205,.F.);
#3920=ORIENTED_EDGE('',*,*,#8699,.T.);
#3921=ORIENTED_EDGE('',*,*,#9206,.T.);
#3922=ORIENTED_EDGE('',*,*,#9207,.T.);
#3923=ORIENTED_EDGE('',*,*,#9208,.F.);
#3924=ORIENTED_EDGE('',*,*,#8703,.T.);
#3925=ORIENTED_EDGE('',*,*,#9209,.T.);
#3926=ORIENTED_EDGE('',*,*,#9210,.T.);
#3927=ORIENTED_EDGE('',*,*,#9211,.F.);
#3928=ORIENTED_EDGE('',*,*,#8707,.T.);
#3929=ORIENTED_EDGE('',*,*,#9212,.T.);
#3930=ORIENTED_EDGE('',*,*,#9213,.T.);
#3931=ORIENTED_EDGE('',*,*,#9214,.F.);
#3932=ORIENTED_EDGE('',*,*,#8711,.T.);
#3933=ORIENTED_EDGE('',*,*,#9215,.T.);
#3934=ORIENTED_EDGE('',*,*,#9216,.T.);
#3935=ORIENTED_EDGE('',*,*,#9217,.F.);
#3936=ORIENTED_EDGE('',*,*,#8715,.T.);
#3937=ORIENTED_EDGE('',*,*,#9218,.T.);
#3938=ORIENTED_EDGE('',*,*,#9219,.T.);
#3939=ORIENTED_EDGE('',*,*,#9220,.F.);
#3940=ORIENTED_EDGE('',*,*,#8719,.T.);
#3941=ORIENTED_EDGE('',*,*,#9221,.T.);
#3942=ORIENTED_EDGE('',*,*,#9222,.T.);
#3943=ORIENTED_EDGE('',*,*,#9223,.F.);
#3944=ORIENTED_EDGE('',*,*,#8723,.T.);
#3945=ORIENTED_EDGE('',*,*,#9224,.T.);
#3946=ORIENTED_EDGE('',*,*,#9225,.T.);
#3947=ORIENTED_EDGE('',*,*,#9226,.F.);
#3948=ORIENTED_EDGE('',*,*,#8727,.T.);
#3949=ORIENTED_EDGE('',*,*,#9227,.T.);
#3950=ORIENTED_EDGE('',*,*,#9228,.T.);
#3951=ORIENTED_EDGE('',*,*,#9229,.F.);
#3952=ORIENTED_EDGE('',*,*,#8731,.T.);
#3953=ORIENTED_EDGE('',*,*,#9230,.T.);
#3954=ORIENTED_EDGE('',*,*,#9231,.T.);
#3955=ORIENTED_EDGE('',*,*,#9232,.F.);
#3956=ORIENTED_EDGE('',*,*,#8735,.T.);
#3957=ORIENTED_EDGE('',*,*,#9233,.T.);
#3958=ORIENTED_EDGE('',*,*,#9234,.T.);
#3959=ORIENTED_EDGE('',*,*,#9235,.F.);
#3960=ORIENTED_EDGE('',*,*,#8739,.T.);
#3961=ORIENTED_EDGE('',*,*,#9236,.T.);
#3962=ORIENTED_EDGE('',*,*,#9237,.T.);
#3963=ORIENTED_EDGE('',*,*,#9238,.F.);
#3964=ORIENTED_EDGE('',*,*,#8743,.T.);
#3965=ORIENTED_EDGE('',*,*,#9239,.T.);
#3966=ORIENTED_EDGE('',*,*,#9240,.T.);
#3967=ORIENTED_EDGE('',*,*,#9241,.F.);
#3968=ORIENTED_EDGE('',*,*,#8747,.T.);
#3969=ORIENTED_EDGE('',*,*,#9242,.T.);
#3970=ORIENTED_EDGE('',*,*,#9243,.T.);
#3971=ORIENTED_EDGE('',*,*,#9244,.F.);
#3972=ORIENTED_EDGE('',*,*,#8751,.T.);
#3973=ORIENTED_EDGE('',*,*,#9245,.T.);
#3974=ORIENTED_EDGE('',*,*,#9246,.T.);
#3975=ORIENTED_EDGE('',*,*,#9247,.F.);
#3976=ORIENTED_EDGE('',*,*,#8755,.T.);
#3977=ORIENTED_EDGE('',*,*,#9248,.T.);
#3978=ORIENTED_EDGE('',*,*,#9249,.T.);
#3979=ORIENTED_EDGE('',*,*,#9169,.F.);
#3980=ORIENTED_EDGE('',*,*,#9250,.T.);
#3981=ORIENTED_EDGE('',*,*,#9028,.T.);
#3982=ORIENTED_EDGE('',*,*,#9251,.T.);
#3983=ORIENTED_EDGE('',*,*,#9167,.F.);
#3984=ORIENTED_EDGE('',*,*,#9252,.F.);
#3985=ORIENTED_EDGE('',*,*,#9026,.T.);
#3986=ORIENTED_EDGE('',*,*,#9253,.F.);
#3987=ORIENTED_EDGE('',*,*,#9168,.F.);
#3988=ORIENTED_EDGE('',*,*,#9253,.T.);
#3989=ORIENTED_EDGE('',*,*,#9029,.T.);
#3990=ORIENTED_EDGE('',*,*,#9250,.F.);
#3991=ORIENTED_EDGE('',*,*,#9165,.F.);
#3992=ORIENTED_EDGE('',*,*,#9254,.T.);
#3993=ORIENTED_EDGE('',*,*,#9024,.T.);
#3994=ORIENTED_EDGE('',*,*,#9255,.T.);
#3995=ORIENTED_EDGE('',*,*,#9163,.F.);
#3996=ORIENTED_EDGE('',*,*,#9256,.F.);
#3997=ORIENTED_EDGE('',*,*,#9022,.T.);
#3998=ORIENTED_EDGE('',*,*,#9257,.F.);
#3999=ORIENTED_EDGE('',*,*,#9164,.F.);
#4000=ORIENTED_EDGE('',*,*,#9257,.T.);
#4001=ORIENTED_EDGE('',*,*,#9025,.T.);
#4002=ORIENTED_EDGE('',*,*,#9254,.F.);
#4003=ORIENTED_EDGE('',*,*,#9258,.F.);
#4004=ORIENTED_EDGE('',*,*,#9259,.T.);
#4005=ORIENTED_EDGE('',*,*,#9260,.T.);
#4006=ORIENTED_EDGE('',*,*,#9003,.T.);
#4007=ORIENTED_EDGE('',*,*,#8991,.T.);
#4008=ORIENTED_EDGE('',*,*,#9160,.F.);
#4009=ORIENTED_EDGE('',*,*,#8774,.T.);
#4010=ORIENTED_EDGE('',*,*,#9261,.T.);
#4011=ORIENTED_EDGE('',*,*,#9262,.T.);
#4012=ORIENTED_EDGE('',*,*,#9263,.T.);
#4013=ORIENTED_EDGE('',*,*,#9161,.T.);
#4014=ORIENTED_EDGE('',*,*,#8775,.T.);
#4015=ORIENTED_EDGE('',*,*,#9263,.F.);
#4016=ORIENTED_EDGE('',*,*,#9264,.T.);
#4017=ORIENTED_EDGE('',*,*,#9265,.T.);
#4018=ORIENTED_EDGE('',*,*,#9012,.F.);
#4019=ORIENTED_EDGE('',*,*,#9266,.T.);
#4020=ORIENTED_EDGE('',*,*,#9020,.T.);
#4021=ORIENTED_EDGE('',*,*,#9017,.T.);
#4022=ORIENTED_EDGE('',*,*,#9266,.F.);
#4023=ORIENTED_EDGE('',*,*,#9011,.T.);
#4024=ORIENTED_EDGE('',*,*,#9172,.T.);
#4025=ORIENTED_EDGE('',*,*,#9267,.T.);
#4026=ORIENTED_EDGE('',*,*,#9259,.F.);
#4027=ORIENTED_EDGE('',*,*,#9268,.T.);
#4028=ORIENTED_EDGE('',*,*,#9010,.T.);
#4029=ORIENTED_EDGE('',*,*,#9005,.T.);
#4030=ORIENTED_EDGE('',*,*,#9268,.F.);
#4031=ORIENTED_EDGE('',*,*,#9258,.T.);
#4032=ORIENTED_EDGE('',*,*,#9159,.T.);
#4033=ORIENTED_EDGE('',*,*,#9269,.F.);
#4034=ORIENTED_EDGE('',*,*,#9270,.T.);
#4035=ORIENTED_EDGE('',*,*,#9271,.F.);
#4036=ORIENTED_EDGE('',*,*,#8586,.F.);
#4037=ORIENTED_EDGE('',*,*,#8997,.F.);
#4038=ORIENTED_EDGE('',*,*,#8600,.F.);
#4039=ORIENTED_EDGE('',*,*,#8985,.T.);
#4040=ORIENTED_EDGE('',*,*,#8578,.F.);
#4041=ORIENTED_EDGE('',*,*,#9272,.T.);
#4042=ORIENTED_EDGE('',*,*,#8588,.F.);
#4043=ORIENTED_EDGE('',*,*,#9273,.F.);
#4044=ORIENTED_EDGE('',*,*,#8589,.F.);
#4045=ORIENTED_EDGE('',*,*,#9272,.F.);
#4046=ORIENTED_EDGE('',*,*,#8577,.F.);
#4047=ORIENTED_EDGE('',*,*,#9171,.F.);
#4048=ORIENTED_EDGE('',*,*,#8998,.T.);
#4049=ORIENTED_EDGE('',*,*,#8635,.T.);
#4050=ORIENTED_EDGE('',*,*,#9274,.T.);
#4051=ORIENTED_EDGE('',*,*,#8797,.F.);
#4052=ORIENTED_EDGE('',*,*,#9275,.T.);
#4053=ORIENTED_EDGE('',*,*,#8551,.F.);
#4054=ORIENTED_EDGE('',*,*,#8653,.T.);
#4055=ORIENTED_EDGE('',*,*,#8618,.T.);
#4056=ORIENTED_EDGE('',*,*,#9276,.T.);
#4057=ORIENTED_EDGE('',*,*,#8801,.T.);
#4058=ORIENTED_EDGE('',*,*,#8640,.T.);
#4059=ORIENTED_EDGE('',*,*,#8795,.F.);
#4060=ORIENTED_EDGE('',*,*,#8783,.T.);
#4061=ORIENTED_EDGE('',*,*,#8560,.F.);
#4062=ORIENTED_EDGE('',*,*,#9277,.F.);
#4063=ORIENTED_EDGE('',*,*,#8562,.T.);
#4064=ORIENTED_EDGE('',*,*,#8796,.F.);
#4065=ORIENTED_EDGE('',*,*,#8564,.F.);
#4066=ORIENTED_EDGE('',*,*,#9278,.F.);
#4067=ORIENTED_EDGE('',*,*,#8558,.T.);
#4068=ORIENTED_EDGE('',*,*,#9275,.F.);
#4069=ORIENTED_EDGE('',*,*,#8563,.T.);
#4070=ORIENTED_EDGE('',*,*,#9277,.T.);
#4071=ORIENTED_EDGE('',*,*,#8559,.T.);
#4072=ORIENTED_EDGE('',*,*,#9278,.T.);
#4073=ORIENTED_EDGE('',*,*,#8803,.T.);
#4074=ORIENTED_EDGE('',*,*,#8629,.T.);
#4075=ORIENTED_EDGE('',*,*,#9279,.T.);
#4076=ORIENTED_EDGE('',*,*,#8621,.F.);
#4077=ORIENTED_EDGE('',*,*,#8786,.T.);
#4078=ORIENTED_EDGE('',*,*,#8802,.T.);
#4079=ORIENTED_EDGE('',*,*,#9276,.F.);
#4080=ORIENTED_EDGE('',*,*,#8623,.T.);
#4081=ORIENTED_EDGE('',*,*,#9280,.T.);
#4082=ORIENTED_EDGE('',*,*,#8627,.F.);
#4083=ORIENTED_EDGE('',*,*,#8622,.F.);
#4084=ORIENTED_EDGE('',*,*,#9279,.F.);
#4085=ORIENTED_EDGE('',*,*,#8628,.F.);
#4086=ORIENTED_EDGE('',*,*,#9280,.F.);
#4087=ORIENTED_EDGE('',*,*,#9281,.T.);
#4088=ORIENTED_EDGE('',*,*,#8768,.T.);
#4089=ORIENTED_EDGE('',*,*,#9158,.T.);
#4090=ORIENTED_EDGE('',*,*,#9282,.T.);
#4091=ORIENTED_EDGE('',*,*,#8758,.F.);
#4092=ORIENTED_EDGE('',*,*,#9283,.F.);
#4093=ORIENTED_EDGE('',*,*,#9284,.F.);
#4094=ORIENTED_EDGE('',*,*,#9156,.F.);
#4095=ORIENTED_EDGE('',*,*,#9157,.F.);
#4096=ORIENTED_EDGE('',*,*,#9284,.T.);
#4097=ORIENTED_EDGE('',*,*,#9285,.F.);
#4098=ORIENTED_EDGE('',*,*,#9282,.F.);
#4099=ORIENTED_EDGE('',*,*,#9286,.T.);
#4100=ORIENTED_EDGE('',*,*,#9287,.F.);
#4101=ORIENTED_EDGE('',*,*,#9288,.F.);
#4102=ORIENTED_EDGE('',*,*,#9289,.T.);
#4103=ORIENTED_EDGE('',*,*,#9290,.T.);
#4104=ORIENTED_EDGE('',*,*,#9291,.F.);
#4105=ORIENTED_EDGE('',*,*,#9292,.F.);
#4106=ORIENTED_EDGE('',*,*,#9287,.T.);
#4107=ORIENTED_EDGE('',*,*,#9293,.T.);
#4108=ORIENTED_EDGE('',*,*,#9294,.F.);
#4109=ORIENTED_EDGE('',*,*,#9295,.F.);
#4110=ORIENTED_EDGE('',*,*,#9291,.T.);
#4111=ORIENTED_EDGE('',*,*,#9296,.T.);
#4112=ORIENTED_EDGE('',*,*,#9150,.T.);
#4113=ORIENTED_EDGE('',*,*,#9297,.T.);
#4114=ORIENTED_EDGE('',*,*,#9288,.T.);
#4115=ORIENTED_EDGE('',*,*,#9292,.T.);
#4116=ORIENTED_EDGE('',*,*,#9295,.T.);
#4117=ORIENTED_EDGE('',*,*,#9152,.F.);
#4118=ORIENTED_EDGE('',*,*,#9298,.F.);
#4119=ORIENTED_EDGE('',*,*,#9293,.F.);
#4120=ORIENTED_EDGE('',*,*,#9290,.F.);
#4121=ORIENTED_EDGE('',*,*,#9286,.F.);
#4122=ORIENTED_EDGE('',*,*,#9299,.F.);
#4123=ORIENTED_EDGE('',*,*,#9153,.F.);
#4124=ORIENTED_EDGE('',*,*,#9299,.T.);
#4125=ORIENTED_EDGE('',*,*,#9289,.F.);
#4126=ORIENTED_EDGE('',*,*,#9297,.F.);
#4127=ORIENTED_EDGE('',*,*,#9151,.F.);
#4128=ORIENTED_EDGE('',*,*,#9296,.F.);
#4129=ORIENTED_EDGE('',*,*,#9294,.T.);
#4130=ORIENTED_EDGE('',*,*,#9298,.T.);
#4131=ORIENTED_EDGE('',*,*,#9300,.T.);
#4132=ORIENTED_EDGE('',*,*,#8994,.T.);
#4133=ORIENTED_EDGE('',*,*,#9301,.F.);
#4134=ORIENTED_EDGE('',*,*,#9302,.T.);
#4135=ORIENTED_EDGE('',*,*,#8993,.F.);
#4136=ORIENTED_EDGE('',*,*,#8793,.T.);
#4137=ORIENTED_EDGE('',*,*,#9303,.T.);
#4138=ORIENTED_EDGE('',*,*,#9304,.T.);
#4139=ORIENTED_EDGE('',*,*,#9305,.T.);
#4140=ORIENTED_EDGE('',*,*,#9306,.T.);
#4141=ORIENTED_EDGE('',*,*,#9307,.T.);
#4142=ORIENTED_EDGE('',*,*,#9301,.T.);
#4143=ORIENTED_EDGE('',*,*,#8791,.F.);
#4144=ORIENTED_EDGE('',*,*,#8995,.T.);
#4145=ORIENTED_EDGE('',*,*,#9300,.F.);
#4146=ORIENTED_EDGE('',*,*,#9308,.F.);
#4147=ORIENTED_EDGE('',*,*,#9309,.F.);
#4148=ORIENTED_EDGE('',*,*,#9310,.F.);
#4149=ORIENTED_EDGE('',*,*,#9311,.F.);
#4150=ORIENTED_EDGE('',*,*,#9312,.F.);
#4151=ORIENTED_EDGE('',*,*,#8792,.F.);
#4152=ORIENTED_EDGE('',*,*,#9312,.T.);
#4153=ORIENTED_EDGE('',*,*,#9313,.F.);
#4154=ORIENTED_EDGE('',*,*,#9303,.F.);
#4155=ORIENTED_EDGE('',*,*,#9311,.T.);
#4156=ORIENTED_EDGE('',*,*,#9314,.F.);
#4157=ORIENTED_EDGE('',*,*,#9304,.F.);
#4158=ORIENTED_EDGE('',*,*,#9313,.T.);
#4159=ORIENTED_EDGE('',*,*,#9310,.T.);
#4160=ORIENTED_EDGE('',*,*,#9315,.F.);
#4161=ORIENTED_EDGE('',*,*,#9305,.F.);
#4162=ORIENTED_EDGE('',*,*,#9314,.T.);
#4163=ORIENTED_EDGE('',*,*,#9309,.T.);
#4164=ORIENTED_EDGE('',*,*,#9316,.F.);
#4165=ORIENTED_EDGE('',*,*,#9306,.F.);
#4166=ORIENTED_EDGE('',*,*,#9315,.T.);
#4167=ORIENTED_EDGE('',*,*,#9308,.T.);
#4168=ORIENTED_EDGE('',*,*,#9302,.F.);
#4169=ORIENTED_EDGE('',*,*,#9307,.F.);
#4170=ORIENTED_EDGE('',*,*,#9316,.T.);
#4171=ORIENTED_EDGE('',*,*,#9317,.T.);
#4172=ORIENTED_EDGE('',*,*,#8656,.T.);
#4173=ORIENTED_EDGE('',*,*,#9175,.T.);
#4174=ORIENTED_EDGE('',*,*,#9318,.T.);
#4175=ORIENTED_EDGE('',*,*,#8762,.F.);
#4176=ORIENTED_EDGE('',*,*,#9319,.F.);
#4177=ORIENTED_EDGE('',*,*,#9320,.F.);
#4178=ORIENTED_EDGE('',*,*,#9173,.F.);
#4179=ORIENTED_EDGE('',*,*,#9174,.F.);
#4180=ORIENTED_EDGE('',*,*,#9320,.T.);
#4181=ORIENTED_EDGE('',*,*,#9321,.F.);
#4182=ORIENTED_EDGE('',*,*,#9318,.F.);
#4183=ORIENTED_EDGE('',*,*,#9322,.T.);
#4184=ORIENTED_EDGE('',*,*,#8660,.T.);
#4185=ORIENTED_EDGE('',*,*,#9178,.T.);
#4186=ORIENTED_EDGE('',*,*,#9323,.T.);
#4187=ORIENTED_EDGE('',*,*,#8658,.F.);
#4188=ORIENTED_EDGE('',*,*,#9324,.F.);
#4189=ORIENTED_EDGE('',*,*,#9325,.F.);
#4190=ORIENTED_EDGE('',*,*,#9176,.F.);
#4191=ORIENTED_EDGE('',*,*,#9177,.F.);
#4192=ORIENTED_EDGE('',*,*,#9325,.T.);
#4193=ORIENTED_EDGE('',*,*,#9326,.F.);
#4194=ORIENTED_EDGE('',*,*,#9323,.F.);
#4195=ORIENTED_EDGE('',*,*,#9327,.T.);
#4196=ORIENTED_EDGE('',*,*,#8664,.T.);
#4197=ORIENTED_EDGE('',*,*,#9181,.T.);
#4198=ORIENTED_EDGE('',*,*,#9328,.T.);
#4199=ORIENTED_EDGE('',*,*,#8662,.F.);
#4200=ORIENTED_EDGE('',*,*,#9329,.F.);
#4201=ORIENTED_EDGE('',*,*,#9330,.F.);
#4202=ORIENTED_EDGE('',*,*,#9179,.F.);
#4203=ORIENTED_EDGE('',*,*,#9180,.F.);
#4204=ORIENTED_EDGE('',*,*,#9330,.T.);
#4205=ORIENTED_EDGE('',*,*,#9331,.F.);
#4206=ORIENTED_EDGE('',*,*,#9328,.F.);
#4207=ORIENTED_EDGE('',*,*,#9332,.T.);
#4208=ORIENTED_EDGE('',*,*,#8668,.T.);
#4209=ORIENTED_EDGE('',*,*,#9184,.T.);
#4210=ORIENTED_EDGE('',*,*,#9333,.T.);
#4211=ORIENTED_EDGE('',*,*,#8666,.F.);
#4212=ORIENTED_EDGE('',*,*,#9334,.F.);
#4213=ORIENTED_EDGE('',*,*,#9335,.F.);
#4214=ORIENTED_EDGE('',*,*,#9182,.F.);
#4215=ORIENTED_EDGE('',*,*,#9183,.F.);
#4216=ORIENTED_EDGE('',*,*,#9335,.T.);
#4217=ORIENTED_EDGE('',*,*,#9336,.F.);
#4218=ORIENTED_EDGE('',*,*,#9333,.F.);
#4219=ORIENTED_EDGE('',*,*,#9337,.T.);
#4220=ORIENTED_EDGE('',*,*,#8672,.T.);
#4221=ORIENTED_EDGE('',*,*,#9187,.T.);
#4222=ORIENTED_EDGE('',*,*,#9338,.T.);
#4223=ORIENTED_EDGE('',*,*,#8670,.F.);
#4224=ORIENTED_EDGE('',*,*,#9339,.F.);
#4225=ORIENTED_EDGE('',*,*,#9340,.F.);
#4226=ORIENTED_EDGE('',*,*,#9185,.F.);
#4227=ORIENTED_EDGE('',*,*,#9186,.F.);
#4228=ORIENTED_EDGE('',*,*,#9340,.T.);
#4229=ORIENTED_EDGE('',*,*,#9341,.F.);
#4230=ORIENTED_EDGE('',*,*,#9338,.F.);
#4231=ORIENTED_EDGE('',*,*,#9342,.T.);
#4232=ORIENTED_EDGE('',*,*,#8676,.T.);
#4233=ORIENTED_EDGE('',*,*,#9190,.T.);
#4234=ORIENTED_EDGE('',*,*,#9343,.T.);
#4235=ORIENTED_EDGE('',*,*,#8674,.F.);
#4236=ORIENTED_EDGE('',*,*,#9344,.F.);
#4237=ORIENTED_EDGE('',*,*,#9345,.F.);
#4238=ORIENTED_EDGE('',*,*,#9188,.F.);
#4239=ORIENTED_EDGE('',*,*,#9189,.F.);
#4240=ORIENTED_EDGE('',*,*,#9345,.T.);
#4241=ORIENTED_EDGE('',*,*,#9346,.F.);
#4242=ORIENTED_EDGE('',*,*,#9343,.F.);
#4243=ORIENTED_EDGE('',*,*,#9347,.T.);
#4244=ORIENTED_EDGE('',*,*,#8680,.T.);
#4245=ORIENTED_EDGE('',*,*,#9193,.T.);
#4246=ORIENTED_EDGE('',*,*,#9348,.T.);
#4247=ORIENTED_EDGE('',*,*,#8678,.F.);
#4248=ORIENTED_EDGE('',*,*,#9349,.F.);
#4249=ORIENTED_EDGE('',*,*,#9350,.F.);
#4250=ORIENTED_EDGE('',*,*,#9191,.F.);
#4251=ORIENTED_EDGE('',*,*,#9192,.F.);
#4252=ORIENTED_EDGE('',*,*,#9350,.T.);
#4253=ORIENTED_EDGE('',*,*,#9351,.F.);
#4254=ORIENTED_EDGE('',*,*,#9348,.F.);
#4255=ORIENTED_EDGE('',*,*,#9352,.T.);
#4256=ORIENTED_EDGE('',*,*,#8684,.T.);
#4257=ORIENTED_EDGE('',*,*,#9196,.T.);
#4258=ORIENTED_EDGE('',*,*,#9353,.T.);
#4259=ORIENTED_EDGE('',*,*,#8682,.F.);
#4260=ORIENTED_EDGE('',*,*,#9354,.F.);
#4261=ORIENTED_EDGE('',*,*,#9355,.F.);
#4262=ORIENTED_EDGE('',*,*,#9194,.F.);
#4263=ORIENTED_EDGE('',*,*,#9195,.F.);
#4264=ORIENTED_EDGE('',*,*,#9355,.T.);
#4265=ORIENTED_EDGE('',*,*,#9356,.F.);
#4266=ORIENTED_EDGE('',*,*,#9353,.F.);
#4267=ORIENTED_EDGE('',*,*,#9357,.T.);
#4268=ORIENTED_EDGE('',*,*,#8688,.T.);
#4269=ORIENTED_EDGE('',*,*,#9199,.T.);
#4270=ORIENTED_EDGE('',*,*,#9358,.T.);
#4271=ORIENTED_EDGE('',*,*,#8686,.F.);
#4272=ORIENTED_EDGE('',*,*,#9359,.F.);
#4273=ORIENTED_EDGE('',*,*,#9360,.F.);
#4274=ORIENTED_EDGE('',*,*,#9197,.F.);
#4275=ORIENTED_EDGE('',*,*,#9198,.F.);
#4276=ORIENTED_EDGE('',*,*,#9360,.T.);
#4277=ORIENTED_EDGE('',*,*,#9361,.F.);
#4278=ORIENTED_EDGE('',*,*,#9358,.F.);
#4279=ORIENTED_EDGE('',*,*,#9362,.T.);
#4280=ORIENTED_EDGE('',*,*,#8692,.T.);
#4281=ORIENTED_EDGE('',*,*,#9202,.T.);
#4282=ORIENTED_EDGE('',*,*,#9363,.T.);
#4283=ORIENTED_EDGE('',*,*,#8690,.F.);
#4284=ORIENTED_EDGE('',*,*,#9364,.F.);
#4285=ORIENTED_EDGE('',*,*,#9365,.F.);
#4286=ORIENTED_EDGE('',*,*,#9200,.F.);
#4287=ORIENTED_EDGE('',*,*,#9201,.F.);
#4288=ORIENTED_EDGE('',*,*,#9365,.T.);
#4289=ORIENTED_EDGE('',*,*,#9366,.F.);
#4290=ORIENTED_EDGE('',*,*,#9363,.F.);
#4291=ORIENTED_EDGE('',*,*,#9367,.T.);
#4292=ORIENTED_EDGE('',*,*,#8696,.T.);
#4293=ORIENTED_EDGE('',*,*,#9205,.T.);
#4294=ORIENTED_EDGE('',*,*,#9368,.T.);
#4295=ORIENTED_EDGE('',*,*,#8694,.F.);
#4296=ORIENTED_EDGE('',*,*,#9369,.F.);
#4297=ORIENTED_EDGE('',*,*,#9370,.F.);
#4298=ORIENTED_EDGE('',*,*,#9203,.F.);
#4299=ORIENTED_EDGE('',*,*,#9204,.F.);
#4300=ORIENTED_EDGE('',*,*,#9370,.T.);
#4301=ORIENTED_EDGE('',*,*,#9371,.F.);
#4302=ORIENTED_EDGE('',*,*,#9368,.F.);
#4303=ORIENTED_EDGE('',*,*,#9372,.T.);
#4304=ORIENTED_EDGE('',*,*,#8700,.T.);
#4305=ORIENTED_EDGE('',*,*,#9208,.T.);
#4306=ORIENTED_EDGE('',*,*,#9373,.T.);
#4307=ORIENTED_EDGE('',*,*,#8698,.F.);
#4308=ORIENTED_EDGE('',*,*,#9374,.F.);
#4309=ORIENTED_EDGE('',*,*,#9375,.F.);
#4310=ORIENTED_EDGE('',*,*,#9206,.F.);
#4311=ORIENTED_EDGE('',*,*,#9207,.F.);
#4312=ORIENTED_EDGE('',*,*,#9375,.T.);
#4313=ORIENTED_EDGE('',*,*,#9376,.F.);
#4314=ORIENTED_EDGE('',*,*,#9373,.F.);
#4315=ORIENTED_EDGE('',*,*,#9377,.T.);
#4316=ORIENTED_EDGE('',*,*,#8704,.T.);
#4317=ORIENTED_EDGE('',*,*,#9211,.T.);
#4318=ORIENTED_EDGE('',*,*,#9378,.T.);
#4319=ORIENTED_EDGE('',*,*,#8702,.F.);
#4320=ORIENTED_EDGE('',*,*,#9379,.F.);
#4321=ORIENTED_EDGE('',*,*,#9380,.F.);
#4322=ORIENTED_EDGE('',*,*,#9209,.F.);
#4323=ORIENTED_EDGE('',*,*,#9210,.F.);
#4324=ORIENTED_EDGE('',*,*,#9380,.T.);
#4325=ORIENTED_EDGE('',*,*,#9381,.F.);
#4326=ORIENTED_EDGE('',*,*,#9378,.F.);
#4327=ORIENTED_EDGE('',*,*,#9382,.T.);
#4328=ORIENTED_EDGE('',*,*,#8708,.T.);
#4329=ORIENTED_EDGE('',*,*,#9214,.T.);
#4330=ORIENTED_EDGE('',*,*,#9383,.T.);
#4331=ORIENTED_EDGE('',*,*,#8706,.F.);
#4332=ORIENTED_EDGE('',*,*,#9384,.F.);
#4333=ORIENTED_EDGE('',*,*,#9385,.F.);
#4334=ORIENTED_EDGE('',*,*,#9212,.F.);
#4335=ORIENTED_EDGE('',*,*,#9213,.F.);
#4336=ORIENTED_EDGE('',*,*,#9385,.T.);
#4337=ORIENTED_EDGE('',*,*,#9386,.F.);
#4338=ORIENTED_EDGE('',*,*,#9383,.F.);
#4339=ORIENTED_EDGE('',*,*,#9387,.T.);
#4340=ORIENTED_EDGE('',*,*,#8712,.T.);
#4341=ORIENTED_EDGE('',*,*,#9217,.T.);
#4342=ORIENTED_EDGE('',*,*,#9388,.T.);
#4343=ORIENTED_EDGE('',*,*,#8710,.F.);
#4344=ORIENTED_EDGE('',*,*,#9389,.F.);
#4345=ORIENTED_EDGE('',*,*,#9390,.F.);
#4346=ORIENTED_EDGE('',*,*,#9215,.F.);
#4347=ORIENTED_EDGE('',*,*,#9216,.F.);
#4348=ORIENTED_EDGE('',*,*,#9390,.T.);
#4349=ORIENTED_EDGE('',*,*,#9391,.F.);
#4350=ORIENTED_EDGE('',*,*,#9388,.F.);
#4351=ORIENTED_EDGE('',*,*,#9392,.T.);
#4352=ORIENTED_EDGE('',*,*,#8716,.T.);
#4353=ORIENTED_EDGE('',*,*,#9220,.T.);
#4354=ORIENTED_EDGE('',*,*,#9393,.T.);
#4355=ORIENTED_EDGE('',*,*,#8714,.F.);
#4356=ORIENTED_EDGE('',*,*,#9394,.F.);
#4357=ORIENTED_EDGE('',*,*,#9395,.F.);
#4358=ORIENTED_EDGE('',*,*,#9218,.F.);
#4359=ORIENTED_EDGE('',*,*,#9219,.F.);
#4360=ORIENTED_EDGE('',*,*,#9395,.T.);
#4361=ORIENTED_EDGE('',*,*,#9396,.F.);
#4362=ORIENTED_EDGE('',*,*,#9393,.F.);
#4363=ORIENTED_EDGE('',*,*,#9397,.T.);
#4364=ORIENTED_EDGE('',*,*,#8720,.T.);
#4365=ORIENTED_EDGE('',*,*,#9223,.T.);
#4366=ORIENTED_EDGE('',*,*,#9398,.T.);
#4367=ORIENTED_EDGE('',*,*,#8718,.F.);
#4368=ORIENTED_EDGE('',*,*,#9399,.F.);
#4369=ORIENTED_EDGE('',*,*,#9400,.F.);
#4370=ORIENTED_EDGE('',*,*,#9221,.F.);
#4371=ORIENTED_EDGE('',*,*,#9222,.F.);
#4372=ORIENTED_EDGE('',*,*,#9400,.T.);
#4373=ORIENTED_EDGE('',*,*,#9401,.F.);
#4374=ORIENTED_EDGE('',*,*,#9398,.F.);
#4375=ORIENTED_EDGE('',*,*,#9402,.T.);
#4376=ORIENTED_EDGE('',*,*,#8724,.T.);
#4377=ORIENTED_EDGE('',*,*,#9226,.T.);
#4378=ORIENTED_EDGE('',*,*,#9403,.T.);
#4379=ORIENTED_EDGE('',*,*,#8722,.F.);
#4380=ORIENTED_EDGE('',*,*,#9404,.F.);
#4381=ORIENTED_EDGE('',*,*,#9405,.F.);
#4382=ORIENTED_EDGE('',*,*,#9224,.F.);
#4383=ORIENTED_EDGE('',*,*,#9225,.F.);
#4384=ORIENTED_EDGE('',*,*,#9405,.T.);
#4385=ORIENTED_EDGE('',*,*,#9406,.F.);
#4386=ORIENTED_EDGE('',*,*,#9403,.F.);
#4387=ORIENTED_EDGE('',*,*,#9407,.T.);
#4388=ORIENTED_EDGE('',*,*,#8728,.T.);
#4389=ORIENTED_EDGE('',*,*,#9229,.T.);
#4390=ORIENTED_EDGE('',*,*,#9408,.T.);
#4391=ORIENTED_EDGE('',*,*,#8726,.F.);
#4392=ORIENTED_EDGE('',*,*,#9409,.F.);
#4393=ORIENTED_EDGE('',*,*,#9410,.F.);
#4394=ORIENTED_EDGE('',*,*,#9227,.F.);
#4395=ORIENTED_EDGE('',*,*,#9228,.F.);
#4396=ORIENTED_EDGE('',*,*,#9410,.T.);
#4397=ORIENTED_EDGE('',*,*,#9411,.F.);
#4398=ORIENTED_EDGE('',*,*,#9408,.F.);
#4399=ORIENTED_EDGE('',*,*,#9412,.T.);
#4400=ORIENTED_EDGE('',*,*,#8732,.T.);
#4401=ORIENTED_EDGE('',*,*,#9232,.T.);
#4402=ORIENTED_EDGE('',*,*,#9413,.T.);
#4403=ORIENTED_EDGE('',*,*,#8730,.F.);
#4404=ORIENTED_EDGE('',*,*,#9414,.F.);
#4405=ORIENTED_EDGE('',*,*,#9415,.F.);
#4406=ORIENTED_EDGE('',*,*,#9230,.F.);
#4407=ORIENTED_EDGE('',*,*,#9231,.F.);
#4408=ORIENTED_EDGE('',*,*,#9415,.T.);
#4409=ORIENTED_EDGE('',*,*,#9416,.F.);
#4410=ORIENTED_EDGE('',*,*,#9413,.F.);
#4411=ORIENTED_EDGE('',*,*,#9417,.T.);
#4412=ORIENTED_EDGE('',*,*,#8736,.T.);
#4413=ORIENTED_EDGE('',*,*,#9235,.T.);
#4414=ORIENTED_EDGE('',*,*,#9418,.T.);
#4415=ORIENTED_EDGE('',*,*,#8734,.F.);
#4416=ORIENTED_EDGE('',*,*,#9419,.F.);
#4417=ORIENTED_EDGE('',*,*,#9420,.F.);
#4418=ORIENTED_EDGE('',*,*,#9233,.F.);
#4419=ORIENTED_EDGE('',*,*,#9234,.F.);
#4420=ORIENTED_EDGE('',*,*,#9420,.T.);
#4421=ORIENTED_EDGE('',*,*,#9421,.F.);
#4422=ORIENTED_EDGE('',*,*,#9418,.F.);
#4423=ORIENTED_EDGE('',*,*,#9422,.T.);
#4424=ORIENTED_EDGE('',*,*,#8740,.T.);
#4425=ORIENTED_EDGE('',*,*,#9238,.T.);
#4426=ORIENTED_EDGE('',*,*,#9423,.T.);
#4427=ORIENTED_EDGE('',*,*,#8738,.F.);
#4428=ORIENTED_EDGE('',*,*,#9424,.F.);
#4429=ORIENTED_EDGE('',*,*,#9425,.F.);
#4430=ORIENTED_EDGE('',*,*,#9236,.F.);
#4431=ORIENTED_EDGE('',*,*,#9237,.F.);
#4432=ORIENTED_EDGE('',*,*,#9425,.T.);
#4433=ORIENTED_EDGE('',*,*,#9426,.F.);
#4434=ORIENTED_EDGE('',*,*,#9423,.F.);
#4435=ORIENTED_EDGE('',*,*,#9427,.T.);
#4436=ORIENTED_EDGE('',*,*,#8744,.T.);
#4437=ORIENTED_EDGE('',*,*,#9241,.T.);
#4438=ORIENTED_EDGE('',*,*,#9428,.T.);
#4439=ORIENTED_EDGE('',*,*,#8742,.F.);
#4440=ORIENTED_EDGE('',*,*,#9429,.F.);
#4441=ORIENTED_EDGE('',*,*,#9430,.F.);
#4442=ORIENTED_EDGE('',*,*,#9239,.F.);
#4443=ORIENTED_EDGE('',*,*,#9240,.F.);
#4444=ORIENTED_EDGE('',*,*,#9430,.T.);
#4445=ORIENTED_EDGE('',*,*,#9431,.F.);
#4446=ORIENTED_EDGE('',*,*,#9428,.F.);
#4447=ORIENTED_EDGE('',*,*,#9432,.T.);
#4448=ORIENTED_EDGE('',*,*,#8748,.T.);
#4449=ORIENTED_EDGE('',*,*,#9244,.T.);
#4450=ORIENTED_EDGE('',*,*,#9433,.T.);
#4451=ORIENTED_EDGE('',*,*,#8746,.F.);
#4452=ORIENTED_EDGE('',*,*,#9434,.F.);
#4453=ORIENTED_EDGE('',*,*,#9435,.F.);
#4454=ORIENTED_EDGE('',*,*,#9242,.F.);
#4455=ORIENTED_EDGE('',*,*,#9243,.F.);
#4456=ORIENTED_EDGE('',*,*,#9435,.T.);
#4457=ORIENTED_EDGE('',*,*,#9436,.F.);
#4458=ORIENTED_EDGE('',*,*,#9433,.F.);
#4459=ORIENTED_EDGE('',*,*,#9437,.T.);
#4460=ORIENTED_EDGE('',*,*,#8752,.T.);
#4461=ORIENTED_EDGE('',*,*,#9247,.T.);
#4462=ORIENTED_EDGE('',*,*,#9438,.T.);
#4463=ORIENTED_EDGE('',*,*,#8750,.F.);
#4464=ORIENTED_EDGE('',*,*,#9439,.F.);
#4465=ORIENTED_EDGE('',*,*,#9440,.F.);
#4466=ORIENTED_EDGE('',*,*,#9245,.F.);
#4467=ORIENTED_EDGE('',*,*,#9246,.F.);
#4468=ORIENTED_EDGE('',*,*,#9440,.T.);
#4469=ORIENTED_EDGE('',*,*,#9441,.F.);
#4470=ORIENTED_EDGE('',*,*,#9438,.F.);
#4471=ORIENTED_EDGE('',*,*,#9442,.T.);
#4472=ORIENTED_EDGE('',*,*,#8756,.T.);
#4473=ORIENTED_EDGE('',*,*,#9155,.T.);
#4474=ORIENTED_EDGE('',*,*,#9443,.T.);
#4475=ORIENTED_EDGE('',*,*,#8754,.F.);
#4476=ORIENTED_EDGE('',*,*,#9444,.F.);
#4477=ORIENTED_EDGE('',*,*,#9445,.F.);
#4478=ORIENTED_EDGE('',*,*,#9248,.F.);
#4479=ORIENTED_EDGE('',*,*,#9249,.F.);
#4480=ORIENTED_EDGE('',*,*,#9445,.T.);
#4481=ORIENTED_EDGE('',*,*,#9446,.F.);
#4482=ORIENTED_EDGE('',*,*,#9443,.F.);
#4483=ORIENTED_EDGE('',*,*,#9447,.T.);
#4484=ORIENTED_EDGE('',*,*,#9448,.F.);
#4485=ORIENTED_EDGE('',*,*,#9449,.F.);
#4486=ORIENTED_EDGE('',*,*,#9450,.T.);
#4487=ORIENTED_EDGE('',*,*,#9451,.T.);
#4488=ORIENTED_EDGE('',*,*,#9452,.F.);
#4489=ORIENTED_EDGE('',*,*,#9453,.F.);
#4490=ORIENTED_EDGE('',*,*,#9448,.T.);
#4491=ORIENTED_EDGE('',*,*,#9454,.T.);
#4492=ORIENTED_EDGE('',*,*,#9455,.F.);
#4493=ORIENTED_EDGE('',*,*,#9456,.F.);
#4494=ORIENTED_EDGE('',*,*,#9452,.T.);
#4495=ORIENTED_EDGE('',*,*,#9457,.T.);
#4496=ORIENTED_EDGE('',*,*,#9146,.T.);
#4497=ORIENTED_EDGE('',*,*,#9458,.T.);
#4498=ORIENTED_EDGE('',*,*,#9449,.T.);
#4499=ORIENTED_EDGE('',*,*,#9453,.T.);
#4500=ORIENTED_EDGE('',*,*,#9456,.T.);
#4501=ORIENTED_EDGE('',*,*,#9148,.F.);
#4502=ORIENTED_EDGE('',*,*,#9459,.F.);
#4503=ORIENTED_EDGE('',*,*,#9454,.F.);
#4504=ORIENTED_EDGE('',*,*,#9451,.F.);
#4505=ORIENTED_EDGE('',*,*,#9447,.F.);
#4506=ORIENTED_EDGE('',*,*,#9460,.F.);
#4507=ORIENTED_EDGE('',*,*,#9149,.F.);
#4508=ORIENTED_EDGE('',*,*,#9460,.T.);
#4509=ORIENTED_EDGE('',*,*,#9450,.F.);
#4510=ORIENTED_EDGE('',*,*,#9458,.F.);
#4511=ORIENTED_EDGE('',*,*,#9147,.F.);
#4512=ORIENTED_EDGE('',*,*,#9457,.F.);
#4513=ORIENTED_EDGE('',*,*,#9455,.T.);
#4514=ORIENTED_EDGE('',*,*,#9459,.T.);
#4515=ORIENTED_EDGE('',*,*,#9461,.T.);
#4516=ORIENTED_EDGE('',*,*,#9462,.F.);
#4517=ORIENTED_EDGE('',*,*,#9463,.F.);
#4518=ORIENTED_EDGE('',*,*,#9464,.T.);
#4519=ORIENTED_EDGE('',*,*,#9465,.T.);
#4520=ORIENTED_EDGE('',*,*,#9466,.F.);
#4521=ORIENTED_EDGE('',*,*,#9467,.F.);
#4522=ORIENTED_EDGE('',*,*,#9462,.T.);
#4523=ORIENTED_EDGE('',*,*,#9468,.T.);
#4524=ORIENTED_EDGE('',*,*,#9469,.F.);
#4525=ORIENTED_EDGE('',*,*,#9470,.F.);
#4526=ORIENTED_EDGE('',*,*,#9466,.T.);
#4527=ORIENTED_EDGE('',*,*,#9471,.T.);
#4528=ORIENTED_EDGE('',*,*,#9142,.T.);
#4529=ORIENTED_EDGE('',*,*,#9472,.T.);
#4530=ORIENTED_EDGE('',*,*,#9463,.T.);
#4531=ORIENTED_EDGE('',*,*,#9467,.T.);
#4532=ORIENTED_EDGE('',*,*,#9470,.T.);
#4533=ORIENTED_EDGE('',*,*,#9144,.F.);
#4534=ORIENTED_EDGE('',*,*,#9473,.F.);
#4535=ORIENTED_EDGE('',*,*,#9468,.F.);
#4536=ORIENTED_EDGE('',*,*,#9465,.F.);
#4537=ORIENTED_EDGE('',*,*,#9461,.F.);
#4538=ORIENTED_EDGE('',*,*,#9474,.F.);
#4539=ORIENTED_EDGE('',*,*,#9145,.F.);
#4540=ORIENTED_EDGE('',*,*,#9474,.T.);
#4541=ORIENTED_EDGE('',*,*,#9464,.F.);
#4542=ORIENTED_EDGE('',*,*,#9472,.F.);
#4543=ORIENTED_EDGE('',*,*,#9143,.F.);
#4544=ORIENTED_EDGE('',*,*,#9471,.F.);
#4545=ORIENTED_EDGE('',*,*,#9469,.T.);
#4546=ORIENTED_EDGE('',*,*,#9473,.T.);
#4547=ORIENTED_EDGE('',*,*,#9475,.T.);
#4548=ORIENTED_EDGE('',*,*,#9476,.F.);
#4549=ORIENTED_EDGE('',*,*,#9477,.F.);
#4550=ORIENTED_EDGE('',*,*,#9478,.T.);
#4551=ORIENTED_EDGE('',*,*,#9479,.T.);
#4552=ORIENTED_EDGE('',*,*,#9480,.F.);
#4553=ORIENTED_EDGE('',*,*,#9481,.F.);
#4554=ORIENTED_EDGE('',*,*,#9476,.T.);
#4555=ORIENTED_EDGE('',*,*,#9482,.T.);
#4556=ORIENTED_EDGE('',*,*,#9483,.F.);
#4557=ORIENTED_EDGE('',*,*,#9484,.F.);
#4558=ORIENTED_EDGE('',*,*,#9480,.T.);
#4559=ORIENTED_EDGE('',*,*,#9485,.T.);
#4560=ORIENTED_EDGE('',*,*,#9138,.T.);
#4561=ORIENTED_EDGE('',*,*,#9486,.T.);
#4562=ORIENTED_EDGE('',*,*,#9477,.T.);
#4563=ORIENTED_EDGE('',*,*,#9481,.T.);
#4564=ORIENTED_EDGE('',*,*,#9484,.T.);
#4565=ORIENTED_EDGE('',*,*,#9140,.F.);
#4566=ORIENTED_EDGE('',*,*,#9487,.F.);
#4567=ORIENTED_EDGE('',*,*,#9482,.F.);
#4568=ORIENTED_EDGE('',*,*,#9479,.F.);
#4569=ORIENTED_EDGE('',*,*,#9475,.F.);
#4570=ORIENTED_EDGE('',*,*,#9488,.F.);
#4571=ORIENTED_EDGE('',*,*,#9141,.F.);
#4572=ORIENTED_EDGE('',*,*,#9488,.T.);
#4573=ORIENTED_EDGE('',*,*,#9478,.F.);
#4574=ORIENTED_EDGE('',*,*,#9486,.F.);
#4575=ORIENTED_EDGE('',*,*,#9139,.F.);
#4576=ORIENTED_EDGE('',*,*,#9485,.F.);
#4577=ORIENTED_EDGE('',*,*,#9483,.T.);
#4578=ORIENTED_EDGE('',*,*,#9487,.T.);
#4579=ORIENTED_EDGE('',*,*,#9489,.T.);
#4580=ORIENTED_EDGE('',*,*,#9490,.F.);
#4581=ORIENTED_EDGE('',*,*,#9491,.F.);
#4582=ORIENTED_EDGE('',*,*,#9492,.T.);
#4583=ORIENTED_EDGE('',*,*,#9493,.T.);
#4584=ORIENTED_EDGE('',*,*,#9494,.F.);
#4585=ORIENTED_EDGE('',*,*,#9495,.F.);
#4586=ORIENTED_EDGE('',*,*,#9490,.T.);
#4587=ORIENTED_EDGE('',*,*,#9496,.T.);
#4588=ORIENTED_EDGE('',*,*,#9497,.F.);
#4589=ORIENTED_EDGE('',*,*,#9498,.F.);
#4590=ORIENTED_EDGE('',*,*,#9494,.T.);
#4591=ORIENTED_EDGE('',*,*,#9499,.T.);
#4592=ORIENTED_EDGE('',*,*,#9134,.T.);
#4593=ORIENTED_EDGE('',*,*,#9500,.T.);
#4594=ORIENTED_EDGE('',*,*,#9491,.T.);
#4595=ORIENTED_EDGE('',*,*,#9495,.T.);
#4596=ORIENTED_EDGE('',*,*,#9498,.T.);
#4597=ORIENTED_EDGE('',*,*,#9136,.F.);
#4598=ORIENTED_EDGE('',*,*,#9501,.F.);
#4599=ORIENTED_EDGE('',*,*,#9496,.F.);
#4600=ORIENTED_EDGE('',*,*,#9493,.F.);
#4601=ORIENTED_EDGE('',*,*,#9489,.F.);
#4602=ORIENTED_EDGE('',*,*,#9502,.F.);
#4603=ORIENTED_EDGE('',*,*,#9137,.F.);
#4604=ORIENTED_EDGE('',*,*,#9502,.T.);
#4605=ORIENTED_EDGE('',*,*,#9492,.F.);
#4606=ORIENTED_EDGE('',*,*,#9500,.F.);
#4607=ORIENTED_EDGE('',*,*,#9135,.F.);
#4608=ORIENTED_EDGE('',*,*,#9499,.F.);
#4609=ORIENTED_EDGE('',*,*,#9497,.T.);
#4610=ORIENTED_EDGE('',*,*,#9501,.T.);
#4611=ORIENTED_EDGE('',*,*,#9503,.T.);
#4612=ORIENTED_EDGE('',*,*,#9504,.F.);
#4613=ORIENTED_EDGE('',*,*,#9505,.F.);
#4614=ORIENTED_EDGE('',*,*,#9506,.T.);
#4615=ORIENTED_EDGE('',*,*,#9507,.T.);
#4616=ORIENTED_EDGE('',*,*,#9508,.F.);
#4617=ORIENTED_EDGE('',*,*,#9509,.F.);
#4618=ORIENTED_EDGE('',*,*,#9504,.T.);
#4619=ORIENTED_EDGE('',*,*,#9510,.T.);
#4620=ORIENTED_EDGE('',*,*,#9511,.F.);
#4621=ORIENTED_EDGE('',*,*,#9512,.F.);
#4622=ORIENTED_EDGE('',*,*,#9508,.T.);
#4623=ORIENTED_EDGE('',*,*,#9513,.T.);
#4624=ORIENTED_EDGE('',*,*,#9130,.T.);
#4625=ORIENTED_EDGE('',*,*,#9514,.T.);
#4626=ORIENTED_EDGE('',*,*,#9505,.T.);
#4627=ORIENTED_EDGE('',*,*,#9509,.T.);
#4628=ORIENTED_EDGE('',*,*,#9512,.T.);
#4629=ORIENTED_EDGE('',*,*,#9132,.F.);
#4630=ORIENTED_EDGE('',*,*,#9515,.F.);
#4631=ORIENTED_EDGE('',*,*,#9510,.F.);
#4632=ORIENTED_EDGE('',*,*,#9507,.F.);
#4633=ORIENTED_EDGE('',*,*,#9503,.F.);
#4634=ORIENTED_EDGE('',*,*,#9516,.F.);
#4635=ORIENTED_EDGE('',*,*,#9133,.F.);
#4636=ORIENTED_EDGE('',*,*,#9516,.T.);
#4637=ORIENTED_EDGE('',*,*,#9506,.F.);
#4638=ORIENTED_EDGE('',*,*,#9514,.F.);
#4639=ORIENTED_EDGE('',*,*,#9131,.F.);
#4640=ORIENTED_EDGE('',*,*,#9513,.F.);
#4641=ORIENTED_EDGE('',*,*,#9511,.T.);
#4642=ORIENTED_EDGE('',*,*,#9515,.T.);
#4643=ORIENTED_EDGE('',*,*,#9517,.T.);
#4644=ORIENTED_EDGE('',*,*,#9518,.F.);
#4645=ORIENTED_EDGE('',*,*,#9519,.F.);
#4646=ORIENTED_EDGE('',*,*,#9520,.T.);
#4647=ORIENTED_EDGE('',*,*,#9521,.T.);
#4648=ORIENTED_EDGE('',*,*,#9522,.F.);
#4649=ORIENTED_EDGE('',*,*,#9523,.F.);
#4650=ORIENTED_EDGE('',*,*,#9518,.T.);
#4651=ORIENTED_EDGE('',*,*,#9524,.T.);
#4652=ORIENTED_EDGE('',*,*,#9525,.F.);
#4653=ORIENTED_EDGE('',*,*,#9526,.F.);
#4654=ORIENTED_EDGE('',*,*,#9522,.T.);
#4655=ORIENTED_EDGE('',*,*,#9527,.T.);
#4656=ORIENTED_EDGE('',*,*,#9126,.T.);
#4657=ORIENTED_EDGE('',*,*,#9528,.T.);
#4658=ORIENTED_EDGE('',*,*,#9519,.T.);
#4659=ORIENTED_EDGE('',*,*,#9523,.T.);
#4660=ORIENTED_EDGE('',*,*,#9526,.T.);
#4661=ORIENTED_EDGE('',*,*,#9128,.F.);
#4662=ORIENTED_EDGE('',*,*,#9529,.F.);
#4663=ORIENTED_EDGE('',*,*,#9524,.F.);
#4664=ORIENTED_EDGE('',*,*,#9521,.F.);
#4665=ORIENTED_EDGE('',*,*,#9517,.F.);
#4666=ORIENTED_EDGE('',*,*,#9530,.F.);
#4667=ORIENTED_EDGE('',*,*,#9129,.F.);
#4668=ORIENTED_EDGE('',*,*,#9530,.T.);
#4669=ORIENTED_EDGE('',*,*,#9520,.F.);
#4670=ORIENTED_EDGE('',*,*,#9528,.F.);
#4671=ORIENTED_EDGE('',*,*,#9127,.F.);
#4672=ORIENTED_EDGE('',*,*,#9527,.F.);
#4673=ORIENTED_EDGE('',*,*,#9525,.T.);
#4674=ORIENTED_EDGE('',*,*,#9529,.T.);
#4675=ORIENTED_EDGE('',*,*,#9531,.T.);
#4676=ORIENTED_EDGE('',*,*,#9532,.F.);
#4677=ORIENTED_EDGE('',*,*,#9533,.F.);
#4678=ORIENTED_EDGE('',*,*,#9534,.T.);
#4679=ORIENTED_EDGE('',*,*,#9535,.T.);
#4680=ORIENTED_EDGE('',*,*,#9536,.F.);
#4681=ORIENTED_EDGE('',*,*,#9537,.F.);
#4682=ORIENTED_EDGE('',*,*,#9532,.T.);
#4683=ORIENTED_EDGE('',*,*,#9538,.T.);
#4684=ORIENTED_EDGE('',*,*,#9539,.F.);
#4685=ORIENTED_EDGE('',*,*,#9540,.F.);
#4686=ORIENTED_EDGE('',*,*,#9536,.T.);
#4687=ORIENTED_EDGE('',*,*,#9541,.T.);
#4688=ORIENTED_EDGE('',*,*,#9122,.T.);
#4689=ORIENTED_EDGE('',*,*,#9542,.T.);
#4690=ORIENTED_EDGE('',*,*,#9533,.T.);
#4691=ORIENTED_EDGE('',*,*,#9537,.T.);
#4692=ORIENTED_EDGE('',*,*,#9540,.T.);
#4693=ORIENTED_EDGE('',*,*,#9124,.F.);
#4694=ORIENTED_EDGE('',*,*,#9543,.F.);
#4695=ORIENTED_EDGE('',*,*,#9538,.F.);
#4696=ORIENTED_EDGE('',*,*,#9535,.F.);
#4697=ORIENTED_EDGE('',*,*,#9531,.F.);
#4698=ORIENTED_EDGE('',*,*,#9544,.F.);
#4699=ORIENTED_EDGE('',*,*,#9125,.F.);
#4700=ORIENTED_EDGE('',*,*,#9544,.T.);
#4701=ORIENTED_EDGE('',*,*,#9534,.F.);
#4702=ORIENTED_EDGE('',*,*,#9542,.F.);
#4703=ORIENTED_EDGE('',*,*,#9123,.F.);
#4704=ORIENTED_EDGE('',*,*,#9541,.F.);
#4705=ORIENTED_EDGE('',*,*,#9539,.T.);
#4706=ORIENTED_EDGE('',*,*,#9543,.T.);
#4707=ORIENTED_EDGE('',*,*,#9545,.T.);
#4708=ORIENTED_EDGE('',*,*,#9546,.F.);
#4709=ORIENTED_EDGE('',*,*,#9547,.F.);
#4710=ORIENTED_EDGE('',*,*,#9548,.T.);
#4711=ORIENTED_EDGE('',*,*,#9549,.T.);
#4712=ORIENTED_EDGE('',*,*,#9550,.F.);
#4713=ORIENTED_EDGE('',*,*,#9551,.F.);
#4714=ORIENTED_EDGE('',*,*,#9546,.T.);
#4715=ORIENTED_EDGE('',*,*,#9552,.T.);
#4716=ORIENTED_EDGE('',*,*,#9553,.F.);
#4717=ORIENTED_EDGE('',*,*,#9554,.F.);
#4718=ORIENTED_EDGE('',*,*,#9550,.T.);
#4719=ORIENTED_EDGE('',*,*,#9555,.T.);
#4720=ORIENTED_EDGE('',*,*,#9118,.T.);
#4721=ORIENTED_EDGE('',*,*,#9556,.T.);
#4722=ORIENTED_EDGE('',*,*,#9547,.T.);
#4723=ORIENTED_EDGE('',*,*,#9551,.T.);
#4724=ORIENTED_EDGE('',*,*,#9554,.T.);
#4725=ORIENTED_EDGE('',*,*,#9120,.F.);
#4726=ORIENTED_EDGE('',*,*,#9557,.F.);
#4727=ORIENTED_EDGE('',*,*,#9552,.F.);
#4728=ORIENTED_EDGE('',*,*,#9549,.F.);
#4729=ORIENTED_EDGE('',*,*,#9545,.F.);
#4730=ORIENTED_EDGE('',*,*,#9558,.F.);
#4731=ORIENTED_EDGE('',*,*,#9121,.F.);
#4732=ORIENTED_EDGE('',*,*,#9558,.T.);
#4733=ORIENTED_EDGE('',*,*,#9548,.F.);
#4734=ORIENTED_EDGE('',*,*,#9556,.F.);
#4735=ORIENTED_EDGE('',*,*,#9119,.F.);
#4736=ORIENTED_EDGE('',*,*,#9555,.F.);
#4737=ORIENTED_EDGE('',*,*,#9553,.T.);
#4738=ORIENTED_EDGE('',*,*,#9557,.T.);
#4739=ORIENTED_EDGE('',*,*,#9559,.T.);
#4740=ORIENTED_EDGE('',*,*,#9560,.F.);
#4741=ORIENTED_EDGE('',*,*,#9561,.F.);
#4742=ORIENTED_EDGE('',*,*,#9562,.T.);
#4743=ORIENTED_EDGE('',*,*,#9563,.T.);
#4744=ORIENTED_EDGE('',*,*,#9564,.F.);
#4745=ORIENTED_EDGE('',*,*,#9565,.F.);
#4746=ORIENTED_EDGE('',*,*,#9560,.T.);
#4747=ORIENTED_EDGE('',*,*,#9566,.T.);
#4748=ORIENTED_EDGE('',*,*,#9567,.F.);
#4749=ORIENTED_EDGE('',*,*,#9568,.F.);
#4750=ORIENTED_EDGE('',*,*,#9564,.T.);
#4751=ORIENTED_EDGE('',*,*,#9569,.T.);
#4752=ORIENTED_EDGE('',*,*,#9114,.T.);
#4753=ORIENTED_EDGE('',*,*,#9570,.T.);
#4754=ORIENTED_EDGE('',*,*,#9561,.T.);
#4755=ORIENTED_EDGE('',*,*,#9565,.T.);
#4756=ORIENTED_EDGE('',*,*,#9568,.T.);
#4757=ORIENTED_EDGE('',*,*,#9116,.F.);
#4758=ORIENTED_EDGE('',*,*,#9571,.F.);
#4759=ORIENTED_EDGE('',*,*,#9566,.F.);
#4760=ORIENTED_EDGE('',*,*,#9563,.F.);
#4761=ORIENTED_EDGE('',*,*,#9559,.F.);
#4762=ORIENTED_EDGE('',*,*,#9572,.F.);
#4763=ORIENTED_EDGE('',*,*,#9117,.F.);
#4764=ORIENTED_EDGE('',*,*,#9572,.T.);
#4765=ORIENTED_EDGE('',*,*,#9562,.F.);
#4766=ORIENTED_EDGE('',*,*,#9570,.F.);
#4767=ORIENTED_EDGE('',*,*,#9115,.F.);
#4768=ORIENTED_EDGE('',*,*,#9569,.F.);
#4769=ORIENTED_EDGE('',*,*,#9567,.T.);
#4770=ORIENTED_EDGE('',*,*,#9571,.T.);
#4771=ORIENTED_EDGE('',*,*,#9573,.T.);
#4772=ORIENTED_EDGE('',*,*,#9574,.F.);
#4773=ORIENTED_EDGE('',*,*,#9575,.F.);
#4774=ORIENTED_EDGE('',*,*,#9576,.T.);
#4775=ORIENTED_EDGE('',*,*,#9577,.T.);
#4776=ORIENTED_EDGE('',*,*,#9578,.F.);
#4777=ORIENTED_EDGE('',*,*,#9579,.F.);
#4778=ORIENTED_EDGE('',*,*,#9574,.T.);
#4779=ORIENTED_EDGE('',*,*,#9580,.T.);
#4780=ORIENTED_EDGE('',*,*,#9581,.F.);
#4781=ORIENTED_EDGE('',*,*,#9582,.F.);
#4782=ORIENTED_EDGE('',*,*,#9578,.T.);
#4783=ORIENTED_EDGE('',*,*,#9583,.T.);
#4784=ORIENTED_EDGE('',*,*,#9110,.T.);
#4785=ORIENTED_EDGE('',*,*,#9584,.T.);
#4786=ORIENTED_EDGE('',*,*,#9575,.T.);
#4787=ORIENTED_EDGE('',*,*,#9579,.T.);
#4788=ORIENTED_EDGE('',*,*,#9582,.T.);
#4789=ORIENTED_EDGE('',*,*,#9112,.F.);
#4790=ORIENTED_EDGE('',*,*,#9585,.F.);
#4791=ORIENTED_EDGE('',*,*,#9580,.F.);
#4792=ORIENTED_EDGE('',*,*,#9577,.F.);
#4793=ORIENTED_EDGE('',*,*,#9573,.F.);
#4794=ORIENTED_EDGE('',*,*,#9586,.F.);
#4795=ORIENTED_EDGE('',*,*,#9113,.F.);
#4796=ORIENTED_EDGE('',*,*,#9586,.T.);
#4797=ORIENTED_EDGE('',*,*,#9576,.F.);
#4798=ORIENTED_EDGE('',*,*,#9584,.F.);
#4799=ORIENTED_EDGE('',*,*,#9111,.F.);
#4800=ORIENTED_EDGE('',*,*,#9583,.F.);
#4801=ORIENTED_EDGE('',*,*,#9581,.T.);
#4802=ORIENTED_EDGE('',*,*,#9585,.T.);
#4803=ORIENTED_EDGE('',*,*,#9587,.T.);
#4804=ORIENTED_EDGE('',*,*,#9588,.F.);
#4805=ORIENTED_EDGE('',*,*,#9589,.F.);
#4806=ORIENTED_EDGE('',*,*,#9590,.T.);
#4807=ORIENTED_EDGE('',*,*,#9591,.T.);
#4808=ORIENTED_EDGE('',*,*,#9592,.F.);
#4809=ORIENTED_EDGE('',*,*,#9593,.F.);
#4810=ORIENTED_EDGE('',*,*,#9588,.T.);
#4811=ORIENTED_EDGE('',*,*,#9594,.T.);
#4812=ORIENTED_EDGE('',*,*,#9595,.F.);
#4813=ORIENTED_EDGE('',*,*,#9596,.F.);
#4814=ORIENTED_EDGE('',*,*,#9592,.T.);
#4815=ORIENTED_EDGE('',*,*,#9597,.T.);
#4816=ORIENTED_EDGE('',*,*,#9106,.T.);
#4817=ORIENTED_EDGE('',*,*,#9598,.T.);
#4818=ORIENTED_EDGE('',*,*,#9589,.T.);
#4819=ORIENTED_EDGE('',*,*,#9593,.T.);
#4820=ORIENTED_EDGE('',*,*,#9596,.T.);
#4821=ORIENTED_EDGE('',*,*,#9108,.F.);
#4822=ORIENTED_EDGE('',*,*,#9599,.F.);
#4823=ORIENTED_EDGE('',*,*,#9594,.F.);
#4824=ORIENTED_EDGE('',*,*,#9591,.F.);
#4825=ORIENTED_EDGE('',*,*,#9587,.F.);
#4826=ORIENTED_EDGE('',*,*,#9600,.F.);
#4827=ORIENTED_EDGE('',*,*,#9109,.F.);
#4828=ORIENTED_EDGE('',*,*,#9600,.T.);
#4829=ORIENTED_EDGE('',*,*,#9590,.F.);
#4830=ORIENTED_EDGE('',*,*,#9598,.F.);
#4831=ORIENTED_EDGE('',*,*,#9107,.F.);
#4832=ORIENTED_EDGE('',*,*,#9597,.F.);
#4833=ORIENTED_EDGE('',*,*,#9595,.T.);
#4834=ORIENTED_EDGE('',*,*,#9599,.T.);
#4835=ORIENTED_EDGE('',*,*,#9601,.T.);
#4836=ORIENTED_EDGE('',*,*,#9602,.F.);
#4837=ORIENTED_EDGE('',*,*,#9603,.F.);
#4838=ORIENTED_EDGE('',*,*,#9604,.T.);
#4839=ORIENTED_EDGE('',*,*,#9605,.T.);
#4840=ORIENTED_EDGE('',*,*,#9606,.F.);
#4841=ORIENTED_EDGE('',*,*,#9607,.F.);
#4842=ORIENTED_EDGE('',*,*,#9602,.T.);
#4843=ORIENTED_EDGE('',*,*,#9608,.T.);
#4844=ORIENTED_EDGE('',*,*,#9609,.F.);
#4845=ORIENTED_EDGE('',*,*,#9610,.F.);
#4846=ORIENTED_EDGE('',*,*,#9606,.T.);
#4847=ORIENTED_EDGE('',*,*,#9611,.T.);
#4848=ORIENTED_EDGE('',*,*,#9102,.T.);
#4849=ORIENTED_EDGE('',*,*,#9612,.T.);
#4850=ORIENTED_EDGE('',*,*,#9603,.T.);
#4851=ORIENTED_EDGE('',*,*,#9607,.T.);
#4852=ORIENTED_EDGE('',*,*,#9610,.T.);
#4853=ORIENTED_EDGE('',*,*,#9104,.F.);
#4854=ORIENTED_EDGE('',*,*,#9613,.F.);
#4855=ORIENTED_EDGE('',*,*,#9608,.F.);
#4856=ORIENTED_EDGE('',*,*,#9605,.F.);
#4857=ORIENTED_EDGE('',*,*,#9601,.F.);
#4858=ORIENTED_EDGE('',*,*,#9614,.F.);
#4859=ORIENTED_EDGE('',*,*,#9105,.F.);
#4860=ORIENTED_EDGE('',*,*,#9614,.T.);
#4861=ORIENTED_EDGE('',*,*,#9604,.F.);
#4862=ORIENTED_EDGE('',*,*,#9612,.F.);
#4863=ORIENTED_EDGE('',*,*,#9103,.F.);
#4864=ORIENTED_EDGE('',*,*,#9611,.F.);
#4865=ORIENTED_EDGE('',*,*,#9609,.T.);
#4866=ORIENTED_EDGE('',*,*,#9613,.T.);
#4867=ORIENTED_EDGE('',*,*,#9615,.T.);
#4868=ORIENTED_EDGE('',*,*,#9616,.F.);
#4869=ORIENTED_EDGE('',*,*,#9617,.F.);
#4870=ORIENTED_EDGE('',*,*,#9618,.T.);
#4871=ORIENTED_EDGE('',*,*,#9619,.T.);
#4872=ORIENTED_EDGE('',*,*,#9620,.F.);
#4873=ORIENTED_EDGE('',*,*,#9621,.F.);
#4874=ORIENTED_EDGE('',*,*,#9616,.T.);
#4875=ORIENTED_EDGE('',*,*,#9622,.T.);
#4876=ORIENTED_EDGE('',*,*,#9623,.F.);
#4877=ORIENTED_EDGE('',*,*,#9624,.F.);
#4878=ORIENTED_EDGE('',*,*,#9620,.T.);
#4879=ORIENTED_EDGE('',*,*,#9625,.T.);
#4880=ORIENTED_EDGE('',*,*,#9098,.T.);
#4881=ORIENTED_EDGE('',*,*,#9626,.T.);
#4882=ORIENTED_EDGE('',*,*,#9617,.T.);
#4883=ORIENTED_EDGE('',*,*,#9621,.T.);
#4884=ORIENTED_EDGE('',*,*,#9624,.T.);
#4885=ORIENTED_EDGE('',*,*,#9100,.F.);
#4886=ORIENTED_EDGE('',*,*,#9627,.F.);
#4887=ORIENTED_EDGE('',*,*,#9622,.F.);
#4888=ORIENTED_EDGE('',*,*,#9619,.F.);
#4889=ORIENTED_EDGE('',*,*,#9615,.F.);
#4890=ORIENTED_EDGE('',*,*,#9628,.F.);
#4891=ORIENTED_EDGE('',*,*,#9101,.F.);
#4892=ORIENTED_EDGE('',*,*,#9628,.T.);
#4893=ORIENTED_EDGE('',*,*,#9618,.F.);
#4894=ORIENTED_EDGE('',*,*,#9626,.F.);
#4895=ORIENTED_EDGE('',*,*,#9099,.F.);
#4896=ORIENTED_EDGE('',*,*,#9625,.F.);
#4897=ORIENTED_EDGE('',*,*,#9623,.T.);
#4898=ORIENTED_EDGE('',*,*,#9627,.T.);
#4899=ORIENTED_EDGE('',*,*,#9629,.T.);
#4900=ORIENTED_EDGE('',*,*,#9630,.F.);
#4901=ORIENTED_EDGE('',*,*,#9631,.F.);
#4902=ORIENTED_EDGE('',*,*,#9632,.T.);
#4903=ORIENTED_EDGE('',*,*,#9633,.T.);
#4904=ORIENTED_EDGE('',*,*,#9634,.F.);
#4905=ORIENTED_EDGE('',*,*,#9635,.F.);
#4906=ORIENTED_EDGE('',*,*,#9630,.T.);
#4907=ORIENTED_EDGE('',*,*,#9636,.T.);
#4908=ORIENTED_EDGE('',*,*,#9637,.F.);
#4909=ORIENTED_EDGE('',*,*,#9638,.F.);
#4910=ORIENTED_EDGE('',*,*,#9634,.T.);
#4911=ORIENTED_EDGE('',*,*,#9639,.T.);
#4912=ORIENTED_EDGE('',*,*,#9094,.T.);
#4913=ORIENTED_EDGE('',*,*,#9640,.T.);
#4914=ORIENTED_EDGE('',*,*,#9631,.T.);
#4915=ORIENTED_EDGE('',*,*,#9635,.T.);
#4916=ORIENTED_EDGE('',*,*,#9638,.T.);
#4917=ORIENTED_EDGE('',*,*,#9096,.F.);
#4918=ORIENTED_EDGE('',*,*,#9641,.F.);
#4919=ORIENTED_EDGE('',*,*,#9636,.F.);
#4920=ORIENTED_EDGE('',*,*,#9633,.F.);
#4921=ORIENTED_EDGE('',*,*,#9629,.F.);
#4922=ORIENTED_EDGE('',*,*,#9642,.F.);
#4923=ORIENTED_EDGE('',*,*,#9097,.F.);
#4924=ORIENTED_EDGE('',*,*,#9642,.T.);
#4925=ORIENTED_EDGE('',*,*,#9632,.F.);
#4926=ORIENTED_EDGE('',*,*,#9640,.F.);
#4927=ORIENTED_EDGE('',*,*,#9095,.F.);
#4928=ORIENTED_EDGE('',*,*,#9639,.F.);
#4929=ORIENTED_EDGE('',*,*,#9637,.T.);
#4930=ORIENTED_EDGE('',*,*,#9641,.T.);
#4931=ORIENTED_EDGE('',*,*,#9643,.T.);
#4932=ORIENTED_EDGE('',*,*,#9644,.F.);
#4933=ORIENTED_EDGE('',*,*,#9645,.F.);
#4934=ORIENTED_EDGE('',*,*,#9646,.T.);
#4935=ORIENTED_EDGE('',*,*,#9647,.T.);
#4936=ORIENTED_EDGE('',*,*,#9648,.F.);
#4937=ORIENTED_EDGE('',*,*,#9649,.F.);
#4938=ORIENTED_EDGE('',*,*,#9644,.T.);
#4939=ORIENTED_EDGE('',*,*,#9650,.T.);
#4940=ORIENTED_EDGE('',*,*,#9651,.F.);
#4941=ORIENTED_EDGE('',*,*,#9652,.F.);
#4942=ORIENTED_EDGE('',*,*,#9648,.T.);
#4943=ORIENTED_EDGE('',*,*,#9653,.T.);
#4944=ORIENTED_EDGE('',*,*,#9090,.T.);
#4945=ORIENTED_EDGE('',*,*,#9654,.T.);
#4946=ORIENTED_EDGE('',*,*,#9645,.T.);
#4947=ORIENTED_EDGE('',*,*,#9649,.T.);
#4948=ORIENTED_EDGE('',*,*,#9652,.T.);
#4949=ORIENTED_EDGE('',*,*,#9092,.F.);
#4950=ORIENTED_EDGE('',*,*,#9655,.F.);
#4951=ORIENTED_EDGE('',*,*,#9650,.F.);
#4952=ORIENTED_EDGE('',*,*,#9647,.F.);
#4953=ORIENTED_EDGE('',*,*,#9643,.F.);
#4954=ORIENTED_EDGE('',*,*,#9656,.F.);
#4955=ORIENTED_EDGE('',*,*,#9093,.F.);
#4956=ORIENTED_EDGE('',*,*,#9656,.T.);
#4957=ORIENTED_EDGE('',*,*,#9646,.F.);
#4958=ORIENTED_EDGE('',*,*,#9654,.F.);
#4959=ORIENTED_EDGE('',*,*,#9091,.F.);
#4960=ORIENTED_EDGE('',*,*,#9653,.F.);
#4961=ORIENTED_EDGE('',*,*,#9651,.T.);
#4962=ORIENTED_EDGE('',*,*,#9655,.T.);
#4963=ORIENTED_EDGE('',*,*,#9657,.T.);
#4964=ORIENTED_EDGE('',*,*,#9658,.F.);
#4965=ORIENTED_EDGE('',*,*,#9659,.F.);
#4966=ORIENTED_EDGE('',*,*,#9660,.T.);
#4967=ORIENTED_EDGE('',*,*,#9661,.T.);
#4968=ORIENTED_EDGE('',*,*,#9662,.F.);
#4969=ORIENTED_EDGE('',*,*,#9663,.F.);
#4970=ORIENTED_EDGE('',*,*,#9658,.T.);
#4971=ORIENTED_EDGE('',*,*,#9664,.T.);
#4972=ORIENTED_EDGE('',*,*,#9665,.F.);
#4973=ORIENTED_EDGE('',*,*,#9666,.F.);
#4974=ORIENTED_EDGE('',*,*,#9662,.T.);
#4975=ORIENTED_EDGE('',*,*,#9667,.T.);
#4976=ORIENTED_EDGE('',*,*,#9086,.T.);
#4977=ORIENTED_EDGE('',*,*,#9668,.T.);
#4978=ORIENTED_EDGE('',*,*,#9659,.T.);
#4979=ORIENTED_EDGE('',*,*,#9663,.T.);
#4980=ORIENTED_EDGE('',*,*,#9666,.T.);
#4981=ORIENTED_EDGE('',*,*,#9088,.F.);
#4982=ORIENTED_EDGE('',*,*,#9669,.F.);
#4983=ORIENTED_EDGE('',*,*,#9664,.F.);
#4984=ORIENTED_EDGE('',*,*,#9661,.F.);
#4985=ORIENTED_EDGE('',*,*,#9657,.F.);
#4986=ORIENTED_EDGE('',*,*,#9670,.F.);
#4987=ORIENTED_EDGE('',*,*,#9089,.F.);
#4988=ORIENTED_EDGE('',*,*,#9670,.T.);
#4989=ORIENTED_EDGE('',*,*,#9660,.F.);
#4990=ORIENTED_EDGE('',*,*,#9668,.F.);
#4991=ORIENTED_EDGE('',*,*,#9087,.F.);
#4992=ORIENTED_EDGE('',*,*,#9667,.F.);
#4993=ORIENTED_EDGE('',*,*,#9665,.T.);
#4994=ORIENTED_EDGE('',*,*,#9669,.T.);
#4995=ORIENTED_EDGE('',*,*,#9671,.T.);
#4996=ORIENTED_EDGE('',*,*,#9672,.F.);
#4997=ORIENTED_EDGE('',*,*,#9673,.F.);
#4998=ORIENTED_EDGE('',*,*,#9674,.T.);
#4999=ORIENTED_EDGE('',*,*,#9675,.T.);
#5000=ORIENTED_EDGE('',*,*,#9676,.F.);
#5001=ORIENTED_EDGE('',*,*,#9677,.F.);
#5002=ORIENTED_EDGE('',*,*,#9672,.T.);
#5003=ORIENTED_EDGE('',*,*,#9678,.T.);
#5004=ORIENTED_EDGE('',*,*,#9679,.F.);
#5005=ORIENTED_EDGE('',*,*,#9680,.F.);
#5006=ORIENTED_EDGE('',*,*,#9676,.T.);
#5007=ORIENTED_EDGE('',*,*,#9681,.T.);
#5008=ORIENTED_EDGE('',*,*,#9082,.T.);
#5009=ORIENTED_EDGE('',*,*,#9682,.T.);
#5010=ORIENTED_EDGE('',*,*,#9673,.T.);
#5011=ORIENTED_EDGE('',*,*,#9677,.T.);
#5012=ORIENTED_EDGE('',*,*,#9680,.T.);
#5013=ORIENTED_EDGE('',*,*,#9084,.F.);
#5014=ORIENTED_EDGE('',*,*,#9683,.F.);
#5015=ORIENTED_EDGE('',*,*,#9678,.F.);
#5016=ORIENTED_EDGE('',*,*,#9675,.F.);
#5017=ORIENTED_EDGE('',*,*,#9671,.F.);
#5018=ORIENTED_EDGE('',*,*,#9684,.F.);
#5019=ORIENTED_EDGE('',*,*,#9085,.F.);
#5020=ORIENTED_EDGE('',*,*,#9684,.T.);
#5021=ORIENTED_EDGE('',*,*,#9674,.F.);
#5022=ORIENTED_EDGE('',*,*,#9682,.F.);
#5023=ORIENTED_EDGE('',*,*,#9083,.F.);
#5024=ORIENTED_EDGE('',*,*,#9681,.F.);
#5025=ORIENTED_EDGE('',*,*,#9679,.T.);
#5026=ORIENTED_EDGE('',*,*,#9683,.T.);
#5027=ORIENTED_EDGE('',*,*,#9685,.T.);
#5028=ORIENTED_EDGE('',*,*,#9686,.F.);
#5029=ORIENTED_EDGE('',*,*,#9687,.F.);
#5030=ORIENTED_EDGE('',*,*,#9688,.T.);
#5031=ORIENTED_EDGE('',*,*,#9689,.T.);
#5032=ORIENTED_EDGE('',*,*,#9690,.F.);
#5033=ORIENTED_EDGE('',*,*,#9691,.F.);
#5034=ORIENTED_EDGE('',*,*,#9686,.T.);
#5035=ORIENTED_EDGE('',*,*,#9692,.T.);
#5036=ORIENTED_EDGE('',*,*,#9693,.F.);
#5037=ORIENTED_EDGE('',*,*,#9694,.F.);
#5038=ORIENTED_EDGE('',*,*,#9690,.T.);
#5039=ORIENTED_EDGE('',*,*,#9695,.T.);
#5040=ORIENTED_EDGE('',*,*,#9078,.T.);
#5041=ORIENTED_EDGE('',*,*,#9696,.T.);
#5042=ORIENTED_EDGE('',*,*,#9687,.T.);
#5043=ORIENTED_EDGE('',*,*,#9691,.T.);
#5044=ORIENTED_EDGE('',*,*,#9694,.T.);
#5045=ORIENTED_EDGE('',*,*,#9080,.F.);
#5046=ORIENTED_EDGE('',*,*,#9697,.F.);
#5047=ORIENTED_EDGE('',*,*,#9692,.F.);
#5048=ORIENTED_EDGE('',*,*,#9689,.F.);
#5049=ORIENTED_EDGE('',*,*,#9685,.F.);
#5050=ORIENTED_EDGE('',*,*,#9698,.F.);
#5051=ORIENTED_EDGE('',*,*,#9081,.F.);
#5052=ORIENTED_EDGE('',*,*,#9698,.T.);
#5053=ORIENTED_EDGE('',*,*,#9688,.F.);
#5054=ORIENTED_EDGE('',*,*,#9696,.F.);
#5055=ORIENTED_EDGE('',*,*,#9079,.F.);
#5056=ORIENTED_EDGE('',*,*,#9695,.F.);
#5057=ORIENTED_EDGE('',*,*,#9693,.T.);
#5058=ORIENTED_EDGE('',*,*,#9697,.T.);
#5059=ORIENTED_EDGE('',*,*,#9699,.T.);
#5060=ORIENTED_EDGE('',*,*,#9700,.F.);
#5061=ORIENTED_EDGE('',*,*,#9701,.F.);
#5062=ORIENTED_EDGE('',*,*,#9702,.T.);
#5063=ORIENTED_EDGE('',*,*,#9703,.T.);
#5064=ORIENTED_EDGE('',*,*,#9704,.F.);
#5065=ORIENTED_EDGE('',*,*,#9705,.F.);
#5066=ORIENTED_EDGE('',*,*,#9700,.T.);
#5067=ORIENTED_EDGE('',*,*,#9706,.T.);
#5068=ORIENTED_EDGE('',*,*,#9707,.F.);
#5069=ORIENTED_EDGE('',*,*,#9708,.F.);
#5070=ORIENTED_EDGE('',*,*,#9704,.T.);
#5071=ORIENTED_EDGE('',*,*,#9709,.T.);
#5072=ORIENTED_EDGE('',*,*,#9074,.T.);
#5073=ORIENTED_EDGE('',*,*,#9710,.T.);
#5074=ORIENTED_EDGE('',*,*,#9701,.T.);
#5075=ORIENTED_EDGE('',*,*,#9705,.T.);
#5076=ORIENTED_EDGE('',*,*,#9708,.T.);
#5077=ORIENTED_EDGE('',*,*,#9076,.F.);
#5078=ORIENTED_EDGE('',*,*,#9711,.F.);
#5079=ORIENTED_EDGE('',*,*,#9706,.F.);
#5080=ORIENTED_EDGE('',*,*,#9703,.F.);
#5081=ORIENTED_EDGE('',*,*,#9699,.F.);
#5082=ORIENTED_EDGE('',*,*,#9712,.F.);
#5083=ORIENTED_EDGE('',*,*,#9077,.F.);
#5084=ORIENTED_EDGE('',*,*,#9712,.T.);
#5085=ORIENTED_EDGE('',*,*,#9702,.F.);
#5086=ORIENTED_EDGE('',*,*,#9710,.F.);
#5087=ORIENTED_EDGE('',*,*,#9075,.F.);
#5088=ORIENTED_EDGE('',*,*,#9709,.F.);
#5089=ORIENTED_EDGE('',*,*,#9707,.T.);
#5090=ORIENTED_EDGE('',*,*,#9711,.T.);
#5091=ORIENTED_EDGE('',*,*,#9713,.T.);
#5092=ORIENTED_EDGE('',*,*,#9714,.F.);
#5093=ORIENTED_EDGE('',*,*,#9715,.F.);
#5094=ORIENTED_EDGE('',*,*,#9716,.T.);
#5095=ORIENTED_EDGE('',*,*,#9717,.T.);
#5096=ORIENTED_EDGE('',*,*,#9718,.F.);
#5097=ORIENTED_EDGE('',*,*,#9719,.F.);
#5098=ORIENTED_EDGE('',*,*,#9714,.T.);
#5099=ORIENTED_EDGE('',*,*,#9720,.T.);
#5100=ORIENTED_EDGE('',*,*,#9721,.F.);
#5101=ORIENTED_EDGE('',*,*,#9722,.F.);
#5102=ORIENTED_EDGE('',*,*,#9718,.T.);
#5103=ORIENTED_EDGE('',*,*,#9723,.T.);
#5104=ORIENTED_EDGE('',*,*,#9070,.T.);
#5105=ORIENTED_EDGE('',*,*,#9724,.T.);
#5106=ORIENTED_EDGE('',*,*,#9715,.T.);
#5107=ORIENTED_EDGE('',*,*,#9719,.T.);
#5108=ORIENTED_EDGE('',*,*,#9722,.T.);
#5109=ORIENTED_EDGE('',*,*,#9072,.F.);
#5110=ORIENTED_EDGE('',*,*,#9725,.F.);
#5111=ORIENTED_EDGE('',*,*,#9720,.F.);
#5112=ORIENTED_EDGE('',*,*,#9717,.F.);
#5113=ORIENTED_EDGE('',*,*,#9713,.F.);
#5114=ORIENTED_EDGE('',*,*,#9726,.F.);
#5115=ORIENTED_EDGE('',*,*,#9073,.F.);
#5116=ORIENTED_EDGE('',*,*,#9726,.T.);
#5117=ORIENTED_EDGE('',*,*,#9716,.F.);
#5118=ORIENTED_EDGE('',*,*,#9724,.F.);
#5119=ORIENTED_EDGE('',*,*,#9071,.F.);
#5120=ORIENTED_EDGE('',*,*,#9723,.F.);
#5121=ORIENTED_EDGE('',*,*,#9721,.T.);
#5122=ORIENTED_EDGE('',*,*,#9725,.T.);
#5123=ORIENTED_EDGE('',*,*,#9727,.T.);
#5124=ORIENTED_EDGE('',*,*,#9728,.F.);
#5125=ORIENTED_EDGE('',*,*,#9729,.F.);
#5126=ORIENTED_EDGE('',*,*,#9730,.T.);
#5127=ORIENTED_EDGE('',*,*,#9731,.T.);
#5128=ORIENTED_EDGE('',*,*,#9732,.F.);
#5129=ORIENTED_EDGE('',*,*,#9733,.F.);
#5130=ORIENTED_EDGE('',*,*,#9728,.T.);
#5131=ORIENTED_EDGE('',*,*,#9734,.T.);
#5132=ORIENTED_EDGE('',*,*,#9735,.F.);
#5133=ORIENTED_EDGE('',*,*,#9736,.F.);
#5134=ORIENTED_EDGE('',*,*,#9732,.T.);
#5135=ORIENTED_EDGE('',*,*,#9737,.T.);
#5136=ORIENTED_EDGE('',*,*,#9066,.T.);
#5137=ORIENTED_EDGE('',*,*,#9738,.T.);
#5138=ORIENTED_EDGE('',*,*,#9729,.T.);
#5139=ORIENTED_EDGE('',*,*,#9733,.T.);
#5140=ORIENTED_EDGE('',*,*,#9736,.T.);
#5141=ORIENTED_EDGE('',*,*,#9068,.F.);
#5142=ORIENTED_EDGE('',*,*,#9739,.F.);
#5143=ORIENTED_EDGE('',*,*,#9734,.F.);
#5144=ORIENTED_EDGE('',*,*,#9731,.F.);
#5145=ORIENTED_EDGE('',*,*,#9727,.F.);
#5146=ORIENTED_EDGE('',*,*,#9740,.F.);
#5147=ORIENTED_EDGE('',*,*,#9069,.F.);
#5148=ORIENTED_EDGE('',*,*,#9740,.T.);
#5149=ORIENTED_EDGE('',*,*,#9730,.F.);
#5150=ORIENTED_EDGE('',*,*,#9738,.F.);
#5151=ORIENTED_EDGE('',*,*,#9067,.F.);
#5152=ORIENTED_EDGE('',*,*,#9737,.F.);
#5153=ORIENTED_EDGE('',*,*,#9735,.T.);
#5154=ORIENTED_EDGE('',*,*,#9739,.T.);
#5155=ORIENTED_EDGE('',*,*,#9741,.T.);
#5156=ORIENTED_EDGE('',*,*,#9742,.F.);
#5157=ORIENTED_EDGE('',*,*,#9743,.F.);
#5158=ORIENTED_EDGE('',*,*,#9744,.T.);
#5159=ORIENTED_EDGE('',*,*,#9745,.T.);
#5160=ORIENTED_EDGE('',*,*,#9746,.F.);
#5161=ORIENTED_EDGE('',*,*,#9747,.F.);
#5162=ORIENTED_EDGE('',*,*,#9742,.T.);
#5163=ORIENTED_EDGE('',*,*,#9748,.T.);
#5164=ORIENTED_EDGE('',*,*,#9749,.F.);
#5165=ORIENTED_EDGE('',*,*,#9750,.F.);
#5166=ORIENTED_EDGE('',*,*,#9746,.T.);
#5167=ORIENTED_EDGE('',*,*,#9751,.T.);
#5168=ORIENTED_EDGE('',*,*,#9062,.T.);
#5169=ORIENTED_EDGE('',*,*,#9752,.T.);
#5170=ORIENTED_EDGE('',*,*,#9743,.T.);
#5171=ORIENTED_EDGE('',*,*,#9747,.T.);
#5172=ORIENTED_EDGE('',*,*,#9750,.T.);
#5173=ORIENTED_EDGE('',*,*,#9064,.F.);
#5174=ORIENTED_EDGE('',*,*,#9753,.F.);
#5175=ORIENTED_EDGE('',*,*,#9748,.F.);
#5176=ORIENTED_EDGE('',*,*,#9745,.F.);
#5177=ORIENTED_EDGE('',*,*,#9741,.F.);
#5178=ORIENTED_EDGE('',*,*,#9754,.F.);
#5179=ORIENTED_EDGE('',*,*,#9065,.F.);
#5180=ORIENTED_EDGE('',*,*,#9754,.T.);
#5181=ORIENTED_EDGE('',*,*,#9744,.F.);
#5182=ORIENTED_EDGE('',*,*,#9752,.F.);
#5183=ORIENTED_EDGE('',*,*,#9063,.F.);
#5184=ORIENTED_EDGE('',*,*,#9751,.F.);
#5185=ORIENTED_EDGE('',*,*,#9749,.T.);
#5186=ORIENTED_EDGE('',*,*,#9753,.T.);
#5187=ORIENTED_EDGE('',*,*,#9755,.T.);
#5188=ORIENTED_EDGE('',*,*,#9756,.F.);
#5189=ORIENTED_EDGE('',*,*,#9757,.F.);
#5190=ORIENTED_EDGE('',*,*,#9758,.T.);
#5191=ORIENTED_EDGE('',*,*,#9759,.T.);
#5192=ORIENTED_EDGE('',*,*,#9760,.F.);
#5193=ORIENTED_EDGE('',*,*,#9761,.F.);
#5194=ORIENTED_EDGE('',*,*,#9756,.T.);
#5195=ORIENTED_EDGE('',*,*,#9762,.T.);
#5196=ORIENTED_EDGE('',*,*,#9763,.F.);
#5197=ORIENTED_EDGE('',*,*,#9764,.F.);
#5198=ORIENTED_EDGE('',*,*,#9760,.T.);
#5199=ORIENTED_EDGE('',*,*,#9765,.T.);
#5200=ORIENTED_EDGE('',*,*,#9058,.T.);
#5201=ORIENTED_EDGE('',*,*,#9766,.T.);
#5202=ORIENTED_EDGE('',*,*,#9757,.T.);
#5203=ORIENTED_EDGE('',*,*,#9761,.T.);
#5204=ORIENTED_EDGE('',*,*,#9764,.T.);
#5205=ORIENTED_EDGE('',*,*,#9060,.F.);
#5206=ORIENTED_EDGE('',*,*,#9767,.F.);
#5207=ORIENTED_EDGE('',*,*,#9762,.F.);
#5208=ORIENTED_EDGE('',*,*,#9759,.F.);
#5209=ORIENTED_EDGE('',*,*,#9755,.F.);
#5210=ORIENTED_EDGE('',*,*,#9768,.F.);
#5211=ORIENTED_EDGE('',*,*,#9061,.F.);
#5212=ORIENTED_EDGE('',*,*,#9768,.T.);
#5213=ORIENTED_EDGE('',*,*,#9758,.F.);
#5214=ORIENTED_EDGE('',*,*,#9766,.F.);
#5215=ORIENTED_EDGE('',*,*,#9059,.F.);
#5216=ORIENTED_EDGE('',*,*,#9765,.F.);
#5217=ORIENTED_EDGE('',*,*,#9763,.T.);
#5218=ORIENTED_EDGE('',*,*,#9767,.T.);
#5219=ORIENTED_EDGE('',*,*,#9769,.T.);
#5220=ORIENTED_EDGE('',*,*,#9770,.F.);
#5221=ORIENTED_EDGE('',*,*,#9771,.F.);
#5222=ORIENTED_EDGE('',*,*,#9772,.T.);
#5223=ORIENTED_EDGE('',*,*,#9773,.T.);
#5224=ORIENTED_EDGE('',*,*,#9774,.F.);
#5225=ORIENTED_EDGE('',*,*,#9775,.F.);
#5226=ORIENTED_EDGE('',*,*,#9770,.T.);
#5227=ORIENTED_EDGE('',*,*,#9776,.T.);
#5228=ORIENTED_EDGE('',*,*,#9777,.F.);
#5229=ORIENTED_EDGE('',*,*,#9778,.F.);
#5230=ORIENTED_EDGE('',*,*,#9774,.T.);
#5231=ORIENTED_EDGE('',*,*,#9779,.T.);
#5232=ORIENTED_EDGE('',*,*,#9054,.T.);
#5233=ORIENTED_EDGE('',*,*,#9780,.T.);
#5234=ORIENTED_EDGE('',*,*,#9771,.T.);
#5235=ORIENTED_EDGE('',*,*,#9775,.T.);
#5236=ORIENTED_EDGE('',*,*,#9778,.T.);
#5237=ORIENTED_EDGE('',*,*,#9056,.F.);
#5238=ORIENTED_EDGE('',*,*,#9781,.F.);
#5239=ORIENTED_EDGE('',*,*,#9776,.F.);
#5240=ORIENTED_EDGE('',*,*,#9773,.F.);
#5241=ORIENTED_EDGE('',*,*,#9769,.F.);
#5242=ORIENTED_EDGE('',*,*,#9782,.F.);
#5243=ORIENTED_EDGE('',*,*,#9057,.F.);
#5244=ORIENTED_EDGE('',*,*,#9782,.T.);
#5245=ORIENTED_EDGE('',*,*,#9772,.F.);
#5246=ORIENTED_EDGE('',*,*,#9780,.F.);
#5247=ORIENTED_EDGE('',*,*,#9055,.F.);
#5248=ORIENTED_EDGE('',*,*,#9779,.F.);
#5249=ORIENTED_EDGE('',*,*,#9777,.T.);
#5250=ORIENTED_EDGE('',*,*,#9781,.T.);
#5251=ORIENTED_EDGE('',*,*,#9783,.T.);
#5252=ORIENTED_EDGE('',*,*,#9784,.F.);
#5253=ORIENTED_EDGE('',*,*,#9785,.F.);
#5254=ORIENTED_EDGE('',*,*,#9786,.T.);
#5255=ORIENTED_EDGE('',*,*,#9787,.T.);
#5256=ORIENTED_EDGE('',*,*,#9788,.F.);
#5257=ORIENTED_EDGE('',*,*,#9789,.F.);
#5258=ORIENTED_EDGE('',*,*,#9784,.T.);
#5259=ORIENTED_EDGE('',*,*,#9790,.T.);
#5260=ORIENTED_EDGE('',*,*,#9791,.F.);
#5261=ORIENTED_EDGE('',*,*,#9792,.F.);
#5262=ORIENTED_EDGE('',*,*,#9788,.T.);
#5263=ORIENTED_EDGE('',*,*,#9793,.T.);
#5264=ORIENTED_EDGE('',*,*,#9050,.T.);
#5265=ORIENTED_EDGE('',*,*,#9794,.T.);
#5266=ORIENTED_EDGE('',*,*,#9785,.T.);
#5267=ORIENTED_EDGE('',*,*,#9789,.T.);
#5268=ORIENTED_EDGE('',*,*,#9792,.T.);
#5269=ORIENTED_EDGE('',*,*,#9052,.F.);
#5270=ORIENTED_EDGE('',*,*,#9795,.F.);
#5271=ORIENTED_EDGE('',*,*,#9790,.F.);
#5272=ORIENTED_EDGE('',*,*,#9787,.F.);
#5273=ORIENTED_EDGE('',*,*,#9783,.F.);
#5274=ORIENTED_EDGE('',*,*,#9796,.F.);
#5275=ORIENTED_EDGE('',*,*,#9053,.F.);
#5276=ORIENTED_EDGE('',*,*,#9796,.T.);
#5277=ORIENTED_EDGE('',*,*,#9786,.F.);
#5278=ORIENTED_EDGE('',*,*,#9794,.F.);
#5279=ORIENTED_EDGE('',*,*,#9051,.F.);
#5280=ORIENTED_EDGE('',*,*,#9793,.F.);
#5281=ORIENTED_EDGE('',*,*,#9791,.T.);
#5282=ORIENTED_EDGE('',*,*,#9795,.T.);
#5283=ORIENTED_EDGE('',*,*,#9797,.T.);
#5284=ORIENTED_EDGE('',*,*,#9798,.F.);
#5285=ORIENTED_EDGE('',*,*,#9799,.F.);
#5286=ORIENTED_EDGE('',*,*,#9800,.T.);
#5287=ORIENTED_EDGE('',*,*,#9801,.T.);
#5288=ORIENTED_EDGE('',*,*,#9802,.F.);
#5289=ORIENTED_EDGE('',*,*,#9803,.F.);
#5290=ORIENTED_EDGE('',*,*,#9798,.T.);
#5291=ORIENTED_EDGE('',*,*,#9804,.T.);
#5292=ORIENTED_EDGE('',*,*,#9805,.F.);
#5293=ORIENTED_EDGE('',*,*,#9806,.F.);
#5294=ORIENTED_EDGE('',*,*,#9802,.T.);
#5295=ORIENTED_EDGE('',*,*,#9807,.T.);
#5296=ORIENTED_EDGE('',*,*,#9046,.T.);
#5297=ORIENTED_EDGE('',*,*,#9808,.T.);
#5298=ORIENTED_EDGE('',*,*,#9799,.T.);
#5299=ORIENTED_EDGE('',*,*,#9803,.T.);
#5300=ORIENTED_EDGE('',*,*,#9806,.T.);
#5301=ORIENTED_EDGE('',*,*,#9048,.F.);
#5302=ORIENTED_EDGE('',*,*,#9809,.F.);
#5303=ORIENTED_EDGE('',*,*,#9804,.F.);
#5304=ORIENTED_EDGE('',*,*,#9801,.F.);
#5305=ORIENTED_EDGE('',*,*,#9797,.F.);
#5306=ORIENTED_EDGE('',*,*,#9810,.F.);
#5307=ORIENTED_EDGE('',*,*,#9049,.F.);
#5308=ORIENTED_EDGE('',*,*,#9810,.T.);
#5309=ORIENTED_EDGE('',*,*,#9800,.F.);
#5310=ORIENTED_EDGE('',*,*,#9808,.F.);
#5311=ORIENTED_EDGE('',*,*,#9047,.F.);
#5312=ORIENTED_EDGE('',*,*,#9807,.F.);
#5313=ORIENTED_EDGE('',*,*,#9805,.T.);
#5314=ORIENTED_EDGE('',*,*,#9809,.T.);
#5315=ORIENTED_EDGE('',*,*,#9811,.T.);
#5316=ORIENTED_EDGE('',*,*,#8983,.T.);
#5317=ORIENTED_EDGE('',*,*,#9812,.F.);
#5318=ORIENTED_EDGE('',*,*,#9813,.T.);
#5319=ORIENTED_EDGE('',*,*,#8982,.F.);
#5320=ORIENTED_EDGE('',*,*,#8807,.T.);
#5321=ORIENTED_EDGE('',*,*,#9814,.T.);
#5322=ORIENTED_EDGE('',*,*,#9815,.T.);
#5323=ORIENTED_EDGE('',*,*,#9816,.T.);
#5324=ORIENTED_EDGE('',*,*,#9817,.T.);
#5325=ORIENTED_EDGE('',*,*,#9818,.T.);
#5326=ORIENTED_EDGE('',*,*,#9812,.T.);
#5327=ORIENTED_EDGE('',*,*,#8805,.F.);
#5328=ORIENTED_EDGE('',*,*,#8984,.T.);
#5329=ORIENTED_EDGE('',*,*,#9811,.F.);
#5330=ORIENTED_EDGE('',*,*,#9819,.F.);
#5331=ORIENTED_EDGE('',*,*,#9820,.F.);
#5332=ORIENTED_EDGE('',*,*,#9821,.F.);
#5333=ORIENTED_EDGE('',*,*,#9822,.F.);
#5334=ORIENTED_EDGE('',*,*,#9823,.F.);
#5335=ORIENTED_EDGE('',*,*,#8806,.F.);
#5336=ORIENTED_EDGE('',*,*,#9823,.T.);
#5337=ORIENTED_EDGE('',*,*,#9824,.F.);
#5338=ORIENTED_EDGE('',*,*,#9814,.F.);
#5339=ORIENTED_EDGE('',*,*,#9822,.T.);
#5340=ORIENTED_EDGE('',*,*,#9825,.F.);
#5341=ORIENTED_EDGE('',*,*,#9815,.F.);
#5342=ORIENTED_EDGE('',*,*,#9824,.T.);
#5343=ORIENTED_EDGE('',*,*,#9821,.T.);
#5344=ORIENTED_EDGE('',*,*,#9826,.F.);
#5345=ORIENTED_EDGE('',*,*,#9816,.F.);
#5346=ORIENTED_EDGE('',*,*,#9825,.T.);
#5347=ORIENTED_EDGE('',*,*,#9820,.T.);
#5348=ORIENTED_EDGE('',*,*,#9827,.F.);
#5349=ORIENTED_EDGE('',*,*,#9817,.F.);
#5350=ORIENTED_EDGE('',*,*,#9826,.T.);
#5351=ORIENTED_EDGE('',*,*,#9819,.T.);
#5352=ORIENTED_EDGE('',*,*,#9813,.F.);
#5353=ORIENTED_EDGE('',*,*,#9818,.F.);
#5354=ORIENTED_EDGE('',*,*,#9827,.T.);
#5355=ORIENTED_EDGE('',*,*,#9828,.T.);
#5356=ORIENTED_EDGE('',*,*,#8980,.T.);
#5357=ORIENTED_EDGE('',*,*,#9829,.F.);
#5358=ORIENTED_EDGE('',*,*,#9830,.T.);
#5359=ORIENTED_EDGE('',*,*,#8979,.F.);
#5360=ORIENTED_EDGE('',*,*,#8811,.T.);
#5361=ORIENTED_EDGE('',*,*,#9831,.T.);
#5362=ORIENTED_EDGE('',*,*,#9832,.T.);
#5363=ORIENTED_EDGE('',*,*,#9833,.T.);
#5364=ORIENTED_EDGE('',*,*,#9834,.T.);
#5365=ORIENTED_EDGE('',*,*,#9835,.T.);
#5366=ORIENTED_EDGE('',*,*,#9829,.T.);
#5367=ORIENTED_EDGE('',*,*,#8809,.F.);
#5368=ORIENTED_EDGE('',*,*,#8981,.T.);
#5369=ORIENTED_EDGE('',*,*,#9828,.F.);
#5370=ORIENTED_EDGE('',*,*,#9836,.F.);
#5371=ORIENTED_EDGE('',*,*,#9837,.F.);
#5372=ORIENTED_EDGE('',*,*,#9838,.F.);
#5373=ORIENTED_EDGE('',*,*,#9839,.F.);
#5374=ORIENTED_EDGE('',*,*,#9840,.F.);
#5375=ORIENTED_EDGE('',*,*,#8810,.F.);
#5376=ORIENTED_EDGE('',*,*,#9840,.T.);
#5377=ORIENTED_EDGE('',*,*,#9841,.F.);
#5378=ORIENTED_EDGE('',*,*,#9831,.F.);
#5379=ORIENTED_EDGE('',*,*,#9839,.T.);
#5380=ORIENTED_EDGE('',*,*,#9842,.F.);
#5381=ORIENTED_EDGE('',*,*,#9832,.F.);
#5382=ORIENTED_EDGE('',*,*,#9841,.T.);
#5383=ORIENTED_EDGE('',*,*,#9838,.T.);
#5384=ORIENTED_EDGE('',*,*,#9843,.F.);
#5385=ORIENTED_EDGE('',*,*,#9833,.F.);
#5386=ORIENTED_EDGE('',*,*,#9842,.T.);
#5387=ORIENTED_EDGE('',*,*,#9837,.T.);
#5388=ORIENTED_EDGE('',*,*,#9844,.F.);
#5389=ORIENTED_EDGE('',*,*,#9834,.F.);
#5390=ORIENTED_EDGE('',*,*,#9843,.T.);
#5391=ORIENTED_EDGE('',*,*,#9836,.T.);
#5392=ORIENTED_EDGE('',*,*,#9830,.F.);
#5393=ORIENTED_EDGE('',*,*,#9835,.F.);
#5394=ORIENTED_EDGE('',*,*,#9844,.T.);
#5395=ORIENTED_EDGE('',*,*,#9845,.T.);
#5396=ORIENTED_EDGE('',*,*,#8977,.T.);
#5397=ORIENTED_EDGE('',*,*,#9846,.F.);
#5398=ORIENTED_EDGE('',*,*,#9847,.T.);
#5399=ORIENTED_EDGE('',*,*,#8976,.F.);
#5400=ORIENTED_EDGE('',*,*,#8815,.T.);
#5401=ORIENTED_EDGE('',*,*,#9848,.T.);
#5402=ORIENTED_EDGE('',*,*,#9849,.T.);
#5403=ORIENTED_EDGE('',*,*,#9850,.T.);
#5404=ORIENTED_EDGE('',*,*,#9851,.T.);
#5405=ORIENTED_EDGE('',*,*,#9852,.T.);
#5406=ORIENTED_EDGE('',*,*,#9846,.T.);
#5407=ORIENTED_EDGE('',*,*,#8813,.F.);
#5408=ORIENTED_EDGE('',*,*,#8978,.T.);
#5409=ORIENTED_EDGE('',*,*,#9845,.F.);
#5410=ORIENTED_EDGE('',*,*,#9853,.F.);
#5411=ORIENTED_EDGE('',*,*,#9854,.F.);
#5412=ORIENTED_EDGE('',*,*,#9855,.F.);
#5413=ORIENTED_EDGE('',*,*,#9856,.F.);
#5414=ORIENTED_EDGE('',*,*,#9857,.F.);
#5415=ORIENTED_EDGE('',*,*,#8814,.F.);
#5416=ORIENTED_EDGE('',*,*,#9857,.T.);
#5417=ORIENTED_EDGE('',*,*,#9858,.F.);
#5418=ORIENTED_EDGE('',*,*,#9848,.F.);
#5419=ORIENTED_EDGE('',*,*,#9856,.T.);
#5420=ORIENTED_EDGE('',*,*,#9859,.F.);
#5421=ORIENTED_EDGE('',*,*,#9849,.F.);
#5422=ORIENTED_EDGE('',*,*,#9858,.T.);
#5423=ORIENTED_EDGE('',*,*,#9855,.T.);
#5424=ORIENTED_EDGE('',*,*,#9860,.F.);
#5425=ORIENTED_EDGE('',*,*,#9850,.F.);
#5426=ORIENTED_EDGE('',*,*,#9859,.T.);
#5427=ORIENTED_EDGE('',*,*,#9854,.T.);
#5428=ORIENTED_EDGE('',*,*,#9861,.F.);
#5429=ORIENTED_EDGE('',*,*,#9851,.F.);
#5430=ORIENTED_EDGE('',*,*,#9860,.T.);
#5431=ORIENTED_EDGE('',*,*,#9853,.T.);
#5432=ORIENTED_EDGE('',*,*,#9847,.F.);
#5433=ORIENTED_EDGE('',*,*,#9852,.F.);
#5434=ORIENTED_EDGE('',*,*,#9861,.T.);
#5435=ORIENTED_EDGE('',*,*,#9862,.T.);
#5436=ORIENTED_EDGE('',*,*,#8974,.T.);
#5437=ORIENTED_EDGE('',*,*,#9863,.F.);
#5438=ORIENTED_EDGE('',*,*,#9864,.T.);
#5439=ORIENTED_EDGE('',*,*,#8973,.F.);
#5440=ORIENTED_EDGE('',*,*,#8819,.T.);
#5441=ORIENTED_EDGE('',*,*,#9865,.T.);
#5442=ORIENTED_EDGE('',*,*,#9866,.T.);
#5443=ORIENTED_EDGE('',*,*,#9867,.T.);
#5444=ORIENTED_EDGE('',*,*,#9868,.T.);
#5445=ORIENTED_EDGE('',*,*,#9869,.T.);
#5446=ORIENTED_EDGE('',*,*,#9863,.T.);
#5447=ORIENTED_EDGE('',*,*,#8817,.F.);
#5448=ORIENTED_EDGE('',*,*,#8975,.T.);
#5449=ORIENTED_EDGE('',*,*,#9862,.F.);
#5450=ORIENTED_EDGE('',*,*,#9870,.F.);
#5451=ORIENTED_EDGE('',*,*,#9871,.F.);
#5452=ORIENTED_EDGE('',*,*,#9872,.F.);
#5453=ORIENTED_EDGE('',*,*,#9873,.F.);
#5454=ORIENTED_EDGE('',*,*,#9874,.F.);
#5455=ORIENTED_EDGE('',*,*,#8818,.F.);
#5456=ORIENTED_EDGE('',*,*,#9874,.T.);
#5457=ORIENTED_EDGE('',*,*,#9875,.F.);
#5458=ORIENTED_EDGE('',*,*,#9865,.F.);
#5459=ORIENTED_EDGE('',*,*,#9873,.T.);
#5460=ORIENTED_EDGE('',*,*,#9876,.F.);
#5461=ORIENTED_EDGE('',*,*,#9866,.F.);
#5462=ORIENTED_EDGE('',*,*,#9875,.T.);
#5463=ORIENTED_EDGE('',*,*,#9872,.T.);
#5464=ORIENTED_EDGE('',*,*,#9877,.F.);
#5465=ORIENTED_EDGE('',*,*,#9867,.F.);
#5466=ORIENTED_EDGE('',*,*,#9876,.T.);
#5467=ORIENTED_EDGE('',*,*,#9871,.T.);
#5468=ORIENTED_EDGE('',*,*,#9878,.F.);
#5469=ORIENTED_EDGE('',*,*,#9868,.F.);
#5470=ORIENTED_EDGE('',*,*,#9877,.T.);
#5471=ORIENTED_EDGE('',*,*,#9870,.T.);
#5472=ORIENTED_EDGE('',*,*,#9864,.F.);
#5473=ORIENTED_EDGE('',*,*,#9869,.F.);
#5474=ORIENTED_EDGE('',*,*,#9878,.T.);
#5475=ORIENTED_EDGE('',*,*,#9879,.T.);
#5476=ORIENTED_EDGE('',*,*,#8971,.T.);
#5477=ORIENTED_EDGE('',*,*,#9880,.F.);
#5478=ORIENTED_EDGE('',*,*,#9881,.T.);
#5479=ORIENTED_EDGE('',*,*,#8970,.F.);
#5480=ORIENTED_EDGE('',*,*,#8823,.T.);
#5481=ORIENTED_EDGE('',*,*,#9882,.T.);
#5482=ORIENTED_EDGE('',*,*,#9883,.T.);
#5483=ORIENTED_EDGE('',*,*,#9884,.T.);
#5484=ORIENTED_EDGE('',*,*,#9885,.T.);
#5485=ORIENTED_EDGE('',*,*,#9886,.T.);
#5486=ORIENTED_EDGE('',*,*,#9880,.T.);
#5487=ORIENTED_EDGE('',*,*,#8821,.F.);
#5488=ORIENTED_EDGE('',*,*,#8972,.T.);
#5489=ORIENTED_EDGE('',*,*,#9879,.F.);
#5490=ORIENTED_EDGE('',*,*,#9887,.F.);
#5491=ORIENTED_EDGE('',*,*,#9888,.F.);
#5492=ORIENTED_EDGE('',*,*,#9889,.F.);
#5493=ORIENTED_EDGE('',*,*,#9890,.F.);
#5494=ORIENTED_EDGE('',*,*,#9891,.F.);
#5495=ORIENTED_EDGE('',*,*,#8822,.F.);
#5496=ORIENTED_EDGE('',*,*,#9891,.T.);
#5497=ORIENTED_EDGE('',*,*,#9892,.F.);
#5498=ORIENTED_EDGE('',*,*,#9882,.F.);
#5499=ORIENTED_EDGE('',*,*,#9890,.T.);
#5500=ORIENTED_EDGE('',*,*,#9893,.F.);
#5501=ORIENTED_EDGE('',*,*,#9883,.F.);
#5502=ORIENTED_EDGE('',*,*,#9892,.T.);
#5503=ORIENTED_EDGE('',*,*,#9889,.T.);
#5504=ORIENTED_EDGE('',*,*,#9894,.F.);
#5505=ORIENTED_EDGE('',*,*,#9884,.F.);
#5506=ORIENTED_EDGE('',*,*,#9893,.T.);
#5507=ORIENTED_EDGE('',*,*,#9888,.T.);
#5508=ORIENTED_EDGE('',*,*,#9895,.F.);
#5509=ORIENTED_EDGE('',*,*,#9885,.F.);
#5510=ORIENTED_EDGE('',*,*,#9894,.T.);
#5511=ORIENTED_EDGE('',*,*,#9887,.T.);
#5512=ORIENTED_EDGE('',*,*,#9881,.F.);
#5513=ORIENTED_EDGE('',*,*,#9886,.F.);
#5514=ORIENTED_EDGE('',*,*,#9895,.T.);
#5515=ORIENTED_EDGE('',*,*,#9896,.T.);
#5516=ORIENTED_EDGE('',*,*,#8968,.T.);
#5517=ORIENTED_EDGE('',*,*,#9897,.F.);
#5518=ORIENTED_EDGE('',*,*,#9898,.T.);
#5519=ORIENTED_EDGE('',*,*,#8967,.F.);
#5520=ORIENTED_EDGE('',*,*,#8827,.T.);
#5521=ORIENTED_EDGE('',*,*,#9899,.T.);
#5522=ORIENTED_EDGE('',*,*,#9900,.T.);
#5523=ORIENTED_EDGE('',*,*,#9901,.T.);
#5524=ORIENTED_EDGE('',*,*,#9902,.T.);
#5525=ORIENTED_EDGE('',*,*,#9903,.T.);
#5526=ORIENTED_EDGE('',*,*,#9897,.T.);
#5527=ORIENTED_EDGE('',*,*,#8825,.F.);
#5528=ORIENTED_EDGE('',*,*,#8969,.T.);
#5529=ORIENTED_EDGE('',*,*,#9896,.F.);
#5530=ORIENTED_EDGE('',*,*,#9904,.F.);
#5531=ORIENTED_EDGE('',*,*,#9905,.F.);
#5532=ORIENTED_EDGE('',*,*,#9906,.F.);
#5533=ORIENTED_EDGE('',*,*,#9907,.F.);
#5534=ORIENTED_EDGE('',*,*,#9908,.F.);
#5535=ORIENTED_EDGE('',*,*,#8826,.F.);
#5536=ORIENTED_EDGE('',*,*,#9908,.T.);
#5537=ORIENTED_EDGE('',*,*,#9909,.F.);
#5538=ORIENTED_EDGE('',*,*,#9899,.F.);
#5539=ORIENTED_EDGE('',*,*,#9907,.T.);
#5540=ORIENTED_EDGE('',*,*,#9910,.F.);
#5541=ORIENTED_EDGE('',*,*,#9900,.F.);
#5542=ORIENTED_EDGE('',*,*,#9909,.T.);
#5543=ORIENTED_EDGE('',*,*,#9906,.T.);
#5544=ORIENTED_EDGE('',*,*,#9911,.F.);
#5545=ORIENTED_EDGE('',*,*,#9901,.F.);
#5546=ORIENTED_EDGE('',*,*,#9910,.T.);
#5547=ORIENTED_EDGE('',*,*,#9905,.T.);
#5548=ORIENTED_EDGE('',*,*,#9912,.F.);
#5549=ORIENTED_EDGE('',*,*,#9902,.F.);
#5550=ORIENTED_EDGE('',*,*,#9911,.T.);
#5551=ORIENTED_EDGE('',*,*,#9904,.T.);
#5552=ORIENTED_EDGE('',*,*,#9898,.F.);
#5553=ORIENTED_EDGE('',*,*,#9903,.F.);
#5554=ORIENTED_EDGE('',*,*,#9912,.T.);
#5555=ORIENTED_EDGE('',*,*,#9913,.T.);
#5556=ORIENTED_EDGE('',*,*,#8965,.T.);
#5557=ORIENTED_EDGE('',*,*,#9914,.F.);
#5558=ORIENTED_EDGE('',*,*,#9915,.T.);
#5559=ORIENTED_EDGE('',*,*,#8964,.F.);
#5560=ORIENTED_EDGE('',*,*,#8831,.T.);
#5561=ORIENTED_EDGE('',*,*,#9916,.T.);
#5562=ORIENTED_EDGE('',*,*,#9917,.T.);
#5563=ORIENTED_EDGE('',*,*,#9918,.T.);
#5564=ORIENTED_EDGE('',*,*,#9919,.T.);
#5565=ORIENTED_EDGE('',*,*,#9920,.T.);
#5566=ORIENTED_EDGE('',*,*,#9914,.T.);
#5567=ORIENTED_EDGE('',*,*,#8829,.F.);
#5568=ORIENTED_EDGE('',*,*,#8966,.T.);
#5569=ORIENTED_EDGE('',*,*,#9913,.F.);
#5570=ORIENTED_EDGE('',*,*,#9921,.F.);
#5571=ORIENTED_EDGE('',*,*,#9922,.F.);
#5572=ORIENTED_EDGE('',*,*,#9923,.F.);
#5573=ORIENTED_EDGE('',*,*,#9924,.F.);
#5574=ORIENTED_EDGE('',*,*,#9925,.F.);
#5575=ORIENTED_EDGE('',*,*,#8830,.F.);
#5576=ORIENTED_EDGE('',*,*,#9925,.T.);
#5577=ORIENTED_EDGE('',*,*,#9926,.F.);
#5578=ORIENTED_EDGE('',*,*,#9916,.F.);
#5579=ORIENTED_EDGE('',*,*,#9924,.T.);
#5580=ORIENTED_EDGE('',*,*,#9927,.F.);
#5581=ORIENTED_EDGE('',*,*,#9917,.F.);
#5582=ORIENTED_EDGE('',*,*,#9926,.T.);
#5583=ORIENTED_EDGE('',*,*,#9923,.T.);
#5584=ORIENTED_EDGE('',*,*,#9928,.F.);
#5585=ORIENTED_EDGE('',*,*,#9918,.F.);
#5586=ORIENTED_EDGE('',*,*,#9927,.T.);
#5587=ORIENTED_EDGE('',*,*,#9922,.T.);
#5588=ORIENTED_EDGE('',*,*,#9929,.F.);
#5589=ORIENTED_EDGE('',*,*,#9919,.F.);
#5590=ORIENTED_EDGE('',*,*,#9928,.T.);
#5591=ORIENTED_EDGE('',*,*,#9921,.T.);
#5592=ORIENTED_EDGE('',*,*,#9915,.F.);
#5593=ORIENTED_EDGE('',*,*,#9920,.F.);
#5594=ORIENTED_EDGE('',*,*,#9929,.T.);
#5595=ORIENTED_EDGE('',*,*,#9930,.T.);
#5596=ORIENTED_EDGE('',*,*,#8962,.T.);
#5597=ORIENTED_EDGE('',*,*,#9931,.F.);
#5598=ORIENTED_EDGE('',*,*,#9932,.T.);
#5599=ORIENTED_EDGE('',*,*,#8961,.F.);
#5600=ORIENTED_EDGE('',*,*,#8835,.T.);
#5601=ORIENTED_EDGE('',*,*,#9933,.T.);
#5602=ORIENTED_EDGE('',*,*,#9934,.T.);
#5603=ORIENTED_EDGE('',*,*,#9935,.T.);
#5604=ORIENTED_EDGE('',*,*,#9936,.T.);
#5605=ORIENTED_EDGE('',*,*,#9937,.T.);
#5606=ORIENTED_EDGE('',*,*,#9931,.T.);
#5607=ORIENTED_EDGE('',*,*,#8833,.F.);
#5608=ORIENTED_EDGE('',*,*,#8963,.T.);
#5609=ORIENTED_EDGE('',*,*,#9930,.F.);
#5610=ORIENTED_EDGE('',*,*,#9938,.F.);
#5611=ORIENTED_EDGE('',*,*,#9939,.F.);
#5612=ORIENTED_EDGE('',*,*,#9940,.F.);
#5613=ORIENTED_EDGE('',*,*,#9941,.F.);
#5614=ORIENTED_EDGE('',*,*,#9942,.F.);
#5615=ORIENTED_EDGE('',*,*,#8834,.F.);
#5616=ORIENTED_EDGE('',*,*,#9942,.T.);
#5617=ORIENTED_EDGE('',*,*,#9943,.F.);
#5618=ORIENTED_EDGE('',*,*,#9933,.F.);
#5619=ORIENTED_EDGE('',*,*,#9941,.T.);
#5620=ORIENTED_EDGE('',*,*,#9944,.F.);
#5621=ORIENTED_EDGE('',*,*,#9934,.F.);
#5622=ORIENTED_EDGE('',*,*,#9943,.T.);
#5623=ORIENTED_EDGE('',*,*,#9940,.T.);
#5624=ORIENTED_EDGE('',*,*,#9945,.F.);
#5625=ORIENTED_EDGE('',*,*,#9935,.F.);
#5626=ORIENTED_EDGE('',*,*,#9944,.T.);
#5627=ORIENTED_EDGE('',*,*,#9939,.T.);
#5628=ORIENTED_EDGE('',*,*,#9946,.F.);
#5629=ORIENTED_EDGE('',*,*,#9936,.F.);
#5630=ORIENTED_EDGE('',*,*,#9945,.T.);
#5631=ORIENTED_EDGE('',*,*,#9938,.T.);
#5632=ORIENTED_EDGE('',*,*,#9932,.F.);
#5633=ORIENTED_EDGE('',*,*,#9937,.F.);
#5634=ORIENTED_EDGE('',*,*,#9946,.T.);
#5635=ORIENTED_EDGE('',*,*,#9947,.T.);
#5636=ORIENTED_EDGE('',*,*,#8959,.T.);
#5637=ORIENTED_EDGE('',*,*,#9948,.F.);
#5638=ORIENTED_EDGE('',*,*,#9949,.T.);
#5639=ORIENTED_EDGE('',*,*,#8958,.F.);
#5640=ORIENTED_EDGE('',*,*,#8839,.T.);
#5641=ORIENTED_EDGE('',*,*,#9950,.T.);
#5642=ORIENTED_EDGE('',*,*,#9951,.T.);
#5643=ORIENTED_EDGE('',*,*,#9952,.T.);
#5644=ORIENTED_EDGE('',*,*,#9953,.T.);
#5645=ORIENTED_EDGE('',*,*,#9954,.T.);
#5646=ORIENTED_EDGE('',*,*,#9948,.T.);
#5647=ORIENTED_EDGE('',*,*,#8837,.F.);
#5648=ORIENTED_EDGE('',*,*,#8960,.T.);
#5649=ORIENTED_EDGE('',*,*,#9947,.F.);
#5650=ORIENTED_EDGE('',*,*,#9955,.F.);
#5651=ORIENTED_EDGE('',*,*,#9956,.F.);
#5652=ORIENTED_EDGE('',*,*,#9957,.F.);
#5653=ORIENTED_EDGE('',*,*,#9958,.F.);
#5654=ORIENTED_EDGE('',*,*,#9959,.F.);
#5655=ORIENTED_EDGE('',*,*,#8838,.F.);
#5656=ORIENTED_EDGE('',*,*,#9959,.T.);
#5657=ORIENTED_EDGE('',*,*,#9960,.F.);
#5658=ORIENTED_EDGE('',*,*,#9950,.F.);
#5659=ORIENTED_EDGE('',*,*,#9958,.T.);
#5660=ORIENTED_EDGE('',*,*,#9961,.F.);
#5661=ORIENTED_EDGE('',*,*,#9951,.F.);
#5662=ORIENTED_EDGE('',*,*,#9960,.T.);
#5663=ORIENTED_EDGE('',*,*,#9957,.T.);
#5664=ORIENTED_EDGE('',*,*,#9962,.F.);
#5665=ORIENTED_EDGE('',*,*,#9952,.F.);
#5666=ORIENTED_EDGE('',*,*,#9961,.T.);
#5667=ORIENTED_EDGE('',*,*,#9956,.T.);
#5668=ORIENTED_EDGE('',*,*,#9963,.F.);
#5669=ORIENTED_EDGE('',*,*,#9953,.F.);
#5670=ORIENTED_EDGE('',*,*,#9962,.T.);
#5671=ORIENTED_EDGE('',*,*,#9955,.T.);
#5672=ORIENTED_EDGE('',*,*,#9949,.F.);
#5673=ORIENTED_EDGE('',*,*,#9954,.F.);
#5674=ORIENTED_EDGE('',*,*,#9963,.T.);
#5675=ORIENTED_EDGE('',*,*,#9964,.T.);
#5676=ORIENTED_EDGE('',*,*,#8956,.T.);
#5677=ORIENTED_EDGE('',*,*,#9965,.F.);
#5678=ORIENTED_EDGE('',*,*,#9966,.T.);
#5679=ORIENTED_EDGE('',*,*,#8955,.F.);
#5680=ORIENTED_EDGE('',*,*,#8843,.T.);
#5681=ORIENTED_EDGE('',*,*,#9967,.T.);
#5682=ORIENTED_EDGE('',*,*,#9968,.T.);
#5683=ORIENTED_EDGE('',*,*,#9969,.T.);
#5684=ORIENTED_EDGE('',*,*,#9970,.T.);
#5685=ORIENTED_EDGE('',*,*,#9971,.T.);
#5686=ORIENTED_EDGE('',*,*,#9965,.T.);
#5687=ORIENTED_EDGE('',*,*,#8841,.F.);
#5688=ORIENTED_EDGE('',*,*,#8957,.T.);
#5689=ORIENTED_EDGE('',*,*,#9964,.F.);
#5690=ORIENTED_EDGE('',*,*,#9972,.F.);
#5691=ORIENTED_EDGE('',*,*,#9973,.F.);
#5692=ORIENTED_EDGE('',*,*,#9974,.F.);
#5693=ORIENTED_EDGE('',*,*,#9975,.F.);
#5694=ORIENTED_EDGE('',*,*,#9976,.F.);
#5695=ORIENTED_EDGE('',*,*,#8842,.F.);
#5696=ORIENTED_EDGE('',*,*,#9976,.T.);
#5697=ORIENTED_EDGE('',*,*,#9977,.F.);
#5698=ORIENTED_EDGE('',*,*,#9967,.F.);
#5699=ORIENTED_EDGE('',*,*,#9975,.T.);
#5700=ORIENTED_EDGE('',*,*,#9978,.F.);
#5701=ORIENTED_EDGE('',*,*,#9968,.F.);
#5702=ORIENTED_EDGE('',*,*,#9977,.T.);
#5703=ORIENTED_EDGE('',*,*,#9974,.T.);
#5704=ORIENTED_EDGE('',*,*,#9979,.F.);
#5705=ORIENTED_EDGE('',*,*,#9969,.F.);
#5706=ORIENTED_EDGE('',*,*,#9978,.T.);
#5707=ORIENTED_EDGE('',*,*,#9973,.T.);
#5708=ORIENTED_EDGE('',*,*,#9980,.F.);
#5709=ORIENTED_EDGE('',*,*,#9970,.F.);
#5710=ORIENTED_EDGE('',*,*,#9979,.T.);
#5711=ORIENTED_EDGE('',*,*,#9972,.T.);
#5712=ORIENTED_EDGE('',*,*,#9966,.F.);
#5713=ORIENTED_EDGE('',*,*,#9971,.F.);
#5714=ORIENTED_EDGE('',*,*,#9980,.T.);
#5715=ORIENTED_EDGE('',*,*,#9981,.T.);
#5716=ORIENTED_EDGE('',*,*,#8953,.T.);
#5717=ORIENTED_EDGE('',*,*,#9982,.F.);
#5718=ORIENTED_EDGE('',*,*,#9983,.T.);
#5719=ORIENTED_EDGE('',*,*,#8952,.F.);
#5720=ORIENTED_EDGE('',*,*,#8847,.T.);
#5721=ORIENTED_EDGE('',*,*,#9984,.T.);
#5722=ORIENTED_EDGE('',*,*,#9985,.T.);
#5723=ORIENTED_EDGE('',*,*,#9986,.T.);
#5724=ORIENTED_EDGE('',*,*,#9987,.T.);
#5725=ORIENTED_EDGE('',*,*,#9988,.T.);
#5726=ORIENTED_EDGE('',*,*,#9982,.T.);
#5727=ORIENTED_EDGE('',*,*,#8845,.F.);
#5728=ORIENTED_EDGE('',*,*,#8954,.T.);
#5729=ORIENTED_EDGE('',*,*,#9981,.F.);
#5730=ORIENTED_EDGE('',*,*,#9989,.F.);
#5731=ORIENTED_EDGE('',*,*,#9990,.F.);
#5732=ORIENTED_EDGE('',*,*,#9991,.F.);
#5733=ORIENTED_EDGE('',*,*,#9992,.F.);
#5734=ORIENTED_EDGE('',*,*,#9993,.F.);
#5735=ORIENTED_EDGE('',*,*,#8846,.F.);
#5736=ORIENTED_EDGE('',*,*,#9993,.T.);
#5737=ORIENTED_EDGE('',*,*,#9994,.F.);
#5738=ORIENTED_EDGE('',*,*,#9984,.F.);
#5739=ORIENTED_EDGE('',*,*,#9992,.T.);
#5740=ORIENTED_EDGE('',*,*,#9995,.F.);
#5741=ORIENTED_EDGE('',*,*,#9985,.F.);
#5742=ORIENTED_EDGE('',*,*,#9994,.T.);
#5743=ORIENTED_EDGE('',*,*,#9991,.T.);
#5744=ORIENTED_EDGE('',*,*,#9996,.F.);
#5745=ORIENTED_EDGE('',*,*,#9986,.F.);
#5746=ORIENTED_EDGE('',*,*,#9995,.T.);
#5747=ORIENTED_EDGE('',*,*,#9990,.T.);
#5748=ORIENTED_EDGE('',*,*,#9997,.F.);
#5749=ORIENTED_EDGE('',*,*,#9987,.F.);
#5750=ORIENTED_EDGE('',*,*,#9996,.T.);
#5751=ORIENTED_EDGE('',*,*,#9989,.T.);
#5752=ORIENTED_EDGE('',*,*,#9983,.F.);
#5753=ORIENTED_EDGE('',*,*,#9988,.F.);
#5754=ORIENTED_EDGE('',*,*,#9997,.T.);
#5755=ORIENTED_EDGE('',*,*,#9998,.T.);
#5756=ORIENTED_EDGE('',*,*,#8950,.T.);
#5757=ORIENTED_EDGE('',*,*,#9999,.F.);
#5758=ORIENTED_EDGE('',*,*,#10000,.T.);
#5759=ORIENTED_EDGE('',*,*,#8949,.F.);
#5760=ORIENTED_EDGE('',*,*,#8851,.T.);
#5761=ORIENTED_EDGE('',*,*,#10001,.T.);
#5762=ORIENTED_EDGE('',*,*,#10002,.T.);
#5763=ORIENTED_EDGE('',*,*,#10003,.T.);
#5764=ORIENTED_EDGE('',*,*,#10004,.T.);
#5765=ORIENTED_EDGE('',*,*,#10005,.T.);
#5766=ORIENTED_EDGE('',*,*,#9999,.T.);
#5767=ORIENTED_EDGE('',*,*,#8849,.F.);
#5768=ORIENTED_EDGE('',*,*,#8951,.T.);
#5769=ORIENTED_EDGE('',*,*,#9998,.F.);
#5770=ORIENTED_EDGE('',*,*,#10006,.F.);
#5771=ORIENTED_EDGE('',*,*,#10007,.F.);
#5772=ORIENTED_EDGE('',*,*,#10008,.F.);
#5773=ORIENTED_EDGE('',*,*,#10009,.F.);
#5774=ORIENTED_EDGE('',*,*,#10010,.F.);
#5775=ORIENTED_EDGE('',*,*,#8850,.F.);
#5776=ORIENTED_EDGE('',*,*,#10010,.T.);
#5777=ORIENTED_EDGE('',*,*,#10011,.F.);
#5778=ORIENTED_EDGE('',*,*,#10001,.F.);
#5779=ORIENTED_EDGE('',*,*,#10009,.T.);
#5780=ORIENTED_EDGE('',*,*,#10012,.F.);
#5781=ORIENTED_EDGE('',*,*,#10002,.F.);
#5782=ORIENTED_EDGE('',*,*,#10011,.T.);
#5783=ORIENTED_EDGE('',*,*,#10008,.T.);
#5784=ORIENTED_EDGE('',*,*,#10013,.F.);
#5785=ORIENTED_EDGE('',*,*,#10003,.F.);
#5786=ORIENTED_EDGE('',*,*,#10012,.T.);
#5787=ORIENTED_EDGE('',*,*,#10007,.T.);
#5788=ORIENTED_EDGE('',*,*,#10014,.F.);
#5789=ORIENTED_EDGE('',*,*,#10004,.F.);
#5790=ORIENTED_EDGE('',*,*,#10013,.T.);
#5791=ORIENTED_EDGE('',*,*,#10006,.T.);
#5792=ORIENTED_EDGE('',*,*,#10000,.F.);
#5793=ORIENTED_EDGE('',*,*,#10005,.F.);
#5794=ORIENTED_EDGE('',*,*,#10014,.T.);
#5795=ORIENTED_EDGE('',*,*,#10015,.T.);
#5796=ORIENTED_EDGE('',*,*,#8947,.T.);
#5797=ORIENTED_EDGE('',*,*,#10016,.F.);
#5798=ORIENTED_EDGE('',*,*,#10017,.T.);
#5799=ORIENTED_EDGE('',*,*,#8946,.F.);
#5800=ORIENTED_EDGE('',*,*,#8855,.T.);
#5801=ORIENTED_EDGE('',*,*,#10018,.T.);
#5802=ORIENTED_EDGE('',*,*,#10019,.T.);
#5803=ORIENTED_EDGE('',*,*,#10020,.T.);
#5804=ORIENTED_EDGE('',*,*,#10021,.T.);
#5805=ORIENTED_EDGE('',*,*,#10022,.T.);
#5806=ORIENTED_EDGE('',*,*,#10016,.T.);
#5807=ORIENTED_EDGE('',*,*,#8853,.F.);
#5808=ORIENTED_EDGE('',*,*,#8948,.T.);
#5809=ORIENTED_EDGE('',*,*,#10015,.F.);
#5810=ORIENTED_EDGE('',*,*,#10023,.F.);
#5811=ORIENTED_EDGE('',*,*,#10024,.F.);
#5812=ORIENTED_EDGE('',*,*,#10025,.F.);
#5813=ORIENTED_EDGE('',*,*,#10026,.F.);
#5814=ORIENTED_EDGE('',*,*,#10027,.F.);
#5815=ORIENTED_EDGE('',*,*,#8854,.F.);
#5816=ORIENTED_EDGE('',*,*,#10027,.T.);
#5817=ORIENTED_EDGE('',*,*,#10028,.F.);
#5818=ORIENTED_EDGE('',*,*,#10018,.F.);
#5819=ORIENTED_EDGE('',*,*,#10026,.T.);
#5820=ORIENTED_EDGE('',*,*,#10029,.F.);
#5821=ORIENTED_EDGE('',*,*,#10019,.F.);
#5822=ORIENTED_EDGE('',*,*,#10028,.T.);
#5823=ORIENTED_EDGE('',*,*,#10025,.T.);
#5824=ORIENTED_EDGE('',*,*,#10030,.F.);
#5825=ORIENTED_EDGE('',*,*,#10020,.F.);
#5826=ORIENTED_EDGE('',*,*,#10029,.T.);
#5827=ORIENTED_EDGE('',*,*,#10024,.T.);
#5828=ORIENTED_EDGE('',*,*,#10031,.F.);
#5829=ORIENTED_EDGE('',*,*,#10021,.F.);
#5830=ORIENTED_EDGE('',*,*,#10030,.T.);
#5831=ORIENTED_EDGE('',*,*,#10023,.T.);
#5832=ORIENTED_EDGE('',*,*,#10017,.F.);
#5833=ORIENTED_EDGE('',*,*,#10022,.F.);
#5834=ORIENTED_EDGE('',*,*,#10031,.T.);
#5835=ORIENTED_EDGE('',*,*,#10032,.T.);
#5836=ORIENTED_EDGE('',*,*,#8944,.T.);
#5837=ORIENTED_EDGE('',*,*,#10033,.F.);
#5838=ORIENTED_EDGE('',*,*,#10034,.T.);
#5839=ORIENTED_EDGE('',*,*,#8943,.F.);
#5840=ORIENTED_EDGE('',*,*,#8859,.T.);
#5841=ORIENTED_EDGE('',*,*,#10035,.T.);
#5842=ORIENTED_EDGE('',*,*,#10036,.T.);
#5843=ORIENTED_EDGE('',*,*,#10037,.T.);
#5844=ORIENTED_EDGE('',*,*,#10038,.T.);
#5845=ORIENTED_EDGE('',*,*,#10039,.T.);
#5846=ORIENTED_EDGE('',*,*,#10033,.T.);
#5847=ORIENTED_EDGE('',*,*,#8857,.F.);
#5848=ORIENTED_EDGE('',*,*,#8945,.T.);
#5849=ORIENTED_EDGE('',*,*,#10032,.F.);
#5850=ORIENTED_EDGE('',*,*,#10040,.F.);
#5851=ORIENTED_EDGE('',*,*,#10041,.F.);
#5852=ORIENTED_EDGE('',*,*,#10042,.F.);
#5853=ORIENTED_EDGE('',*,*,#10043,.F.);
#5854=ORIENTED_EDGE('',*,*,#10044,.F.);
#5855=ORIENTED_EDGE('',*,*,#8858,.F.);
#5856=ORIENTED_EDGE('',*,*,#10044,.T.);
#5857=ORIENTED_EDGE('',*,*,#10045,.F.);
#5858=ORIENTED_EDGE('',*,*,#10035,.F.);
#5859=ORIENTED_EDGE('',*,*,#10043,.T.);
#5860=ORIENTED_EDGE('',*,*,#10046,.F.);
#5861=ORIENTED_EDGE('',*,*,#10036,.F.);
#5862=ORIENTED_EDGE('',*,*,#10045,.T.);
#5863=ORIENTED_EDGE('',*,*,#10042,.T.);
#5864=ORIENTED_EDGE('',*,*,#10047,.F.);
#5865=ORIENTED_EDGE('',*,*,#10037,.F.);
#5866=ORIENTED_EDGE('',*,*,#10046,.T.);
#5867=ORIENTED_EDGE('',*,*,#10041,.T.);
#5868=ORIENTED_EDGE('',*,*,#10048,.F.);
#5869=ORIENTED_EDGE('',*,*,#10038,.F.);
#5870=ORIENTED_EDGE('',*,*,#10047,.T.);
#5871=ORIENTED_EDGE('',*,*,#10040,.T.);
#5872=ORIENTED_EDGE('',*,*,#10034,.F.);
#5873=ORIENTED_EDGE('',*,*,#10039,.F.);
#5874=ORIENTED_EDGE('',*,*,#10048,.T.);
#5875=ORIENTED_EDGE('',*,*,#10049,.T.);
#5876=ORIENTED_EDGE('',*,*,#8941,.T.);
#5877=ORIENTED_EDGE('',*,*,#10050,.F.);
#5878=ORIENTED_EDGE('',*,*,#10051,.T.);
#5879=ORIENTED_EDGE('',*,*,#8940,.F.);
#5880=ORIENTED_EDGE('',*,*,#8863,.T.);
#5881=ORIENTED_EDGE('',*,*,#10052,.T.);
#5882=ORIENTED_EDGE('',*,*,#10053,.T.);
#5883=ORIENTED_EDGE('',*,*,#10054,.T.);
#5884=ORIENTED_EDGE('',*,*,#10055,.T.);
#5885=ORIENTED_EDGE('',*,*,#10056,.T.);
#5886=ORIENTED_EDGE('',*,*,#10050,.T.);
#5887=ORIENTED_EDGE('',*,*,#8861,.F.);
#5888=ORIENTED_EDGE('',*,*,#8942,.T.);
#5889=ORIENTED_EDGE('',*,*,#10049,.F.);
#5890=ORIENTED_EDGE('',*,*,#10057,.F.);
#5891=ORIENTED_EDGE('',*,*,#10058,.F.);
#5892=ORIENTED_EDGE('',*,*,#10059,.F.);
#5893=ORIENTED_EDGE('',*,*,#10060,.F.);
#5894=ORIENTED_EDGE('',*,*,#10061,.F.);
#5895=ORIENTED_EDGE('',*,*,#8862,.F.);
#5896=ORIENTED_EDGE('',*,*,#10061,.T.);
#5897=ORIENTED_EDGE('',*,*,#10062,.F.);
#5898=ORIENTED_EDGE('',*,*,#10052,.F.);
#5899=ORIENTED_EDGE('',*,*,#10060,.T.);
#5900=ORIENTED_EDGE('',*,*,#10063,.F.);
#5901=ORIENTED_EDGE('',*,*,#10053,.F.);
#5902=ORIENTED_EDGE('',*,*,#10062,.T.);
#5903=ORIENTED_EDGE('',*,*,#10059,.T.);
#5904=ORIENTED_EDGE('',*,*,#10064,.F.);
#5905=ORIENTED_EDGE('',*,*,#10054,.F.);
#5906=ORIENTED_EDGE('',*,*,#10063,.T.);
#5907=ORIENTED_EDGE('',*,*,#10058,.T.);
#5908=ORIENTED_EDGE('',*,*,#10065,.F.);
#5909=ORIENTED_EDGE('',*,*,#10055,.F.);
#5910=ORIENTED_EDGE('',*,*,#10064,.T.);
#5911=ORIENTED_EDGE('',*,*,#10057,.T.);
#5912=ORIENTED_EDGE('',*,*,#10051,.F.);
#5913=ORIENTED_EDGE('',*,*,#10056,.F.);
#5914=ORIENTED_EDGE('',*,*,#10065,.T.);
#5915=ORIENTED_EDGE('',*,*,#10066,.T.);
#5916=ORIENTED_EDGE('',*,*,#8938,.T.);
#5917=ORIENTED_EDGE('',*,*,#10067,.F.);
#5918=ORIENTED_EDGE('',*,*,#10068,.T.);
#5919=ORIENTED_EDGE('',*,*,#8937,.F.);
#5920=ORIENTED_EDGE('',*,*,#8867,.T.);
#5921=ORIENTED_EDGE('',*,*,#10069,.T.);
#5922=ORIENTED_EDGE('',*,*,#10070,.T.);
#5923=ORIENTED_EDGE('',*,*,#10071,.T.);
#5924=ORIENTED_EDGE('',*,*,#10072,.T.);
#5925=ORIENTED_EDGE('',*,*,#10073,.T.);
#5926=ORIENTED_EDGE('',*,*,#10067,.T.);
#5927=ORIENTED_EDGE('',*,*,#8865,.F.);
#5928=ORIENTED_EDGE('',*,*,#8939,.T.);
#5929=ORIENTED_EDGE('',*,*,#10066,.F.);
#5930=ORIENTED_EDGE('',*,*,#10074,.F.);
#5931=ORIENTED_EDGE('',*,*,#10075,.F.);
#5932=ORIENTED_EDGE('',*,*,#10076,.F.);
#5933=ORIENTED_EDGE('',*,*,#10077,.F.);
#5934=ORIENTED_EDGE('',*,*,#10078,.F.);
#5935=ORIENTED_EDGE('',*,*,#8866,.F.);
#5936=ORIENTED_EDGE('',*,*,#10078,.T.);
#5937=ORIENTED_EDGE('',*,*,#10079,.F.);
#5938=ORIENTED_EDGE('',*,*,#10069,.F.);
#5939=ORIENTED_EDGE('',*,*,#10077,.T.);
#5940=ORIENTED_EDGE('',*,*,#10080,.F.);
#5941=ORIENTED_EDGE('',*,*,#10070,.F.);
#5942=ORIENTED_EDGE('',*,*,#10079,.T.);
#5943=ORIENTED_EDGE('',*,*,#10076,.T.);
#5944=ORIENTED_EDGE('',*,*,#10081,.F.);
#5945=ORIENTED_EDGE('',*,*,#10071,.F.);
#5946=ORIENTED_EDGE('',*,*,#10080,.T.);
#5947=ORIENTED_EDGE('',*,*,#10075,.T.);
#5948=ORIENTED_EDGE('',*,*,#10082,.F.);
#5949=ORIENTED_EDGE('',*,*,#10072,.F.);
#5950=ORIENTED_EDGE('',*,*,#10081,.T.);
#5951=ORIENTED_EDGE('',*,*,#10074,.T.);
#5952=ORIENTED_EDGE('',*,*,#10068,.F.);
#5953=ORIENTED_EDGE('',*,*,#10073,.F.);
#5954=ORIENTED_EDGE('',*,*,#10082,.T.);
#5955=ORIENTED_EDGE('',*,*,#10083,.T.);
#5956=ORIENTED_EDGE('',*,*,#8935,.T.);
#5957=ORIENTED_EDGE('',*,*,#10084,.F.);
#5958=ORIENTED_EDGE('',*,*,#10085,.T.);
#5959=ORIENTED_EDGE('',*,*,#8934,.F.);
#5960=ORIENTED_EDGE('',*,*,#8871,.T.);
#5961=ORIENTED_EDGE('',*,*,#10086,.T.);
#5962=ORIENTED_EDGE('',*,*,#10087,.T.);
#5963=ORIENTED_EDGE('',*,*,#10088,.T.);
#5964=ORIENTED_EDGE('',*,*,#10089,.T.);
#5965=ORIENTED_EDGE('',*,*,#10090,.T.);
#5966=ORIENTED_EDGE('',*,*,#10084,.T.);
#5967=ORIENTED_EDGE('',*,*,#8869,.F.);
#5968=ORIENTED_EDGE('',*,*,#8936,.T.);
#5969=ORIENTED_EDGE('',*,*,#10083,.F.);
#5970=ORIENTED_EDGE('',*,*,#10091,.F.);
#5971=ORIENTED_EDGE('',*,*,#10092,.F.);
#5972=ORIENTED_EDGE('',*,*,#10093,.F.);
#5973=ORIENTED_EDGE('',*,*,#10094,.F.);
#5974=ORIENTED_EDGE('',*,*,#10095,.F.);
#5975=ORIENTED_EDGE('',*,*,#8870,.F.);
#5976=ORIENTED_EDGE('',*,*,#10095,.T.);
#5977=ORIENTED_EDGE('',*,*,#10096,.F.);
#5978=ORIENTED_EDGE('',*,*,#10086,.F.);
#5979=ORIENTED_EDGE('',*,*,#10094,.T.);
#5980=ORIENTED_EDGE('',*,*,#10097,.F.);
#5981=ORIENTED_EDGE('',*,*,#10087,.F.);
#5982=ORIENTED_EDGE('',*,*,#10096,.T.);
#5983=ORIENTED_EDGE('',*,*,#10093,.T.);
#5984=ORIENTED_EDGE('',*,*,#10098,.F.);
#5985=ORIENTED_EDGE('',*,*,#10088,.F.);
#5986=ORIENTED_EDGE('',*,*,#10097,.T.);
#5987=ORIENTED_EDGE('',*,*,#10092,.T.);
#5988=ORIENTED_EDGE('',*,*,#10099,.F.);
#5989=ORIENTED_EDGE('',*,*,#10089,.F.);
#5990=ORIENTED_EDGE('',*,*,#10098,.T.);
#5991=ORIENTED_EDGE('',*,*,#10091,.T.);
#5992=ORIENTED_EDGE('',*,*,#10085,.F.);
#5993=ORIENTED_EDGE('',*,*,#10090,.F.);
#5994=ORIENTED_EDGE('',*,*,#10099,.T.);
#5995=ORIENTED_EDGE('',*,*,#10100,.T.);
#5996=ORIENTED_EDGE('',*,*,#8932,.T.);
#5997=ORIENTED_EDGE('',*,*,#10101,.F.);
#5998=ORIENTED_EDGE('',*,*,#10102,.T.);
#5999=ORIENTED_EDGE('',*,*,#8931,.F.);
#6000=ORIENTED_EDGE('',*,*,#8875,.T.);
#6001=ORIENTED_EDGE('',*,*,#10103,.T.);
#6002=ORIENTED_EDGE('',*,*,#10104,.T.);
#6003=ORIENTED_EDGE('',*,*,#10105,.T.);
#6004=ORIENTED_EDGE('',*,*,#10106,.T.);
#6005=ORIENTED_EDGE('',*,*,#10107,.T.);
#6006=ORIENTED_EDGE('',*,*,#10101,.T.);
#6007=ORIENTED_EDGE('',*,*,#8873,.F.);
#6008=ORIENTED_EDGE('',*,*,#8933,.T.);
#6009=ORIENTED_EDGE('',*,*,#10100,.F.);
#6010=ORIENTED_EDGE('',*,*,#10108,.F.);
#6011=ORIENTED_EDGE('',*,*,#10109,.F.);
#6012=ORIENTED_EDGE('',*,*,#10110,.F.);
#6013=ORIENTED_EDGE('',*,*,#10111,.F.);
#6014=ORIENTED_EDGE('',*,*,#10112,.F.);
#6015=ORIENTED_EDGE('',*,*,#8874,.F.);
#6016=ORIENTED_EDGE('',*,*,#10112,.T.);
#6017=ORIENTED_EDGE('',*,*,#10113,.F.);
#6018=ORIENTED_EDGE('',*,*,#10103,.F.);
#6019=ORIENTED_EDGE('',*,*,#10111,.T.);
#6020=ORIENTED_EDGE('',*,*,#10114,.F.);
#6021=ORIENTED_EDGE('',*,*,#10104,.F.);
#6022=ORIENTED_EDGE('',*,*,#10113,.T.);
#6023=ORIENTED_EDGE('',*,*,#10110,.T.);
#6024=ORIENTED_EDGE('',*,*,#10115,.F.);
#6025=ORIENTED_EDGE('',*,*,#10105,.F.);
#6026=ORIENTED_EDGE('',*,*,#10114,.T.);
#6027=ORIENTED_EDGE('',*,*,#10109,.T.);
#6028=ORIENTED_EDGE('',*,*,#10116,.F.);
#6029=ORIENTED_EDGE('',*,*,#10106,.F.);
#6030=ORIENTED_EDGE('',*,*,#10115,.T.);
#6031=ORIENTED_EDGE('',*,*,#10108,.T.);
#6032=ORIENTED_EDGE('',*,*,#10102,.F.);
#6033=ORIENTED_EDGE('',*,*,#10107,.F.);
#6034=ORIENTED_EDGE('',*,*,#10116,.T.);
#6035=ORIENTED_EDGE('',*,*,#10117,.T.);
#6036=ORIENTED_EDGE('',*,*,#8929,.T.);
#6037=ORIENTED_EDGE('',*,*,#10118,.F.);
#6038=ORIENTED_EDGE('',*,*,#10119,.T.);
#6039=ORIENTED_EDGE('',*,*,#8928,.F.);
#6040=ORIENTED_EDGE('',*,*,#8879,.T.);
#6041=ORIENTED_EDGE('',*,*,#10120,.T.);
#6042=ORIENTED_EDGE('',*,*,#10121,.T.);
#6043=ORIENTED_EDGE('',*,*,#10122,.T.);
#6044=ORIENTED_EDGE('',*,*,#10123,.T.);
#6045=ORIENTED_EDGE('',*,*,#10124,.T.);
#6046=ORIENTED_EDGE('',*,*,#10118,.T.);
#6047=ORIENTED_EDGE('',*,*,#8877,.F.);
#6048=ORIENTED_EDGE('',*,*,#8930,.T.);
#6049=ORIENTED_EDGE('',*,*,#10117,.F.);
#6050=ORIENTED_EDGE('',*,*,#10125,.F.);
#6051=ORIENTED_EDGE('',*,*,#10126,.F.);
#6052=ORIENTED_EDGE('',*,*,#10127,.F.);
#6053=ORIENTED_EDGE('',*,*,#10128,.F.);
#6054=ORIENTED_EDGE('',*,*,#10129,.F.);
#6055=ORIENTED_EDGE('',*,*,#8878,.F.);
#6056=ORIENTED_EDGE('',*,*,#10129,.T.);
#6057=ORIENTED_EDGE('',*,*,#10130,.F.);
#6058=ORIENTED_EDGE('',*,*,#10120,.F.);
#6059=ORIENTED_EDGE('',*,*,#10128,.T.);
#6060=ORIENTED_EDGE('',*,*,#10131,.F.);
#6061=ORIENTED_EDGE('',*,*,#10121,.F.);
#6062=ORIENTED_EDGE('',*,*,#10130,.T.);
#6063=ORIENTED_EDGE('',*,*,#10127,.T.);
#6064=ORIENTED_EDGE('',*,*,#10132,.F.);
#6065=ORIENTED_EDGE('',*,*,#10122,.F.);
#6066=ORIENTED_EDGE('',*,*,#10131,.T.);
#6067=ORIENTED_EDGE('',*,*,#10126,.T.);
#6068=ORIENTED_EDGE('',*,*,#10133,.F.);
#6069=ORIENTED_EDGE('',*,*,#10123,.F.);
#6070=ORIENTED_EDGE('',*,*,#10132,.T.);
#6071=ORIENTED_EDGE('',*,*,#10125,.T.);
#6072=ORIENTED_EDGE('',*,*,#10119,.F.);
#6073=ORIENTED_EDGE('',*,*,#10124,.F.);
#6074=ORIENTED_EDGE('',*,*,#10133,.T.);
#6075=ORIENTED_EDGE('',*,*,#10134,.T.);
#6076=ORIENTED_EDGE('',*,*,#8926,.T.);
#6077=ORIENTED_EDGE('',*,*,#10135,.F.);
#6078=ORIENTED_EDGE('',*,*,#10136,.T.);
#6079=ORIENTED_EDGE('',*,*,#8925,.F.);
#6080=ORIENTED_EDGE('',*,*,#8883,.T.);
#6081=ORIENTED_EDGE('',*,*,#10137,.T.);
#6082=ORIENTED_EDGE('',*,*,#10138,.T.);
#6083=ORIENTED_EDGE('',*,*,#10139,.T.);
#6084=ORIENTED_EDGE('',*,*,#10140,.T.);
#6085=ORIENTED_EDGE('',*,*,#10141,.T.);
#6086=ORIENTED_EDGE('',*,*,#10135,.T.);
#6087=ORIENTED_EDGE('',*,*,#8881,.F.);
#6088=ORIENTED_EDGE('',*,*,#8927,.T.);
#6089=ORIENTED_EDGE('',*,*,#10134,.F.);
#6090=ORIENTED_EDGE('',*,*,#10142,.F.);
#6091=ORIENTED_EDGE('',*,*,#10143,.F.);
#6092=ORIENTED_EDGE('',*,*,#10144,.F.);
#6093=ORIENTED_EDGE('',*,*,#10145,.F.);
#6094=ORIENTED_EDGE('',*,*,#10146,.F.);
#6095=ORIENTED_EDGE('',*,*,#8882,.F.);
#6096=ORIENTED_EDGE('',*,*,#10146,.T.);
#6097=ORIENTED_EDGE('',*,*,#10147,.F.);
#6098=ORIENTED_EDGE('',*,*,#10137,.F.);
#6099=ORIENTED_EDGE('',*,*,#10145,.T.);
#6100=ORIENTED_EDGE('',*,*,#10148,.F.);
#6101=ORIENTED_EDGE('',*,*,#10138,.F.);
#6102=ORIENTED_EDGE('',*,*,#10147,.T.);
#6103=ORIENTED_EDGE('',*,*,#10144,.T.);
#6104=ORIENTED_EDGE('',*,*,#10149,.F.);
#6105=ORIENTED_EDGE('',*,*,#10139,.F.);
#6106=ORIENTED_EDGE('',*,*,#10148,.T.);
#6107=ORIENTED_EDGE('',*,*,#10143,.T.);
#6108=ORIENTED_EDGE('',*,*,#10150,.F.);
#6109=ORIENTED_EDGE('',*,*,#10140,.F.);
#6110=ORIENTED_EDGE('',*,*,#10149,.T.);
#6111=ORIENTED_EDGE('',*,*,#10142,.T.);
#6112=ORIENTED_EDGE('',*,*,#10136,.F.);
#6113=ORIENTED_EDGE('',*,*,#10141,.F.);
#6114=ORIENTED_EDGE('',*,*,#10150,.T.);
#6115=ORIENTED_EDGE('',*,*,#10151,.T.);
#6116=ORIENTED_EDGE('',*,*,#8923,.T.);
#6117=ORIENTED_EDGE('',*,*,#10152,.F.);
#6118=ORIENTED_EDGE('',*,*,#10153,.T.);
#6119=ORIENTED_EDGE('',*,*,#8922,.F.);
#6120=ORIENTED_EDGE('',*,*,#8887,.T.);
#6121=ORIENTED_EDGE('',*,*,#10154,.T.);
#6122=ORIENTED_EDGE('',*,*,#10155,.T.);
#6123=ORIENTED_EDGE('',*,*,#10156,.T.);
#6124=ORIENTED_EDGE('',*,*,#10157,.T.);
#6125=ORIENTED_EDGE('',*,*,#10158,.T.);
#6126=ORIENTED_EDGE('',*,*,#10152,.T.);
#6127=ORIENTED_EDGE('',*,*,#8885,.F.);
#6128=ORIENTED_EDGE('',*,*,#8924,.T.);
#6129=ORIENTED_EDGE('',*,*,#10151,.F.);
#6130=ORIENTED_EDGE('',*,*,#10159,.F.);
#6131=ORIENTED_EDGE('',*,*,#10160,.F.);
#6132=ORIENTED_EDGE('',*,*,#10161,.F.);
#6133=ORIENTED_EDGE('',*,*,#10162,.F.);
#6134=ORIENTED_EDGE('',*,*,#10163,.F.);
#6135=ORIENTED_EDGE('',*,*,#8886,.F.);
#6136=ORIENTED_EDGE('',*,*,#10163,.T.);
#6137=ORIENTED_EDGE('',*,*,#10164,.F.);
#6138=ORIENTED_EDGE('',*,*,#10154,.F.);
#6139=ORIENTED_EDGE('',*,*,#10162,.T.);
#6140=ORIENTED_EDGE('',*,*,#10165,.F.);
#6141=ORIENTED_EDGE('',*,*,#10155,.F.);
#6142=ORIENTED_EDGE('',*,*,#10164,.T.);
#6143=ORIENTED_EDGE('',*,*,#10161,.T.);
#6144=ORIENTED_EDGE('',*,*,#10166,.F.);
#6145=ORIENTED_EDGE('',*,*,#10156,.F.);
#6146=ORIENTED_EDGE('',*,*,#10165,.T.);
#6147=ORIENTED_EDGE('',*,*,#10160,.T.);
#6148=ORIENTED_EDGE('',*,*,#10167,.F.);
#6149=ORIENTED_EDGE('',*,*,#10157,.F.);
#6150=ORIENTED_EDGE('',*,*,#10166,.T.);
#6151=ORIENTED_EDGE('',*,*,#10159,.T.);
#6152=ORIENTED_EDGE('',*,*,#10153,.F.);
#6153=ORIENTED_EDGE('',*,*,#10158,.F.);
#6154=ORIENTED_EDGE('',*,*,#10167,.T.);
#6155=ORIENTED_EDGE('',*,*,#10168,.T.);
#6156=ORIENTED_EDGE('',*,*,#8920,.T.);
#6157=ORIENTED_EDGE('',*,*,#10169,.F.);
#6158=ORIENTED_EDGE('',*,*,#10170,.T.);
#6159=ORIENTED_EDGE('',*,*,#8919,.F.);
#6160=ORIENTED_EDGE('',*,*,#8891,.T.);
#6161=ORIENTED_EDGE('',*,*,#10171,.T.);
#6162=ORIENTED_EDGE('',*,*,#10172,.T.);
#6163=ORIENTED_EDGE('',*,*,#10173,.T.);
#6164=ORIENTED_EDGE('',*,*,#10174,.T.);
#6165=ORIENTED_EDGE('',*,*,#10175,.T.);
#6166=ORIENTED_EDGE('',*,*,#10169,.T.);
#6167=ORIENTED_EDGE('',*,*,#8889,.F.);
#6168=ORIENTED_EDGE('',*,*,#8921,.T.);
#6169=ORIENTED_EDGE('',*,*,#10168,.F.);
#6170=ORIENTED_EDGE('',*,*,#10176,.F.);
#6171=ORIENTED_EDGE('',*,*,#10177,.F.);
#6172=ORIENTED_EDGE('',*,*,#10178,.F.);
#6173=ORIENTED_EDGE('',*,*,#10179,.F.);
#6174=ORIENTED_EDGE('',*,*,#10180,.F.);
#6175=ORIENTED_EDGE('',*,*,#8890,.F.);
#6176=ORIENTED_EDGE('',*,*,#10180,.T.);
#6177=ORIENTED_EDGE('',*,*,#10181,.F.);
#6178=ORIENTED_EDGE('',*,*,#10171,.F.);
#6179=ORIENTED_EDGE('',*,*,#10179,.T.);
#6180=ORIENTED_EDGE('',*,*,#10182,.F.);
#6181=ORIENTED_EDGE('',*,*,#10172,.F.);
#6182=ORIENTED_EDGE('',*,*,#10181,.T.);
#6183=ORIENTED_EDGE('',*,*,#10178,.T.);
#6184=ORIENTED_EDGE('',*,*,#10183,.F.);
#6185=ORIENTED_EDGE('',*,*,#10173,.F.);
#6186=ORIENTED_EDGE('',*,*,#10182,.T.);
#6187=ORIENTED_EDGE('',*,*,#10177,.T.);
#6188=ORIENTED_EDGE('',*,*,#10184,.F.);
#6189=ORIENTED_EDGE('',*,*,#10174,.F.);
#6190=ORIENTED_EDGE('',*,*,#10183,.T.);
#6191=ORIENTED_EDGE('',*,*,#10176,.T.);
#6192=ORIENTED_EDGE('',*,*,#10170,.F.);
#6193=ORIENTED_EDGE('',*,*,#10175,.F.);
#6194=ORIENTED_EDGE('',*,*,#10184,.T.);
#6195=ORIENTED_EDGE('',*,*,#10185,.T.);
#6196=ORIENTED_EDGE('',*,*,#8917,.T.);
#6197=ORIENTED_EDGE('',*,*,#10186,.F.);
#6198=ORIENTED_EDGE('',*,*,#10187,.T.);
#6199=ORIENTED_EDGE('',*,*,#8916,.F.);
#6200=ORIENTED_EDGE('',*,*,#8895,.T.);
#6201=ORIENTED_EDGE('',*,*,#10188,.T.);
#6202=ORIENTED_EDGE('',*,*,#10189,.T.);
#6203=ORIENTED_EDGE('',*,*,#10190,.T.);
#6204=ORIENTED_EDGE('',*,*,#10191,.T.);
#6205=ORIENTED_EDGE('',*,*,#10192,.T.);
#6206=ORIENTED_EDGE('',*,*,#10186,.T.);
#6207=ORIENTED_EDGE('',*,*,#8893,.F.);
#6208=ORIENTED_EDGE('',*,*,#8918,.T.);
#6209=ORIENTED_EDGE('',*,*,#10185,.F.);
#6210=ORIENTED_EDGE('',*,*,#10193,.F.);
#6211=ORIENTED_EDGE('',*,*,#10194,.F.);
#6212=ORIENTED_EDGE('',*,*,#10195,.F.);
#6213=ORIENTED_EDGE('',*,*,#10196,.F.);
#6214=ORIENTED_EDGE('',*,*,#10197,.F.);
#6215=ORIENTED_EDGE('',*,*,#8894,.F.);
#6216=ORIENTED_EDGE('',*,*,#10197,.T.);
#6217=ORIENTED_EDGE('',*,*,#10198,.F.);
#6218=ORIENTED_EDGE('',*,*,#10188,.F.);
#6219=ORIENTED_EDGE('',*,*,#10196,.T.);
#6220=ORIENTED_EDGE('',*,*,#10199,.F.);
#6221=ORIENTED_EDGE('',*,*,#10189,.F.);
#6222=ORIENTED_EDGE('',*,*,#10198,.T.);
#6223=ORIENTED_EDGE('',*,*,#10195,.T.);
#6224=ORIENTED_EDGE('',*,*,#10200,.F.);
#6225=ORIENTED_EDGE('',*,*,#10190,.F.);
#6226=ORIENTED_EDGE('',*,*,#10199,.T.);
#6227=ORIENTED_EDGE('',*,*,#10194,.T.);
#6228=ORIENTED_EDGE('',*,*,#10201,.F.);
#6229=ORIENTED_EDGE('',*,*,#10191,.F.);
#6230=ORIENTED_EDGE('',*,*,#10200,.T.);
#6231=ORIENTED_EDGE('',*,*,#10193,.T.);
#6232=ORIENTED_EDGE('',*,*,#10187,.F.);
#6233=ORIENTED_EDGE('',*,*,#10192,.F.);
#6234=ORIENTED_EDGE('',*,*,#10201,.T.);
#6235=ORIENTED_EDGE('',*,*,#10202,.T.);
#6236=ORIENTED_EDGE('',*,*,#8914,.T.);
#6237=ORIENTED_EDGE('',*,*,#10203,.F.);
#6238=ORIENTED_EDGE('',*,*,#10204,.T.);
#6239=ORIENTED_EDGE('',*,*,#8913,.F.);
#6240=ORIENTED_EDGE('',*,*,#8899,.T.);
#6241=ORIENTED_EDGE('',*,*,#10205,.T.);
#6242=ORIENTED_EDGE('',*,*,#10206,.T.);
#6243=ORIENTED_EDGE('',*,*,#10207,.T.);
#6244=ORIENTED_EDGE('',*,*,#10208,.T.);
#6245=ORIENTED_EDGE('',*,*,#10209,.T.);
#6246=ORIENTED_EDGE('',*,*,#10203,.T.);
#6247=ORIENTED_EDGE('',*,*,#8897,.F.);
#6248=ORIENTED_EDGE('',*,*,#8915,.T.);
#6249=ORIENTED_EDGE('',*,*,#10202,.F.);
#6250=ORIENTED_EDGE('',*,*,#10210,.F.);
#6251=ORIENTED_EDGE('',*,*,#10211,.F.);
#6252=ORIENTED_EDGE('',*,*,#10212,.F.);
#6253=ORIENTED_EDGE('',*,*,#10213,.F.);
#6254=ORIENTED_EDGE('',*,*,#10214,.F.);
#6255=ORIENTED_EDGE('',*,*,#8898,.F.);
#6256=ORIENTED_EDGE('',*,*,#10214,.T.);
#6257=ORIENTED_EDGE('',*,*,#10215,.F.);
#6258=ORIENTED_EDGE('',*,*,#10205,.F.);
#6259=ORIENTED_EDGE('',*,*,#10213,.T.);
#6260=ORIENTED_EDGE('',*,*,#10216,.F.);
#6261=ORIENTED_EDGE('',*,*,#10206,.F.);
#6262=ORIENTED_EDGE('',*,*,#10215,.T.);
#6263=ORIENTED_EDGE('',*,*,#10212,.T.);
#6264=ORIENTED_EDGE('',*,*,#10217,.F.);
#6265=ORIENTED_EDGE('',*,*,#10207,.F.);
#6266=ORIENTED_EDGE('',*,*,#10216,.T.);
#6267=ORIENTED_EDGE('',*,*,#10211,.T.);
#6268=ORIENTED_EDGE('',*,*,#10218,.F.);
#6269=ORIENTED_EDGE('',*,*,#10208,.F.);
#6270=ORIENTED_EDGE('',*,*,#10217,.T.);
#6271=ORIENTED_EDGE('',*,*,#10210,.T.);
#6272=ORIENTED_EDGE('',*,*,#10204,.F.);
#6273=ORIENTED_EDGE('',*,*,#10209,.F.);
#6274=ORIENTED_EDGE('',*,*,#10218,.T.);
#6275=ORIENTED_EDGE('',*,*,#10219,.T.);
#6276=ORIENTED_EDGE('',*,*,#8911,.T.);
#6277=ORIENTED_EDGE('',*,*,#10220,.F.);
#6278=ORIENTED_EDGE('',*,*,#10221,.T.);
#6279=ORIENTED_EDGE('',*,*,#8910,.F.);
#6280=ORIENTED_EDGE('',*,*,#8903,.T.);
#6281=ORIENTED_EDGE('',*,*,#10222,.T.);
#6282=ORIENTED_EDGE('',*,*,#10223,.T.);
#6283=ORIENTED_EDGE('',*,*,#10224,.T.);
#6284=ORIENTED_EDGE('',*,*,#10225,.T.);
#6285=ORIENTED_EDGE('',*,*,#10226,.T.);
#6286=ORIENTED_EDGE('',*,*,#10220,.T.);
#6287=ORIENTED_EDGE('',*,*,#8901,.F.);
#6288=ORIENTED_EDGE('',*,*,#8912,.T.);
#6289=ORIENTED_EDGE('',*,*,#10219,.F.);
#6290=ORIENTED_EDGE('',*,*,#10227,.F.);
#6291=ORIENTED_EDGE('',*,*,#10228,.F.);
#6292=ORIENTED_EDGE('',*,*,#10229,.F.);
#6293=ORIENTED_EDGE('',*,*,#10230,.F.);
#6294=ORIENTED_EDGE('',*,*,#10231,.F.);
#6295=ORIENTED_EDGE('',*,*,#8902,.F.);
#6296=ORIENTED_EDGE('',*,*,#10231,.T.);
#6297=ORIENTED_EDGE('',*,*,#10232,.F.);
#6298=ORIENTED_EDGE('',*,*,#10222,.F.);
#6299=ORIENTED_EDGE('',*,*,#10230,.T.);
#6300=ORIENTED_EDGE('',*,*,#10233,.F.);
#6301=ORIENTED_EDGE('',*,*,#10223,.F.);
#6302=ORIENTED_EDGE('',*,*,#10232,.T.);
#6303=ORIENTED_EDGE('',*,*,#10229,.T.);
#6304=ORIENTED_EDGE('',*,*,#10234,.F.);
#6305=ORIENTED_EDGE('',*,*,#10224,.F.);
#6306=ORIENTED_EDGE('',*,*,#10233,.T.);
#6307=ORIENTED_EDGE('',*,*,#10228,.T.);
#6308=ORIENTED_EDGE('',*,*,#10235,.F.);
#6309=ORIENTED_EDGE('',*,*,#10225,.F.);
#6310=ORIENTED_EDGE('',*,*,#10234,.T.);
#6311=ORIENTED_EDGE('',*,*,#10227,.T.);
#6312=ORIENTED_EDGE('',*,*,#10221,.F.);
#6313=ORIENTED_EDGE('',*,*,#10226,.F.);
#6314=ORIENTED_EDGE('',*,*,#10235,.T.);
#6315=ORIENTED_EDGE('',*,*,#10236,.T.);
#6316=ORIENTED_EDGE('',*,*,#8908,.T.);
#6317=ORIENTED_EDGE('',*,*,#10237,.F.);
#6318=ORIENTED_EDGE('',*,*,#10238,.T.);
#6319=ORIENTED_EDGE('',*,*,#8907,.F.);
#6320=ORIENTED_EDGE('',*,*,#8789,.T.);
#6321=ORIENTED_EDGE('',*,*,#10239,.T.);
#6322=ORIENTED_EDGE('',*,*,#10240,.T.);
#6323=ORIENTED_EDGE('',*,*,#10241,.T.);
#6324=ORIENTED_EDGE('',*,*,#10242,.T.);
#6325=ORIENTED_EDGE('',*,*,#10243,.T.);
#6326=ORIENTED_EDGE('',*,*,#10237,.T.);
#6327=ORIENTED_EDGE('',*,*,#8905,.F.);
#6328=ORIENTED_EDGE('',*,*,#8909,.T.);
#6329=ORIENTED_EDGE('',*,*,#10236,.F.);
#6330=ORIENTED_EDGE('',*,*,#10244,.F.);
#6331=ORIENTED_EDGE('',*,*,#10245,.F.);
#6332=ORIENTED_EDGE('',*,*,#10246,.F.);
#6333=ORIENTED_EDGE('',*,*,#10247,.F.);
#6334=ORIENTED_EDGE('',*,*,#10248,.F.);
#6335=ORIENTED_EDGE('',*,*,#8906,.F.);
#6336=ORIENTED_EDGE('',*,*,#10248,.T.);
#6337=ORIENTED_EDGE('',*,*,#10249,.F.);
#6338=ORIENTED_EDGE('',*,*,#10239,.F.);
#6339=ORIENTED_EDGE('',*,*,#10247,.T.);
#6340=ORIENTED_EDGE('',*,*,#10250,.F.);
#6341=ORIENTED_EDGE('',*,*,#10240,.F.);
#6342=ORIENTED_EDGE('',*,*,#10249,.T.);
#6343=ORIENTED_EDGE('',*,*,#10246,.T.);
#6344=ORIENTED_EDGE('',*,*,#10251,.F.);
#6345=ORIENTED_EDGE('',*,*,#10241,.F.);
#6346=ORIENTED_EDGE('',*,*,#10250,.T.);
#6347=ORIENTED_EDGE('',*,*,#10245,.T.);
#6348=ORIENTED_EDGE('',*,*,#10252,.F.);
#6349=ORIENTED_EDGE('',*,*,#10242,.F.);
#6350=ORIENTED_EDGE('',*,*,#10251,.T.);
#6351=ORIENTED_EDGE('',*,*,#10244,.T.);
#6352=ORIENTED_EDGE('',*,*,#10238,.F.);
#6353=ORIENTED_EDGE('',*,*,#10243,.F.);
#6354=ORIENTED_EDGE('',*,*,#10252,.T.);
#6355=ORIENTED_EDGE('',*,*,#10253,.F.);
#6356=ORIENTED_EDGE('',*,*,#9013,.T.);
#6357=ORIENTED_EDGE('',*,*,#9265,.F.);
#6358=ORIENTED_EDGE('',*,*,#9019,.F.);
#6359=ORIENTED_EDGE('',*,*,#9001,.F.);
#6360=ORIENTED_EDGE('',*,*,#8597,.T.);
#6361=ORIENTED_EDGE('',*,*,#10254,.T.);
#6362=ORIENTED_EDGE('',*,*,#8591,.F.);
#6363=ORIENTED_EDGE('',*,*,#10255,.T.);
#6364=ORIENTED_EDGE('',*,*,#10256,.T.);
#6365=ORIENTED_EDGE('',*,*,#10257,.F.);
#6366=ORIENTED_EDGE('',*,*,#10258,.F.);
#6367=ORIENTED_EDGE('',*,*,#10259,.F.);
#6368=ORIENTED_EDGE('',*,*,#10260,.T.);
#6369=ORIENTED_EDGE('',*,*,#10261,.T.);
#6370=ORIENTED_EDGE('',*,*,#8535,.T.);
#6371=ORIENTED_EDGE('',*,*,#9030,.F.);
#6372=ORIENTED_EDGE('',*,*,#10262,.F.);
#6373=ORIENTED_EDGE('',*,*,#9023,.F.);
#6374=ORIENTED_EDGE('',*,*,#9256,.T.);
#6375=ORIENTED_EDGE('',*,*,#9162,.T.);
#6376=ORIENTED_EDGE('',*,*,#9264,.F.);
#6377=ORIENTED_EDGE('',*,*,#9262,.F.);
#6378=ORIENTED_EDGE('',*,*,#10263,.F.);
#6379=ORIENTED_EDGE('',*,*,#10264,.T.);
#6380=ORIENTED_EDGE('',*,*,#10265,.T.);
#6381=ORIENTED_EDGE('',*,*,#8637,.F.);
#6382=ORIENTED_EDGE('',*,*,#9000,.F.);
#6383=ORIENTED_EDGE('',*,*,#9170,.T.);
#6384=ORIENTED_EDGE('',*,*,#9251,.F.);
#6385=ORIENTED_EDGE('',*,*,#9027,.F.);
#6386=ORIENTED_EDGE('',*,*,#9252,.T.);
#6387=ORIENTED_EDGE('',*,*,#9166,.T.);
#6388=ORIENTED_EDGE('',*,*,#9255,.F.);
#6389=ORIENTED_EDGE('',*,*,#8511,.F.);
#6390=ORIENTED_EDGE('',*,*,#9004,.F.);
#6391=ORIENTED_EDGE('',*,*,#9260,.F.);
#6392=ORIENTED_EDGE('',*,*,#9267,.F.);
#6393=ORIENTED_EDGE('',*,*,#9009,.F.);
#6394=ORIENTED_EDGE('',*,*,#10266,.F.);
#6395=ORIENTED_EDGE('',*,*,#10267,.F.);
#6396=ORIENTED_EDGE('',*,*,#10268,.F.);
#6397=ORIENTED_EDGE('',*,*,#10269,.T.);
#6398=ORIENTED_EDGE('',*,*,#10270,.F.);
#6399=ORIENTED_EDGE('',*,*,#10271,.T.);
#6400=ORIENTED_EDGE('',*,*,#10272,.F.);
#6401=ORIENTED_EDGE('',*,*,#8517,.T.);
#6402=ORIENTED_EDGE('',*,*,#10273,.T.);
#6403=ORIENTED_EDGE('',*,*,#9031,.F.);
#6404=ORIENTED_EDGE('',*,*,#8573,.T.);
#6405=ORIENTED_EDGE('',*,*,#10274,.T.);
#6406=ORIENTED_EDGE('',*,*,#10275,.T.);
#6407=ORIENTED_EDGE('',*,*,#10276,.F.);
#6408=ORIENTED_EDGE('',*,*,#10277,.T.);
#6409=ORIENTED_EDGE('',*,*,#10278,.T.);
#6410=ORIENTED_EDGE('',*,*,#10279,.F.);
#6411=ORIENTED_EDGE('',*,*,#9261,.F.);
#6412=ORIENTED_EDGE('',*,*,#8773,.F.);
#6413=ORIENTED_EDGE('',*,*,#10280,.T.);
#6414=ORIENTED_EDGE('',*,*,#10281,.F.);
#6415=ORIENTED_EDGE('',*,*,#10282,.F.);
#6416=ORIENTED_EDGE('',*,*,#10283,.T.);
#6417=ORIENTED_EDGE('',*,*,#10284,.T.);
#6418=ORIENTED_EDGE('',*,*,#10285,.T.);
#6419=ORIENTED_EDGE('',*,*,#10286,.T.);
#6420=ORIENTED_EDGE('',*,*,#10263,.T.);
#6421=ORIENTED_EDGE('',*,*,#8521,.F.);
#6422=ORIENTED_EDGE('',*,*,#8778,.T.);
#6423=ORIENTED_EDGE('',*,*,#10287,.T.);
#6424=ORIENTED_EDGE('',*,*,#10288,.F.);
#6425=ORIENTED_EDGE('',*,*,#10289,.T.);
#6426=ORIENTED_EDGE('',*,*,#10290,.F.);
#6427=ORIENTED_EDGE('',*,*,#10291,.T.);
#6428=ORIENTED_EDGE('',*,*,#10292,.T.);
#6429=ORIENTED_EDGE('',*,*,#10293,.T.);
#6430=ORIENTED_EDGE('',*,*,#8781,.T.);
#6431=ORIENTED_EDGE('',*,*,#8782,.F.);
#6432=ORIENTED_EDGE('',*,*,#10293,.F.);
#6433=ORIENTED_EDGE('',*,*,#10294,.F.);
#6434=ORIENTED_EDGE('',*,*,#10295,.F.);
#6435=ORIENTED_EDGE('',*,*,#10296,.F.);
#6436=ORIENTED_EDGE('',*,*,#10297,.F.);
#6437=ORIENTED_EDGE('',*,*,#10298,.F.);
#6438=ORIENTED_EDGE('',*,*,#10299,.F.);
#6439=ORIENTED_EDGE('',*,*,#10287,.F.);
#6440=ORIENTED_EDGE('',*,*,#10300,.F.);
#6441=ORIENTED_EDGE('',*,*,#10301,.F.);
#6442=ORIENTED_EDGE('',*,*,#10302,.T.);
#6443=ORIENTED_EDGE('',*,*,#10303,.T.);
#6444=ORIENTED_EDGE('',*,*,#9274,.F.);
#6445=ORIENTED_EDGE('',*,*,#8634,.T.);
#6446=ORIENTED_EDGE('',*,*,#10265,.F.);
#6447=ORIENTED_EDGE('',*,*,#10304,.F.);
#6448=ORIENTED_EDGE('',*,*,#10305,.F.);
#6449=ORIENTED_EDGE('',*,*,#10306,.F.);
#6450=ORIENTED_EDGE('',*,*,#10307,.F.);
#6451=ORIENTED_EDGE('',*,*,#10308,.T.);
#6452=ORIENTED_EDGE('',*,*,#10309,.T.);
#6453=ORIENTED_EDGE('',*,*,#10310,.F.);
#6454=ORIENTED_EDGE('',*,*,#9317,.F.);
#6455=ORIENTED_EDGE('',*,*,#9321,.T.);
#6456=ORIENTED_EDGE('',*,*,#9319,.T.);
#6457=ORIENTED_EDGE('',*,*,#8761,.F.);
#6458=ORIENTED_EDGE('',*,*,#10311,.T.);
#6459=ORIENTED_EDGE('',*,*,#10312,.T.);
#6460=ORIENTED_EDGE('',*,*,#10313,.F.);
#6461=ORIENTED_EDGE('',*,*,#10314,.F.);
#6462=ORIENTED_EDGE('',*,*,#10315,.F.);
#6463=ORIENTED_EDGE('',*,*,#10316,.T.);
#6464=ORIENTED_EDGE('',*,*,#10304,.T.);
#6465=ORIENTED_EDGE('',*,*,#10264,.F.);
#6466=ORIENTED_EDGE('',*,*,#10286,.F.);
#6467=ORIENTED_EDGE('',*,*,#10317,.F.);
#6468=ORIENTED_EDGE('',*,*,#10318,.T.);
#6469=ORIENTED_EDGE('',*,*,#10319,.T.);
#6470=ORIENTED_EDGE('',*,*,#10320,.T.);
#6471=ORIENTED_EDGE('',*,*,#10321,.T.);
#6472=ORIENTED_EDGE('',*,*,#10322,.F.);
#6473=ORIENTED_EDGE('',*,*,#8769,.F.);
#6474=ORIENTED_EDGE('',*,*,#9281,.F.);
#6475=ORIENTED_EDGE('',*,*,#9285,.T.);
#6476=ORIENTED_EDGE('',*,*,#9283,.T.);
#6477=ORIENTED_EDGE('',*,*,#8757,.F.);
#6478=ORIENTED_EDGE('',*,*,#9442,.F.);
#6479=ORIENTED_EDGE('',*,*,#9446,.T.);
#6480=ORIENTED_EDGE('',*,*,#9444,.T.);
#6481=ORIENTED_EDGE('',*,*,#8753,.F.);
#6482=ORIENTED_EDGE('',*,*,#9437,.F.);
#6483=ORIENTED_EDGE('',*,*,#9441,.T.);
#6484=ORIENTED_EDGE('',*,*,#9439,.T.);
#6485=ORIENTED_EDGE('',*,*,#8749,.F.);
#6486=ORIENTED_EDGE('',*,*,#9432,.F.);
#6487=ORIENTED_EDGE('',*,*,#9436,.T.);
#6488=ORIENTED_EDGE('',*,*,#9434,.T.);
#6489=ORIENTED_EDGE('',*,*,#8745,.F.);
#6490=ORIENTED_EDGE('',*,*,#9427,.F.);
#6491=ORIENTED_EDGE('',*,*,#9431,.T.);
#6492=ORIENTED_EDGE('',*,*,#9429,.T.);
#6493=ORIENTED_EDGE('',*,*,#8741,.F.);
#6494=ORIENTED_EDGE('',*,*,#9422,.F.);
#6495=ORIENTED_EDGE('',*,*,#9426,.T.);
#6496=ORIENTED_EDGE('',*,*,#9424,.T.);
#6497=ORIENTED_EDGE('',*,*,#8737,.F.);
#6498=ORIENTED_EDGE('',*,*,#9417,.F.);
#6499=ORIENTED_EDGE('',*,*,#9421,.T.);
#6500=ORIENTED_EDGE('',*,*,#9419,.T.);
#6501=ORIENTED_EDGE('',*,*,#8733,.F.);
#6502=ORIENTED_EDGE('',*,*,#9412,.F.);
#6503=ORIENTED_EDGE('',*,*,#9416,.T.);
#6504=ORIENTED_EDGE('',*,*,#9414,.T.);
#6505=ORIENTED_EDGE('',*,*,#8729,.F.);
#6506=ORIENTED_EDGE('',*,*,#9407,.F.);
#6507=ORIENTED_EDGE('',*,*,#9411,.T.);
#6508=ORIENTED_EDGE('',*,*,#9409,.T.);
#6509=ORIENTED_EDGE('',*,*,#8725,.F.);
#6510=ORIENTED_EDGE('',*,*,#9402,.F.);
#6511=ORIENTED_EDGE('',*,*,#9406,.T.);
#6512=ORIENTED_EDGE('',*,*,#9404,.T.);
#6513=ORIENTED_EDGE('',*,*,#8721,.F.);
#6514=ORIENTED_EDGE('',*,*,#9397,.F.);
#6515=ORIENTED_EDGE('',*,*,#9401,.T.);
#6516=ORIENTED_EDGE('',*,*,#9399,.T.);
#6517=ORIENTED_EDGE('',*,*,#8717,.F.);
#6518=ORIENTED_EDGE('',*,*,#9392,.F.);
#6519=ORIENTED_EDGE('',*,*,#9396,.T.);
#6520=ORIENTED_EDGE('',*,*,#9394,.T.);
#6521=ORIENTED_EDGE('',*,*,#8713,.F.);
#6522=ORIENTED_EDGE('',*,*,#9387,.F.);
#6523=ORIENTED_EDGE('',*,*,#9391,.T.);
#6524=ORIENTED_EDGE('',*,*,#9389,.T.);
#6525=ORIENTED_EDGE('',*,*,#8709,.F.);
#6526=ORIENTED_EDGE('',*,*,#9382,.F.);
#6527=ORIENTED_EDGE('',*,*,#9386,.T.);
#6528=ORIENTED_EDGE('',*,*,#9384,.T.);
#6529=ORIENTED_EDGE('',*,*,#8705,.F.);
#6530=ORIENTED_EDGE('',*,*,#9377,.F.);
#6531=ORIENTED_EDGE('',*,*,#9381,.T.);
#6532=ORIENTED_EDGE('',*,*,#9379,.T.);
#6533=ORIENTED_EDGE('',*,*,#8701,.F.);
#6534=ORIENTED_EDGE('',*,*,#9372,.F.);
#6535=ORIENTED_EDGE('',*,*,#9376,.T.);
#6536=ORIENTED_EDGE('',*,*,#9374,.T.);
#6537=ORIENTED_EDGE('',*,*,#8697,.F.);
#6538=ORIENTED_EDGE('',*,*,#9367,.F.);
#6539=ORIENTED_EDGE('',*,*,#9371,.T.);
#6540=ORIENTED_EDGE('',*,*,#9369,.T.);
#6541=ORIENTED_EDGE('',*,*,#8693,.F.);
#6542=ORIENTED_EDGE('',*,*,#9362,.F.);
#6543=ORIENTED_EDGE('',*,*,#9366,.T.);
#6544=ORIENTED_EDGE('',*,*,#9364,.T.);
#6545=ORIENTED_EDGE('',*,*,#8689,.F.);
#6546=ORIENTED_EDGE('',*,*,#9357,.F.);
#6547=ORIENTED_EDGE('',*,*,#9361,.T.);
#6548=ORIENTED_EDGE('',*,*,#9359,.T.);
#6549=ORIENTED_EDGE('',*,*,#8685,.F.);
#6550=ORIENTED_EDGE('',*,*,#9352,.F.);
#6551=ORIENTED_EDGE('',*,*,#9356,.T.);
#6552=ORIENTED_EDGE('',*,*,#9354,.T.);
#6553=ORIENTED_EDGE('',*,*,#8681,.F.);
#6554=ORIENTED_EDGE('',*,*,#9347,.F.);
#6555=ORIENTED_EDGE('',*,*,#9351,.T.);
#6556=ORIENTED_EDGE('',*,*,#9349,.T.);
#6557=ORIENTED_EDGE('',*,*,#8677,.F.);
#6558=ORIENTED_EDGE('',*,*,#9342,.F.);
#6559=ORIENTED_EDGE('',*,*,#9346,.T.);
#6560=ORIENTED_EDGE('',*,*,#9344,.T.);
#6561=ORIENTED_EDGE('',*,*,#8673,.F.);
#6562=ORIENTED_EDGE('',*,*,#9337,.F.);
#6563=ORIENTED_EDGE('',*,*,#9341,.T.);
#6564=ORIENTED_EDGE('',*,*,#9339,.T.);
#6565=ORIENTED_EDGE('',*,*,#8669,.F.);
#6566=ORIENTED_EDGE('',*,*,#9332,.F.);
#6567=ORIENTED_EDGE('',*,*,#9336,.T.);
#6568=ORIENTED_EDGE('',*,*,#9334,.T.);
#6569=ORIENTED_EDGE('',*,*,#8665,.F.);
#6570=ORIENTED_EDGE('',*,*,#9327,.F.);
#6571=ORIENTED_EDGE('',*,*,#9331,.T.);
#6572=ORIENTED_EDGE('',*,*,#9329,.T.);
#6573=ORIENTED_EDGE('',*,*,#8661,.F.);
#6574=ORIENTED_EDGE('',*,*,#9322,.F.);
#6575=ORIENTED_EDGE('',*,*,#9326,.T.);
#6576=ORIENTED_EDGE('',*,*,#9324,.T.);
#6577=ORIENTED_EDGE('',*,*,#8657,.F.);
#6578=ORIENTED_EDGE('',*,*,#8518,.F.);
#6579=ORIENTED_EDGE('',*,*,#10272,.T.);
#6580=ORIENTED_EDGE('',*,*,#10323,.F.);
#6581=ORIENTED_EDGE('',*,*,#10289,.F.);
#6582=ORIENTED_EDGE('',*,*,#10280,.F.);
#6583=ORIENTED_EDGE('',*,*,#8772,.T.);
#6584=ORIENTED_EDGE('',*,*,#10291,.F.);
#6585=ORIENTED_EDGE('',*,*,#10324,.T.);
#6586=ORIENTED_EDGE('',*,*,#10325,.F.);
#6587=ORIENTED_EDGE('',*,*,#10326,.F.);
#6588=ORIENTED_EDGE('',*,*,#10327,.T.);
#6589=ORIENTED_EDGE('',*,*,#10328,.F.);
#6590=ORIENTED_EDGE('',*,*,#10326,.T.);
#6591=ORIENTED_EDGE('',*,*,#10329,.T.);
#6592=ORIENTED_EDGE('',*,*,#10295,.T.);
#6593=ORIENTED_EDGE('',*,*,#10330,.F.);
#6594=ORIENTED_EDGE('',*,*,#10327,.F.);
#6595=ORIENTED_EDGE('',*,*,#10331,.F.);
#6596=ORIENTED_EDGE('',*,*,#10332,.T.);
#6597=ORIENTED_EDGE('',*,*,#10333,.T.);
#6598=ORIENTED_EDGE('',*,*,#10283,.F.);
#6599=ORIENTED_EDGE('',*,*,#10334,.F.);
#6600=ORIENTED_EDGE('',*,*,#10297,.T.);
#6601=ORIENTED_EDGE('',*,*,#10335,.F.);
#6602=ORIENTED_EDGE('',*,*,#10336,.T.);
#6603=ORIENTED_EDGE('',*,*,#10337,.T.);
#6604=ORIENTED_EDGE('',*,*,#10338,.F.);
#6605=ORIENTED_EDGE('',*,*,#10339,.T.);
#6606=ORIENTED_EDGE('',*,*,#10319,.F.);
#6607=ORIENTED_EDGE('',*,*,#10340,.T.);
#6608=ORIENTED_EDGE('',*,*,#10331,.T.);
#6609=ORIENTED_EDGE('',*,*,#10329,.F.);
#6610=ORIENTED_EDGE('',*,*,#10325,.T.);
#6611=ORIENTED_EDGE('',*,*,#10341,.F.);
#6612=ORIENTED_EDGE('',*,*,#10255,.F.);
#6613=ORIENTED_EDGE('',*,*,#8590,.T.);
#6614=ORIENTED_EDGE('',*,*,#9273,.T.);
#6615=ORIENTED_EDGE('',*,*,#10310,.T.);
#6616=ORIENTED_EDGE('',*,*,#10342,.T.);
#6617=ORIENTED_EDGE('',*,*,#10343,.T.);
#6618=ORIENTED_EDGE('',*,*,#10344,.F.);
#6619=ORIENTED_EDGE('',*,*,#10345,.T.);
#6620=ORIENTED_EDGE('',*,*,#10346,.F.);
#6621=ORIENTED_EDGE('',*,*,#10347,.F.);
#6622=ORIENTED_EDGE('',*,*,#10348,.F.);
#6623=ORIENTED_EDGE('',*,*,#10349,.F.);
#6624=ORIENTED_EDGE('',*,*,#10350,.F.);
#6625=ORIENTED_EDGE('',*,*,#10351,.T.);
#6626=ORIENTED_EDGE('',*,*,#10258,.T.);
#6627=ORIENTED_EDGE('',*,*,#10352,.T.);
#6628=ORIENTED_EDGE('',*,*,#10353,.T.);
#6629=ORIENTED_EDGE('',*,*,#10313,.T.);
#6630=ORIENTED_EDGE('',*,*,#10354,.F.);
#6631=ORIENTED_EDGE('',*,*,#10355,.F.);
#6632=ORIENTED_EDGE('',*,*,#10356,.T.);
#6633=ORIENTED_EDGE('',*,*,#10344,.T.);
#6634=ORIENTED_EDGE('',*,*,#10357,.T.);
#6635=ORIENTED_EDGE('',*,*,#10358,.T.);
#6636=ORIENTED_EDGE('',*,*,#10359,.T.);
#6637=ORIENTED_EDGE('',*,*,#10360,.T.);
#6638=ORIENTED_EDGE('',*,*,#10357,.F.);
#6639=ORIENTED_EDGE('',*,*,#10347,.T.);
#6640=ORIENTED_EDGE('',*,*,#10361,.F.);
#6641=ORIENTED_EDGE('',*,*,#10362,.F.);
#6642=ORIENTED_EDGE('',*,*,#10314,.T.);
#6643=ORIENTED_EDGE('',*,*,#10353,.F.);
#6644=ORIENTED_EDGE('',*,*,#10363,.T.);
#6645=ORIENTED_EDGE('',*,*,#8770,.T.);
#6646=ORIENTED_EDGE('',*,*,#10322,.T.);
#6647=ORIENTED_EDGE('',*,*,#10364,.T.);
#6648=ORIENTED_EDGE('',*,*,#10365,.T.);
#6649=ORIENTED_EDGE('',*,*,#10267,.T.);
#6650=ORIENTED_EDGE('',*,*,#10366,.T.);
#6651=ORIENTED_EDGE('',*,*,#8760,.F.);
#6652=ORIENTED_EDGE('',*,*,#10367,.F.);
#6653=ORIENTED_EDGE('',*,*,#10368,.F.);
#6654=ORIENTED_EDGE('',*,*,#10260,.F.);
#6655=ORIENTED_EDGE('',*,*,#10369,.F.);
#6656=ORIENTED_EDGE('',*,*,#10370,.F.);
#6657=ORIENTED_EDGE('',*,*,#10311,.F.);
#6658=ORIENTED_EDGE('',*,*,#10371,.F.);
#6659=ORIENTED_EDGE('',*,*,#8646,.F.);
#6660=ORIENTED_EDGE('',*,*,#10273,.F.);
#6661=ORIENTED_EDGE('',*,*,#8654,.F.);
#6662=ORIENTED_EDGE('',*,*,#10261,.F.);
#6663=ORIENTED_EDGE('',*,*,#10372,.F.);
#6664=ORIENTED_EDGE('',*,*,#10373,.T.);
#6665=ORIENTED_EDGE('',*,*,#10374,.F.);
#6666=ORIENTED_EDGE('',*,*,#10375,.F.);
#6667=ORIENTED_EDGE('',*,*,#10376,.F.);
#6668=ORIENTED_EDGE('',*,*,#10373,.F.);
#6669=ORIENTED_EDGE('',*,*,#10377,.F.);
#6670=ORIENTED_EDGE('',*,*,#9033,.T.);
#6671=ORIENTED_EDGE('',*,*,#10378,.T.);
#6672=ORIENTED_EDGE('',*,*,#10379,.F.);
#6673=ORIENTED_EDGE('',*,*,#8639,.F.);
#6674=ORIENTED_EDGE('',*,*,#10380,.T.);
#6675=ORIENTED_EDGE('',*,*,#10379,.T.);
#6676=ORIENTED_EDGE('',*,*,#10381,.T.);
#6677=ORIENTED_EDGE('',*,*,#10274,.F.);
#6678=ORIENTED_EDGE('',*,*,#8655,.F.);
#6679=ORIENTED_EDGE('',*,*,#10254,.F.);
#6680=ORIENTED_EDGE('',*,*,#10377,.T.);
#6681=ORIENTED_EDGE('',*,*,#10372,.T.);
#6682=ORIENTED_EDGE('',*,*,#10262,.T.);
#6683=ORIENTED_EDGE('',*,*,#9034,.T.);
#6684=ORIENTED_EDGE('',*,*,#10378,.F.);
#6685=ORIENTED_EDGE('',*,*,#9032,.F.);
#6686=ORIENTED_EDGE('',*,*,#10275,.F.);
#6687=ORIENTED_EDGE('',*,*,#10381,.F.);
#6688=ORIENTED_EDGE('',*,*,#8638,.T.);
#6689=ORIENTED_EDGE('',*,*,#10382,.F.);
#6690=ORIENTED_EDGE('',*,*,#10374,.T.);
#6691=ORIENTED_EDGE('',*,*,#10380,.F.);
#6692=ORIENTED_EDGE('',*,*,#8647,.T.);
#6693=ORIENTED_EDGE('',*,*,#10371,.T.);
#6694=ORIENTED_EDGE('',*,*,#10376,.T.);
#6695=ORIENTED_EDGE('',*,*,#10383,.T.);
#6696=ORIENTED_EDGE('',*,*,#8645,.T.);
#6697=ORIENTED_EDGE('',*,*,#10253,.T.);
#6698=ORIENTED_EDGE('',*,*,#10368,.T.);
#6699=ORIENTED_EDGE('',*,*,#10384,.F.);
#6700=ORIENTED_EDGE('',*,*,#10366,.F.);
#6701=ORIENTED_EDGE('',*,*,#10266,.T.);
#6702=ORIENTED_EDGE('',*,*,#8648,.T.);
#6703=ORIENTED_EDGE('',*,*,#10383,.F.);
#6704=ORIENTED_EDGE('',*,*,#10375,.T.);
#6705=ORIENTED_EDGE('',*,*,#10382,.T.);
#6706=ORIENTED_EDGE('',*,*,#8771,.F.);
#6707=ORIENTED_EDGE('',*,*,#10363,.F.);
#6708=ORIENTED_EDGE('',*,*,#10384,.T.);
#6709=ORIENTED_EDGE('',*,*,#10367,.T.);
#6710=ORIENTED_EDGE('',*,*,#10312,.F.);
#6711=ORIENTED_EDGE('',*,*,#10370,.T.);
#6712=ORIENTED_EDGE('',*,*,#10385,.T.);
#6713=ORIENTED_EDGE('',*,*,#10354,.T.);
#6714=ORIENTED_EDGE('',*,*,#10385,.F.);
#6715=ORIENTED_EDGE('',*,*,#10369,.T.);
#6716=ORIENTED_EDGE('',*,*,#10259,.T.);
#6717=ORIENTED_EDGE('',*,*,#10355,.T.);
#6718=ORIENTED_EDGE('',*,*,#10365,.F.);
#6719=ORIENTED_EDGE('',*,*,#10386,.F.);
#6720=ORIENTED_EDGE('',*,*,#10387,.F.);
#6721=ORIENTED_EDGE('',*,*,#10268,.T.);
#6722=ORIENTED_EDGE('',*,*,#10364,.F.);
#6723=ORIENTED_EDGE('',*,*,#10321,.F.);
#6724=ORIENTED_EDGE('',*,*,#10388,.F.);
#6725=ORIENTED_EDGE('',*,*,#10386,.T.);
#6726=ORIENTED_EDGE('',*,*,#10306,.T.);
#6727=ORIENTED_EDGE('',*,*,#10389,.F.);
#6728=ORIENTED_EDGE('',*,*,#10390,.F.);
#6729=ORIENTED_EDGE('',*,*,#10391,.T.);
#6730=ORIENTED_EDGE('',*,*,#10305,.T.);
#6731=ORIENTED_EDGE('',*,*,#10316,.F.);
#6732=ORIENTED_EDGE('',*,*,#10392,.F.);
#6733=ORIENTED_EDGE('',*,*,#10389,.T.);
#6734=ORIENTED_EDGE('',*,*,#10346,.T.);
#6735=ORIENTED_EDGE('',*,*,#10393,.T.);
#6736=ORIENTED_EDGE('',*,*,#10394,.F.);
#6737=ORIENTED_EDGE('',*,*,#10351,.F.);
#6738=ORIENTED_EDGE('',*,*,#10395,.F.);
#6739=ORIENTED_EDGE('',*,*,#10361,.T.);
#6740=ORIENTED_EDGE('',*,*,#10396,.F.);
#6741=ORIENTED_EDGE('',*,*,#10397,.T.);
#6742=ORIENTED_EDGE('',*,*,#10307,.T.);
#6743=ORIENTED_EDGE('',*,*,#10391,.F.);
#6744=ORIENTED_EDGE('',*,*,#10398,.F.);
#6745=ORIENTED_EDGE('',*,*,#10349,.T.);
#6746=ORIENTED_EDGE('',*,*,#10390,.T.);
#6747=ORIENTED_EDGE('',*,*,#10392,.T.);
#6748=ORIENTED_EDGE('',*,*,#10315,.T.);
#6749=ORIENTED_EDGE('',*,*,#10362,.T.);
#6750=ORIENTED_EDGE('',*,*,#10395,.T.);
#6751=ORIENTED_EDGE('',*,*,#10350,.T.);
#6752=ORIENTED_EDGE('',*,*,#10398,.T.);
#6753=ORIENTED_EDGE('',*,*,#10399,.T.);
#6754=ORIENTED_EDGE('',*,*,#10400,.F.);
#6755=ORIENTED_EDGE('',*,*,#10401,.F.);
#6756=ORIENTED_EDGE('',*,*,#10402,.T.);
#6757=ORIENTED_EDGE('',*,*,#10403,.T.);
#6758=ORIENTED_EDGE('',*,*,#10402,.F.);
#6759=ORIENTED_EDGE('',*,*,#10404,.F.);
#6760=ORIENTED_EDGE('',*,*,#10300,.T.);
#6761=ORIENTED_EDGE('',*,*,#10405,.T.);
#6762=ORIENTED_EDGE('',*,*,#10302,.F.);
#6763=ORIENTED_EDGE('',*,*,#10406,.F.);
#6764=ORIENTED_EDGE('',*,*,#10400,.T.);
#6765=ORIENTED_EDGE('',*,*,#10401,.T.);
#6766=ORIENTED_EDGE('',*,*,#10406,.T.);
#6767=ORIENTED_EDGE('',*,*,#10301,.T.);
#6768=ORIENTED_EDGE('',*,*,#10404,.T.);
#6769=ORIENTED_EDGE('',*,*,#10399,.F.);
#6770=ORIENTED_EDGE('',*,*,#10403,.F.);
#6771=ORIENTED_EDGE('',*,*,#10303,.F.);
#6772=ORIENTED_EDGE('',*,*,#10405,.F.);
#6773=ORIENTED_EDGE('',*,*,#10352,.F.);
#6774=ORIENTED_EDGE('',*,*,#10257,.T.);
#6775=ORIENTED_EDGE('',*,*,#10407,.F.);
#6776=ORIENTED_EDGE('',*,*,#10359,.F.);
#6777=ORIENTED_EDGE('',*,*,#10407,.T.);
#6778=ORIENTED_EDGE('',*,*,#10256,.F.);
#6779=ORIENTED_EDGE('',*,*,#10343,.F.);
#6780=ORIENTED_EDGE('',*,*,#10408,.F.);
#6781=ORIENTED_EDGE('',*,*,#10358,.F.);
#6782=ORIENTED_EDGE('',*,*,#10360,.F.);
#6783=ORIENTED_EDGE('',*,*,#10309,.F.);
#6784=ORIENTED_EDGE('',*,*,#10409,.T.);
#6785=ORIENTED_EDGE('',*,*,#10410,.F.);
#6786=ORIENTED_EDGE('',*,*,#10411,.F.);
#6787=ORIENTED_EDGE('',*,*,#10345,.F.);
#6788=ORIENTED_EDGE('',*,*,#10412,.T.);
#6789=ORIENTED_EDGE('',*,*,#10413,.F.);
#6790=ORIENTED_EDGE('',*,*,#10393,.F.);
#6791=ORIENTED_EDGE('',*,*,#10308,.F.);
#6792=ORIENTED_EDGE('',*,*,#10397,.F.);
#6793=ORIENTED_EDGE('',*,*,#10414,.F.);
#6794=ORIENTED_EDGE('',*,*,#10409,.F.);
#6795=ORIENTED_EDGE('',*,*,#9270,.F.);
#6796=ORIENTED_EDGE('',*,*,#10415,.T.);
#6797=ORIENTED_EDGE('',*,*,#10410,.T.);
#6798=ORIENTED_EDGE('',*,*,#10414,.T.);
#6799=ORIENTED_EDGE('',*,*,#10396,.T.);
#6800=ORIENTED_EDGE('',*,*,#10348,.T.);
#6801=ORIENTED_EDGE('',*,*,#10394,.T.);
#6802=ORIENTED_EDGE('',*,*,#10413,.T.);
#6803=ORIENTED_EDGE('',*,*,#10416,.T.);
#6804=ORIENTED_EDGE('',*,*,#10415,.F.);
#6805=ORIENTED_EDGE('',*,*,#9269,.T.);
#6806=ORIENTED_EDGE('',*,*,#8587,.T.);
#6807=ORIENTED_EDGE('',*,*,#9271,.T.);
#6808=ORIENTED_EDGE('',*,*,#10416,.F.);
#6809=ORIENTED_EDGE('',*,*,#10412,.F.);
#6810=ORIENTED_EDGE('',*,*,#10356,.F.);
#6811=ORIENTED_EDGE('',*,*,#10408,.T.);
#6812=ORIENTED_EDGE('',*,*,#10342,.F.);
#6813=ORIENTED_EDGE('',*,*,#10411,.T.);
#6814=ORIENTED_EDGE('',*,*,#10417,.F.);
#6815=ORIENTED_EDGE('',*,*,#10269,.F.);
#6816=ORIENTED_EDGE('',*,*,#10387,.T.);
#6817=ORIENTED_EDGE('',*,*,#10388,.T.);
#6818=ORIENTED_EDGE('',*,*,#10320,.F.);
#6819=ORIENTED_EDGE('',*,*,#10339,.F.);
#6820=ORIENTED_EDGE('',*,*,#10284,.F.);
#6821=ORIENTED_EDGE('',*,*,#10337,.F.);
#6822=ORIENTED_EDGE('',*,*,#10418,.T.);
#6823=ORIENTED_EDGE('',*,*,#10419,.T.);
#6824=ORIENTED_EDGE('',*,*,#10285,.F.);
#6825=ORIENTED_EDGE('',*,*,#10419,.F.);
#6826=ORIENTED_EDGE('',*,*,#10420,.T.);
#6827=ORIENTED_EDGE('',*,*,#10317,.T.);
#6828=ORIENTED_EDGE('',*,*,#10296,.T.);
#6829=ORIENTED_EDGE('',*,*,#10333,.F.);
#6830=ORIENTED_EDGE('',*,*,#10421,.T.);
#6831=ORIENTED_EDGE('',*,*,#10335,.T.);
#6832=ORIENTED_EDGE('',*,*,#10418,.F.);
#6833=ORIENTED_EDGE('',*,*,#10336,.F.);
#6834=ORIENTED_EDGE('',*,*,#10421,.F.);
#6835=ORIENTED_EDGE('',*,*,#10332,.F.);
#6836=ORIENTED_EDGE('',*,*,#10340,.F.);
#6837=ORIENTED_EDGE('',*,*,#10318,.F.);
#6838=ORIENTED_EDGE('',*,*,#10420,.F.);
#6839=ORIENTED_EDGE('',*,*,#10422,.F.);
#6840=ORIENTED_EDGE('',*,*,#10423,.F.);
#6841=ORIENTED_EDGE('',*,*,#10424,.T.);
#6842=ORIENTED_EDGE('',*,*,#10425,.T.);
#6843=ORIENTED_EDGE('',*,*,#10426,.F.);
#6844=ORIENTED_EDGE('',*,*,#10278,.F.);
#6845=ORIENTED_EDGE('',*,*,#10427,.T.);
#6846=ORIENTED_EDGE('',*,*,#10423,.T.);
#6847=ORIENTED_EDGE('',*,*,#10428,.F.);
#6848=ORIENTED_EDGE('',*,*,#10425,.F.);
#6849=ORIENTED_EDGE('',*,*,#10429,.T.);
#6850=ORIENTED_EDGE('',*,*,#10276,.T.);
#6851=ORIENTED_EDGE('',*,*,#10424,.F.);
#6852=ORIENTED_EDGE('',*,*,#10427,.F.);
#6853=ORIENTED_EDGE('',*,*,#10277,.F.);
#6854=ORIENTED_EDGE('',*,*,#10429,.F.);
#6855=ORIENTED_EDGE('',*,*,#10422,.T.);
#6856=ORIENTED_EDGE('',*,*,#10428,.T.);
#6857=ORIENTED_EDGE('',*,*,#10279,.T.);
#6858=ORIENTED_EDGE('',*,*,#10426,.T.);
#6859=ORIENTED_EDGE('',*,*,#10417,.T.);
#6860=ORIENTED_EDGE('',*,*,#10338,.T.);
#6861=ORIENTED_EDGE('',*,*,#10430,.T.);
#6862=ORIENTED_EDGE('',*,*,#10270,.T.);
#6863=ORIENTED_EDGE('',*,*,#10324,.F.);
#6864=ORIENTED_EDGE('',*,*,#10290,.T.);
#6865=ORIENTED_EDGE('',*,*,#10323,.T.);
#6866=ORIENTED_EDGE('',*,*,#10271,.F.);
#6867=ORIENTED_EDGE('',*,*,#10430,.F.);
#6868=ORIENTED_EDGE('',*,*,#10341,.T.);
#6869=ORIENTED_EDGE('',*,*,#10281,.T.);
#6870=ORIENTED_EDGE('',*,*,#10288,.T.);
#6871=ORIENTED_EDGE('',*,*,#10299,.T.);
#6872=ORIENTED_EDGE('',*,*,#10431,.F.);
#6873=ORIENTED_EDGE('',*,*,#10328,.T.);
#6874=ORIENTED_EDGE('',*,*,#10330,.T.);
#6875=ORIENTED_EDGE('',*,*,#10294,.T.);
#6876=ORIENTED_EDGE('',*,*,#10292,.F.);
#6877=ORIENTED_EDGE('',*,*,#10282,.T.);
#6878=ORIENTED_EDGE('',*,*,#10431,.T.);
#6879=ORIENTED_EDGE('',*,*,#10298,.T.);
#6880=ORIENTED_EDGE('',*,*,#10334,.T.);
#6881=ORIENTED_EDGE('',*,*,#9036,.T.);
#6882=ORIENTED_EDGE('',*,*,#10432,.T.);
#6883=ORIENTED_EDGE('',*,*,#10433,.T.);
#6884=ORIENTED_EDGE('',*,*,#10434,.F.);
#6885=ORIENTED_EDGE('',*,*,#9035,.T.);
#6886=ORIENTED_EDGE('',*,*,#10435,.T.);
#6887=ORIENTED_EDGE('',*,*,#10436,.T.);
#6888=ORIENTED_EDGE('',*,*,#10432,.F.);
#6889=ORIENTED_EDGE('',*,*,#9037,.T.);
#6890=ORIENTED_EDGE('',*,*,#10434,.T.);
#6891=ORIENTED_EDGE('',*,*,#10437,.T.);
#6892=ORIENTED_EDGE('',*,*,#10435,.F.);
#6893=ORIENTED_EDGE('',*,*,#10433,.F.);
#6894=ORIENTED_EDGE('',*,*,#10436,.F.);
#6895=ORIENTED_EDGE('',*,*,#10437,.F.);
#6896=ORIENTED_EDGE('',*,*,#10438,.F.);
#6897=ORIENTED_EDGE('',*,*,#8611,.T.);
#6898=ORIENTED_EDGE('',*,*,#10439,.F.);
#6899=ORIENTED_EDGE('',*,*,#10440,.T.);
#6900=ORIENTED_EDGE('',*,*,#10441,.F.);
#6901=ORIENTED_EDGE('',*,*,#8603,.T.);
#6902=ORIENTED_EDGE('',*,*,#10442,.T.);
#6903=ORIENTED_EDGE('',*,*,#10443,.T.);
#6904=ORIENTED_EDGE('',*,*,#10444,.T.);
#6905=ORIENTED_EDGE('',*,*,#8615,.T.);
#6906=ORIENTED_EDGE('',*,*,#10445,.T.);
#6907=ORIENTED_EDGE('',*,*,#10446,.T.);
#6908=ORIENTED_EDGE('',*,*,#10447,.F.);
#6909=ORIENTED_EDGE('',*,*,#8612,.T.);
#6910=ORIENTED_EDGE('',*,*,#10438,.T.);
#6911=ORIENTED_EDGE('',*,*,#10448,.T.);
#6912=ORIENTED_EDGE('',*,*,#10449,.F.);
#6913=ORIENTED_EDGE('',*,*,#8613,.T.);
#6914=ORIENTED_EDGE('',*,*,#10447,.T.);
#6915=ORIENTED_EDGE('',*,*,#10450,.T.);
#6916=ORIENTED_EDGE('',*,*,#10451,.T.);
#6917=ORIENTED_EDGE('',*,*,#8569,.T.);
#6918=ORIENTED_EDGE('',*,*,#10452,.T.);
#6919=ORIENTED_EDGE('',*,*,#10453,.T.);
#6920=ORIENTED_EDGE('',*,*,#10454,.T.);
#6921=ORIENTED_EDGE('',*,*,#10455,.T.);
#6922=ORIENTED_EDGE('',*,*,#10456,.T.);
#6923=ORIENTED_EDGE('',*,*,#10457,.T.);
#6924=ORIENTED_EDGE('',*,*,#8625,.F.);
#6925=ORIENTED_EDGE('',*,*,#10458,.T.);
#6926=ORIENTED_EDGE('',*,*,#10459,.T.);
#6927=ORIENTED_EDGE('',*,*,#10460,.F.);
#6928=ORIENTED_EDGE('',*,*,#10439,.T.);
#6929=ORIENTED_EDGE('',*,*,#8610,.T.);
#6930=ORIENTED_EDGE('',*,*,#8620,.T.);
#6931=ORIENTED_EDGE('',*,*,#10460,.T.);
#6932=ORIENTED_EDGE('',*,*,#10461,.T.);
#6933=ORIENTED_EDGE('',*,*,#10462,.T.);
#6934=ORIENTED_EDGE('',*,*,#10463,.T.);
#6935=ORIENTED_EDGE('',*,*,#8630,.T.);
#6936=ORIENTED_EDGE('',*,*,#10464,.T.);
#6937=ORIENTED_EDGE('',*,*,#10465,.T.);
#6938=ORIENTED_EDGE('',*,*,#8616,.F.);
#6939=ORIENTED_EDGE('',*,*,#10444,.F.);
#6940=ORIENTED_EDGE('',*,*,#10466,.F.);
#6941=ORIENTED_EDGE('',*,*,#10467,.F.);
#6942=ORIENTED_EDGE('',*,*,#8632,.F.);
#6943=ORIENTED_EDGE('',*,*,#10468,.F.);
#6944=ORIENTED_EDGE('',*,*,#10469,.F.);
#6945=ORIENTED_EDGE('',*,*,#10470,.F.);
#6946=ORIENTED_EDGE('',*,*,#10458,.F.);
#6947=ORIENTED_EDGE('',*,*,#8624,.F.);
#6948=ORIENTED_EDGE('',*,*,#10471,.T.);
#6949=ORIENTED_EDGE('',*,*,#10472,.F.);
#6950=ORIENTED_EDGE('',*,*,#10457,.F.);
#6951=ORIENTED_EDGE('',*,*,#10473,.T.);
#6952=ORIENTED_EDGE('',*,*,#8570,.F.);
#6953=ORIENTED_EDGE('',*,*,#10451,.F.);
#6954=ORIENTED_EDGE('',*,*,#10472,.T.);
#6955=ORIENTED_EDGE('',*,*,#10474,.T.);
#6956=ORIENTED_EDGE('',*,*,#10442,.F.);
#6957=ORIENTED_EDGE('',*,*,#8602,.T.);
#6958=ORIENTED_EDGE('',*,*,#8594,.F.);
#6959=ORIENTED_EDGE('',*,*,#10475,.F.);
#6960=ORIENTED_EDGE('',*,*,#8583,.F.);
#6961=ORIENTED_EDGE('',*,*,#8604,.T.);
#6962=ORIENTED_EDGE('',*,*,#10441,.T.);
#6963=ORIENTED_EDGE('',*,*,#10476,.T.);
#6964=ORIENTED_EDGE('',*,*,#10445,.F.);
#6965=ORIENTED_EDGE('',*,*,#8614,.T.);
#6966=ORIENTED_EDGE('',*,*,#8581,.F.);
#6967=ORIENTED_EDGE('',*,*,#8606,.T.);
#6968=ORIENTED_EDGE('',*,*,#10449,.T.);
#6969=ORIENTED_EDGE('',*,*,#10477,.T.);
#6970=ORIENTED_EDGE('',*,*,#10478,.F.);
#6971=ORIENTED_EDGE('',*,*,#10452,.F.);
#6972=ORIENTED_EDGE('',*,*,#10479,.T.);
#6973=ORIENTED_EDGE('',*,*,#10480,.F.);
#6974=ORIENTED_EDGE('',*,*,#10453,.F.);
#6975=ORIENTED_EDGE('',*,*,#10478,.T.);
#6976=ORIENTED_EDGE('',*,*,#10481,.T.);
#6977=ORIENTED_EDGE('',*,*,#10482,.F.);
#6978=ORIENTED_EDGE('',*,*,#10454,.F.);
#6979=ORIENTED_EDGE('',*,*,#10480,.T.);
#6980=ORIENTED_EDGE('',*,*,#10483,.T.);
#6981=ORIENTED_EDGE('',*,*,#10484,.F.);
#6982=ORIENTED_EDGE('',*,*,#10455,.F.);
#6983=ORIENTED_EDGE('',*,*,#10482,.T.);
#6984=ORIENTED_EDGE('',*,*,#10485,.T.);
#6985=ORIENTED_EDGE('',*,*,#10473,.F.);
#6986=ORIENTED_EDGE('',*,*,#10456,.F.);
#6987=ORIENTED_EDGE('',*,*,#10484,.T.);
#6988=ORIENTED_EDGE('',*,*,#8996,.T.);
#6989=ORIENTED_EDGE('',*,*,#8584,.T.);
#6990=ORIENTED_EDGE('',*,*,#10475,.T.);
#6991=ORIENTED_EDGE('',*,*,#8593,.T.);
#6992=ORIENTED_EDGE('',*,*,#10471,.F.);
#6993=ORIENTED_EDGE('',*,*,#10485,.F.);
#6994=ORIENTED_EDGE('',*,*,#10483,.F.);
#6995=ORIENTED_EDGE('',*,*,#10481,.F.);
#6996=ORIENTED_EDGE('',*,*,#10479,.F.);
#6997=ORIENTED_EDGE('',*,*,#10477,.F.);
#6998=ORIENTED_EDGE('',*,*,#10450,.F.);
#6999=ORIENTED_EDGE('',*,*,#10448,.F.);
#7000=ORIENTED_EDGE('',*,*,#10440,.F.);
#7001=ORIENTED_EDGE('',*,*,#10465,.F.);
#7002=ORIENTED_EDGE('',*,*,#10486,.F.);
#7003=ORIENTED_EDGE('',*,*,#10466,.T.);
#7004=ORIENTED_EDGE('',*,*,#10446,.F.);
#7005=ORIENTED_EDGE('',*,*,#10476,.F.);
#7006=ORIENTED_EDGE('',*,*,#10443,.F.);
#7007=ORIENTED_EDGE('',*,*,#10474,.F.);
#7008=ORIENTED_EDGE('',*,*,#10467,.T.);
#7009=ORIENTED_EDGE('',*,*,#10486,.T.);
#7010=ORIENTED_EDGE('',*,*,#10464,.F.);
#7011=ORIENTED_EDGE('',*,*,#8633,.F.);
#7012=ORIENTED_EDGE('',*,*,#10468,.T.);
#7013=ORIENTED_EDGE('',*,*,#8631,.T.);
#7014=ORIENTED_EDGE('',*,*,#10463,.F.);
#7015=ORIENTED_EDGE('',*,*,#10487,.F.);
#7016=ORIENTED_EDGE('',*,*,#10469,.T.);
#7017=ORIENTED_EDGE('',*,*,#10487,.T.);
#7018=ORIENTED_EDGE('',*,*,#10462,.F.);
#7019=ORIENTED_EDGE('',*,*,#10488,.F.);
#7020=ORIENTED_EDGE('',*,*,#10470,.T.);
#7021=ORIENTED_EDGE('',*,*,#10488,.T.);
#7022=ORIENTED_EDGE('',*,*,#10461,.F.);
#7023=ORIENTED_EDGE('',*,*,#10459,.F.);
#7024=ORIENTED_EDGE('',*,*,#10489,.F.);
#7025=ORIENTED_EDGE('',*,*,#8544,.T.);
#7026=ORIENTED_EDGE('',*,*,#10490,.T.);
#7027=ORIENTED_EDGE('',*,*,#10491,.T.);
#7028=ORIENTED_EDGE('',*,*,#10492,.F.);
#7029=ORIENTED_EDGE('',*,*,#8538,.T.);
#7030=ORIENTED_EDGE('',*,*,#10493,.T.);
#7031=ORIENTED_EDGE('',*,*,#10494,.T.);
#7032=ORIENTED_EDGE('',*,*,#10495,.F.);
#7033=ORIENTED_EDGE('',*,*,#8542,.T.);
#7034=ORIENTED_EDGE('',*,*,#10496,.T.);
#7035=ORIENTED_EDGE('',*,*,#10497,.T.);
#7036=ORIENTED_EDGE('',*,*,#10490,.F.);
#7037=ORIENTED_EDGE('',*,*,#8543,.T.);
#7038=ORIENTED_EDGE('',*,*,#10495,.T.);
#7039=ORIENTED_EDGE('',*,*,#10498,.T.);
#7040=ORIENTED_EDGE('',*,*,#10499,.F.);
#7041=ORIENTED_EDGE('',*,*,#8554,.T.);
#7042=ORIENTED_EDGE('',*,*,#10500,.T.);
#7043=ORIENTED_EDGE('',*,*,#10501,.T.);
#7044=ORIENTED_EDGE('',*,*,#9021,.T.);
#7045=ORIENTED_EDGE('',*,*,#8506,.T.);
#7046=ORIENTED_EDGE('',*,*,#10502,.T.);
#7047=ORIENTED_EDGE('',*,*,#8513,.T.);
#7048=ORIENTED_EDGE('',*,*,#8556,.F.);
#7049=ORIENTED_EDGE('',*,*,#10503,.F.);
#7050=ORIENTED_EDGE('',*,*,#10504,.F.);
#7051=ORIENTED_EDGE('',*,*,#10505,.T.);
#7052=ORIENTED_EDGE('',*,*,#8555,.T.);
#7053=ORIENTED_EDGE('',*,*,#8545,.T.);
#7054=ORIENTED_EDGE('',*,*,#10489,.T.);
#7055=ORIENTED_EDGE('',*,*,#10506,.T.);
#7056=ORIENTED_EDGE('',*,*,#10507,.T.);
#7057=ORIENTED_EDGE('',*,*,#8565,.T.);
#7058=ORIENTED_EDGE('',*,*,#10508,.T.);
#7059=ORIENTED_EDGE('',*,*,#10509,.T.);
#7060=ORIENTED_EDGE('',*,*,#10510,.T.);
#7061=ORIENTED_EDGE('',*,*,#10503,.T.);
#7062=ORIENTED_EDGE('',*,*,#8553,.F.);
#7063=ORIENTED_EDGE('',*,*,#8557,.F.);
#7064=ORIENTED_EDGE('',*,*,#10505,.F.);
#7065=ORIENTED_EDGE('',*,*,#10511,.F.);
#7066=ORIENTED_EDGE('',*,*,#10512,.F.);
#7067=ORIENTED_EDGE('',*,*,#10513,.F.);
#7068=ORIENTED_EDGE('',*,*,#8567,.F.);
#7069=ORIENTED_EDGE('',*,*,#10514,.F.);
#7070=ORIENTED_EDGE('',*,*,#10515,.F.);
#7071=ORIENTED_EDGE('',*,*,#10500,.F.);
#7072=ORIENTED_EDGE('',*,*,#8514,.F.);
#7073=ORIENTED_EDGE('',*,*,#10502,.F.);
#7074=ORIENTED_EDGE('',*,*,#8505,.F.);
#7075=ORIENTED_EDGE('',*,*,#8549,.T.);
#7076=ORIENTED_EDGE('',*,*,#10499,.T.);
#7077=ORIENTED_EDGE('',*,*,#10516,.T.);
#7078=ORIENTED_EDGE('',*,*,#10493,.F.);
#7079=ORIENTED_EDGE('',*,*,#8537,.T.);
#7080=ORIENTED_EDGE('',*,*,#8525,.F.);
#7081=ORIENTED_EDGE('',*,*,#8539,.T.);
#7082=ORIENTED_EDGE('',*,*,#10492,.T.);
#7083=ORIENTED_EDGE('',*,*,#10517,.T.);
#7084=ORIENTED_EDGE('',*,*,#10518,.F.);
#7085=ORIENTED_EDGE('',*,*,#10519,.F.);
#7086=ORIENTED_EDGE('',*,*,#10520,.T.);
#7087=ORIENTED_EDGE('',*,*,#10521,.F.);
#7088=ORIENTED_EDGE('',*,*,#10522,.F.);
#7089=ORIENTED_EDGE('',*,*,#10518,.T.);
#7090=ORIENTED_EDGE('',*,*,#10523,.T.);
#7091=ORIENTED_EDGE('',*,*,#10524,.F.);
#7092=ORIENTED_EDGE('',*,*,#10525,.F.);
#7093=ORIENTED_EDGE('',*,*,#10521,.T.);
#7094=ORIENTED_EDGE('',*,*,#10526,.T.);
#7095=ORIENTED_EDGE('',*,*,#10527,.F.);
#7096=ORIENTED_EDGE('',*,*,#10528,.F.);
#7097=ORIENTED_EDGE('',*,*,#10524,.T.);
#7098=ORIENTED_EDGE('',*,*,#10529,.T.);
#7099=ORIENTED_EDGE('',*,*,#10530,.F.);
#7100=ORIENTED_EDGE('',*,*,#10531,.F.);
#7101=ORIENTED_EDGE('',*,*,#10527,.T.);
#7102=ORIENTED_EDGE('',*,*,#10532,.T.);
#7103=ORIENTED_EDGE('',*,*,#10533,.F.);
#7104=ORIENTED_EDGE('',*,*,#10534,.F.);
#7105=ORIENTED_EDGE('',*,*,#10530,.T.);
#7106=ORIENTED_EDGE('',*,*,#8527,.F.);
#7107=ORIENTED_EDGE('',*,*,#10535,.F.);
#7108=ORIENTED_EDGE('',*,*,#10533,.T.);
#7109=ORIENTED_EDGE('',*,*,#10536,.T.);
#7110=ORIENTED_EDGE('',*,*,#10496,.F.);
#7111=ORIENTED_EDGE('',*,*,#8541,.T.);
#7112=ORIENTED_EDGE('',*,*,#10535,.T.);
#7113=ORIENTED_EDGE('',*,*,#8526,.T.);
#7114=ORIENTED_EDGE('',*,*,#10519,.T.);
#7115=ORIENTED_EDGE('',*,*,#10522,.T.);
#7116=ORIENTED_EDGE('',*,*,#10525,.T.);
#7117=ORIENTED_EDGE('',*,*,#10528,.T.);
#7118=ORIENTED_EDGE('',*,*,#10531,.T.);
#7119=ORIENTED_EDGE('',*,*,#10534,.T.);
#7120=ORIENTED_EDGE('',*,*,#10516,.F.);
#7121=ORIENTED_EDGE('',*,*,#10501,.F.);
#7122=ORIENTED_EDGE('',*,*,#10515,.T.);
#7123=ORIENTED_EDGE('',*,*,#10537,.T.);
#7124=ORIENTED_EDGE('',*,*,#10506,.F.);
#7125=ORIENTED_EDGE('',*,*,#10491,.F.);
#7126=ORIENTED_EDGE('',*,*,#10498,.F.);
#7127=ORIENTED_EDGE('',*,*,#10497,.F.);
#7128=ORIENTED_EDGE('',*,*,#10536,.F.);
#7129=ORIENTED_EDGE('',*,*,#10532,.F.);
#7130=ORIENTED_EDGE('',*,*,#10529,.F.);
#7131=ORIENTED_EDGE('',*,*,#10526,.F.);
#7132=ORIENTED_EDGE('',*,*,#10523,.F.);
#7133=ORIENTED_EDGE('',*,*,#10520,.F.);
#7134=ORIENTED_EDGE('',*,*,#10517,.F.);
#7135=ORIENTED_EDGE('',*,*,#10494,.F.);
#7136=ORIENTED_EDGE('',*,*,#10514,.T.);
#7137=ORIENTED_EDGE('',*,*,#8566,.T.);
#7138=ORIENTED_EDGE('',*,*,#10507,.F.);
#7139=ORIENTED_EDGE('',*,*,#10537,.F.);
#7140=ORIENTED_EDGE('',*,*,#10511,.T.);
#7141=ORIENTED_EDGE('',*,*,#10504,.T.);
#7142=ORIENTED_EDGE('',*,*,#10510,.F.);
#7143=ORIENTED_EDGE('',*,*,#10538,.F.);
#7144=ORIENTED_EDGE('',*,*,#10512,.T.);
#7145=ORIENTED_EDGE('',*,*,#10538,.T.);
#7146=ORIENTED_EDGE('',*,*,#10509,.F.);
#7147=ORIENTED_EDGE('',*,*,#10539,.F.);
#7148=ORIENTED_EDGE('',*,*,#10513,.T.);
#7149=ORIENTED_EDGE('',*,*,#10539,.T.);
#7150=ORIENTED_EDGE('',*,*,#10508,.F.);
#7151=ORIENTED_EDGE('',*,*,#8568,.F.);
#7152=VERTEX_POINT('',#18747);
#7153=VERTEX_POINT('',#18748);
#7154=VERTEX_POINT('',#18750);
#7155=VERTEX_POINT('',#18752);
#7156=VERTEX_POINT('',#18754);
#7157=VERTEX_POINT('',#18756);
#7158=VERTEX_POINT('',#18758);
#7159=VERTEX_POINT('',#18760);
#7160=VERTEX_POINT('',#18762);
#7161=VERTEX_POINT('',#18766);
#7162=VERTEX_POINT('',#18767);
#7163=VERTEX_POINT('',#18769);
#7164=VERTEX_POINT('',#18771);
#7165=VERTEX_POINT('',#18773);
#7166=VERTEX_POINT('',#18775);
#7167=VERTEX_POINT('',#18777);
#7168=VERTEX_POINT('',#18779);
#7169=VERTEX_POINT('',#18781);
#7170=VERTEX_POINT('',#18783);
#7171=VERTEX_POINT('',#18785);
#7172=VERTEX_POINT('',#18789);
#7173=VERTEX_POINT('',#18790);
#7174=VERTEX_POINT('',#18792);
#7175=VERTEX_POINT('',#18794);
#7176=VERTEX_POINT('',#18796);
#7177=VERTEX_POINT('',#18798);
#7178=VERTEX_POINT('',#18800);
#7179=VERTEX_POINT('',#18802);
#7180=VERTEX_POINT('',#18804);
#7181=VERTEX_POINT('',#18806);
#7182=VERTEX_POINT('',#18808);
#7183=VERTEX_POINT('',#18810);
#7184=VERTEX_POINT('',#18812);
#7185=VERTEX_POINT('',#18816);
#7186=VERTEX_POINT('',#18818);
#7187=VERTEX_POINT('',#18823);
#7188=VERTEX_POINT('',#18825);
#7189=VERTEX_POINT('',#18827);
#7190=VERTEX_POINT('',#18829);
#7191=VERTEX_POINT('',#18831);
#7192=VERTEX_POINT('',#18833);
#7193=VERTEX_POINT('',#18835);
#7194=VERTEX_POINT('',#18839);
#7195=VERTEX_POINT('',#18841);
#7196=VERTEX_POINT('',#18843);
#7197=VERTEX_POINT('',#18845);
#7198=VERTEX_POINT('',#18847);
#7199=VERTEX_POINT('',#18851);
#7200=VERTEX_POINT('',#18853);
#7201=VERTEX_POINT('',#18856);
#7202=VERTEX_POINT('',#18858);
#7203=VERTEX_POINT('',#18862);
#7204=VERTEX_POINT('',#18863);
#7205=VERTEX_POINT('',#18865);
#7206=VERTEX_POINT('',#18867);
#7207=VERTEX_POINT('',#18870);
#7208=VERTEX_POINT('',#18871);
#7209=VERTEX_POINT('',#18873);
#7210=VERTEX_POINT('',#18875);
#7211=VERTEX_POINT('',#18879);
#7212=VERTEX_POINT('',#18880);
#7213=VERTEX_POINT('',#18882);
#7214=VERTEX_POINT('',#18884);
#7215=VERTEX_POINT('',#18886);
#7216=VERTEX_POINT('',#18888);
#7217=VERTEX_POINT('',#18890);
#7218=VERTEX_POINT('',#18892);
#7219=VERTEX_POINT('',#18894);
#7220=VERTEX_POINT('',#18896);
#7221=VERTEX_POINT('',#18898);
#7222=VERTEX_POINT('',#18900);
#7223=VERTEX_POINT('',#18902);
#7224=VERTEX_POINT('',#18906);
#7225=VERTEX_POINT('',#18907);
#7226=VERTEX_POINT('',#18909);
#7227=VERTEX_POINT('',#18911);
#7228=VERTEX_POINT('',#18913);
#7229=VERTEX_POINT('',#18915);
#7230=VERTEX_POINT('',#18917);
#7231=VERTEX_POINT('',#18919);
#7232=VERTEX_POINT('',#18921);
#7233=VERTEX_POINT('',#18923);
#7234=VERTEX_POINT('',#18925);
#7235=VERTEX_POINT('',#18929);
#7236=VERTEX_POINT('',#18930);
#7237=VERTEX_POINT('',#18932);
#7238=VERTEX_POINT('',#18934);
#7239=VERTEX_POINT('',#18936);
#7240=VERTEX_POINT('',#18938);
#7241=VERTEX_POINT('',#18940);
#7242=VERTEX_POINT('',#18942);
#7243=VERTEX_POINT('',#18944);
#7244=VERTEX_POINT('',#18948);
#7245=VERTEX_POINT('',#18950);
#7246=VERTEX_POINT('',#18955);
#7247=VERTEX_POINT('',#18957);
#7248=VERTEX_POINT('',#18959);
#7249=VERTEX_POINT('',#18961);
#7250=VERTEX_POINT('',#18963);
#7251=VERTEX_POINT('',#18965);
#7252=VERTEX_POINT('',#18967);
#7253=VERTEX_POINT('',#18971);
#7254=VERTEX_POINT('',#18973);
#7255=VERTEX_POINT('',#18975);
#7256=VERTEX_POINT('',#18977);
#7257=VERTEX_POINT('',#18979);
#7258=VERTEX_POINT('',#18983);
#7259=VERTEX_POINT('',#18985);
#7260=VERTEX_POINT('',#18987);
#7261=VERTEX_POINT('',#18990);
#7262=VERTEX_POINT('',#18994);
#7263=VERTEX_POINT('',#18995);
#7264=VERTEX_POINT('',#18997);
#7265=VERTEX_POINT('',#18999);
#7266=VERTEX_POINT('',#19002);
#7267=VERTEX_POINT('',#19003);
#7268=VERTEX_POINT('',#19005);
#7269=VERTEX_POINT('',#19007);
#7270=VERTEX_POINT('',#19011);
#7271=VERTEX_POINT('',#19012);
#7272=VERTEX_POINT('',#19014);
#7273=VERTEX_POINT('',#19016);
#7274=VERTEX_POINT('',#19020);
#7275=VERTEX_POINT('',#19021);
#7276=VERTEX_POINT('',#19024);
#7277=VERTEX_POINT('',#19026);
#7278=VERTEX_POINT('',#19028);
#7279=VERTEX_POINT('',#19030);
#7280=VERTEX_POINT('',#19032);
#7281=VERTEX_POINT('',#19036);
#7282=VERTEX_POINT('',#19038);
#7283=VERTEX_POINT('',#19040);
#7284=VERTEX_POINT('',#19042);
#7285=VERTEX_POINT('',#19044);
#7286=VERTEX_POINT('',#19046);
#7287=VERTEX_POINT('',#19048);
#7288=VERTEX_POINT('',#19056);
#7289=VERTEX_POINT('',#19057);
#7290=VERTEX_POINT('',#19059);
#7291=VERTEX_POINT('',#19061);
#7292=VERTEX_POINT('',#19065);
#7293=VERTEX_POINT('',#19066);
#7294=VERTEX_POINT('',#19068);
#7295=VERTEX_POINT('',#19070);
#7296=VERTEX_POINT('',#19074);
#7297=VERTEX_POINT('',#19075);
#7298=VERTEX_POINT('',#19077);
#7299=VERTEX_POINT('',#19079);
#7300=VERTEX_POINT('',#19083);
#7301=VERTEX_POINT('',#19084);
#7302=VERTEX_POINT('',#19086);
#7303=VERTEX_POINT('',#19088);
#7304=VERTEX_POINT('',#19092);
#7305=VERTEX_POINT('',#19093);
#7306=VERTEX_POINT('',#19095);
#7307=VERTEX_POINT('',#19097);
#7308=VERTEX_POINT('',#19101);
#7309=VERTEX_POINT('',#19102);
#7310=VERTEX_POINT('',#19104);
#7311=VERTEX_POINT('',#19106);
#7312=VERTEX_POINT('',#19110);
#7313=VERTEX_POINT('',#19111);
#7314=VERTEX_POINT('',#19113);
#7315=VERTEX_POINT('',#19115);
#7316=VERTEX_POINT('',#19119);
#7317=VERTEX_POINT('',#19120);
#7318=VERTEX_POINT('',#19122);
#7319=VERTEX_POINT('',#19124);
#7320=VERTEX_POINT('',#19128);
#7321=VERTEX_POINT('',#19129);
#7322=VERTEX_POINT('',#19131);
#7323=VERTEX_POINT('',#19133);
#7324=VERTEX_POINT('',#19137);
#7325=VERTEX_POINT('',#19138);
#7326=VERTEX_POINT('',#19140);
#7327=VERTEX_POINT('',#19142);
#7328=VERTEX_POINT('',#19146);
#7329=VERTEX_POINT('',#19147);
#7330=VERTEX_POINT('',#19149);
#7331=VERTEX_POINT('',#19151);
#7332=VERTEX_POINT('',#19155);
#7333=VERTEX_POINT('',#19156);
#7334=VERTEX_POINT('',#19158);
#7335=VERTEX_POINT('',#19160);
#7336=VERTEX_POINT('',#19164);
#7337=VERTEX_POINT('',#19165);
#7338=VERTEX_POINT('',#19167);
#7339=VERTEX_POINT('',#19169);
#7340=VERTEX_POINT('',#19173);
#7341=VERTEX_POINT('',#19174);
#7342=VERTEX_POINT('',#19176);
#7343=VERTEX_POINT('',#19178);
#7344=VERTEX_POINT('',#19182);
#7345=VERTEX_POINT('',#19183);
#7346=VERTEX_POINT('',#19185);
#7347=VERTEX_POINT('',#19187);
#7348=VERTEX_POINT('',#19191);
#7349=VERTEX_POINT('',#19192);
#7350=VERTEX_POINT('',#19194);
#7351=VERTEX_POINT('',#19196);
#7352=VERTEX_POINT('',#19200);
#7353=VERTEX_POINT('',#19201);
#7354=VERTEX_POINT('',#19203);
#7355=VERTEX_POINT('',#19205);
#7356=VERTEX_POINT('',#19209);
#7357=VERTEX_POINT('',#19210);
#7358=VERTEX_POINT('',#19212);
#7359=VERTEX_POINT('',#19214);
#7360=VERTEX_POINT('',#19218);
#7361=VERTEX_POINT('',#19219);
#7362=VERTEX_POINT('',#19221);
#7363=VERTEX_POINT('',#19223);
#7364=VERTEX_POINT('',#19227);
#7365=VERTEX_POINT('',#19228);
#7366=VERTEX_POINT('',#19230);
#7367=VERTEX_POINT('',#19232);
#7368=VERTEX_POINT('',#19236);
#7369=VERTEX_POINT('',#19237);
#7370=VERTEX_POINT('',#19239);
#7371=VERTEX_POINT('',#19241);
#7372=VERTEX_POINT('',#19245);
#7373=VERTEX_POINT('',#19246);
#7374=VERTEX_POINT('',#19248);
#7375=VERTEX_POINT('',#19250);
#7376=VERTEX_POINT('',#19254);
#7377=VERTEX_POINT('',#19255);
#7378=VERTEX_POINT('',#19257);
#7379=VERTEX_POINT('',#19259);
#7380=VERTEX_POINT('',#19263);
#7381=VERTEX_POINT('',#19264);
#7382=VERTEX_POINT('',#19266);
#7383=VERTEX_POINT('',#19268);
#7384=VERTEX_POINT('',#19272);
#7385=VERTEX_POINT('',#19273);
#7386=VERTEX_POINT('',#19275);
#7387=VERTEX_POINT('',#19277);
#7388=VERTEX_POINT('',#19281);
#7389=VERTEX_POINT('',#19282);
#7390=VERTEX_POINT('',#19284);
#7391=VERTEX_POINT('',#19286);
#7392=VERTEX_POINT('',#19290);
#7393=VERTEX_POINT('',#19291);
#7394=VERTEX_POINT('',#19293);
#7395=VERTEX_POINT('',#19295);
#7396=VERTEX_POINT('',#19297);
#7397=VERTEX_POINT('',#19299);
#7398=VERTEX_POINT('',#19301);
#7399=VERTEX_POINT('',#19303);
#7400=VERTEX_POINT('',#19305);
#7401=VERTEX_POINT('',#19307);
#7402=VERTEX_POINT('',#19309);
#7403=VERTEX_POINT('',#19311);
#7404=VERTEX_POINT('',#19315);
#7405=VERTEX_POINT('',#19317);
#7406=VERTEX_POINT('',#19319);
#7407=VERTEX_POINT('',#19321);
#7408=VERTEX_POINT('',#19326);
#7409=VERTEX_POINT('',#19330);
#7410=VERTEX_POINT('',#19334);
#7411=VERTEX_POINT('',#19336);
#7412=VERTEX_POINT('',#19340);
#7413=VERTEX_POINT('',#19342);
#7414=VERTEX_POINT('',#19346);
#7415=VERTEX_POINT('',#19347);
#7416=VERTEX_POINT('',#19349);
#7417=VERTEX_POINT('',#19351);
#7418=VERTEX_POINT('',#19353);
#7419=VERTEX_POINT('',#19355);
#7420=VERTEX_POINT('',#19359);
#7421=VERTEX_POINT('',#19362);
#7422=VERTEX_POINT('',#19364);
#7423=VERTEX_POINT('',#19367);
#7424=VERTEX_POINT('',#19371);
#7425=VERTEX_POINT('',#19373);
#7426=VERTEX_POINT('',#19375);
#7427=VERTEX_POINT('',#19377);
#7428=VERTEX_POINT('',#19379);
#7429=VERTEX_POINT('',#19381);
#7430=VERTEX_POINT('',#19383);
#7431=VERTEX_POINT('',#19385);
#7432=VERTEX_POINT('',#19387);
#7433=VERTEX_POINT('',#19389);
#7434=VERTEX_POINT('',#19391);
#7435=VERTEX_POINT('',#19393);
#7436=VERTEX_POINT('',#19395);
#7437=VERTEX_POINT('',#19397);
#7438=VERTEX_POINT('',#19399);
#7439=VERTEX_POINT('',#19401);
#7440=VERTEX_POINT('',#19403);
#7441=VERTEX_POINT('',#19405);
#7442=VERTEX_POINT('',#19407);
#7443=VERTEX_POINT('',#19409);
#7444=VERTEX_POINT('',#19411);
#7445=VERTEX_POINT('',#19413);
#7446=VERTEX_POINT('',#19415);
#7447=VERTEX_POINT('',#19417);
#7448=VERTEX_POINT('',#19419);
#7449=VERTEX_POINT('',#19421);
#7450=VERTEX_POINT('',#19423);
#7451=VERTEX_POINT('',#19425);
#7452=VERTEX_POINT('',#19427);
#7453=VERTEX_POINT('',#19429);
#7454=VERTEX_POINT('',#19431);
#7455=VERTEX_POINT('',#19433);
#7456=VERTEX_POINT('',#19435);
#7457=VERTEX_POINT('',#19437);
#7458=VERTEX_POINT('',#19439);
#7459=VERTEX_POINT('',#19441);
#7460=VERTEX_POINT('',#19443);
#7461=VERTEX_POINT('',#19445);
#7462=VERTEX_POINT('',#19447);
#7463=VERTEX_POINT('',#19449);
#7464=VERTEX_POINT('',#19451);
#7465=VERTEX_POINT('',#19453);
#7466=VERTEX_POINT('',#19455);
#7467=VERTEX_POINT('',#19457);
#7468=VERTEX_POINT('',#19459);
#7469=VERTEX_POINT('',#19461);
#7470=VERTEX_POINT('',#19463);
#7471=VERTEX_POINT('',#19465);
#7472=VERTEX_POINT('',#19467);
#7473=VERTEX_POINT('',#19469);
#7474=VERTEX_POINT('',#19471);
#7475=VERTEX_POINT('',#19473);
#7476=VERTEX_POINT('',#19475);
#7477=VERTEX_POINT('',#19477);
#7478=VERTEX_POINT('',#19479);
#7479=VERTEX_POINT('',#19481);
#7480=VERTEX_POINT('',#19483);
#7481=VERTEX_POINT('',#19485);
#7482=VERTEX_POINT('',#19487);
#7483=VERTEX_POINT('',#19489);
#7484=VERTEX_POINT('',#19491);
#7485=VERTEX_POINT('',#19493);
#7486=VERTEX_POINT('',#19495);
#7487=VERTEX_POINT('',#19497);
#7488=VERTEX_POINT('',#19499);
#7489=VERTEX_POINT('',#19501);
#7490=VERTEX_POINT('',#19503);
#7491=VERTEX_POINT('',#19505);
#7492=VERTEX_POINT('',#19507);
#7493=VERTEX_POINT('',#19509);
#7494=VERTEX_POINT('',#19511);
#7495=VERTEX_POINT('',#19513);
#7496=VERTEX_POINT('',#19515);
#7497=VERTEX_POINT('',#19517);
#7498=VERTEX_POINT('',#19519);
#7499=VERTEX_POINT('',#19521);
#7500=VERTEX_POINT('',#19523);
#7501=VERTEX_POINT('',#19525);
#7502=VERTEX_POINT('',#19527);
#7503=VERTEX_POINT('',#19529);
#7504=VERTEX_POINT('',#19531);
#7505=VERTEX_POINT('',#19533);
#7506=VERTEX_POINT('',#19535);
#7507=VERTEX_POINT('',#19537);
#7508=VERTEX_POINT('',#19539);
#7509=VERTEX_POINT('',#19541);
#7510=VERTEX_POINT('',#19543);
#7511=VERTEX_POINT('',#19545);
#7512=VERTEX_POINT('',#19547);
#7513=VERTEX_POINT('',#19549);
#7514=VERTEX_POINT('',#19551);
#7515=VERTEX_POINT('',#19553);
#7516=VERTEX_POINT('',#19555);
#7517=VERTEX_POINT('',#19557);
#7518=VERTEX_POINT('',#19559);
#7519=VERTEX_POINT('',#19561);
#7520=VERTEX_POINT('',#19563);
#7521=VERTEX_POINT('',#19565);
#7522=VERTEX_POINT('',#19567);
#7523=VERTEX_POINT('',#19569);
#7524=VERTEX_POINT('',#19571);
#7525=VERTEX_POINT('',#19573);
#7526=VERTEX_POINT('',#19577);
#7527=VERTEX_POINT('',#19579);
#7528=VERTEX_POINT('',#19582);
#7529=VERTEX_POINT('',#19584);
#7530=VERTEX_POINT('',#19587);
#7531=VERTEX_POINT('',#19589);
#7532=VERTEX_POINT('',#19592);
#7533=VERTEX_POINT('',#19594);
#7534=VERTEX_POINT('',#19597);
#7535=VERTEX_POINT('',#19599);
#7536=VERTEX_POINT('',#19602);
#7537=VERTEX_POINT('',#19604);
#7538=VERTEX_POINT('',#19607);
#7539=VERTEX_POINT('',#19609);
#7540=VERTEX_POINT('',#19612);
#7541=VERTEX_POINT('',#19614);
#7542=VERTEX_POINT('',#19617);
#7543=VERTEX_POINT('',#19619);
#7544=VERTEX_POINT('',#19622);
#7545=VERTEX_POINT('',#19624);
#7546=VERTEX_POINT('',#19627);
#7547=VERTEX_POINT('',#19629);
#7548=VERTEX_POINT('',#19632);
#7549=VERTEX_POINT('',#19634);
#7550=VERTEX_POINT('',#19637);
#7551=VERTEX_POINT('',#19639);
#7552=VERTEX_POINT('',#19642);
#7553=VERTEX_POINT('',#19644);
#7554=VERTEX_POINT('',#19647);
#7555=VERTEX_POINT('',#19649);
#7556=VERTEX_POINT('',#19652);
#7557=VERTEX_POINT('',#19654);
#7558=VERTEX_POINT('',#19657);
#7559=VERTEX_POINT('',#19659);
#7560=VERTEX_POINT('',#19662);
#7561=VERTEX_POINT('',#19664);
#7562=VERTEX_POINT('',#19667);
#7563=VERTEX_POINT('',#19669);
#7564=VERTEX_POINT('',#19672);
#7565=VERTEX_POINT('',#19674);
#7566=VERTEX_POINT('',#19677);
#7567=VERTEX_POINT('',#19679);
#7568=VERTEX_POINT('',#19682);
#7569=VERTEX_POINT('',#19684);
#7570=VERTEX_POINT('',#19687);
#7571=VERTEX_POINT('',#19689);
#7572=VERTEX_POINT('',#19692);
#7573=VERTEX_POINT('',#19694);
#7574=VERTEX_POINT('',#19697);
#7575=VERTEX_POINT('',#19699);
#7576=VERTEX_POINT('',#19702);
#7577=VERTEX_POINT('',#19704);
#7578=VERTEX_POINT('',#19708);
#7579=VERTEX_POINT('',#19710);
#7580=VERTEX_POINT('',#19714);
#7581=VERTEX_POINT('',#19716);
#7582=VERTEX_POINT('',#19719);
#7583=VERTEX_POINT('',#19721);
#7584=VERTEX_POINT('',#19728);
#7585=VERTEX_POINT('',#19730);
#7586=VERTEX_POINT('',#19734);
#7587=VERTEX_POINT('',#19738);
#7588=VERTEX_POINT('',#19742);
#7589=VERTEX_POINT('',#19743);
#7590=VERTEX_POINT('',#19746);
#7591=VERTEX_POINT('',#19749);
#7592=VERTEX_POINT('',#19753);
#7593=VERTEX_POINT('',#19754);
#7594=VERTEX_POINT('',#19756);
#7595=VERTEX_POINT('',#19759);
#7596=VERTEX_POINT('',#19764);
#7597=VERTEX_POINT('',#19765);
#7598=VERTEX_POINT('',#19768);
#7599=VERTEX_POINT('',#19774);
#7600=VERTEX_POINT('',#19775);
#7601=VERTEX_POINT('',#19777);
#7602=VERTEX_POINT('',#19779);
#7603=VERTEX_POINT('',#19782);
#7604=VERTEX_POINT('',#19783);
#7605=VERTEX_POINT('',#19785);
#7606=VERTEX_POINT('',#19787);
#7607=VERTEX_POINT('',#19790);
#7608=VERTEX_POINT('',#19792);
#7609=VERTEX_POINT('',#19794);
#7610=VERTEX_POINT('',#19796);
#7611=VERTEX_POINT('',#19799);
#7612=VERTEX_POINT('',#19800);
#7613=VERTEX_POINT('',#19802);
#7614=VERTEX_POINT('',#19806);
#7615=VERTEX_POINT('',#19808);
#7616=VERTEX_POINT('',#19812);
#7617=VERTEX_POINT('',#19813);
#7618=VERTEX_POINT('',#19822);
#7619=VERTEX_POINT('',#19823);
#7620=VERTEX_POINT('',#19825);
#7621=VERTEX_POINT('',#19827);
#7622=VERTEX_POINT('',#19830);
#7623=VERTEX_POINT('',#19831);
#7624=VERTEX_POINT('',#19833);
#7625=VERTEX_POINT('',#19835);
#7626=VERTEX_POINT('',#19838);
#7627=VERTEX_POINT('',#19839);
#7628=VERTEX_POINT('',#19841);
#7629=VERTEX_POINT('',#19843);
#7630=VERTEX_POINT('',#19846);
#7631=VERTEX_POINT('',#19847);
#7632=VERTEX_POINT('',#19849);
#7633=VERTEX_POINT('',#19851);
#7634=VERTEX_POINT('',#19854);
#7635=VERTEX_POINT('',#19855);
#7636=VERTEX_POINT('',#19857);
#7637=VERTEX_POINT('',#19859);
#7638=VERTEX_POINT('',#19862);
#7639=VERTEX_POINT('',#19863);
#7640=VERTEX_POINT('',#19865);
#7641=VERTEX_POINT('',#19867);
#7642=VERTEX_POINT('',#19870);
#7643=VERTEX_POINT('',#19871);
#7644=VERTEX_POINT('',#19873);
#7645=VERTEX_POINT('',#19875);
#7646=VERTEX_POINT('',#19878);
#7647=VERTEX_POINT('',#19879);
#7648=VERTEX_POINT('',#19881);
#7649=VERTEX_POINT('',#19883);
#7650=VERTEX_POINT('',#19886);
#7651=VERTEX_POINT('',#19887);
#7652=VERTEX_POINT('',#19889);
#7653=VERTEX_POINT('',#19891);
#7654=VERTEX_POINT('',#19894);
#7655=VERTEX_POINT('',#19895);
#7656=VERTEX_POINT('',#19897);
#7657=VERTEX_POINT('',#19899);
#7658=VERTEX_POINT('',#19902);
#7659=VERTEX_POINT('',#19903);
#7660=VERTEX_POINT('',#19905);
#7661=VERTEX_POINT('',#19907);
#7662=VERTEX_POINT('',#19910);
#7663=VERTEX_POINT('',#19911);
#7664=VERTEX_POINT('',#19913);
#7665=VERTEX_POINT('',#19915);
#7666=VERTEX_POINT('',#19918);
#7667=VERTEX_POINT('',#19919);
#7668=VERTEX_POINT('',#19921);
#7669=VERTEX_POINT('',#19923);
#7670=VERTEX_POINT('',#19926);
#7671=VERTEX_POINT('',#19927);
#7672=VERTEX_POINT('',#19929);
#7673=VERTEX_POINT('',#19931);
#7674=VERTEX_POINT('',#19934);
#7675=VERTEX_POINT('',#19935);
#7676=VERTEX_POINT('',#19937);
#7677=VERTEX_POINT('',#19939);
#7678=VERTEX_POINT('',#19942);
#7679=VERTEX_POINT('',#19943);
#7680=VERTEX_POINT('',#19945);
#7681=VERTEX_POINT('',#19947);
#7682=VERTEX_POINT('',#19950);
#7683=VERTEX_POINT('',#19951);
#7684=VERTEX_POINT('',#19953);
#7685=VERTEX_POINT('',#19955);
#7686=VERTEX_POINT('',#19958);
#7687=VERTEX_POINT('',#19959);
#7688=VERTEX_POINT('',#19961);
#7689=VERTEX_POINT('',#19963);
#7690=VERTEX_POINT('',#19966);
#7691=VERTEX_POINT('',#19967);
#7692=VERTEX_POINT('',#19969);
#7693=VERTEX_POINT('',#19971);
#7694=VERTEX_POINT('',#19974);
#7695=VERTEX_POINT('',#19975);
#7696=VERTEX_POINT('',#19977);
#7697=VERTEX_POINT('',#19979);
#7698=VERTEX_POINT('',#19982);
#7699=VERTEX_POINT('',#19983);
#7700=VERTEX_POINT('',#19985);
#7701=VERTEX_POINT('',#19987);
#7702=VERTEX_POINT('',#19990);
#7703=VERTEX_POINT('',#19991);
#7704=VERTEX_POINT('',#19993);
#7705=VERTEX_POINT('',#19995);
#7706=VERTEX_POINT('',#19998);
#7707=VERTEX_POINT('',#19999);
#7708=VERTEX_POINT('',#20001);
#7709=VERTEX_POINT('',#20003);
#7710=VERTEX_POINT('',#20006);
#7711=VERTEX_POINT('',#20007);
#7712=VERTEX_POINT('',#20009);
#7713=VERTEX_POINT('',#20011);
#7714=VERTEX_POINT('',#20014);
#7715=VERTEX_POINT('',#20015);
#7716=VERTEX_POINT('',#20017);
#7717=VERTEX_POINT('',#20019);
#7718=VERTEX_POINT('',#20022);
#7719=VERTEX_POINT('',#20023);
#7720=VERTEX_POINT('',#20025);
#7721=VERTEX_POINT('',#20027);
#7722=VERTEX_POINT('',#20030);
#7723=VERTEX_POINT('',#20031);
#7724=VERTEX_POINT('',#20033);
#7725=VERTEX_POINT('',#20035);
#7726=VERTEX_POINT('',#20041);
#7727=VERTEX_POINT('',#20043);
#7728=VERTEX_POINT('',#20045);
#7729=VERTEX_POINT('',#20048);
#7730=VERTEX_POINT('',#20051);
#7731=VERTEX_POINT('',#20053);
#7732=VERTEX_POINT('',#20055);
#7733=VERTEX_POINT('',#20057);
#7734=VERTEX_POINT('',#20059);
#7735=VERTEX_POINT('',#20061);
#7736=VERTEX_POINT('',#20063);
#7737=VERTEX_POINT('',#20065);
#7738=VERTEX_POINT('',#20067);
#7739=VERTEX_POINT('',#20072);
#7740=VERTEX_POINT('',#20074);
#7741=VERTEX_POINT('',#20077);
#7742=VERTEX_POINT('',#20079);
#7743=VERTEX_POINT('',#20082);
#7744=VERTEX_POINT('',#20084);
#7745=VERTEX_POINT('',#20087);
#7746=VERTEX_POINT('',#20089);
#7747=VERTEX_POINT('',#20092);
#7748=VERTEX_POINT('',#20094);
#7749=VERTEX_POINT('',#20097);
#7750=VERTEX_POINT('',#20099);
#7751=VERTEX_POINT('',#20102);
#7752=VERTEX_POINT('',#20104);
#7753=VERTEX_POINT('',#20107);
#7754=VERTEX_POINT('',#20109);
#7755=VERTEX_POINT('',#20112);
#7756=VERTEX_POINT('',#20114);
#7757=VERTEX_POINT('',#20117);
#7758=VERTEX_POINT('',#20119);
#7759=VERTEX_POINT('',#20122);
#7760=VERTEX_POINT('',#20124);
#7761=VERTEX_POINT('',#20127);
#7762=VERTEX_POINT('',#20129);
#7763=VERTEX_POINT('',#20132);
#7764=VERTEX_POINT('',#20134);
#7765=VERTEX_POINT('',#20137);
#7766=VERTEX_POINT('',#20139);
#7767=VERTEX_POINT('',#20142);
#7768=VERTEX_POINT('',#20144);
#7769=VERTEX_POINT('',#20147);
#7770=VERTEX_POINT('',#20149);
#7771=VERTEX_POINT('',#20152);
#7772=VERTEX_POINT('',#20154);
#7773=VERTEX_POINT('',#20157);
#7774=VERTEX_POINT('',#20159);
#7775=VERTEX_POINT('',#20162);
#7776=VERTEX_POINT('',#20164);
#7777=VERTEX_POINT('',#20167);
#7778=VERTEX_POINT('',#20169);
#7779=VERTEX_POINT('',#20172);
#7780=VERTEX_POINT('',#20174);
#7781=VERTEX_POINT('',#20177);
#7782=VERTEX_POINT('',#20179);
#7783=VERTEX_POINT('',#20182);
#7784=VERTEX_POINT('',#20184);
#7785=VERTEX_POINT('',#20187);
#7786=VERTEX_POINT('',#20189);
#7787=VERTEX_POINT('',#20192);
#7788=VERTEX_POINT('',#20194);
#7789=VERTEX_POINT('',#20197);
#7790=VERTEX_POINT('',#20215);
#7791=VERTEX_POINT('',#20217);
#7792=VERTEX_POINT('',#20221);
#7793=VERTEX_POINT('',#20223);
#7794=VERTEX_POINT('',#20237);
#7795=VERTEX_POINT('',#20239);
#7796=VERTEX_POINT('',#20244);
#7797=VERTEX_POINT('',#20262);
#7798=VERTEX_POINT('',#20266);
#7799=VERTEX_POINT('',#20272);
#7800=VERTEX_POINT('',#20273);
#7801=VERTEX_POINT('',#20275);
#7802=VERTEX_POINT('',#20277);
#7803=VERTEX_POINT('',#20281);
#7804=VERTEX_POINT('',#20283);
#7805=VERTEX_POINT('',#20287);
#7806=VERTEX_POINT('',#20289);
#7807=VERTEX_POINT('',#20301);
#7808=VERTEX_POINT('',#20303);
#7809=VERTEX_POINT('',#20307);
#7810=VERTEX_POINT('',#20309);
#7811=VERTEX_POINT('',#20311);
#7812=VERTEX_POINT('',#20313);
#7813=VERTEX_POINT('',#20317);
#7814=VERTEX_POINT('',#20319);
#7815=VERTEX_POINT('',#20321);
#7816=VERTEX_POINT('',#20323);
#7817=VERTEX_POINT('',#20336);
#7818=VERTEX_POINT('',#20340);
#7819=VERTEX_POINT('',#20346);
#7820=VERTEX_POINT('',#20350);
#7821=VERTEX_POINT('',#20356);
#7822=VERTEX_POINT('',#20360);
#7823=VERTEX_POINT('',#20366);
#7824=VERTEX_POINT('',#20370);
#7825=VERTEX_POINT('',#20376);
#7826=VERTEX_POINT('',#20380);
#7827=VERTEX_POINT('',#20386);
#7828=VERTEX_POINT('',#20390);
#7829=VERTEX_POINT('',#20396);
#7830=VERTEX_POINT('',#20400);
#7831=VERTEX_POINT('',#20406);
#7832=VERTEX_POINT('',#20410);
#7833=VERTEX_POINT('',#20416);
#7834=VERTEX_POINT('',#20420);
#7835=VERTEX_POINT('',#20426);
#7836=VERTEX_POINT('',#20430);
#7837=VERTEX_POINT('',#20436);
#7838=VERTEX_POINT('',#20440);
#7839=VERTEX_POINT('',#20446);
#7840=VERTEX_POINT('',#20450);
#7841=VERTEX_POINT('',#20456);
#7842=VERTEX_POINT('',#20460);
#7843=VERTEX_POINT('',#20466);
#7844=VERTEX_POINT('',#20470);
#7845=VERTEX_POINT('',#20476);
#7846=VERTEX_POINT('',#20480);
#7847=VERTEX_POINT('',#20486);
#7848=VERTEX_POINT('',#20490);
#7849=VERTEX_POINT('',#20496);
#7850=VERTEX_POINT('',#20500);
#7851=VERTEX_POINT('',#20506);
#7852=VERTEX_POINT('',#20510);
#7853=VERTEX_POINT('',#20516);
#7854=VERTEX_POINT('',#20520);
#7855=VERTEX_POINT('',#20526);
#7856=VERTEX_POINT('',#20530);
#7857=VERTEX_POINT('',#20536);
#7858=VERTEX_POINT('',#20540);
#7859=VERTEX_POINT('',#20546);
#7860=VERTEX_POINT('',#20550);
#7861=VERTEX_POINT('',#20556);
#7862=VERTEX_POINT('',#20560);
#7863=VERTEX_POINT('',#20566);
#7864=VERTEX_POINT('',#20570);
#7865=VERTEX_POINT('',#20576);
#7866=VERTEX_POINT('',#20580);
#7867=VERTEX_POINT('',#20586);
#7868=VERTEX_POINT('',#20590);
#7869=VERTEX_POINT('',#20596);
#7870=VERTEX_POINT('',#20597);
#7871=VERTEX_POINT('',#20599);
#7872=VERTEX_POINT('',#20601);
#7873=VERTEX_POINT('',#20605);
#7874=VERTEX_POINT('',#20607);
#7875=VERTEX_POINT('',#20611);
#7876=VERTEX_POINT('',#20613);
#7877=VERTEX_POINT('',#20625);
#7878=VERTEX_POINT('',#20626);
#7879=VERTEX_POINT('',#20628);
#7880=VERTEX_POINT('',#20630);
#7881=VERTEX_POINT('',#20634);
#7882=VERTEX_POINT('',#20636);
#7883=VERTEX_POINT('',#20640);
#7884=VERTEX_POINT('',#20642);
#7885=VERTEX_POINT('',#20654);
#7886=VERTEX_POINT('',#20655);
#7887=VERTEX_POINT('',#20657);
#7888=VERTEX_POINT('',#20659);
#7889=VERTEX_POINT('',#20663);
#7890=VERTEX_POINT('',#20665);
#7891=VERTEX_POINT('',#20669);
#7892=VERTEX_POINT('',#20671);
#7893=VERTEX_POINT('',#20683);
#7894=VERTEX_POINT('',#20684);
#7895=VERTEX_POINT('',#20686);
#7896=VERTEX_POINT('',#20688);
#7897=VERTEX_POINT('',#20692);
#7898=VERTEX_POINT('',#20694);
#7899=VERTEX_POINT('',#20698);
#7900=VERTEX_POINT('',#20700);
#7901=VERTEX_POINT('',#20712);
#7902=VERTEX_POINT('',#20713);
#7903=VERTEX_POINT('',#20715);
#7904=VERTEX_POINT('',#20717);
#7905=VERTEX_POINT('',#20721);
#7906=VERTEX_POINT('',#20723);
#7907=VERTEX_POINT('',#20727);
#7908=VERTEX_POINT('',#20729);
#7909=VERTEX_POINT('',#20741);
#7910=VERTEX_POINT('',#20742);
#7911=VERTEX_POINT('',#20744);
#7912=VERTEX_POINT('',#20746);
#7913=VERTEX_POINT('',#20750);
#7914=VERTEX_POINT('',#20752);
#7915=VERTEX_POINT('',#20756);
#7916=VERTEX_POINT('',#20758);
#7917=VERTEX_POINT('',#20770);
#7918=VERTEX_POINT('',#20771);
#7919=VERTEX_POINT('',#20773);
#7920=VERTEX_POINT('',#20775);
#7921=VERTEX_POINT('',#20779);
#7922=VERTEX_POINT('',#20781);
#7923=VERTEX_POINT('',#20785);
#7924=VERTEX_POINT('',#20787);
#7925=VERTEX_POINT('',#20799);
#7926=VERTEX_POINT('',#20800);
#7927=VERTEX_POINT('',#20802);
#7928=VERTEX_POINT('',#20804);
#7929=VERTEX_POINT('',#20808);
#7930=VERTEX_POINT('',#20810);
#7931=VERTEX_POINT('',#20814);
#7932=VERTEX_POINT('',#20816);
#7933=VERTEX_POINT('',#20828);
#7934=VERTEX_POINT('',#20829);
#7935=VERTEX_POINT('',#20831);
#7936=VERTEX_POINT('',#20833);
#7937=VERTEX_POINT('',#20837);
#7938=VERTEX_POINT('',#20839);
#7939=VERTEX_POINT('',#20843);
#7940=VERTEX_POINT('',#20845);
#7941=VERTEX_POINT('',#20857);
#7942=VERTEX_POINT('',#20858);
#7943=VERTEX_POINT('',#20860);
#7944=VERTEX_POINT('',#20862);
#7945=VERTEX_POINT('',#20866);
#7946=VERTEX_POINT('',#20868);
#7947=VERTEX_POINT('',#20872);
#7948=VERTEX_POINT('',#20874);
#7949=VERTEX_POINT('',#20886);
#7950=VERTEX_POINT('',#20887);
#7951=VERTEX_POINT('',#20889);
#7952=VERTEX_POINT('',#20891);
#7953=VERTEX_POINT('',#20895);
#7954=VERTEX_POINT('',#20897);
#7955=VERTEX_POINT('',#20901);
#7956=VERTEX_POINT('',#20903);
#7957=VERTEX_POINT('',#20915);
#7958=VERTEX_POINT('',#20916);
#7959=VERTEX_POINT('',#20918);
#7960=VERTEX_POINT('',#20920);
#7961=VERTEX_POINT('',#20924);
#7962=VERTEX_POINT('',#20926);
#7963=VERTEX_POINT('',#20930);
#7964=VERTEX_POINT('',#20932);
#7965=VERTEX_POINT('',#20944);
#7966=VERTEX_POINT('',#20945);
#7967=VERTEX_POINT('',#20947);
#7968=VERTEX_POINT('',#20949);
#7969=VERTEX_POINT('',#20953);
#7970=VERTEX_POINT('',#20955);
#7971=VERTEX_POINT('',#20959);
#7972=VERTEX_POINT('',#20961);
#7973=VERTEX_POINT('',#20973);
#7974=VERTEX_POINT('',#20974);
#7975=VERTEX_POINT('',#20976);
#7976=VERTEX_POINT('',#20978);
#7977=VERTEX_POINT('',#20982);
#7978=VERTEX_POINT('',#20984);
#7979=VERTEX_POINT('',#20988);
#7980=VERTEX_POINT('',#20990);
#7981=VERTEX_POINT('',#21002);
#7982=VERTEX_POINT('',#21003);
#7983=VERTEX_POINT('',#21005);
#7984=VERTEX_POINT('',#21007);
#7985=VERTEX_POINT('',#21011);
#7986=VERTEX_POINT('',#21013);
#7987=VERTEX_POINT('',#21017);
#7988=VERTEX_POINT('',#21019);
#7989=VERTEX_POINT('',#21031);
#7990=VERTEX_POINT('',#21032);
#7991=VERTEX_POINT('',#21034);
#7992=VERTEX_POINT('',#21036);
#7993=VERTEX_POINT('',#21040);
#7994=VERTEX_POINT('',#21042);
#7995=VERTEX_POINT('',#21046);
#7996=VERTEX_POINT('',#21048);
#7997=VERTEX_POINT('',#21060);
#7998=VERTEX_POINT('',#21061);
#7999=VERTEX_POINT('',#21063);
#8000=VERTEX_POINT('',#21065);
#8001=VERTEX_POINT('',#21069);
#8002=VERTEX_POINT('',#21071);
#8003=VERTEX_POINT('',#21075);
#8004=VERTEX_POINT('',#21077);
#8005=VERTEX_POINT('',#21089);
#8006=VERTEX_POINT('',#21090);
#8007=VERTEX_POINT('',#21092);
#8008=VERTEX_POINT('',#21094);
#8009=VERTEX_POINT('',#21098);
#8010=VERTEX_POINT('',#21100);
#8011=VERTEX_POINT('',#21104);
#8012=VERTEX_POINT('',#21106);
#8013=VERTEX_POINT('',#21118);
#8014=VERTEX_POINT('',#21119);
#8015=VERTEX_POINT('',#21121);
#8016=VERTEX_POINT('',#21123);
#8017=VERTEX_POINT('',#21127);
#8018=VERTEX_POINT('',#21129);
#8019=VERTEX_POINT('',#21133);
#8020=VERTEX_POINT('',#21135);
#8021=VERTEX_POINT('',#21147);
#8022=VERTEX_POINT('',#21148);
#8023=VERTEX_POINT('',#21150);
#8024=VERTEX_POINT('',#21152);
#8025=VERTEX_POINT('',#21156);
#8026=VERTEX_POINT('',#21158);
#8027=VERTEX_POINT('',#21162);
#8028=VERTEX_POINT('',#21164);
#8029=VERTEX_POINT('',#21176);
#8030=VERTEX_POINT('',#21177);
#8031=VERTEX_POINT('',#21179);
#8032=VERTEX_POINT('',#21181);
#8033=VERTEX_POINT('',#21185);
#8034=VERTEX_POINT('',#21187);
#8035=VERTEX_POINT('',#21191);
#8036=VERTEX_POINT('',#21193);
#8037=VERTEX_POINT('',#21205);
#8038=VERTEX_POINT('',#21206);
#8039=VERTEX_POINT('',#21208);
#8040=VERTEX_POINT('',#21210);
#8041=VERTEX_POINT('',#21214);
#8042=VERTEX_POINT('',#21216);
#8043=VERTEX_POINT('',#21220);
#8044=VERTEX_POINT('',#21222);
#8045=VERTEX_POINT('',#21234);
#8046=VERTEX_POINT('',#21235);
#8047=VERTEX_POINT('',#21237);
#8048=VERTEX_POINT('',#21239);
#8049=VERTEX_POINT('',#21243);
#8050=VERTEX_POINT('',#21245);
#8051=VERTEX_POINT('',#21249);
#8052=VERTEX_POINT('',#21251);
#8053=VERTEX_POINT('',#21263);
#8054=VERTEX_POINT('',#21264);
#8055=VERTEX_POINT('',#21266);
#8056=VERTEX_POINT('',#21268);
#8057=VERTEX_POINT('',#21272);
#8058=VERTEX_POINT('',#21274);
#8059=VERTEX_POINT('',#21278);
#8060=VERTEX_POINT('',#21280);
#8061=VERTEX_POINT('',#21292);
#8062=VERTEX_POINT('',#21293);
#8063=VERTEX_POINT('',#21295);
#8064=VERTEX_POINT('',#21297);
#8065=VERTEX_POINT('',#21301);
#8066=VERTEX_POINT('',#21303);
#8067=VERTEX_POINT('',#21307);
#8068=VERTEX_POINT('',#21309);
#8069=VERTEX_POINT('',#21321);
#8070=VERTEX_POINT('',#21322);
#8071=VERTEX_POINT('',#21324);
#8072=VERTEX_POINT('',#21326);
#8073=VERTEX_POINT('',#21330);
#8074=VERTEX_POINT('',#21332);
#8075=VERTEX_POINT('',#21336);
#8076=VERTEX_POINT('',#21338);
#8077=VERTEX_POINT('',#21350);
#8078=VERTEX_POINT('',#21352);
#8079=VERTEX_POINT('',#21356);
#8080=VERTEX_POINT('',#21358);
#8081=VERTEX_POINT('',#21360);
#8082=VERTEX_POINT('',#21362);
#8083=VERTEX_POINT('',#21366);
#8084=VERTEX_POINT('',#21368);
#8085=VERTEX_POINT('',#21370);
#8086=VERTEX_POINT('',#21372);
#8087=VERTEX_POINT('',#21385);
#8088=VERTEX_POINT('',#21387);
#8089=VERTEX_POINT('',#21391);
#8090=VERTEX_POINT('',#21393);
#8091=VERTEX_POINT('',#21395);
#8092=VERTEX_POINT('',#21397);
#8093=VERTEX_POINT('',#21401);
#8094=VERTEX_POINT('',#21403);
#8095=VERTEX_POINT('',#21405);
#8096=VERTEX_POINT('',#21407);
#8097=VERTEX_POINT('',#21420);
#8098=VERTEX_POINT('',#21422);
#8099=VERTEX_POINT('',#21426);
#8100=VERTEX_POINT('',#21428);
#8101=VERTEX_POINT('',#21430);
#8102=VERTEX_POINT('',#21432);
#8103=VERTEX_POINT('',#21436);
#8104=VERTEX_POINT('',#21438);
#8105=VERTEX_POINT('',#21440);
#8106=VERTEX_POINT('',#21442);
#8107=VERTEX_POINT('',#21455);
#8108=VERTEX_POINT('',#21457);
#8109=VERTEX_POINT('',#21461);
#8110=VERTEX_POINT('',#21463);
#8111=VERTEX_POINT('',#21465);
#8112=VERTEX_POINT('',#21467);
#8113=VERTEX_POINT('',#21471);
#8114=VERTEX_POINT('',#21473);
#8115=VERTEX_POINT('',#21475);
#8116=VERTEX_POINT('',#21477);
#8117=VERTEX_POINT('',#21490);
#8118=VERTEX_POINT('',#21492);
#8119=VERTEX_POINT('',#21496);
#8120=VERTEX_POINT('',#21498);
#8121=VERTEX_POINT('',#21500);
#8122=VERTEX_POINT('',#21502);
#8123=VERTEX_POINT('',#21506);
#8124=VERTEX_POINT('',#21508);
#8125=VERTEX_POINT('',#21510);
#8126=VERTEX_POINT('',#21512);
#8127=VERTEX_POINT('',#21525);
#8128=VERTEX_POINT('',#21527);
#8129=VERTEX_POINT('',#21531);
#8130=VERTEX_POINT('',#21533);
#8131=VERTEX_POINT('',#21535);
#8132=VERTEX_POINT('',#21537);
#8133=VERTEX_POINT('',#21541);
#8134=VERTEX_POINT('',#21543);
#8135=VERTEX_POINT('',#21545);
#8136=VERTEX_POINT('',#21547);
#8137=VERTEX_POINT('',#21560);
#8138=VERTEX_POINT('',#21562);
#8139=VERTEX_POINT('',#21566);
#8140=VERTEX_POINT('',#21568);
#8141=VERTEX_POINT('',#21570);
#8142=VERTEX_POINT('',#21572);
#8143=VERTEX_POINT('',#21576);
#8144=VERTEX_POINT('',#21578);
#8145=VERTEX_POINT('',#21580);
#8146=VERTEX_POINT('',#21582);
#8147=VERTEX_POINT('',#21595);
#8148=VERTEX_POINT('',#21597);
#8149=VERTEX_POINT('',#21601);
#8150=VERTEX_POINT('',#21603);
#8151=VERTEX_POINT('',#21605);
#8152=VERTEX_POINT('',#21607);
#8153=VERTEX_POINT('',#21611);
#8154=VERTEX_POINT('',#21613);
#8155=VERTEX_POINT('',#21615);
#8156=VERTEX_POINT('',#21617);
#8157=VERTEX_POINT('',#21630);
#8158=VERTEX_POINT('',#21632);
#8159=VERTEX_POINT('',#21636);
#8160=VERTEX_POINT('',#21638);
#8161=VERTEX_POINT('',#21640);
#8162=VERTEX_POINT('',#21642);
#8163=VERTEX_POINT('',#21646);
#8164=VERTEX_POINT('',#21648);
#8165=VERTEX_POINT('',#21650);
#8166=VERTEX_POINT('',#21652);
#8167=VERTEX_POINT('',#21665);
#8168=VERTEX_POINT('',#21667);
#8169=VERTEX_POINT('',#21671);
#8170=VERTEX_POINT('',#21673);
#8171=VERTEX_POINT('',#21675);
#8172=VERTEX_POINT('',#21677);
#8173=VERTEX_POINT('',#21681);
#8174=VERTEX_POINT('',#21683);
#8175=VERTEX_POINT('',#21685);
#8176=VERTEX_POINT('',#21687);
#8177=VERTEX_POINT('',#21700);
#8178=VERTEX_POINT('',#21702);
#8179=VERTEX_POINT('',#21706);
#8180=VERTEX_POINT('',#21708);
#8181=VERTEX_POINT('',#21710);
#8182=VERTEX_POINT('',#21712);
#8183=VERTEX_POINT('',#21716);
#8184=VERTEX_POINT('',#21718);
#8185=VERTEX_POINT('',#21720);
#8186=VERTEX_POINT('',#21722);
#8187=VERTEX_POINT('',#21735);
#8188=VERTEX_POINT('',#21737);
#8189=VERTEX_POINT('',#21741);
#8190=VERTEX_POINT('',#21743);
#8191=VERTEX_POINT('',#21745);
#8192=VERTEX_POINT('',#21747);
#8193=VERTEX_POINT('',#21751);
#8194=VERTEX_POINT('',#21753);
#8195=VERTEX_POINT('',#21755);
#8196=VERTEX_POINT('',#21757);
#8197=VERTEX_POINT('',#21770);
#8198=VERTEX_POINT('',#21772);
#8199=VERTEX_POINT('',#21776);
#8200=VERTEX_POINT('',#21778);
#8201=VERTEX_POINT('',#21780);
#8202=VERTEX_POINT('',#21782);
#8203=VERTEX_POINT('',#21786);
#8204=VERTEX_POINT('',#21788);
#8205=VERTEX_POINT('',#21790);
#8206=VERTEX_POINT('',#21792);
#8207=VERTEX_POINT('',#21805);
#8208=VERTEX_POINT('',#21807);
#8209=VERTEX_POINT('',#21811);
#8210=VERTEX_POINT('',#21813);
#8211=VERTEX_POINT('',#21815);
#8212=VERTEX_POINT('',#21817);
#8213=VERTEX_POINT('',#21821);
#8214=VERTEX_POINT('',#21823);
#8215=VERTEX_POINT('',#21825);
#8216=VERTEX_POINT('',#21827);
#8217=VERTEX_POINT('',#21840);
#8218=VERTEX_POINT('',#21842);
#8219=VERTEX_POINT('',#21846);
#8220=VERTEX_POINT('',#21848);
#8221=VERTEX_POINT('',#21850);
#8222=VERTEX_POINT('',#21852);
#8223=VERTEX_POINT('',#21856);
#8224=VERTEX_POINT('',#21858);
#8225=VERTEX_POINT('',#21860);
#8226=VERTEX_POINT('',#21862);
#8227=VERTEX_POINT('',#21875);
#8228=VERTEX_POINT('',#21877);
#8229=VERTEX_POINT('',#21881);
#8230=VERTEX_POINT('',#21883);
#8231=VERTEX_POINT('',#21885);
#8232=VERTEX_POINT('',#21887);
#8233=VERTEX_POINT('',#21891);
#8234=VERTEX_POINT('',#21893);
#8235=VERTEX_POINT('',#21895);
#8236=VERTEX_POINT('',#21897);
#8237=VERTEX_POINT('',#21910);
#8238=VERTEX_POINT('',#21912);
#8239=VERTEX_POINT('',#21916);
#8240=VERTEX_POINT('',#21918);
#8241=VERTEX_POINT('',#21920);
#8242=VERTEX_POINT('',#21922);
#8243=VERTEX_POINT('',#21926);
#8244=VERTEX_POINT('',#21928);
#8245=VERTEX_POINT('',#21930);
#8246=VERTEX_POINT('',#21932);
#8247=VERTEX_POINT('',#21945);
#8248=VERTEX_POINT('',#21947);
#8249=VERTEX_POINT('',#21951);
#8250=VERTEX_POINT('',#21953);
#8251=VERTEX_POINT('',#21955);
#8252=VERTEX_POINT('',#21957);
#8253=VERTEX_POINT('',#21961);
#8254=VERTEX_POINT('',#21963);
#8255=VERTEX_POINT('',#21965);
#8256=VERTEX_POINT('',#21967);
#8257=VERTEX_POINT('',#21980);
#8258=VERTEX_POINT('',#21982);
#8259=VERTEX_POINT('',#21986);
#8260=VERTEX_POINT('',#21988);
#8261=VERTEX_POINT('',#21990);
#8262=VERTEX_POINT('',#21992);
#8263=VERTEX_POINT('',#21996);
#8264=VERTEX_POINT('',#21998);
#8265=VERTEX_POINT('',#22000);
#8266=VERTEX_POINT('',#22002);
#8267=VERTEX_POINT('',#22015);
#8268=VERTEX_POINT('',#22017);
#8269=VERTEX_POINT('',#22021);
#8270=VERTEX_POINT('',#22023);
#8271=VERTEX_POINT('',#22025);
#8272=VERTEX_POINT('',#22027);
#8273=VERTEX_POINT('',#22031);
#8274=VERTEX_POINT('',#22033);
#8275=VERTEX_POINT('',#22035);
#8276=VERTEX_POINT('',#22037);
#8277=VERTEX_POINT('',#22050);
#8278=VERTEX_POINT('',#22052);
#8279=VERTEX_POINT('',#22056);
#8280=VERTEX_POINT('',#22058);
#8281=VERTEX_POINT('',#22060);
#8282=VERTEX_POINT('',#22062);
#8283=VERTEX_POINT('',#22066);
#8284=VERTEX_POINT('',#22068);
#8285=VERTEX_POINT('',#22070);
#8286=VERTEX_POINT('',#22072);
#8287=VERTEX_POINT('',#22085);
#8288=VERTEX_POINT('',#22087);
#8289=VERTEX_POINT('',#22091);
#8290=VERTEX_POINT('',#22093);
#8291=VERTEX_POINT('',#22095);
#8292=VERTEX_POINT('',#22097);
#8293=VERTEX_POINT('',#22101);
#8294=VERTEX_POINT('',#22103);
#8295=VERTEX_POINT('',#22105);
#8296=VERTEX_POINT('',#22107);
#8297=VERTEX_POINT('',#22120);
#8298=VERTEX_POINT('',#22122);
#8299=VERTEX_POINT('',#22126);
#8300=VERTEX_POINT('',#22128);
#8301=VERTEX_POINT('',#22130);
#8302=VERTEX_POINT('',#22132);
#8303=VERTEX_POINT('',#22136);
#8304=VERTEX_POINT('',#22138);
#8305=VERTEX_POINT('',#22140);
#8306=VERTEX_POINT('',#22142);
#8307=VERTEX_POINT('',#22155);
#8308=VERTEX_POINT('',#22157);
#8309=VERTEX_POINT('',#22161);
#8310=VERTEX_POINT('',#22163);
#8311=VERTEX_POINT('',#22165);
#8312=VERTEX_POINT('',#22167);
#8313=VERTEX_POINT('',#22171);
#8314=VERTEX_POINT('',#22173);
#8315=VERTEX_POINT('',#22175);
#8316=VERTEX_POINT('',#22177);
#8317=VERTEX_POINT('',#22190);
#8318=VERTEX_POINT('',#22192);
#8319=VERTEX_POINT('',#22196);
#8320=VERTEX_POINT('',#22198);
#8321=VERTEX_POINT('',#22200);
#8322=VERTEX_POINT('',#22202);
#8323=VERTEX_POINT('',#22206);
#8324=VERTEX_POINT('',#22208);
#8325=VERTEX_POINT('',#22210);
#8326=VERTEX_POINT('',#22212);
#8327=VERTEX_POINT('',#22225);
#8328=VERTEX_POINT('',#22227);
#8329=VERTEX_POINT('',#22231);
#8330=VERTEX_POINT('',#22233);
#8331=VERTEX_POINT('',#22235);
#8332=VERTEX_POINT('',#22237);
#8333=VERTEX_POINT('',#22241);
#8334=VERTEX_POINT('',#22243);
#8335=VERTEX_POINT('',#22245);
#8336=VERTEX_POINT('',#22247);
#8337=VERTEX_POINT('',#22260);
#8338=VERTEX_POINT('',#22263);
#8339=VERTEX_POINT('',#22265);
#8340=VERTEX_POINT('',#22267);
#8341=VERTEX_POINT('',#22269);
#8342=VERTEX_POINT('',#22271);
#8343=VERTEX_POINT('',#22275);
#8344=VERTEX_POINT('',#22279);
#8345=VERTEX_POINT('',#22281);
#8346=VERTEX_POINT('',#22285);
#8347=VERTEX_POINT('',#22287);
#8348=VERTEX_POINT('',#22289);
#8349=VERTEX_POINT('',#22291);
#8350=VERTEX_POINT('',#22293);
#8351=VERTEX_POINT('',#22295);
#8352=VERTEX_POINT('',#22300);
#8353=VERTEX_POINT('',#22304);
#8354=VERTEX_POINT('',#22305);
#8355=VERTEX_POINT('',#22307);
#8356=VERTEX_POINT('',#22309);
#8357=VERTEX_POINT('',#22312);
#8358=VERTEX_POINT('',#22314);
#8359=VERTEX_POINT('',#22316);
#8360=VERTEX_POINT('',#22318);
#8361=VERTEX_POINT('',#22320);
#8362=VERTEX_POINT('',#22322);
#8363=VERTEX_POINT('',#22326);
#8364=VERTEX_POINT('',#22329);
#8365=VERTEX_POINT('',#22331);
#8366=VERTEX_POINT('',#22333);
#8367=VERTEX_POINT('',#22335);
#8368=VERTEX_POINT('',#22339);
#8369=VERTEX_POINT('',#22341);
#8370=VERTEX_POINT('',#22343);
#8371=VERTEX_POINT('',#22345);
#8372=VERTEX_POINT('',#22347);
#8373=VERTEX_POINT('',#22351);
#8374=VERTEX_POINT('',#22352);
#8375=VERTEX_POINT('',#22354);
#8376=VERTEX_POINT('',#22356);
#8377=VERTEX_POINT('',#22359);
#8378=VERTEX_POINT('',#22361);
#8379=VERTEX_POINT('',#22363);
#8380=VERTEX_POINT('',#22365);
#8381=VERTEX_POINT('',#22367);
#8382=VERTEX_POINT('',#22369);
#8383=VERTEX_POINT('',#22373);
#8384=VERTEX_POINT('',#22375);
#8385=VERTEX_POINT('',#22377);
#8386=VERTEX_POINT('',#22379);
#8387=VERTEX_POINT('',#22381);
#8388=VERTEX_POINT('',#22384);
#8389=VERTEX_POINT('',#22386);
#8390=VERTEX_POINT('',#22388);
#8391=VERTEX_POINT('',#22390);
#8392=VERTEX_POINT('',#22392);
#8393=VERTEX_POINT('',#22398);
#8394=VERTEX_POINT('',#22400);
#8395=VERTEX_POINT('',#22404);
#8396=VERTEX_POINT('',#22405);
#8397=VERTEX_POINT('',#22411);
#8398=VERTEX_POINT('',#22413);
#8399=VERTEX_POINT('',#22418);
#8400=VERTEX_POINT('',#22420);
#8401=VERTEX_POINT('',#22424);
#8402=VERTEX_POINT('',#22425);
#8403=VERTEX_POINT('',#22431);
#8404=VERTEX_POINT('',#22435);
#8405=VERTEX_POINT('',#22436);
#8406=VERTEX_POINT('',#22438);
#8407=VERTEX_POINT('',#22440);
#8408=VERTEX_POINT('',#22444);
#8409=VERTEX_POINT('',#22445);
#8410=VERTEX_POINT('',#22447);
#8411=VERTEX_POINT('',#22449);
#8412=VERTEX_POINT('',#22453);
#8413=VERTEX_POINT('',#22456);
#8414=VERTEX_POINT('',#22460);
#8415=VERTEX_POINT('',#22462);
#8416=VERTEX_POINT('',#22466);
#8417=VERTEX_POINT('',#22469);
#8418=VERTEX_POINT('',#22473);
#8419=VERTEX_POINT('',#22475);
#8420=VERTEX_POINT('',#22480);
#8421=VERTEX_POINT('',#22483);
#8422=VERTEX_POINT('',#22487);
#8423=VERTEX_POINT('',#22489);
#8424=VERTEX_POINT('',#22493);
#8425=VERTEX_POINT('',#22494);
#8426=VERTEX_POINT('',#22496);
#8427=VERTEX_POINT('',#22500);
#8428=VERTEX_POINT('',#22519);
#8429=VERTEX_POINT('',#22525);
#8430=VERTEX_POINT('',#22527);
#8431=VERTEX_POINT('',#22533);
#8432=VERTEX_POINT('',#22538);
#8433=VERTEX_POINT('',#22544);
#8434=VERTEX_POINT('',#22545);
#8435=VERTEX_POINT('',#22547);
#8436=VERTEX_POINT('',#22549);
#8437=VERTEX_POINT('',#22565);
#8438=VERTEX_POINT('',#22567);
#8439=VERTEX_POINT('',#22571);
#8440=VERTEX_POINT('',#22583);
#8441=VERTEX_POINT('',#22592);
#8442=VERTEX_POINT('',#22593);
#8443=VERTEX_POINT('',#22595);
#8444=VERTEX_POINT('',#22597);
#8445=VERTEX_POINT('',#22616);
#8446=VERTEX_POINT('',#22618);
#8447=VERTEX_POINT('',#22622);
#8448=VERTEX_POINT('',#22629);
#8449=VERTEX_POINT('',#22631);
#8450=VERTEX_POINT('',#22635);
#8451=VERTEX_POINT('',#22637);
#8452=VERTEX_POINT('',#22641);
#8453=VERTEX_POINT('',#22643);
#8454=VERTEX_POINT('',#22647);
#8455=VERTEX_POINT('',#22651);
#8456=VERTEX_POINT('',#22655);
#8457=VERTEX_POINT('',#22657);
#8458=VERTEX_POINT('',#22659);
#8459=VERTEX_POINT('',#22661);
#8460=VERTEX_POINT('',#22663);
#8461=VERTEX_POINT('',#22665);
#8462=VERTEX_POINT('',#22669);
#8463=VERTEX_POINT('',#22671);
#8464=VERTEX_POINT('',#22675);
#8465=VERTEX_POINT('',#22677);
#8466=VERTEX_POINT('',#22680);
#8467=VERTEX_POINT('',#22684);
#8468=VERTEX_POINT('',#22687);
#8469=VERTEX_POINT('',#22689);
#8470=VERTEX_POINT('',#22693);
#8471=VERTEX_POINT('',#22694);
#8472=VERTEX_POINT('',#22704);
#8473=VERTEX_POINT('',#22708);
#8474=VERTEX_POINT('',#22712);
#8475=VERTEX_POINT('',#22716);
#8476=VERTEX_POINT('',#22731);
#8477=VERTEX_POINT('',#22733);
#8478=VERTEX_POINT('',#22737);
#8479=VERTEX_POINT('',#22739);
#8480=VERTEX_POINT('',#22743);
#8481=VERTEX_POINT('',#22745);
#8482=VERTEX_POINT('',#22751);
#8483=VERTEX_POINT('',#22753);
#8484=VERTEX_POINT('',#22759);
#8485=VERTEX_POINT('',#22761);
#8486=VERTEX_POINT('',#22765);
#8487=VERTEX_POINT('',#22768);
#8488=VERTEX_POINT('',#22770);
#8489=VERTEX_POINT('',#22774);
#8490=VERTEX_POINT('',#22776);
#8491=VERTEX_POINT('',#22779);
#8492=VERTEX_POINT('',#22785);
#8493=VERTEX_POINT('',#22787);
#8494=VERTEX_POINT('',#22791);
#8495=VERTEX_POINT('',#22793);
#8496=VERTEX_POINT('',#22797);
#8497=VERTEX_POINT('',#22799);
#8498=VERTEX_POINT('',#22803);
#8499=VERTEX_POINT('',#22805);
#8500=VERTEX_POINT('',#22809);
#8501=VERTEX_POINT('',#22811);
#8502=VERTEX_POINT('',#22815);
#8503=VERTEX_POINT('',#22817);
#8504=EDGE_CURVE('',#7152,#7153,#10540,.T.);
#8505=EDGE_CURVE('',#7152,#7154,#10541,.T.);
#8506=EDGE_CURVE('',#7155,#7154,#10542,.T.);
#8507=EDGE_CURVE('',#7155,#7156,#10543,.T.);
#8508=EDGE_CURVE('',#7157,#7156,#10544,.T.);
#8509=EDGE_CURVE('',#7157,#7158,#10545,.T.);
#8510=EDGE_CURVE('',#7159,#7158,#10546,.T.);
#8511=EDGE_CURVE('',#7159,#7160,#10547,.T.);
#8512=EDGE_CURVE('',#7160,#7153,#10548,.T.);
#8513=EDGE_CURVE('',#7161,#7162,#10549,.T.);
#8514=EDGE_CURVE('',#7161,#7163,#10550,.T.);
#8515=EDGE_CURVE('',#7164,#7163,#10551,.T.);
#8516=EDGE_CURVE('',#7165,#7164,#10552,.T.);
#8517=EDGE_CURVE('',#7166,#7165,#10553,.T.);
#8518=EDGE_CURVE('',#7166,#7167,#10554,.T.);
#8519=EDGE_CURVE('',#7168,#7167,#10555,.T.);
#8520=EDGE_CURVE('',#7169,#7168,#10556,.T.);
#8521=EDGE_CURVE('',#7169,#7170,#165,.T.);
#8522=EDGE_CURVE('',#7171,#7170,#10557,.T.);
#8523=EDGE_CURVE('',#7162,#7171,#10558,.T.);
#8524=EDGE_CURVE('',#7172,#7173,#10559,.T.);
#8525=EDGE_CURVE('',#7172,#7174,#10560,.T.);
#8526=EDGE_CURVE('',#7175,#7174,#10561,.T.);
#8527=EDGE_CURVE('',#7175,#7176,#10562,.T.);
#8528=EDGE_CURVE('',#7177,#7176,#10563,.T.);
#8529=EDGE_CURVE('',#7177,#7178,#10564,.T.);
#8530=EDGE_CURVE('',#7179,#7178,#10565,.T.);
#8531=EDGE_CURVE('',#7180,#7179,#10566,.T.);
#8532=EDGE_CURVE('',#7181,#7180,#10567,.T.);
#8533=EDGE_CURVE('',#7181,#7182,#10568,.T.);
#8534=EDGE_CURVE('',#7182,#7183,#10569,.T.);
#8535=EDGE_CURVE('',#7184,#7183,#10570,.T.);
#8536=EDGE_CURVE('',#7173,#7184,#10571,.T.);
#8537=EDGE_CURVE('',#7185,#7163,#10572,.T.);
#8538=EDGE_CURVE('',#7186,#7185,#10573,.T.);
#8539=EDGE_CURVE('',#7172,#7186,#10574,.T.);
#8540=EDGE_CURVE('',#7173,#7164,#10575,.T.);
#8541=EDGE_CURVE('',#7187,#7176,#10576,.T.);
#8542=EDGE_CURVE('',#7188,#7187,#10577,.T.);
#8543=EDGE_CURVE('',#7189,#7188,#10578,.T.);
#8544=EDGE_CURVE('',#7190,#7189,#10579,.T.);
#8545=EDGE_CURVE('',#7191,#7190,#10580,.T.);
#8546=EDGE_CURVE('',#7191,#7192,#10581,.T.);
#8547=EDGE_CURVE('',#7192,#7193,#10582,.T.);
#8548=EDGE_CURVE('',#7193,#7177,#10583,.T.);
#8549=EDGE_CURVE('',#7152,#7194,#10584,.T.);
#8550=EDGE_CURVE('',#7153,#7195,#10585,.T.);
#8551=EDGE_CURVE('',#7195,#7196,#10586,.T.);
#8552=EDGE_CURVE('',#7196,#7197,#10587,.T.);
#8553=EDGE_CURVE('',#7197,#7198,#10588,.T.);
#8554=EDGE_CURVE('',#7194,#7198,#10589,.T.);
#8555=EDGE_CURVE('',#7199,#7191,#10590,.T.);
#8556=EDGE_CURVE('',#7199,#7200,#10591,.T.);
#8557=EDGE_CURVE('',#7200,#7197,#10592,.T.);
#8558=EDGE_CURVE('',#7201,#7196,#10593,.T.);
#8559=EDGE_CURVE('',#7202,#7201,#10594,.T.);
#8560=EDGE_CURVE('',#7202,#7192,#10595,.T.);
#8561=EDGE_CURVE('',#7203,#7204,#10596,.T.);
#8562=EDGE_CURVE('',#7205,#7203,#10597,.T.);
#8563=EDGE_CURVE('',#7206,#7205,#10598,.T.);
#8564=EDGE_CURVE('',#7206,#7204,#10599,.T.);
#8565=EDGE_CURVE('',#7207,#7208,#10600,.T.);
#8566=EDGE_CURVE('',#7209,#7207,#10601,.T.);
#8567=EDGE_CURVE('',#7209,#7210,#10602,.T.);
#8568=EDGE_CURVE('',#7210,#7208,#10603,.T.);
#8569=EDGE_CURVE('',#7211,#7212,#10604,.T.);
#8570=EDGE_CURVE('',#7211,#7213,#10605,.T.);
#8571=EDGE_CURVE('',#7213,#7214,#10606,.T.);
#8572=EDGE_CURVE('',#7215,#7214,#10607,.T.);
#8573=EDGE_CURVE('',#7216,#7215,#10608,.T.);
#8574=EDGE_CURVE('',#7217,#7216,#10609,.T.);
#8575=EDGE_CURVE('',#7217,#7218,#10610,.T.);
#8576=EDGE_CURVE('',#7218,#7219,#10611,.T.);
#8577=EDGE_CURVE('',#7219,#7220,#10612,.T.);
#8578=EDGE_CURVE('',#7220,#7221,#10613,.T.);
#8579=EDGE_CURVE('',#7221,#7222,#10614,.T.);
#8580=EDGE_CURVE('',#7222,#7223,#10615,.T.);
#8581=EDGE_CURVE('',#7223,#7212,#10616,.T.);
#8582=EDGE_CURVE('',#7224,#7225,#10617,.T.);
#8583=EDGE_CURVE('',#7224,#7226,#10618,.T.);
#8584=EDGE_CURVE('',#7227,#7226,#10619,.T.);
#8585=EDGE_CURVE('',#7227,#7228,#10620,.T.);
#8586=EDGE_CURVE('',#7228,#7229,#10621,.T.);
#8587=EDGE_CURVE('',#7230,#7229,#166,.T.);
#8588=EDGE_CURVE('',#7230,#7231,#10622,.T.);
#8589=EDGE_CURVE('',#7231,#7232,#10623,.T.);
#8590=EDGE_CURVE('',#7233,#7232,#10624,.T.);
#8591=EDGE_CURVE('',#7233,#7234,#10625,.T.);
#8592=EDGE_CURVE('',#7234,#7225,#10626,.T.);
#8593=EDGE_CURVE('',#7235,#7236,#10627,.T.);
#8594=EDGE_CURVE('',#7235,#7237,#10628,.T.);
#8595=EDGE_CURVE('',#7238,#7237,#10629,.T.);
#8596=EDGE_CURVE('',#7239,#7238,#10630,.T.);
#8597=EDGE_CURVE('',#7240,#7239,#10631,.T.);
#8598=EDGE_CURVE('',#7241,#7240,#10632,.T.);
#8599=EDGE_CURVE('',#7242,#7241,#10633,.T.);
#8600=EDGE_CURVE('',#7242,#7243,#10634,.T.);
#8601=EDGE_CURVE('',#7236,#7243,#10635,.T.);
#8602=EDGE_CURVE('',#7244,#7213,#10636,.T.);
#8603=EDGE_CURVE('',#7245,#7244,#10637,.T.);
#8604=EDGE_CURVE('',#7224,#7245,#10638,.T.);
#8605=EDGE_CURVE('',#7225,#7214,#10639,.T.);
#8606=EDGE_CURVE('',#7223,#7246,#10640,.T.);
#8607=EDGE_CURVE('',#7222,#7247,#10641,.T.);
#8608=EDGE_CURVE('',#7248,#7247,#10642,.T.);
#8609=EDGE_CURVE('',#7249,#7248,#10643,.T.);
#8610=EDGE_CURVE('',#7250,#7249,#10644,.T.);
#8611=EDGE_CURVE('',#7251,#7250,#10645,.T.);
#8612=EDGE_CURVE('',#7252,#7251,#10646,.T.);
#8613=EDGE_CURVE('',#7246,#7252,#10647,.T.);
#8614=EDGE_CURVE('',#7253,#7237,#10648,.T.);
#8615=EDGE_CURVE('',#7254,#7253,#10649,.T.);
#8616=EDGE_CURVE('',#7254,#7255,#10650,.T.);
#8617=EDGE_CURVE('',#7256,#7255,#10651,.T.);
#8618=EDGE_CURVE('',#7257,#7256,#10652,.T.);
#8619=EDGE_CURVE('',#7257,#7238,#10653,.T.);
#8620=EDGE_CURVE('',#7249,#7258,#10654,.T.);
#8621=EDGE_CURVE('',#7248,#7259,#10655,.T.);
#8622=EDGE_CURVE('',#7259,#7260,#10656,.T.);
#8623=EDGE_CURVE('',#7256,#7260,#10657,.T.);
#8624=EDGE_CURVE('',#7255,#7261,#10658,.T.);
#8625=EDGE_CURVE('',#7261,#7258,#10659,.T.);
#8626=EDGE_CURVE('',#7262,#7263,#10660,.T.);
#8627=EDGE_CURVE('',#7263,#7264,#10661,.T.);
#8628=EDGE_CURVE('',#7264,#7265,#10662,.T.);
#8629=EDGE_CURVE('',#7262,#7265,#10663,.T.);
#8630=EDGE_CURVE('',#7266,#7267,#10664,.T.);
#8631=EDGE_CURVE('',#7268,#7266,#10665,.T.);
#8632=EDGE_CURVE('',#7268,#7269,#10666,.T.);
#8633=EDGE_CURVE('',#7269,#7267,#10667,.T.);
#8634=EDGE_CURVE('',#7270,#7271,#10668,.T.);
#8635=EDGE_CURVE('',#7272,#7270,#10669,.T.);
#8636=EDGE_CURVE('',#7273,#7272,#10670,.T.);
#8637=EDGE_CURVE('',#7273,#7271,#10671,.T.);
#8638=EDGE_CURVE('',#7274,#7275,#10672,.T.);
#8639=EDGE_CURVE('',#7274,#7239,#10673,.T.);
#8640=EDGE_CURVE('',#7276,#7257,#10674,.T.);
#8641=EDGE_CURVE('',#7276,#7277,#10675,.T.);
#8642=EDGE_CURVE('',#7277,#7278,#10676,.T.);
#8643=EDGE_CURVE('',#7278,#7279,#10677,.T.);
#8644=EDGE_CURVE('',#7279,#7280,#10678,.T.);
#8645=EDGE_CURVE('',#7275,#7280,#10679,.T.);
#8646=EDGE_CURVE('',#7160,#7281,#10680,.T.);
#8647=EDGE_CURVE('',#7282,#7281,#10681,.T.);
#8648=EDGE_CURVE('',#7283,#7282,#10682,.T.);
#8649=EDGE_CURVE('',#7284,#7283,#10683,.T.);
#8650=EDGE_CURVE('',#7284,#7285,#10684,.T.);
#8651=EDGE_CURVE('',#7286,#7285,#10685,.T.);
#8652=EDGE_CURVE('',#7286,#7287,#10686,.T.);
#8653=EDGE_CURVE('',#7195,#7287,#10687,.T.);
#8654=EDGE_CURVE('',#7184,#7165,#10688,.T.);
#8655=EDGE_CURVE('',#7234,#7215,#10689,.T.);
#8656=EDGE_CURVE('',#7288,#7289,#10690,.T.);
#8657=EDGE_CURVE('',#7288,#7290,#10691,.T.);
#8658=EDGE_CURVE('',#7290,#7291,#10692,.T.);
#8659=EDGE_CURVE('',#7289,#7291,#10693,.T.);
#8660=EDGE_CURVE('',#7292,#7293,#10694,.T.);
#8661=EDGE_CURVE('',#7292,#7294,#10695,.T.);
#8662=EDGE_CURVE('',#7294,#7295,#10696,.T.);
#8663=EDGE_CURVE('',#7293,#7295,#10697,.T.);
#8664=EDGE_CURVE('',#7296,#7297,#10698,.T.);
#8665=EDGE_CURVE('',#7296,#7298,#10699,.T.);
#8666=EDGE_CURVE('',#7298,#7299,#10700,.T.);
#8667=EDGE_CURVE('',#7297,#7299,#10701,.T.);
#8668=EDGE_CURVE('',#7300,#7301,#10702,.T.);
#8669=EDGE_CURVE('',#7300,#7302,#10703,.T.);
#8670=EDGE_CURVE('',#7302,#7303,#10704,.T.);
#8671=EDGE_CURVE('',#7301,#7303,#10705,.T.);
#8672=EDGE_CURVE('',#7304,#7305,#10706,.T.);
#8673=EDGE_CURVE('',#7304,#7306,#10707,.T.);
#8674=EDGE_CURVE('',#7306,#7307,#10708,.T.);
#8675=EDGE_CURVE('',#7305,#7307,#10709,.T.);
#8676=EDGE_CURVE('',#7308,#7309,#10710,.T.);
#8677=EDGE_CURVE('',#7308,#7310,#10711,.T.);
#8678=EDGE_CURVE('',#7310,#7311,#10712,.T.);
#8679=EDGE_CURVE('',#7309,#7311,#10713,.T.);
#8680=EDGE_CURVE('',#7312,#7313,#10714,.T.);
#8681=EDGE_CURVE('',#7312,#7314,#10715,.T.);
#8682=EDGE_CURVE('',#7314,#7315,#10716,.T.);
#8683=EDGE_CURVE('',#7313,#7315,#10717,.T.);
#8684=EDGE_CURVE('',#7316,#7317,#10718,.T.);
#8685=EDGE_CURVE('',#7316,#7318,#10719,.T.);
#8686=EDGE_CURVE('',#7318,#7319,#10720,.T.);
#8687=EDGE_CURVE('',#7317,#7319,#10721,.T.);
#8688=EDGE_CURVE('',#7320,#7321,#10722,.T.);
#8689=EDGE_CURVE('',#7320,#7322,#10723,.T.);
#8690=EDGE_CURVE('',#7322,#7323,#10724,.T.);
#8691=EDGE_CURVE('',#7321,#7323,#10725,.T.);
#8692=EDGE_CURVE('',#7324,#7325,#10726,.T.);
#8693=EDGE_CURVE('',#7324,#7326,#10727,.T.);
#8694=EDGE_CURVE('',#7326,#7327,#10728,.T.);
#8695=EDGE_CURVE('',#7325,#7327,#10729,.T.);
#8696=EDGE_CURVE('',#7328,#7329,#10730,.T.);
#8697=EDGE_CURVE('',#7328,#7330,#10731,.T.);
#8698=EDGE_CURVE('',#7330,#7331,#10732,.T.);
#8699=EDGE_CURVE('',#7329,#7331,#10733,.T.);
#8700=EDGE_CURVE('',#7332,#7333,#10734,.T.);
#8701=EDGE_CURVE('',#7332,#7334,#10735,.T.);
#8702=EDGE_CURVE('',#7334,#7335,#10736,.T.);
#8703=EDGE_CURVE('',#7333,#7335,#10737,.T.);
#8704=EDGE_CURVE('',#7336,#7337,#10738,.T.);
#8705=EDGE_CURVE('',#7336,#7338,#10739,.T.);
#8706=EDGE_CURVE('',#7338,#7339,#10740,.T.);
#8707=EDGE_CURVE('',#7337,#7339,#10741,.T.);
#8708=EDGE_CURVE('',#7340,#7341,#10742,.T.);
#8709=EDGE_CURVE('',#7340,#7342,#10743,.T.);
#8710=EDGE_CURVE('',#7342,#7343,#10744,.T.);
#8711=EDGE_CURVE('',#7341,#7343,#10745,.T.);
#8712=EDGE_CURVE('',#7344,#7345,#10746,.T.);
#8713=EDGE_CURVE('',#7344,#7346,#10747,.T.);
#8714=EDGE_CURVE('',#7346,#7347,#10748,.T.);
#8715=EDGE_CURVE('',#7345,#7347,#10749,.T.);
#8716=EDGE_CURVE('',#7348,#7349,#10750,.T.);
#8717=EDGE_CURVE('',#7348,#7350,#10751,.T.);
#8718=EDGE_CURVE('',#7350,#7351,#10752,.T.);
#8719=EDGE_CURVE('',#7349,#7351,#10753,.T.);
#8720=EDGE_CURVE('',#7352,#7353,#10754,.T.);
#8721=EDGE_CURVE('',#7352,#7354,#10755,.T.);
#8722=EDGE_CURVE('',#7354,#7355,#10756,.T.);
#8723=EDGE_CURVE('',#7353,#7355,#10757,.T.);
#8724=EDGE_CURVE('',#7356,#7357,#10758,.T.);
#8725=EDGE_CURVE('',#7356,#7358,#10759,.T.);
#8726=EDGE_CURVE('',#7358,#7359,#10760,.T.);
#8727=EDGE_CURVE('',#7357,#7359,#10761,.T.);
#8728=EDGE_CURVE('',#7360,#7361,#10762,.T.);
#8729=EDGE_CURVE('',#7360,#7362,#10763,.T.);
#8730=EDGE_CURVE('',#7362,#7363,#10764,.T.);
#8731=EDGE_CURVE('',#7361,#7363,#10765,.T.);
#8732=EDGE_CURVE('',#7364,#7365,#10766,.T.);
#8733=EDGE_CURVE('',#7364,#7366,#10767,.T.);
#8734=EDGE_CURVE('',#7366,#7367,#10768,.T.);
#8735=EDGE_CURVE('',#7365,#7367,#10769,.T.);
#8736=EDGE_CURVE('',#7368,#7369,#10770,.T.);
#8737=EDGE_CURVE('',#7368,#7370,#10771,.T.);
#8738=EDGE_CURVE('',#7370,#7371,#10772,.T.);
#8739=EDGE_CURVE('',#7369,#7371,#10773,.T.);
#8740=EDGE_CURVE('',#7372,#7373,#10774,.T.);
#8741=EDGE_CURVE('',#7372,#7374,#10775,.T.);
#8742=EDGE_CURVE('',#7374,#7375,#10776,.T.);
#8743=EDGE_CURVE('',#7373,#7375,#10777,.T.);
#8744=EDGE_CURVE('',#7376,#7377,#10778,.T.);
#8745=EDGE_CURVE('',#7376,#7378,#10779,.T.);
#8746=EDGE_CURVE('',#7378,#7379,#10780,.T.);
#8747=EDGE_CURVE('',#7377,#7379,#10781,.T.);
#8748=EDGE_CURVE('',#7380,#7381,#10782,.T.);
#8749=EDGE_CURVE('',#7380,#7382,#10783,.T.);
#8750=EDGE_CURVE('',#7382,#7383,#10784,.T.);
#8751=EDGE_CURVE('',#7381,#7383,#10785,.T.);
#8752=EDGE_CURVE('',#7384,#7385,#10786,.T.);
#8753=EDGE_CURVE('',#7384,#7386,#10787,.T.);
#8754=EDGE_CURVE('',#7386,#7387,#10788,.T.);
#8755=EDGE_CURVE('',#7385,#7387,#10789,.T.);
#8756=EDGE_CURVE('',#7388,#7389,#10790,.T.);
#8757=EDGE_CURVE('',#7388,#7390,#10791,.T.);
#8758=EDGE_CURVE('',#7390,#7391,#10792,.T.);
#8759=EDGE_CURVE('',#7389,#7391,#10793,.T.);
#8760=EDGE_CURVE('',#7392,#7393,#10794,.T.);
#8761=EDGE_CURVE('',#7393,#7394,#10795,.T.);
#8762=EDGE_CURVE('',#7394,#7395,#10796,.T.);
#8763=EDGE_CURVE('',#7396,#7395,#10797,.T.);
#8764=EDGE_CURVE('',#7396,#7397,#10798,.T.);
#8765=EDGE_CURVE('',#7397,#7398,#10799,.T.);
#8766=EDGE_CURVE('',#7399,#7398,#10800,.T.);
#8767=EDGE_CURVE('',#7400,#7399,#10801,.T.);
#8768=EDGE_CURVE('',#7401,#7400,#10802,.T.);
#8769=EDGE_CURVE('',#7401,#7402,#10803,.T.);
#8770=EDGE_CURVE('',#7403,#7402,#10804,.T.);
#8771=EDGE_CURVE('',#7403,#7392,#10805,.T.);
#8772=EDGE_CURVE('',#7404,#7167,#10806,.T.);
#8773=EDGE_CURVE('',#7404,#7405,#10807,.T.);
#8774=EDGE_CURVE('',#7406,#7405,#10808,.T.);
#8775=EDGE_CURVE('',#7407,#7406,#10809,.T.);
#8776=EDGE_CURVE('',#7407,#7180,#10810,.T.);
#8777=EDGE_CURVE('',#7179,#7168,#10811,.T.);
#8778=EDGE_CURVE('',#7169,#7408,#10812,.T.);
#8779=EDGE_CURVE('',#7157,#7178,#10813,.T.);
#8780=EDGE_CURVE('',#7156,#7171,#167,.T.);
#8781=EDGE_CURVE('',#7409,#7170,#10814,.T.);
#8782=EDGE_CURVE('',#7409,#7408,#10815,.T.);
#8783=EDGE_CURVE('',#7410,#7192,#10816,.T.);
#8784=EDGE_CURVE('',#7411,#7410,#10817,.T.);
#8785=EDGE_CURVE('',#7411,#7193,#10818,.T.);
#8786=EDGE_CURVE('',#7248,#7412,#10819,.T.);
#8787=EDGE_CURVE('',#7247,#7413,#10820,.T.);
#8788=EDGE_CURVE('',#7413,#7412,#10821,.T.);
#8789=EDGE_CURVE('',#7414,#7415,#10822,.T.);
#8790=EDGE_CURVE('',#7414,#7416,#10823,.T.);
#8791=EDGE_CURVE('',#7416,#7417,#10824,.T.);
#8792=EDGE_CURVE('',#7417,#7418,#10825,.T.);
#8793=EDGE_CURVE('',#7419,#7418,#10826,.T.);
#8794=EDGE_CURVE('',#7419,#7411,#10827,.T.);
#8795=EDGE_CURVE('',#7410,#7203,#10828,.T.);
#8796=EDGE_CURVE('',#7204,#7420,#10829,.T.);
#8797=EDGE_CURVE('',#7420,#7287,#10830,.T.);
#8798=EDGE_CURVE('',#7421,#7286,#10831,.T.);
#8799=EDGE_CURVE('',#7421,#7422,#10832,.T.);
#8800=EDGE_CURVE('',#7422,#7277,#10833,.T.);
#8801=EDGE_CURVE('',#7423,#7276,#10834,.T.);
#8802=EDGE_CURVE('',#7263,#7423,#10835,.T.);
#8803=EDGE_CURVE('',#7412,#7262,#10836,.T.);
#8804=EDGE_CURVE('',#7413,#7424,#10837,.T.);
#8805=EDGE_CURVE('',#7424,#7425,#10838,.T.);
#8806=EDGE_CURVE('',#7425,#7426,#10839,.T.);
#8807=EDGE_CURVE('',#7427,#7426,#10840,.T.);
#8808=EDGE_CURVE('',#7427,#7428,#10841,.T.);
#8809=EDGE_CURVE('',#7428,#7429,#10842,.T.);
#8810=EDGE_CURVE('',#7429,#7430,#10843,.T.);
#8811=EDGE_CURVE('',#7431,#7430,#10844,.T.);
#8812=EDGE_CURVE('',#7431,#7432,#10845,.T.);
#8813=EDGE_CURVE('',#7432,#7433,#10846,.T.);
#8814=EDGE_CURVE('',#7433,#7434,#10847,.T.);
#8815=EDGE_CURVE('',#7435,#7434,#10848,.T.);
#8816=EDGE_CURVE('',#7435,#7436,#10849,.T.);
#8817=EDGE_CURVE('',#7436,#7437,#10850,.T.);
#8818=EDGE_CURVE('',#7437,#7438,#10851,.T.);
#8819=EDGE_CURVE('',#7439,#7438,#10852,.T.);
#8820=EDGE_CURVE('',#7439,#7440,#10853,.T.);
#8821=EDGE_CURVE('',#7440,#7441,#10854,.T.);
#8822=EDGE_CURVE('',#7441,#7442,#10855,.T.);
#8823=EDGE_CURVE('',#7443,#7442,#10856,.T.);
#8824=EDGE_CURVE('',#7443,#7444,#10857,.T.);
#8825=EDGE_CURVE('',#7444,#7445,#10858,.T.);
#8826=EDGE_CURVE('',#7445,#7446,#10859,.T.);
#8827=EDGE_CURVE('',#7447,#7446,#10860,.T.);
#8828=EDGE_CURVE('',#7447,#7448,#10861,.T.);
#8829=EDGE_CURVE('',#7448,#7449,#10862,.T.);
#8830=EDGE_CURVE('',#7449,#7450,#10863,.T.);
#8831=EDGE_CURVE('',#7451,#7450,#10864,.T.);
#8832=EDGE_CURVE('',#7451,#7452,#10865,.T.);
#8833=EDGE_CURVE('',#7452,#7453,#10866,.T.);
#8834=EDGE_CURVE('',#7453,#7454,#10867,.T.);
#8835=EDGE_CURVE('',#7455,#7454,#10868,.T.);
#8836=EDGE_CURVE('',#7455,#7456,#10869,.T.);
#8837=EDGE_CURVE('',#7456,#7457,#10870,.T.);
#8838=EDGE_CURVE('',#7457,#7458,#10871,.T.);
#8839=EDGE_CURVE('',#7459,#7458,#10872,.T.);
#8840=EDGE_CURVE('',#7459,#7460,#10873,.T.);
#8841=EDGE_CURVE('',#7460,#7461,#10874,.T.);
#8842=EDGE_CURVE('',#7461,#7462,#10875,.T.);
#8843=EDGE_CURVE('',#7463,#7462,#10876,.T.);
#8844=EDGE_CURVE('',#7463,#7464,#10877,.T.);
#8845=EDGE_CURVE('',#7464,#7465,#10878,.T.);
#8846=EDGE_CURVE('',#7465,#7466,#10879,.T.);
#8847=EDGE_CURVE('',#7467,#7466,#10880,.T.);
#8848=EDGE_CURVE('',#7467,#7468,#10881,.T.);
#8849=EDGE_CURVE('',#7468,#7469,#10882,.T.);
#8850=EDGE_CURVE('',#7469,#7470,#10883,.T.);
#8851=EDGE_CURVE('',#7471,#7470,#10884,.T.);
#8852=EDGE_CURVE('',#7471,#7472,#10885,.T.);
#8853=EDGE_CURVE('',#7472,#7473,#10886,.T.);
#8854=EDGE_CURVE('',#7473,#7474,#10887,.T.);
#8855=EDGE_CURVE('',#7475,#7474,#10888,.T.);
#8856=EDGE_CURVE('',#7475,#7476,#10889,.T.);
#8857=EDGE_CURVE('',#7476,#7477,#10890,.T.);
#8858=EDGE_CURVE('',#7477,#7478,#10891,.T.);
#8859=EDGE_CURVE('',#7479,#7478,#10892,.T.);
#8860=EDGE_CURVE('',#7479,#7480,#10893,.T.);
#8861=EDGE_CURVE('',#7480,#7481,#10894,.T.);
#8862=EDGE_CURVE('',#7481,#7482,#10895,.T.);
#8863=EDGE_CURVE('',#7483,#7482,#10896,.T.);
#8864=EDGE_CURVE('',#7483,#7484,#10897,.T.);
#8865=EDGE_CURVE('',#7484,#7485,#10898,.T.);
#8866=EDGE_CURVE('',#7485,#7486,#10899,.T.);
#8867=EDGE_CURVE('',#7487,#7486,#10900,.T.);
#8868=EDGE_CURVE('',#7487,#7488,#10901,.T.);
#8869=EDGE_CURVE('',#7488,#7489,#10902,.T.);
#8870=EDGE_CURVE('',#7489,#7490,#10903,.T.);
#8871=EDGE_CURVE('',#7491,#7490,#10904,.T.);
#8872=EDGE_CURVE('',#7491,#7492,#10905,.T.);
#8873=EDGE_CURVE('',#7492,#7493,#10906,.T.);
#8874=EDGE_CURVE('',#7493,#7494,#10907,.T.);
#8875=EDGE_CURVE('',#7495,#7494,#10908,.T.);
#8876=EDGE_CURVE('',#7495,#7496,#10909,.T.);
#8877=EDGE_CURVE('',#7496,#7497,#10910,.T.);
#8878=EDGE_CURVE('',#7497,#7498,#10911,.T.);
#8879=EDGE_CURVE('',#7499,#7498,#10912,.T.);
#8880=EDGE_CURVE('',#7499,#7500,#10913,.T.);
#8881=EDGE_CURVE('',#7500,#7501,#10914,.T.);
#8882=EDGE_CURVE('',#7501,#7502,#10915,.T.);
#8883=EDGE_CURVE('',#7503,#7502,#10916,.T.);
#8884=EDGE_CURVE('',#7503,#7504,#10917,.T.);
#8885=EDGE_CURVE('',#7504,#7505,#10918,.T.);
#8886=EDGE_CURVE('',#7505,#7506,#10919,.T.);
#8887=EDGE_CURVE('',#7507,#7506,#10920,.T.);
#8888=EDGE_CURVE('',#7507,#7508,#10921,.T.);
#8889=EDGE_CURVE('',#7508,#7509,#10922,.T.);
#8890=EDGE_CURVE('',#7509,#7510,#10923,.T.);
#8891=EDGE_CURVE('',#7511,#7510,#10924,.T.);
#8892=EDGE_CURVE('',#7511,#7512,#10925,.T.);
#8893=EDGE_CURVE('',#7512,#7513,#10926,.T.);
#8894=EDGE_CURVE('',#7513,#7514,#10927,.T.);
#8895=EDGE_CURVE('',#7515,#7514,#10928,.T.);
#8896=EDGE_CURVE('',#7515,#7516,#10929,.T.);
#8897=EDGE_CURVE('',#7516,#7517,#10930,.T.);
#8898=EDGE_CURVE('',#7517,#7518,#10931,.T.);
#8899=EDGE_CURVE('',#7519,#7518,#10932,.T.);
#8900=EDGE_CURVE('',#7519,#7520,#10933,.T.);
#8901=EDGE_CURVE('',#7520,#7521,#10934,.T.);
#8902=EDGE_CURVE('',#7521,#7522,#10935,.T.);
#8903=EDGE_CURVE('',#7523,#7522,#10936,.T.);
#8904=EDGE_CURVE('',#7523,#7524,#10937,.T.);
#8905=EDGE_CURVE('',#7524,#7525,#10938,.T.);
#8906=EDGE_CURVE('',#7525,#7415,#10939,.T.);
#8907=EDGE_CURVE('',#7414,#7526,#10940,.T.);
#8908=EDGE_CURVE('',#7527,#7526,#10941,.T.);
#8909=EDGE_CURVE('',#7524,#7527,#10942,.T.);
#8910=EDGE_CURVE('',#7523,#7528,#10943,.T.);
#8911=EDGE_CURVE('',#7529,#7528,#10944,.T.);
#8912=EDGE_CURVE('',#7520,#7529,#10945,.T.);
#8913=EDGE_CURVE('',#7519,#7530,#10946,.T.);
#8914=EDGE_CURVE('',#7531,#7530,#10947,.T.);
#8915=EDGE_CURVE('',#7516,#7531,#10948,.T.);
#8916=EDGE_CURVE('',#7515,#7532,#10949,.T.);
#8917=EDGE_CURVE('',#7533,#7532,#10950,.T.);
#8918=EDGE_CURVE('',#7512,#7533,#10951,.T.);
#8919=EDGE_CURVE('',#7511,#7534,#10952,.T.);
#8920=EDGE_CURVE('',#7535,#7534,#10953,.T.);
#8921=EDGE_CURVE('',#7508,#7535,#10954,.T.);
#8922=EDGE_CURVE('',#7507,#7536,#10955,.T.);
#8923=EDGE_CURVE('',#7537,#7536,#10956,.T.);
#8924=EDGE_CURVE('',#7504,#7537,#10957,.T.);
#8925=EDGE_CURVE('',#7503,#7538,#10958,.T.);
#8926=EDGE_CURVE('',#7539,#7538,#10959,.T.);
#8927=EDGE_CURVE('',#7500,#7539,#10960,.T.);
#8928=EDGE_CURVE('',#7499,#7540,#10961,.T.);
#8929=EDGE_CURVE('',#7541,#7540,#10962,.T.);
#8930=EDGE_CURVE('',#7496,#7541,#10963,.T.);
#8931=EDGE_CURVE('',#7495,#7542,#10964,.T.);
#8932=EDGE_CURVE('',#7543,#7542,#10965,.T.);
#8933=EDGE_CURVE('',#7492,#7543,#10966,.T.);
#8934=EDGE_CURVE('',#7491,#7544,#10967,.T.);
#8935=EDGE_CURVE('',#7545,#7544,#10968,.T.);
#8936=EDGE_CURVE('',#7488,#7545,#10969,.T.);
#8937=EDGE_CURVE('',#7487,#7546,#10970,.T.);
#8938=EDGE_CURVE('',#7547,#7546,#10971,.T.);
#8939=EDGE_CURVE('',#7484,#7547,#10972,.T.);
#8940=EDGE_CURVE('',#7483,#7548,#10973,.T.);
#8941=EDGE_CURVE('',#7549,#7548,#10974,.T.);
#8942=EDGE_CURVE('',#7480,#7549,#10975,.T.);
#8943=EDGE_CURVE('',#7479,#7550,#10976,.T.);
#8944=EDGE_CURVE('',#7551,#7550,#10977,.T.);
#8945=EDGE_CURVE('',#7476,#7551,#10978,.T.);
#8946=EDGE_CURVE('',#7475,#7552,#10979,.T.);
#8947=EDGE_CURVE('',#7553,#7552,#10980,.T.);
#8948=EDGE_CURVE('',#7472,#7553,#10981,.T.);
#8949=EDGE_CURVE('',#7471,#7554,#10982,.T.);
#8950=EDGE_CURVE('',#7555,#7554,#10983,.T.);
#8951=EDGE_CURVE('',#7468,#7555,#10984,.T.);
#8952=EDGE_CURVE('',#7467,#7556,#10985,.T.);
#8953=EDGE_CURVE('',#7557,#7556,#10986,.T.);
#8954=EDGE_CURVE('',#7464,#7557,#10987,.T.);
#8955=EDGE_CURVE('',#7463,#7558,#10988,.T.);
#8956=EDGE_CURVE('',#7559,#7558,#10989,.T.);
#8957=EDGE_CURVE('',#7460,#7559,#10990,.T.);
#8958=EDGE_CURVE('',#7459,#7560,#10991,.T.);
#8959=EDGE_CURVE('',#7561,#7560,#10992,.T.);
#8960=EDGE_CURVE('',#7456,#7561,#10993,.T.);
#8961=EDGE_CURVE('',#7455,#7562,#10994,.T.);
#8962=EDGE_CURVE('',#7563,#7562,#10995,.T.);
#8963=EDGE_CURVE('',#7452,#7563,#10996,.T.);
#8964=EDGE_CURVE('',#7451,#7564,#10997,.T.);
#8965=EDGE_CURVE('',#7565,#7564,#10998,.T.);
#8966=EDGE_CURVE('',#7448,#7565,#10999,.T.);
#8967=EDGE_CURVE('',#7447,#7566,#11000,.T.);
#8968=EDGE_CURVE('',#7567,#7566,#11001,.T.);
#8969=EDGE_CURVE('',#7444,#7567,#11002,.T.);
#8970=EDGE_CURVE('',#7443,#7568,#11003,.T.);
#8971=EDGE_CURVE('',#7569,#7568,#11004,.T.);
#8972=EDGE_CURVE('',#7440,#7569,#11005,.T.);
#8973=EDGE_CURVE('',#7439,#7570,#11006,.T.);
#8974=EDGE_CURVE('',#7571,#7570,#11007,.T.);
#8975=EDGE_CURVE('',#7436,#7571,#11008,.T.);
#8976=EDGE_CURVE('',#7435,#7572,#11009,.T.);
#8977=EDGE_CURVE('',#7573,#7572,#11010,.T.);
#8978=EDGE_CURVE('',#7432,#7573,#11011,.T.);
#8979=EDGE_CURVE('',#7431,#7574,#11012,.T.);
#8980=EDGE_CURVE('',#7575,#7574,#11013,.T.);
#8981=EDGE_CURVE('',#7428,#7575,#11014,.T.);
#8982=EDGE_CURVE('',#7427,#7576,#11015,.T.);
#8983=EDGE_CURVE('',#7577,#7576,#11016,.T.);
#8984=EDGE_CURVE('',#7424,#7577,#11017,.T.);
#8985=EDGE_CURVE('',#7242,#7221,#11018,.T.);
#8986=EDGE_CURVE('',#7578,#7241,#11019,.T.);
#8987=EDGE_CURVE('',#7579,#7578,#11020,.T.);
#8988=EDGE_CURVE('',#7218,#7579,#11021,.T.);
#8989=EDGE_CURVE('',#7182,#7217,#11022,.T.);
#8990=EDGE_CURVE('',#7580,#7181,#11023,.T.);
#8991=EDGE_CURVE('',#7581,#7580,#11024,.T.);
#8992=EDGE_CURVE('',#7158,#7581,#11025,.T.);
#8993=EDGE_CURVE('',#7419,#7582,#11026,.T.);
#8994=EDGE_CURVE('',#7583,#7582,#11027,.T.);
#8995=EDGE_CURVE('',#7416,#7583,#11028,.T.);
#8996=EDGE_CURVE('',#7236,#7227,#168,.T.);
#8997=EDGE_CURVE('',#7243,#7228,#169,.T.);
#8998=EDGE_CURVE('',#7584,#7272,#11029,.T.);
#8999=EDGE_CURVE('',#7585,#7584,#11030,.T.);
#9000=EDGE_CURVE('',#7585,#7273,#11031,.T.);
#9001=EDGE_CURVE('',#7240,#7586,#11032,.T.);
#9002=EDGE_CURVE('',#7586,#7578,#11033,.T.);
#9003=EDGE_CURVE('',#7587,#7581,#11034,.T.);
#9004=EDGE_CURVE('',#7587,#7159,#11035,.T.);
#9005=EDGE_CURVE('',#7588,#7589,#11036,.T.);
#9006=EDGE_CURVE('',#7588,#7399,#11037,.T.);
#9007=EDGE_CURVE('',#7398,#7590,#11038,.T.);
#9008=EDGE_CURVE('',#7590,#7284,#11039,.T.);
#9009=EDGE_CURVE('',#7283,#7591,#11040,.T.);
#9010=EDGE_CURVE('',#7589,#7591,#11041,.T.);
#9011=EDGE_CURVE('',#7592,#7593,#11042,.T.);
#9012=EDGE_CURVE('',#7592,#7594,#11043,.T.);
#9013=EDGE_CURVE('',#7280,#7594,#11044,.T.);
#9014=EDGE_CURVE('',#7595,#7279,#11045,.T.);
#9015=EDGE_CURVE('',#7397,#7595,#11046,.T.);
#9016=EDGE_CURVE('',#7593,#7396,#11047,.T.);
#9017=EDGE_CURVE('',#7596,#7597,#11048,.T.);
#9018=EDGE_CURVE('',#7596,#7579,#11049,.T.);
#9019=EDGE_CURVE('',#7586,#7598,#11050,.T.);
#9020=EDGE_CURVE('',#7597,#7598,#11051,.T.);
#9021=EDGE_CURVE('',#7162,#7155,#170,.T.);
#9022=EDGE_CURVE('',#7599,#7600,#11052,.T.);
#9023=EDGE_CURVE('',#7599,#7601,#11053,.T.);
#9024=EDGE_CURVE('',#7602,#7601,#11054,.T.);
#9025=EDGE_CURVE('',#7600,#7602,#171,.T.);
#9026=EDGE_CURVE('',#7603,#7604,#11055,.T.);
#9027=EDGE_CURVE('',#7603,#7605,#11056,.T.);
#9028=EDGE_CURVE('',#7606,#7605,#11057,.T.);
#9029=EDGE_CURVE('',#7604,#7606,#172,.T.);
#9030=EDGE_CURVE('',#7607,#7183,#11058,.T.);
#9031=EDGE_CURVE('',#7216,#7608,#11059,.T.);
#9032=EDGE_CURVE('',#7608,#7609,#11060,.T.);
#9033=EDGE_CURVE('',#7610,#7609,#11061,.T.);
#9034=EDGE_CURVE('',#7607,#7610,#11062,.T.);
#9035=EDGE_CURVE('',#7611,#7612,#11063,.T.);
#9036=EDGE_CURVE('',#7613,#7611,#11064,.T.);
#9037=EDGE_CURVE('',#7612,#7613,#11065,.T.);
#9038=EDGE_CURVE('',#7285,#7614,#11066,.T.);
#9039=EDGE_CURVE('',#7614,#7615,#11067,.T.);
#9040=EDGE_CURVE('',#7615,#7421,#11068,.T.);
#9041=EDGE_CURVE('',#7616,#7617,#11069,.T.);
#9042=EDGE_CURVE('',#7278,#7616,#11070,.T.);
#9043=EDGE_CURVE('',#7617,#7422,#11071,.T.);
#9044=EDGE_CURVE('',#7615,#7617,#11072,.T.);
#9045=EDGE_CURVE('',#7616,#7614,#11073,.T.);
#9046=EDGE_CURVE('',#7618,#7619,#11074,.T.);
#9047=EDGE_CURVE('',#7618,#7620,#11075,.T.);
#9048=EDGE_CURVE('',#7620,#7621,#11076,.T.);
#9049=EDGE_CURVE('',#7621,#7619,#11077,.T.);
#9050=EDGE_CURVE('',#7622,#7623,#11078,.T.);
#9051=EDGE_CURVE('',#7622,#7624,#11079,.T.);
#9052=EDGE_CURVE('',#7624,#7625,#11080,.T.);
#9053=EDGE_CURVE('',#7625,#7623,#11081,.T.);
#9054=EDGE_CURVE('',#7626,#7627,#11082,.T.);
#9055=EDGE_CURVE('',#7626,#7628,#11083,.T.);
#9056=EDGE_CURVE('',#7628,#7629,#11084,.T.);
#9057=EDGE_CURVE('',#7629,#7627,#11085,.T.);
#9058=EDGE_CURVE('',#7630,#7631,#11086,.T.);
#9059=EDGE_CURVE('',#7630,#7632,#11087,.T.);
#9060=EDGE_CURVE('',#7632,#7633,#11088,.T.);
#9061=EDGE_CURVE('',#7633,#7631,#11089,.T.);
#9062=EDGE_CURVE('',#7634,#7635,#11090,.T.);
#9063=EDGE_CURVE('',#7634,#7636,#11091,.T.);
#9064=EDGE_CURVE('',#7636,#7637,#11092,.T.);
#9065=EDGE_CURVE('',#7637,#7635,#11093,.T.);
#9066=EDGE_CURVE('',#7638,#7639,#11094,.T.);
#9067=EDGE_CURVE('',#7638,#7640,#11095,.T.);
#9068=EDGE_CURVE('',#7640,#7641,#11096,.T.);
#9069=EDGE_CURVE('',#7641,#7639,#11097,.T.);
#9070=EDGE_CURVE('',#7642,#7643,#11098,.T.);
#9071=EDGE_CURVE('',#7642,#7644,#11099,.T.);
#9072=EDGE_CURVE('',#7644,#7645,#11100,.T.);
#9073=EDGE_CURVE('',#7645,#7643,#11101,.T.);
#9074=EDGE_CURVE('',#7646,#7647,#11102,.T.);
#9075=EDGE_CURVE('',#7646,#7648,#11103,.T.);
#9076=EDGE_CURVE('',#7648,#7649,#11104,.T.);
#9077=EDGE_CURVE('',#7649,#7647,#11105,.T.);
#9078=EDGE_CURVE('',#7650,#7651,#11106,.T.);
#9079=EDGE_CURVE('',#7650,#7652,#11107,.T.);
#9080=EDGE_CURVE('',#7652,#7653,#11108,.T.);
#9081=EDGE_CURVE('',#7653,#7651,#11109,.T.);
#9082=EDGE_CURVE('',#7654,#7655,#11110,.T.);
#9083=EDGE_CURVE('',#7654,#7656,#11111,.T.);
#9084=EDGE_CURVE('',#7656,#7657,#11112,.T.);
#9085=EDGE_CURVE('',#7657,#7655,#11113,.T.);
#9086=EDGE_CURVE('',#7658,#7659,#11114,.T.);
#9087=EDGE_CURVE('',#7658,#7660,#11115,.T.);
#9088=EDGE_CURVE('',#7660,#7661,#11116,.T.);
#9089=EDGE_CURVE('',#7661,#7659,#11117,.T.);
#9090=EDGE_CURVE('',#7662,#7663,#11118,.T.);
#9091=EDGE_CURVE('',#7662,#7664,#11119,.T.);
#9092=EDGE_CURVE('',#7664,#7665,#11120,.T.);
#9093=EDGE_CURVE('',#7665,#7663,#11121,.T.);
#9094=EDGE_CURVE('',#7666,#7667,#11122,.T.);
#9095=EDGE_CURVE('',#7666,#7668,#11123,.T.);
#9096=EDGE_CURVE('',#7668,#7669,#11124,.T.);
#9097=EDGE_CURVE('',#7669,#7667,#11125,.T.);
#9098=EDGE_CURVE('',#7670,#7671,#11126,.T.);
#9099=EDGE_CURVE('',#7670,#7672,#11127,.T.);
#9100=EDGE_CURVE('',#7672,#7673,#11128,.T.);
#9101=EDGE_CURVE('',#7673,#7671,#11129,.T.);
#9102=EDGE_CURVE('',#7674,#7675,#11130,.T.);
#9103=EDGE_CURVE('',#7674,#7676,#11131,.T.);
#9104=EDGE_CURVE('',#7676,#7677,#11132,.T.);
#9105=EDGE_CURVE('',#7677,#7675,#11133,.T.);
#9106=EDGE_CURVE('',#7678,#7679,#11134,.T.);
#9107=EDGE_CURVE('',#7678,#7680,#11135,.T.);
#9108=EDGE_CURVE('',#7680,#7681,#11136,.T.);
#9109=EDGE_CURVE('',#7681,#7679,#11137,.T.);
#9110=EDGE_CURVE('',#7682,#7683,#11138,.T.);
#9111=EDGE_CURVE('',#7682,#7684,#11139,.T.);
#9112=EDGE_CURVE('',#7684,#7685,#11140,.T.);
#9113=EDGE_CURVE('',#7685,#7683,#11141,.T.);
#9114=EDGE_CURVE('',#7686,#7687,#11142,.T.);
#9115=EDGE_CURVE('',#7686,#7688,#11143,.T.);
#9116=EDGE_CURVE('',#7688,#7689,#11144,.T.);
#9117=EDGE_CURVE('',#7689,#7687,#11145,.T.);
#9118=EDGE_CURVE('',#7690,#7691,#11146,.T.);
#9119=EDGE_CURVE('',#7690,#7692,#11147,.T.);
#9120=EDGE_CURVE('',#7692,#7693,#11148,.T.);
#9121=EDGE_CURVE('',#7693,#7691,#11149,.T.);
#9122=EDGE_CURVE('',#7694,#7695,#11150,.T.);
#9123=EDGE_CURVE('',#7694,#7696,#11151,.T.);
#9124=EDGE_CURVE('',#7696,#7697,#11152,.T.);
#9125=EDGE_CURVE('',#7697,#7695,#11153,.T.);
#9126=EDGE_CURVE('',#7698,#7699,#11154,.T.);
#9127=EDGE_CURVE('',#7698,#7700,#11155,.T.);
#9128=EDGE_CURVE('',#7700,#7701,#11156,.T.);
#9129=EDGE_CURVE('',#7701,#7699,#11157,.T.);
#9130=EDGE_CURVE('',#7702,#7703,#11158,.T.);
#9131=EDGE_CURVE('',#7702,#7704,#11159,.T.);
#9132=EDGE_CURVE('',#7704,#7705,#11160,.T.);
#9133=EDGE_CURVE('',#7705,#7703,#11161,.T.);
#9134=EDGE_CURVE('',#7706,#7707,#11162,.T.);
#9135=EDGE_CURVE('',#7706,#7708,#11163,.T.);
#9136=EDGE_CURVE('',#7708,#7709,#11164,.T.);
#9137=EDGE_CURVE('',#7709,#7707,#11165,.T.);
#9138=EDGE_CURVE('',#7710,#7711,#11166,.T.);
#9139=EDGE_CURVE('',#7710,#7712,#11167,.T.);
#9140=EDGE_CURVE('',#7712,#7713,#11168,.T.);
#9141=EDGE_CURVE('',#7713,#7711,#11169,.T.);
#9142=EDGE_CURVE('',#7714,#7715,#11170,.T.);
#9143=EDGE_CURVE('',#7714,#7716,#11171,.T.);
#9144=EDGE_CURVE('',#7716,#7717,#11172,.T.);
#9145=EDGE_CURVE('',#7717,#7715,#11173,.T.);
#9146=EDGE_CURVE('',#7718,#7719,#11174,.T.);
#9147=EDGE_CURVE('',#7718,#7720,#11175,.T.);
#9148=EDGE_CURVE('',#7720,#7721,#11176,.T.);
#9149=EDGE_CURVE('',#7721,#7719,#11177,.T.);
#9150=EDGE_CURVE('',#7722,#7723,#11178,.T.);
#9151=EDGE_CURVE('',#7722,#7724,#11179,.T.);
#9152=EDGE_CURVE('',#7724,#7725,#11180,.T.);
#9153=EDGE_CURVE('',#7725,#7723,#11181,.T.);
#9154=EDGE_CURVE('',#7595,#7590,#11182,.T.);
#9155=EDGE_CURVE('',#7389,#7726,#11183,.T.);
#9156=EDGE_CURVE('',#7391,#7727,#11184,.T.);
#9157=EDGE_CURVE('',#7727,#7728,#11185,.T.);
#9158=EDGE_CURVE('',#7400,#7728,#11186,.T.);
#9159=EDGE_CURVE('',#7729,#7588,#11187,.T.);
#9160=EDGE_CURVE('',#7729,#7580,#11188,.T.);
#9161=EDGE_CURVE('',#7730,#7407,#11189,.T.);
#9162=EDGE_CURVE('',#7731,#7730,#11190,.T.);
#9163=EDGE_CURVE('',#7731,#7732,#11191,.T.);
#9164=EDGE_CURVE('',#7732,#7733,#173,.T.);
#9165=EDGE_CURVE('',#7733,#7734,#11192,.T.);
#9166=EDGE_CURVE('',#7735,#7734,#11193,.T.);
#9167=EDGE_CURVE('',#7735,#7736,#11194,.T.);
#9168=EDGE_CURVE('',#7736,#7737,#174,.T.);
#9169=EDGE_CURVE('',#7737,#7738,#11195,.T.);
#9170=EDGE_CURVE('',#7585,#7738,#11196,.T.);
#9171=EDGE_CURVE('',#7584,#7219,#11197,.T.);
#9172=EDGE_CURVE('',#7593,#7596,#11198,.T.);
#9173=EDGE_CURVE('',#7395,#7739,#11199,.T.);
#9174=EDGE_CURVE('',#7739,#7740,#11200,.T.);
#9175=EDGE_CURVE('',#7289,#7740,#11201,.T.);
#9176=EDGE_CURVE('',#7291,#7741,#11202,.T.);
#9177=EDGE_CURVE('',#7741,#7742,#11203,.T.);
#9178=EDGE_CURVE('',#7293,#7742,#11204,.T.);
#9179=EDGE_CURVE('',#7295,#7743,#11205,.T.);
#9180=EDGE_CURVE('',#7743,#7744,#11206,.T.);
#9181=EDGE_CURVE('',#7297,#7744,#11207,.T.);
#9182=EDGE_CURVE('',#7299,#7745,#11208,.T.);
#9183=EDGE_CURVE('',#7745,#7746,#11209,.T.);
#9184=EDGE_CURVE('',#7301,#7746,#11210,.T.);
#9185=EDGE_CURVE('',#7303,#7747,#11211,.T.);
#9186=EDGE_CURVE('',#7747,#7748,#11212,.T.);
#9187=EDGE_CURVE('',#7305,#7748,#11213,.T.);
#9188=EDGE_CURVE('',#7307,#7749,#11214,.T.);
#9189=EDGE_CURVE('',#7749,#7750,#11215,.T.);
#9190=EDGE_CURVE('',#7309,#7750,#11216,.T.);
#9191=EDGE_CURVE('',#7311,#7751,#11217,.T.);
#9192=EDGE_CURVE('',#7751,#7752,#11218,.T.);
#9193=EDGE_CURVE('',#7313,#7752,#11219,.T.);
#9194=EDGE_CURVE('',#7315,#7753,#11220,.T.);
#9195=EDGE_CURVE('',#7753,#7754,#11221,.T.);
#9196=EDGE_CURVE('',#7317,#7754,#11222,.T.);
#9197=EDGE_CURVE('',#7319,#7755,#11223,.T.);
#9198=EDGE_CURVE('',#7755,#7756,#11224,.T.);
#9199=EDGE_CURVE('',#7321,#7756,#11225,.T.);
#9200=EDGE_CURVE('',#7323,#7757,#11226,.T.);
#9201=EDGE_CURVE('',#7757,#7758,#11227,.T.);
#9202=EDGE_CURVE('',#7325,#7758,#11228,.T.);
#9203=EDGE_CURVE('',#7327,#7759,#11229,.T.);
#9204=EDGE_CURVE('',#7759,#7760,#11230,.T.);
#9205=EDGE_CURVE('',#7329,#7760,#11231,.T.);
#9206=EDGE_CURVE('',#7331,#7761,#11232,.T.);
#9207=EDGE_CURVE('',#7761,#7762,#11233,.T.);
#9208=EDGE_CURVE('',#7333,#7762,#11234,.T.);
#9209=EDGE_CURVE('',#7335,#7763,#11235,.T.);
#9210=EDGE_CURVE('',#7763,#7764,#11236,.T.);
#9211=EDGE_CURVE('',#7337,#7764,#11237,.T.);
#9212=EDGE_CURVE('',#7339,#7765,#11238,.T.);
#9213=EDGE_CURVE('',#7765,#7766,#11239,.T.);
#9214=EDGE_CURVE('',#7341,#7766,#11240,.T.);
#9215=EDGE_CURVE('',#7343,#7767,#11241,.T.);
#9216=EDGE_CURVE('',#7767,#7768,#11242,.T.);
#9217=EDGE_CURVE('',#7345,#7768,#11243,.T.);
#9218=EDGE_CURVE('',#7347,#7769,#11244,.T.);
#9219=EDGE_CURVE('',#7769,#7770,#11245,.T.);
#9220=EDGE_CURVE('',#7349,#7770,#11246,.T.);
#9221=EDGE_CURVE('',#7351,#7771,#11247,.T.);
#9222=EDGE_CURVE('',#7771,#7772,#11248,.T.);
#9223=EDGE_CURVE('',#7353,#7772,#11249,.T.);
#9224=EDGE_CURVE('',#7355,#7773,#11250,.T.);
#9225=EDGE_CURVE('',#7773,#7774,#11251,.T.);
#9226=EDGE_CURVE('',#7357,#7774,#11252,.T.);
#9227=EDGE_CURVE('',#7359,#7775,#11253,.T.);
#9228=EDGE_CURVE('',#7775,#7776,#11254,.T.);
#9229=EDGE_CURVE('',#7361,#7776,#11255,.T.);
#9230=EDGE_CURVE('',#7363,#7777,#11256,.T.);
#9231=EDGE_CURVE('',#7777,#7778,#11257,.T.);
#9232=EDGE_CURVE('',#7365,#7778,#11258,.T.);
#9233=EDGE_CURVE('',#7367,#7779,#11259,.T.);
#9234=EDGE_CURVE('',#7779,#7780,#11260,.T.);
#9235=EDGE_CURVE('',#7369,#7780,#11261,.T.);
#9236=EDGE_CURVE('',#7371,#7781,#11262,.T.);
#9237=EDGE_CURVE('',#7781,#7782,#11263,.T.);
#9238=EDGE_CURVE('',#7373,#7782,#11264,.T.);
#9239=EDGE_CURVE('',#7375,#7783,#11265,.T.);
#9240=EDGE_CURVE('',#7783,#7784,#11266,.T.);
#9241=EDGE_CURVE('',#7377,#7784,#11267,.T.);
#9242=EDGE_CURVE('',#7379,#7785,#11268,.T.);
#9243=EDGE_CURVE('',#7785,#7786,#11269,.T.);
#9244=EDGE_CURVE('',#7381,#7786,#11270,.T.);
#9245=EDGE_CURVE('',#7383,#7787,#11271,.T.);
#9246=EDGE_CURVE('',#7787,#7788,#11272,.T.);
#9247=EDGE_CURVE('',#7385,#7788,#11273,.T.);
#9248=EDGE_CURVE('',#7387,#7789,#11274,.T.);
#9249=EDGE_CURVE('',#7789,#7726,#11275,.T.);
#9250=EDGE_CURVE('',#7737,#7606,#11276,.T.);
#9251=EDGE_CURVE('',#7605,#7738,#11277,.T.);
#9252=EDGE_CURVE('',#7603,#7735,#11278,.T.);
#9253=EDGE_CURVE('',#7736,#7604,#11279,.T.);
#9254=EDGE_CURVE('',#7733,#7602,#11280,.T.);
#9255=EDGE_CURVE('',#7601,#7734,#11281,.T.);
#9256=EDGE_CURVE('',#7599,#7731,#11282,.T.);
#9257=EDGE_CURVE('',#7732,#7600,#11283,.T.);
#9258=EDGE_CURVE('',#7790,#7729,#11284,.T.);
#9259=EDGE_CURVE('',#7790,#7791,#11285,.T.);
#9260=EDGE_CURVE('',#7791,#7587,#11286,.T.);
#9261=EDGE_CURVE('',#7405,#7792,#11287,.T.);
#9262=EDGE_CURVE('',#7792,#7793,#11288,.T.);
#9263=EDGE_CURVE('',#7793,#7406,#11289,.T.);
#9264=EDGE_CURVE('',#7793,#7730,#11290,.T.);
#9265=EDGE_CURVE('',#7598,#7594,#11291,.T.);
#9266=EDGE_CURVE('',#7592,#7597,#11292,.T.);
#9267=EDGE_CURVE('',#7591,#7791,#11293,.T.);
#9268=EDGE_CURVE('',#7790,#7589,#11294,.T.);
#9269=EDGE_CURVE('',#7794,#7230,#11295,.T.);
#9270=EDGE_CURVE('',#7794,#7795,#11296,.T.);
#9271=EDGE_CURVE('',#7229,#7795,#11297,.T.);
#9272=EDGE_CURVE('',#7220,#7231,#11298,.T.);
#9273=EDGE_CURVE('',#7232,#7796,#11299,.T.);
#9274=EDGE_CURVE('',#7270,#7796,#11300,.T.);
#9275=EDGE_CURVE('',#7420,#7196,#11301,.T.);
#9276=EDGE_CURVE('',#7256,#7423,#11302,.T.);
#9277=EDGE_CURVE('',#7205,#7202,#11303,.T.);
#9278=EDGE_CURVE('',#7201,#7206,#11304,.T.);
#9279=EDGE_CURVE('',#7265,#7259,#11305,.T.);
#9280=EDGE_CURVE('',#7260,#7264,#11306,.T.);
#9281=EDGE_CURVE('',#7797,#7401,#11307,.T.);
#9282=EDGE_CURVE('',#7728,#7797,#175,.T.);
#9283=EDGE_CURVE('',#7798,#7390,#11308,.T.);
#9284=EDGE_CURVE('',#7727,#7798,#176,.T.);
#9285=EDGE_CURVE('',#7797,#7798,#11309,.T.);
#9286=EDGE_CURVE('',#7799,#7800,#11310,.T.);
#9287=EDGE_CURVE('',#7801,#7800,#11311,.T.);
#9288=EDGE_CURVE('',#7802,#7801,#11312,.T.);
#9289=EDGE_CURVE('',#7802,#7799,#11313,.T.);
#9290=EDGE_CURVE('',#7800,#7803,#177,.T.);
#9291=EDGE_CURVE('',#7804,#7803,#11314,.T.);
#9292=EDGE_CURVE('',#7801,#7804,#178,.T.);
#9293=EDGE_CURVE('',#7803,#7805,#11315,.T.);
#9294=EDGE_CURVE('',#7806,#7805,#11316,.T.);
#9295=EDGE_CURVE('',#7804,#7806,#11317,.T.);
#9296=EDGE_CURVE('',#7806,#7722,#179,.T.);
#9297=EDGE_CURVE('',#7723,#7802,#11318,.T.);
#9298=EDGE_CURVE('',#7805,#7724,#180,.T.);
#9299=EDGE_CURVE('',#7725,#7799,#11319,.T.);
#9300=EDGE_CURVE('',#7807,#7583,#11320,.T.);
#9301=EDGE_CURVE('',#7808,#7582,#11321,.T.);
#9302=EDGE_CURVE('',#7808,#7807,#11322,.T.);
#9303=EDGE_CURVE('',#7418,#7809,#11323,.T.);
#9304=EDGE_CURVE('',#7809,#7810,#11324,.T.);
#9305=EDGE_CURVE('',#7810,#7811,#11325,.T.);
#9306=EDGE_CURVE('',#7811,#7812,#11326,.T.);
#9307=EDGE_CURVE('',#7812,#7808,#11327,.T.);
#9308=EDGE_CURVE('',#7813,#7807,#11328,.T.);
#9309=EDGE_CURVE('',#7814,#7813,#11329,.T.);
#9310=EDGE_CURVE('',#7815,#7814,#11330,.T.);
#9311=EDGE_CURVE('',#7816,#7815,#11331,.T.);
#9312=EDGE_CURVE('',#7417,#7816,#11332,.T.);
#9313=EDGE_CURVE('',#7809,#7816,#11333,.T.);
#9314=EDGE_CURVE('',#7810,#7815,#11334,.T.);
#9315=EDGE_CURVE('',#7811,#7814,#11335,.T.);
#9316=EDGE_CURVE('',#7812,#7813,#11336,.T.);
#9317=EDGE_CURVE('',#7817,#7288,#11337,.T.);
#9318=EDGE_CURVE('',#7740,#7817,#181,.T.);
#9319=EDGE_CURVE('',#7818,#7394,#11338,.T.);
#9320=EDGE_CURVE('',#7739,#7818,#182,.T.);
#9321=EDGE_CURVE('',#7817,#7818,#11339,.T.);
#9322=EDGE_CURVE('',#7819,#7292,#11340,.T.);
#9323=EDGE_CURVE('',#7742,#7819,#183,.T.);
#9324=EDGE_CURVE('',#7820,#7290,#11341,.T.);
#9325=EDGE_CURVE('',#7741,#7820,#184,.T.);
#9326=EDGE_CURVE('',#7819,#7820,#11342,.T.);
#9327=EDGE_CURVE('',#7821,#7296,#11343,.T.);
#9328=EDGE_CURVE('',#7744,#7821,#185,.T.);
#9329=EDGE_CURVE('',#7822,#7294,#11344,.T.);
#9330=EDGE_CURVE('',#7743,#7822,#186,.T.);
#9331=EDGE_CURVE('',#7821,#7822,#11345,.T.);
#9332=EDGE_CURVE('',#7823,#7300,#11346,.T.);
#9333=EDGE_CURVE('',#7746,#7823,#187,.T.);
#9334=EDGE_CURVE('',#7824,#7298,#11347,.T.);
#9335=EDGE_CURVE('',#7745,#7824,#188,.T.);
#9336=EDGE_CURVE('',#7823,#7824,#11348,.T.);
#9337=EDGE_CURVE('',#7825,#7304,#11349,.T.);
#9338=EDGE_CURVE('',#7748,#7825,#189,.T.);
#9339=EDGE_CURVE('',#7826,#7302,#11350,.T.);
#9340=EDGE_CURVE('',#7747,#7826,#190,.T.);
#9341=EDGE_CURVE('',#7825,#7826,#11351,.T.);
#9342=EDGE_CURVE('',#7827,#7308,#11352,.T.);
#9343=EDGE_CURVE('',#7750,#7827,#191,.T.);
#9344=EDGE_CURVE('',#7828,#7306,#11353,.T.);
#9345=EDGE_CURVE('',#7749,#7828,#192,.T.);
#9346=EDGE_CURVE('',#7827,#7828,#11354,.T.);
#9347=EDGE_CURVE('',#7829,#7312,#11355,.T.);
#9348=EDGE_CURVE('',#7752,#7829,#193,.T.);
#9349=EDGE_CURVE('',#7830,#7310,#11356,.T.);
#9350=EDGE_CURVE('',#7751,#7830,#194,.T.);
#9351=EDGE_CURVE('',#7829,#7830,#11357,.T.);
#9352=EDGE_CURVE('',#7831,#7316,#11358,.T.);
#9353=EDGE_CURVE('',#7754,#7831,#195,.T.);
#9354=EDGE_CURVE('',#7832,#7314,#11359,.T.);
#9355=EDGE_CURVE('',#7753,#7832,#196,.T.);
#9356=EDGE_CURVE('',#7831,#7832,#11360,.T.);
#9357=EDGE_CURVE('',#7833,#7320,#11361,.T.);
#9358=EDGE_CURVE('',#7756,#7833,#197,.T.);
#9359=EDGE_CURVE('',#7834,#7318,#11362,.T.);
#9360=EDGE_CURVE('',#7755,#7834,#198,.T.);
#9361=EDGE_CURVE('',#7833,#7834,#11363,.T.);
#9362=EDGE_CURVE('',#7835,#7324,#11364,.T.);
#9363=EDGE_CURVE('',#7758,#7835,#199,.T.);
#9364=EDGE_CURVE('',#7836,#7322,#11365,.T.);
#9365=EDGE_CURVE('',#7757,#7836,#200,.T.);
#9366=EDGE_CURVE('',#7835,#7836,#11366,.T.);
#9367=EDGE_CURVE('',#7837,#7328,#11367,.T.);
#9368=EDGE_CURVE('',#7760,#7837,#201,.T.);
#9369=EDGE_CURVE('',#7838,#7326,#11368,.T.);
#9370=EDGE_CURVE('',#7759,#7838,#202,.T.);
#9371=EDGE_CURVE('',#7837,#7838,#11369,.T.);
#9372=EDGE_CURVE('',#7839,#7332,#11370,.T.);
#9373=EDGE_CURVE('',#7762,#7839,#203,.T.);
#9374=EDGE_CURVE('',#7840,#7330,#11371,.T.);
#9375=EDGE_CURVE('',#7761,#7840,#204,.T.);
#9376=EDGE_CURVE('',#7839,#7840,#11372,.T.);
#9377=EDGE_CURVE('',#7841,#7336,#11373,.T.);
#9378=EDGE_CURVE('',#7764,#7841,#205,.T.);
#9379=EDGE_CURVE('',#7842,#7334,#11374,.T.);
#9380=EDGE_CURVE('',#7763,#7842,#206,.T.);
#9381=EDGE_CURVE('',#7841,#7842,#11375,.T.);
#9382=EDGE_CURVE('',#7843,#7340,#11376,.T.);
#9383=EDGE_CURVE('',#7766,#7843,#207,.T.);
#9384=EDGE_CURVE('',#7844,#7338,#11377,.T.);
#9385=EDGE_CURVE('',#7765,#7844,#208,.T.);
#9386=EDGE_CURVE('',#7843,#7844,#11378,.T.);
#9387=EDGE_CURVE('',#7845,#7344,#11379,.T.);
#9388=EDGE_CURVE('',#7768,#7845,#209,.T.);
#9389=EDGE_CURVE('',#7846,#7342,#11380,.T.);
#9390=EDGE_CURVE('',#7767,#7846,#210,.T.);
#9391=EDGE_CURVE('',#7845,#7846,#11381,.T.);
#9392=EDGE_CURVE('',#7847,#7348,#11382,.T.);
#9393=EDGE_CURVE('',#7770,#7847,#211,.T.);
#9394=EDGE_CURVE('',#7848,#7346,#11383,.T.);
#9395=EDGE_CURVE('',#7769,#7848,#212,.T.);
#9396=EDGE_CURVE('',#7847,#7848,#11384,.T.);
#9397=EDGE_CURVE('',#7849,#7352,#11385,.T.);
#9398=EDGE_CURVE('',#7772,#7849,#213,.T.);
#9399=EDGE_CURVE('',#7850,#7350,#11386,.T.);
#9400=EDGE_CURVE('',#7771,#7850,#214,.T.);
#9401=EDGE_CURVE('',#7849,#7850,#11387,.T.);
#9402=EDGE_CURVE('',#7851,#7356,#11388,.T.);
#9403=EDGE_CURVE('',#7774,#7851,#215,.T.);
#9404=EDGE_CURVE('',#7852,#7354,#11389,.T.);
#9405=EDGE_CURVE('',#7773,#7852,#216,.T.);
#9406=EDGE_CURVE('',#7851,#7852,#11390,.T.);
#9407=EDGE_CURVE('',#7853,#7360,#11391,.T.);
#9408=EDGE_CURVE('',#7776,#7853,#217,.T.);
#9409=EDGE_CURVE('',#7854,#7358,#11392,.T.);
#9410=EDGE_CURVE('',#7775,#7854,#218,.T.);
#9411=EDGE_CURVE('',#7853,#7854,#11393,.T.);
#9412=EDGE_CURVE('',#7855,#7364,#11394,.T.);
#9413=EDGE_CURVE('',#7778,#7855,#219,.T.);
#9414=EDGE_CURVE('',#7856,#7362,#11395,.T.);
#9415=EDGE_CURVE('',#7777,#7856,#220,.T.);
#9416=EDGE_CURVE('',#7855,#7856,#11396,.T.);
#9417=EDGE_CURVE('',#7857,#7368,#11397,.T.);
#9418=EDGE_CURVE('',#7780,#7857,#221,.T.);
#9419=EDGE_CURVE('',#7858,#7366,#11398,.T.);
#9420=EDGE_CURVE('',#7779,#7858,#222,.T.);
#9421=EDGE_CURVE('',#7857,#7858,#11399,.T.);
#9422=EDGE_CURVE('',#7859,#7372,#11400,.T.);
#9423=EDGE_CURVE('',#7782,#7859,#223,.T.);
#9424=EDGE_CURVE('',#7860,#7370,#11401,.T.);
#9425=EDGE_CURVE('',#7781,#7860,#224,.T.);
#9426=EDGE_CURVE('',#7859,#7860,#11402,.T.);
#9427=EDGE_CURVE('',#7861,#7376,#11403,.T.);
#9428=EDGE_CURVE('',#7784,#7861,#225,.T.);
#9429=EDGE_CURVE('',#7862,#7374,#11404,.T.);
#9430=EDGE_CURVE('',#7783,#7862,#226,.T.);
#9431=EDGE_CURVE('',#7861,#7862,#11405,.T.);
#9432=EDGE_CURVE('',#7863,#7380,#11406,.T.);
#9433=EDGE_CURVE('',#7786,#7863,#227,.T.);
#9434=EDGE_CURVE('',#7864,#7378,#11407,.T.);
#9435=EDGE_CURVE('',#7785,#7864,#228,.T.);
#9436=EDGE_CURVE('',#7863,#7864,#11408,.T.);
#9437=EDGE_CURVE('',#7865,#7384,#11409,.T.);
#9438=EDGE_CURVE('',#7788,#7865,#229,.T.);
#9439=EDGE_CURVE('',#7866,#7382,#11410,.T.);
#9440=EDGE_CURVE('',#7787,#7866,#230,.T.);
#9441=EDGE_CURVE('',#7865,#7866,#11411,.T.);
#9442=EDGE_CURVE('',#7867,#7388,#11412,.T.);
#9443=EDGE_CURVE('',#7726,#7867,#231,.T.);
#9444=EDGE_CURVE('',#7868,#7386,#11413,.T.);
#9445=EDGE_CURVE('',#7789,#7868,#232,.T.);
#9446=EDGE_CURVE('',#7867,#7868,#11414,.T.);
#9447=EDGE_CURVE('',#7869,#7870,#11415,.T.);
#9448=EDGE_CURVE('',#7871,#7870,#11416,.T.);
#9449=EDGE_CURVE('',#7872,#7871,#11417,.T.);
#9450=EDGE_CURVE('',#7872,#7869,#11418,.T.);
#9451=EDGE_CURVE('',#7870,#7873,#233,.T.);
#9452=EDGE_CURVE('',#7874,#7873,#11419,.T.);
#9453=EDGE_CURVE('',#7871,#7874,#234,.T.);
#9454=EDGE_CURVE('',#7873,#7875,#11420,.T.);
#9455=EDGE_CURVE('',#7876,#7875,#11421,.T.);
#9456=EDGE_CURVE('',#7874,#7876,#11422,.T.);
#9457=EDGE_CURVE('',#7876,#7718,#235,.T.);
#9458=EDGE_CURVE('',#7719,#7872,#11423,.T.);
#9459=EDGE_CURVE('',#7875,#7720,#236,.T.);
#9460=EDGE_CURVE('',#7721,#7869,#11424,.T.);
#9461=EDGE_CURVE('',#7877,#7878,#11425,.T.);
#9462=EDGE_CURVE('',#7879,#7878,#11426,.T.);
#9463=EDGE_CURVE('',#7880,#7879,#11427,.T.);
#9464=EDGE_CURVE('',#7880,#7877,#11428,.T.);
#9465=EDGE_CURVE('',#7878,#7881,#237,.T.);
#9466=EDGE_CURVE('',#7882,#7881,#11429,.T.);
#9467=EDGE_CURVE('',#7879,#7882,#238,.T.);
#9468=EDGE_CURVE('',#7881,#7883,#11430,.T.);
#9469=EDGE_CURVE('',#7884,#7883,#11431,.T.);
#9470=EDGE_CURVE('',#7882,#7884,#11432,.T.);
#9471=EDGE_CURVE('',#7884,#7714,#239,.T.);
#9472=EDGE_CURVE('',#7715,#7880,#11433,.T.);
#9473=EDGE_CURVE('',#7883,#7716,#240,.T.);
#9474=EDGE_CURVE('',#7717,#7877,#11434,.T.);
#9475=EDGE_CURVE('',#7885,#7886,#11435,.T.);
#9476=EDGE_CURVE('',#7887,#7886,#11436,.T.);
#9477=EDGE_CURVE('',#7888,#7887,#11437,.T.);
#9478=EDGE_CURVE('',#7888,#7885,#11438,.T.);
#9479=EDGE_CURVE('',#7886,#7889,#241,.T.);
#9480=EDGE_CURVE('',#7890,#7889,#11439,.T.);
#9481=EDGE_CURVE('',#7887,#7890,#242,.T.);
#9482=EDGE_CURVE('',#7889,#7891,#11440,.T.);
#9483=EDGE_CURVE('',#7892,#7891,#11441,.T.);
#9484=EDGE_CURVE('',#7890,#7892,#11442,.T.);
#9485=EDGE_CURVE('',#7892,#7710,#243,.T.);
#9486=EDGE_CURVE('',#7711,#7888,#11443,.T.);
#9487=EDGE_CURVE('',#7891,#7712,#244,.T.);
#9488=EDGE_CURVE('',#7713,#7885,#11444,.T.);
#9489=EDGE_CURVE('',#7893,#7894,#11445,.T.);
#9490=EDGE_CURVE('',#7895,#7894,#11446,.T.);
#9491=EDGE_CURVE('',#7896,#7895,#11447,.T.);
#9492=EDGE_CURVE('',#7896,#7893,#11448,.T.);
#9493=EDGE_CURVE('',#7894,#7897,#245,.T.);
#9494=EDGE_CURVE('',#7898,#7897,#11449,.T.);
#9495=EDGE_CURVE('',#7895,#7898,#246,.T.);
#9496=EDGE_CURVE('',#7897,#7899,#11450,.T.);
#9497=EDGE_CURVE('',#7900,#7899,#11451,.T.);
#9498=EDGE_CURVE('',#7898,#7900,#11452,.T.);
#9499=EDGE_CURVE('',#7900,#7706,#247,.T.);
#9500=EDGE_CURVE('',#7707,#7896,#11453,.T.);
#9501=EDGE_CURVE('',#7899,#7708,#248,.T.);
#9502=EDGE_CURVE('',#7709,#7893,#11454,.T.);
#9503=EDGE_CURVE('',#7901,#7902,#11455,.T.);
#9504=EDGE_CURVE('',#7903,#7902,#11456,.T.);
#9505=EDGE_CURVE('',#7904,#7903,#11457,.T.);
#9506=EDGE_CURVE('',#7904,#7901,#11458,.T.);
#9507=EDGE_CURVE('',#7902,#7905,#249,.T.);
#9508=EDGE_CURVE('',#7906,#7905,#11459,.T.);
#9509=EDGE_CURVE('',#7903,#7906,#250,.T.);
#9510=EDGE_CURVE('',#7905,#7907,#11460,.T.);
#9511=EDGE_CURVE('',#7908,#7907,#11461,.T.);
#9512=EDGE_CURVE('',#7906,#7908,#11462,.T.);
#9513=EDGE_CURVE('',#7908,#7702,#251,.T.);
#9514=EDGE_CURVE('',#7703,#7904,#11463,.T.);
#9515=EDGE_CURVE('',#7907,#7704,#252,.T.);
#9516=EDGE_CURVE('',#7705,#7901,#11464,.T.);
#9517=EDGE_CURVE('',#7909,#7910,#11465,.T.);
#9518=EDGE_CURVE('',#7911,#7910,#11466,.T.);
#9519=EDGE_CURVE('',#7912,#7911,#11467,.T.);
#9520=EDGE_CURVE('',#7912,#7909,#11468,.T.);
#9521=EDGE_CURVE('',#7910,#7913,#253,.T.);
#9522=EDGE_CURVE('',#7914,#7913,#11469,.T.);
#9523=EDGE_CURVE('',#7911,#7914,#254,.T.);
#9524=EDGE_CURVE('',#7913,#7915,#11470,.T.);
#9525=EDGE_CURVE('',#7916,#7915,#11471,.T.);
#9526=EDGE_CURVE('',#7914,#7916,#11472,.T.);
#9527=EDGE_CURVE('',#7916,#7698,#255,.T.);
#9528=EDGE_CURVE('',#7699,#7912,#11473,.T.);
#9529=EDGE_CURVE('',#7915,#7700,#256,.T.);
#9530=EDGE_CURVE('',#7701,#7909,#11474,.T.);
#9531=EDGE_CURVE('',#7917,#7918,#11475,.T.);
#9532=EDGE_CURVE('',#7919,#7918,#11476,.T.);
#9533=EDGE_CURVE('',#7920,#7919,#11477,.T.);
#9534=EDGE_CURVE('',#7920,#7917,#11478,.T.);
#9535=EDGE_CURVE('',#7918,#7921,#257,.T.);
#9536=EDGE_CURVE('',#7922,#7921,#11479,.T.);
#9537=EDGE_CURVE('',#7919,#7922,#258,.T.);
#9538=EDGE_CURVE('',#7921,#7923,#11480,.T.);
#9539=EDGE_CURVE('',#7924,#7923,#11481,.T.);
#9540=EDGE_CURVE('',#7922,#7924,#11482,.T.);
#9541=EDGE_CURVE('',#7924,#7694,#259,.T.);
#9542=EDGE_CURVE('',#7695,#7920,#11483,.T.);
#9543=EDGE_CURVE('',#7923,#7696,#260,.T.);
#9544=EDGE_CURVE('',#7697,#7917,#11484,.T.);
#9545=EDGE_CURVE('',#7925,#7926,#11485,.T.);
#9546=EDGE_CURVE('',#7927,#7926,#11486,.T.);
#9547=EDGE_CURVE('',#7928,#7927,#11487,.T.);
#9548=EDGE_CURVE('',#7928,#7925,#11488,.T.);
#9549=EDGE_CURVE('',#7926,#7929,#261,.T.);
#9550=EDGE_CURVE('',#7930,#7929,#11489,.T.);
#9551=EDGE_CURVE('',#7927,#7930,#262,.T.);
#9552=EDGE_CURVE('',#7929,#7931,#11490,.T.);
#9553=EDGE_CURVE('',#7932,#7931,#11491,.T.);
#9554=EDGE_CURVE('',#7930,#7932,#11492,.T.);
#9555=EDGE_CURVE('',#7932,#7690,#263,.T.);
#9556=EDGE_CURVE('',#7691,#7928,#11493,.T.);
#9557=EDGE_CURVE('',#7931,#7692,#264,.T.);
#9558=EDGE_CURVE('',#7693,#7925,#11494,.T.);
#9559=EDGE_CURVE('',#7933,#7934,#11495,.T.);
#9560=EDGE_CURVE('',#7935,#7934,#11496,.T.);
#9561=EDGE_CURVE('',#7936,#7935,#11497,.T.);
#9562=EDGE_CURVE('',#7936,#7933,#11498,.T.);
#9563=EDGE_CURVE('',#7934,#7937,#265,.T.);
#9564=EDGE_CURVE('',#7938,#7937,#11499,.T.);
#9565=EDGE_CURVE('',#7935,#7938,#266,.T.);
#9566=EDGE_CURVE('',#7937,#7939,#11500,.T.);
#9567=EDGE_CURVE('',#7940,#7939,#11501,.T.);
#9568=EDGE_CURVE('',#7938,#7940,#11502,.T.);
#9569=EDGE_CURVE('',#7940,#7686,#267,.T.);
#9570=EDGE_CURVE('',#7687,#7936,#11503,.T.);
#9571=EDGE_CURVE('',#7939,#7688,#268,.T.);
#9572=EDGE_CURVE('',#7689,#7933,#11504,.T.);
#9573=EDGE_CURVE('',#7941,#7942,#11505,.T.);
#9574=EDGE_CURVE('',#7943,#7942,#11506,.T.);
#9575=EDGE_CURVE('',#7944,#7943,#11507,.T.);
#9576=EDGE_CURVE('',#7944,#7941,#11508,.T.);
#9577=EDGE_CURVE('',#7942,#7945,#269,.T.);
#9578=EDGE_CURVE('',#7946,#7945,#11509,.T.);
#9579=EDGE_CURVE('',#7943,#7946,#270,.T.);
#9580=EDGE_CURVE('',#7945,#7947,#11510,.T.);
#9581=EDGE_CURVE('',#7948,#7947,#11511,.T.);
#9582=EDGE_CURVE('',#7946,#7948,#11512,.T.);
#9583=EDGE_CURVE('',#7948,#7682,#271,.T.);
#9584=EDGE_CURVE('',#7683,#7944,#11513,.T.);
#9585=EDGE_CURVE('',#7947,#7684,#272,.T.);
#9586=EDGE_CURVE('',#7685,#7941,#11514,.T.);
#9587=EDGE_CURVE('',#7949,#7950,#11515,.T.);
#9588=EDGE_CURVE('',#7951,#7950,#11516,.T.);
#9589=EDGE_CURVE('',#7952,#7951,#11517,.T.);
#9590=EDGE_CURVE('',#7952,#7949,#11518,.T.);
#9591=EDGE_CURVE('',#7950,#7953,#273,.T.);
#9592=EDGE_CURVE('',#7954,#7953,#11519,.T.);
#9593=EDGE_CURVE('',#7951,#7954,#274,.T.);
#9594=EDGE_CURVE('',#7953,#7955,#11520,.T.);
#9595=EDGE_CURVE('',#7956,#7955,#11521,.T.);
#9596=EDGE_CURVE('',#7954,#7956,#11522,.T.);
#9597=EDGE_CURVE('',#7956,#7678,#275,.T.);
#9598=EDGE_CURVE('',#7679,#7952,#11523,.T.);
#9599=EDGE_CURVE('',#7955,#7680,#276,.T.);
#9600=EDGE_CURVE('',#7681,#7949,#11524,.T.);
#9601=EDGE_CURVE('',#7957,#7958,#11525,.T.);
#9602=EDGE_CURVE('',#7959,#7958,#11526,.T.);
#9603=EDGE_CURVE('',#7960,#7959,#11527,.T.);
#9604=EDGE_CURVE('',#7960,#7957,#11528,.T.);
#9605=EDGE_CURVE('',#7958,#7961,#277,.T.);
#9606=EDGE_CURVE('',#7962,#7961,#11529,.T.);
#9607=EDGE_CURVE('',#7959,#7962,#278,.T.);
#9608=EDGE_CURVE('',#7961,#7963,#11530,.T.);
#9609=EDGE_CURVE('',#7964,#7963,#11531,.T.);
#9610=EDGE_CURVE('',#7962,#7964,#11532,.T.);
#9611=EDGE_CURVE('',#7964,#7674,#279,.T.);
#9612=EDGE_CURVE('',#7675,#7960,#11533,.T.);
#9613=EDGE_CURVE('',#7963,#7676,#280,.T.);
#9614=EDGE_CURVE('',#7677,#7957,#11534,.T.);
#9615=EDGE_CURVE('',#7965,#7966,#11535,.T.);
#9616=EDGE_CURVE('',#7967,#7966,#11536,.T.);
#9617=EDGE_CURVE('',#7968,#7967,#11537,.T.);
#9618=EDGE_CURVE('',#7968,#7965,#11538,.T.);
#9619=EDGE_CURVE('',#7966,#7969,#281,.T.);
#9620=EDGE_CURVE('',#7970,#7969,#11539,.T.);
#9621=EDGE_CURVE('',#7967,#7970,#282,.T.);
#9622=EDGE_CURVE('',#7969,#7971,#11540,.T.);
#9623=EDGE_CURVE('',#7972,#7971,#11541,.T.);
#9624=EDGE_CURVE('',#7970,#7972,#11542,.T.);
#9625=EDGE_CURVE('',#7972,#7670,#283,.T.);
#9626=EDGE_CURVE('',#7671,#7968,#11543,.T.);
#9627=EDGE_CURVE('',#7971,#7672,#284,.T.);
#9628=EDGE_CURVE('',#7673,#7965,#11544,.T.);
#9629=EDGE_CURVE('',#7973,#7974,#11545,.T.);
#9630=EDGE_CURVE('',#7975,#7974,#11546,.T.);
#9631=EDGE_CURVE('',#7976,#7975,#11547,.T.);
#9632=EDGE_CURVE('',#7976,#7973,#11548,.T.);
#9633=EDGE_CURVE('',#7974,#7977,#285,.T.);
#9634=EDGE_CURVE('',#7978,#7977,#11549,.T.);
#9635=EDGE_CURVE('',#7975,#7978,#286,.T.);
#9636=EDGE_CURVE('',#7977,#7979,#11550,.T.);
#9637=EDGE_CURVE('',#7980,#7979,#11551,.T.);
#9638=EDGE_CURVE('',#7978,#7980,#11552,.T.);
#9639=EDGE_CURVE('',#7980,#7666,#287,.T.);
#9640=EDGE_CURVE('',#7667,#7976,#11553,.T.);
#9641=EDGE_CURVE('',#7979,#7668,#288,.T.);
#9642=EDGE_CURVE('',#7669,#7973,#11554,.T.);
#9643=EDGE_CURVE('',#7981,#7982,#11555,.T.);
#9644=EDGE_CURVE('',#7983,#7982,#11556,.T.);
#9645=EDGE_CURVE('',#7984,#7983,#11557,.T.);
#9646=EDGE_CURVE('',#7984,#7981,#11558,.T.);
#9647=EDGE_CURVE('',#7982,#7985,#289,.T.);
#9648=EDGE_CURVE('',#7986,#7985,#11559,.T.);
#9649=EDGE_CURVE('',#7983,#7986,#290,.T.);
#9650=EDGE_CURVE('',#7985,#7987,#11560,.T.);
#9651=EDGE_CURVE('',#7988,#7987,#11561,.T.);
#9652=EDGE_CURVE('',#7986,#7988,#11562,.T.);
#9653=EDGE_CURVE('',#7988,#7662,#291,.T.);
#9654=EDGE_CURVE('',#7663,#7984,#11563,.T.);
#9655=EDGE_CURVE('',#7987,#7664,#292,.T.);
#9656=EDGE_CURVE('',#7665,#7981,#11564,.T.);
#9657=EDGE_CURVE('',#7989,#7990,#11565,.T.);
#9658=EDGE_CURVE('',#7991,#7990,#11566,.T.);
#9659=EDGE_CURVE('',#7992,#7991,#11567,.T.);
#9660=EDGE_CURVE('',#7992,#7989,#11568,.T.);
#9661=EDGE_CURVE('',#7990,#7993,#293,.T.);
#9662=EDGE_CURVE('',#7994,#7993,#11569,.T.);
#9663=EDGE_CURVE('',#7991,#7994,#294,.T.);
#9664=EDGE_CURVE('',#7993,#7995,#11570,.T.);
#9665=EDGE_CURVE('',#7996,#7995,#11571,.T.);
#9666=EDGE_CURVE('',#7994,#7996,#11572,.T.);
#9667=EDGE_CURVE('',#7996,#7658,#295,.T.);
#9668=EDGE_CURVE('',#7659,#7992,#11573,.T.);
#9669=EDGE_CURVE('',#7995,#7660,#296,.T.);
#9670=EDGE_CURVE('',#7661,#7989,#11574,.T.);
#9671=EDGE_CURVE('',#7997,#7998,#11575,.T.);
#9672=EDGE_CURVE('',#7999,#7998,#11576,.T.);
#9673=EDGE_CURVE('',#8000,#7999,#11577,.T.);
#9674=EDGE_CURVE('',#8000,#7997,#11578,.T.);
#9675=EDGE_CURVE('',#7998,#8001,#297,.T.);
#9676=EDGE_CURVE('',#8002,#8001,#11579,.T.);
#9677=EDGE_CURVE('',#7999,#8002,#298,.T.);
#9678=EDGE_CURVE('',#8001,#8003,#11580,.T.);
#9679=EDGE_CURVE('',#8004,#8003,#11581,.T.);
#9680=EDGE_CURVE('',#8002,#8004,#11582,.T.);
#9681=EDGE_CURVE('',#8004,#7654,#299,.T.);
#9682=EDGE_CURVE('',#7655,#8000,#11583,.T.);
#9683=EDGE_CURVE('',#8003,#7656,#300,.T.);
#9684=EDGE_CURVE('',#7657,#7997,#11584,.T.);
#9685=EDGE_CURVE('',#8005,#8006,#11585,.T.);
#9686=EDGE_CURVE('',#8007,#8006,#11586,.T.);
#9687=EDGE_CURVE('',#8008,#8007,#11587,.T.);
#9688=EDGE_CURVE('',#8008,#8005,#11588,.T.);
#9689=EDGE_CURVE('',#8006,#8009,#301,.T.);
#9690=EDGE_CURVE('',#8010,#8009,#11589,.T.);
#9691=EDGE_CURVE('',#8007,#8010,#302,.T.);
#9692=EDGE_CURVE('',#8009,#8011,#11590,.T.);
#9693=EDGE_CURVE('',#8012,#8011,#11591,.T.);
#9694=EDGE_CURVE('',#8010,#8012,#11592,.T.);
#9695=EDGE_CURVE('',#8012,#7650,#303,.T.);
#9696=EDGE_CURVE('',#7651,#8008,#11593,.T.);
#9697=EDGE_CURVE('',#8011,#7652,#304,.T.);
#9698=EDGE_CURVE('',#7653,#8005,#11594,.T.);
#9699=EDGE_CURVE('',#8013,#8014,#11595,.T.);
#9700=EDGE_CURVE('',#8015,#8014,#11596,.T.);
#9701=EDGE_CURVE('',#8016,#8015,#11597,.T.);
#9702=EDGE_CURVE('',#8016,#8013,#11598,.T.);
#9703=EDGE_CURVE('',#8014,#8017,#305,.T.);
#9704=EDGE_CURVE('',#8018,#8017,#11599,.T.);
#9705=EDGE_CURVE('',#8015,#8018,#306,.T.);
#9706=EDGE_CURVE('',#8017,#8019,#11600,.T.);
#9707=EDGE_CURVE('',#8020,#8019,#11601,.T.);
#9708=EDGE_CURVE('',#8018,#8020,#11602,.T.);
#9709=EDGE_CURVE('',#8020,#7646,#307,.T.);
#9710=EDGE_CURVE('',#7647,#8016,#11603,.T.);
#9711=EDGE_CURVE('',#8019,#7648,#308,.T.);
#9712=EDGE_CURVE('',#7649,#8013,#11604,.T.);
#9713=EDGE_CURVE('',#8021,#8022,#11605,.T.);
#9714=EDGE_CURVE('',#8023,#8022,#11606,.T.);
#9715=EDGE_CURVE('',#8024,#8023,#11607,.T.);
#9716=EDGE_CURVE('',#8024,#8021,#11608,.T.);
#9717=EDGE_CURVE('',#8022,#8025,#309,.T.);
#9718=EDGE_CURVE('',#8026,#8025,#11609,.T.);
#9719=EDGE_CURVE('',#8023,#8026,#310,.T.);
#9720=EDGE_CURVE('',#8025,#8027,#11610,.T.);
#9721=EDGE_CURVE('',#8028,#8027,#11611,.T.);
#9722=EDGE_CURVE('',#8026,#8028,#11612,.T.);
#9723=EDGE_CURVE('',#8028,#7642,#311,.T.);
#9724=EDGE_CURVE('',#7643,#8024,#11613,.T.);
#9725=EDGE_CURVE('',#8027,#7644,#312,.T.);
#9726=EDGE_CURVE('',#7645,#8021,#11614,.T.);
#9727=EDGE_CURVE('',#8029,#8030,#11615,.T.);
#9728=EDGE_CURVE('',#8031,#8030,#11616,.T.);
#9729=EDGE_CURVE('',#8032,#8031,#11617,.T.);
#9730=EDGE_CURVE('',#8032,#8029,#11618,.T.);
#9731=EDGE_CURVE('',#8030,#8033,#313,.T.);
#9732=EDGE_CURVE('',#8034,#8033,#11619,.T.);
#9733=EDGE_CURVE('',#8031,#8034,#314,.T.);
#9734=EDGE_CURVE('',#8033,#8035,#11620,.T.);
#9735=EDGE_CURVE('',#8036,#8035,#11621,.T.);
#9736=EDGE_CURVE('',#8034,#8036,#11622,.T.);
#9737=EDGE_CURVE('',#8036,#7638,#315,.T.);
#9738=EDGE_CURVE('',#7639,#8032,#11623,.T.);
#9739=EDGE_CURVE('',#8035,#7640,#316,.T.);
#9740=EDGE_CURVE('',#7641,#8029,#11624,.T.);
#9741=EDGE_CURVE('',#8037,#8038,#11625,.T.);
#9742=EDGE_CURVE('',#8039,#8038,#11626,.T.);
#9743=EDGE_CURVE('',#8040,#8039,#11627,.T.);
#9744=EDGE_CURVE('',#8040,#8037,#11628,.T.);
#9745=EDGE_CURVE('',#8038,#8041,#317,.T.);
#9746=EDGE_CURVE('',#8042,#8041,#11629,.T.);
#9747=EDGE_CURVE('',#8039,#8042,#318,.T.);
#9748=EDGE_CURVE('',#8041,#8043,#11630,.T.);
#9749=EDGE_CURVE('',#8044,#8043,#11631,.T.);
#9750=EDGE_CURVE('',#8042,#8044,#11632,.T.);
#9751=EDGE_CURVE('',#8044,#7634,#319,.T.);
#9752=EDGE_CURVE('',#7635,#8040,#11633,.T.);
#9753=EDGE_CURVE('',#8043,#7636,#320,.T.);
#9754=EDGE_CURVE('',#7637,#8037,#11634,.T.);
#9755=EDGE_CURVE('',#8045,#8046,#11635,.T.);
#9756=EDGE_CURVE('',#8047,#8046,#11636,.T.);
#9757=EDGE_CURVE('',#8048,#8047,#11637,.T.);
#9758=EDGE_CURVE('',#8048,#8045,#11638,.T.);
#9759=EDGE_CURVE('',#8046,#8049,#321,.T.);
#9760=EDGE_CURVE('',#8050,#8049,#11639,.T.);
#9761=EDGE_CURVE('',#8047,#8050,#322,.T.);
#9762=EDGE_CURVE('',#8049,#8051,#11640,.T.);
#9763=EDGE_CURVE('',#8052,#8051,#11641,.T.);
#9764=EDGE_CURVE('',#8050,#8052,#11642,.T.);
#9765=EDGE_CURVE('',#8052,#7630,#323,.T.);
#9766=EDGE_CURVE('',#7631,#8048,#11643,.T.);
#9767=EDGE_CURVE('',#8051,#7632,#324,.T.);
#9768=EDGE_CURVE('',#7633,#8045,#11644,.T.);
#9769=EDGE_CURVE('',#8053,#8054,#11645,.T.);
#9770=EDGE_CURVE('',#8055,#8054,#11646,.T.);
#9771=EDGE_CURVE('',#8056,#8055,#11647,.T.);
#9772=EDGE_CURVE('',#8056,#8053,#11648,.T.);
#9773=EDGE_CURVE('',#8054,#8057,#325,.T.);
#9774=EDGE_CURVE('',#8058,#8057,#11649,.T.);
#9775=EDGE_CURVE('',#8055,#8058,#326,.T.);
#9776=EDGE_CURVE('',#8057,#8059,#11650,.T.);
#9777=EDGE_CURVE('',#8060,#8059,#11651,.T.);
#9778=EDGE_CURVE('',#8058,#8060,#11652,.T.);
#9779=EDGE_CURVE('',#8060,#7626,#327,.T.);
#9780=EDGE_CURVE('',#7627,#8056,#11653,.T.);
#9781=EDGE_CURVE('',#8059,#7628,#328,.T.);
#9782=EDGE_CURVE('',#7629,#8053,#11654,.T.);
#9783=EDGE_CURVE('',#8061,#8062,#11655,.T.);
#9784=EDGE_CURVE('',#8063,#8062,#11656,.T.);
#9785=EDGE_CURVE('',#8064,#8063,#11657,.T.);
#9786=EDGE_CURVE('',#8064,#8061,#11658,.T.);
#9787=EDGE_CURVE('',#8062,#8065,#329,.T.);
#9788=EDGE_CURVE('',#8066,#8065,#11659,.T.);
#9789=EDGE_CURVE('',#8063,#8066,#330,.T.);
#9790=EDGE_CURVE('',#8065,#8067,#11660,.T.);
#9791=EDGE_CURVE('',#8068,#8067,#11661,.T.);
#9792=EDGE_CURVE('',#8066,#8068,#11662,.T.);
#9793=EDGE_CURVE('',#8068,#7622,#331,.T.);
#9794=EDGE_CURVE('',#7623,#8064,#11663,.T.);
#9795=EDGE_CURVE('',#8067,#7624,#332,.T.);
#9796=EDGE_CURVE('',#7625,#8061,#11664,.T.);
#9797=EDGE_CURVE('',#8069,#8070,#11665,.T.);
#9798=EDGE_CURVE('',#8071,#8070,#11666,.T.);
#9799=EDGE_CURVE('',#8072,#8071,#11667,.T.);
#9800=EDGE_CURVE('',#8072,#8069,#11668,.T.);
#9801=EDGE_CURVE('',#8070,#8073,#333,.T.);
#9802=EDGE_CURVE('',#8074,#8073,#11669,.T.);
#9803=EDGE_CURVE('',#8071,#8074,#334,.T.);
#9804=EDGE_CURVE('',#8073,#8075,#11670,.T.);
#9805=EDGE_CURVE('',#8076,#8075,#11671,.T.);
#9806=EDGE_CURVE('',#8074,#8076,#11672,.T.);
#9807=EDGE_CURVE('',#8076,#7618,#335,.T.);
#9808=EDGE_CURVE('',#7619,#8072,#11673,.T.);
#9809=EDGE_CURVE('',#8075,#7620,#336,.T.);
#9810=EDGE_CURVE('',#7621,#8069,#11674,.T.);
#9811=EDGE_CURVE('',#8077,#7577,#11675,.T.);
#9812=EDGE_CURVE('',#8078,#7576,#11676,.T.);
#9813=EDGE_CURVE('',#8078,#8077,#11677,.T.);
#9814=EDGE_CURVE('',#7426,#8079,#11678,.T.);
#9815=EDGE_CURVE('',#8079,#8080,#11679,.T.);
#9816=EDGE_CURVE('',#8080,#8081,#11680,.T.);
#9817=EDGE_CURVE('',#8081,#8082,#11681,.T.);
#9818=EDGE_CURVE('',#8082,#8078,#11682,.T.);
#9819=EDGE_CURVE('',#8083,#8077,#11683,.T.);
#9820=EDGE_CURVE('',#8084,#8083,#11684,.T.);
#9821=EDGE_CURVE('',#8085,#8084,#11685,.T.);
#9822=EDGE_CURVE('',#8086,#8085,#11686,.T.);
#9823=EDGE_CURVE('',#7425,#8086,#11687,.T.);
#9824=EDGE_CURVE('',#8079,#8086,#11688,.T.);
#9825=EDGE_CURVE('',#8080,#8085,#11689,.T.);
#9826=EDGE_CURVE('',#8081,#8084,#11690,.T.);
#9827=EDGE_CURVE('',#8082,#8083,#11691,.T.);
#9828=EDGE_CURVE('',#8087,#7575,#11692,.T.);
#9829=EDGE_CURVE('',#8088,#7574,#11693,.T.);
#9830=EDGE_CURVE('',#8088,#8087,#11694,.T.);
#9831=EDGE_CURVE('',#7430,#8089,#11695,.T.);
#9832=EDGE_CURVE('',#8089,#8090,#11696,.T.);
#9833=EDGE_CURVE('',#8090,#8091,#11697,.T.);
#9834=EDGE_CURVE('',#8091,#8092,#11698,.T.);
#9835=EDGE_CURVE('',#8092,#8088,#11699,.T.);
#9836=EDGE_CURVE('',#8093,#8087,#11700,.T.);
#9837=EDGE_CURVE('',#8094,#8093,#11701,.T.);
#9838=EDGE_CURVE('',#8095,#8094,#11702,.T.);
#9839=EDGE_CURVE('',#8096,#8095,#11703,.T.);
#9840=EDGE_CURVE('',#7429,#8096,#11704,.T.);
#9841=EDGE_CURVE('',#8089,#8096,#11705,.T.);
#9842=EDGE_CURVE('',#8090,#8095,#11706,.T.);
#9843=EDGE_CURVE('',#8091,#8094,#11707,.T.);
#9844=EDGE_CURVE('',#8092,#8093,#11708,.T.);
#9845=EDGE_CURVE('',#8097,#7573,#11709,.T.);
#9846=EDGE_CURVE('',#8098,#7572,#11710,.T.);
#9847=EDGE_CURVE('',#8098,#8097,#11711,.T.);
#9848=EDGE_CURVE('',#7434,#8099,#11712,.T.);
#9849=EDGE_CURVE('',#8099,#8100,#11713,.T.);
#9850=EDGE_CURVE('',#8100,#8101,#11714,.T.);
#9851=EDGE_CURVE('',#8101,#8102,#11715,.T.);
#9852=EDGE_CURVE('',#8102,#8098,#11716,.T.);
#9853=EDGE_CURVE('',#8103,#8097,#11717,.T.);
#9854=EDGE_CURVE('',#8104,#8103,#11718,.T.);
#9855=EDGE_CURVE('',#8105,#8104,#11719,.T.);
#9856=EDGE_CURVE('',#8106,#8105,#11720,.T.);
#9857=EDGE_CURVE('',#7433,#8106,#11721,.T.);
#9858=EDGE_CURVE('',#8099,#8106,#11722,.T.);
#9859=EDGE_CURVE('',#8100,#8105,#11723,.T.);
#9860=EDGE_CURVE('',#8101,#8104,#11724,.T.);
#9861=EDGE_CURVE('',#8102,#8103,#11725,.T.);
#9862=EDGE_CURVE('',#8107,#7571,#11726,.T.);
#9863=EDGE_CURVE('',#8108,#7570,#11727,.T.);
#9864=EDGE_CURVE('',#8108,#8107,#11728,.T.);
#9865=EDGE_CURVE('',#7438,#8109,#11729,.T.);
#9866=EDGE_CURVE('',#8109,#8110,#11730,.T.);
#9867=EDGE_CURVE('',#8110,#8111,#11731,.T.);
#9868=EDGE_CURVE('',#8111,#8112,#11732,.T.);
#9869=EDGE_CURVE('',#8112,#8108,#11733,.T.);
#9870=EDGE_CURVE('',#8113,#8107,#11734,.T.);
#9871=EDGE_CURVE('',#8114,#8113,#11735,.T.);
#9872=EDGE_CURVE('',#8115,#8114,#11736,.T.);
#9873=EDGE_CURVE('',#8116,#8115,#11737,.T.);
#9874=EDGE_CURVE('',#7437,#8116,#11738,.T.);
#9875=EDGE_CURVE('',#8109,#8116,#11739,.T.);
#9876=EDGE_CURVE('',#8110,#8115,#11740,.T.);
#9877=EDGE_CURVE('',#8111,#8114,#11741,.T.);
#9878=EDGE_CURVE('',#8112,#8113,#11742,.T.);
#9879=EDGE_CURVE('',#8117,#7569,#11743,.T.);
#9880=EDGE_CURVE('',#8118,#7568,#11744,.T.);
#9881=EDGE_CURVE('',#8118,#8117,#11745,.T.);
#9882=EDGE_CURVE('',#7442,#8119,#11746,.T.);
#9883=EDGE_CURVE('',#8119,#8120,#11747,.T.);
#9884=EDGE_CURVE('',#8120,#8121,#11748,.T.);
#9885=EDGE_CURVE('',#8121,#8122,#11749,.T.);
#9886=EDGE_CURVE('',#8122,#8118,#11750,.T.);
#9887=EDGE_CURVE('',#8123,#8117,#11751,.T.);
#9888=EDGE_CURVE('',#8124,#8123,#11752,.T.);
#9889=EDGE_CURVE('',#8125,#8124,#11753,.T.);
#9890=EDGE_CURVE('',#8126,#8125,#11754,.T.);
#9891=EDGE_CURVE('',#7441,#8126,#11755,.T.);
#9892=EDGE_CURVE('',#8119,#8126,#11756,.T.);
#9893=EDGE_CURVE('',#8120,#8125,#11757,.T.);
#9894=EDGE_CURVE('',#8121,#8124,#11758,.T.);
#9895=EDGE_CURVE('',#8122,#8123,#11759,.T.);
#9896=EDGE_CURVE('',#8127,#7567,#11760,.T.);
#9897=EDGE_CURVE('',#8128,#7566,#11761,.T.);
#9898=EDGE_CURVE('',#8128,#8127,#11762,.T.);
#9899=EDGE_CURVE('',#7446,#8129,#11763,.T.);
#9900=EDGE_CURVE('',#8129,#8130,#11764,.T.);
#9901=EDGE_CURVE('',#8130,#8131,#11765,.T.);
#9902=EDGE_CURVE('',#8131,#8132,#11766,.T.);
#9903=EDGE_CURVE('',#8132,#8128,#11767,.T.);
#9904=EDGE_CURVE('',#8133,#8127,#11768,.T.);
#9905=EDGE_CURVE('',#8134,#8133,#11769,.T.);
#9906=EDGE_CURVE('',#8135,#8134,#11770,.T.);
#9907=EDGE_CURVE('',#8136,#8135,#11771,.T.);
#9908=EDGE_CURVE('',#7445,#8136,#11772,.T.);
#9909=EDGE_CURVE('',#8129,#8136,#11773,.T.);
#9910=EDGE_CURVE('',#8130,#8135,#11774,.T.);
#9911=EDGE_CURVE('',#8131,#8134,#11775,.T.);
#9912=EDGE_CURVE('',#8132,#8133,#11776,.T.);
#9913=EDGE_CURVE('',#8137,#7565,#11777,.T.);
#9914=EDGE_CURVE('',#8138,#7564,#11778,.T.);
#9915=EDGE_CURVE('',#8138,#8137,#11779,.T.);
#9916=EDGE_CURVE('',#7450,#8139,#11780,.T.);
#9917=EDGE_CURVE('',#8139,#8140,#11781,.T.);
#9918=EDGE_CURVE('',#8140,#8141,#11782,.T.);
#9919=EDGE_CURVE('',#8141,#8142,#11783,.T.);
#9920=EDGE_CURVE('',#8142,#8138,#11784,.T.);
#9921=EDGE_CURVE('',#8143,#8137,#11785,.T.);
#9922=EDGE_CURVE('',#8144,#8143,#11786,.T.);
#9923=EDGE_CURVE('',#8145,#8144,#11787,.T.);
#9924=EDGE_CURVE('',#8146,#8145,#11788,.T.);
#9925=EDGE_CURVE('',#7449,#8146,#11789,.T.);
#9926=EDGE_CURVE('',#8139,#8146,#11790,.T.);
#9927=EDGE_CURVE('',#8140,#8145,#11791,.T.);
#9928=EDGE_CURVE('',#8141,#8144,#11792,.T.);
#9929=EDGE_CURVE('',#8142,#8143,#11793,.T.);
#9930=EDGE_CURVE('',#8147,#7563,#11794,.T.);
#9931=EDGE_CURVE('',#8148,#7562,#11795,.T.);
#9932=EDGE_CURVE('',#8148,#8147,#11796,.T.);
#9933=EDGE_CURVE('',#7454,#8149,#11797,.T.);
#9934=EDGE_CURVE('',#8149,#8150,#11798,.T.);
#9935=EDGE_CURVE('',#8150,#8151,#11799,.T.);
#9936=EDGE_CURVE('',#8151,#8152,#11800,.T.);
#9937=EDGE_CURVE('',#8152,#8148,#11801,.T.);
#9938=EDGE_CURVE('',#8153,#8147,#11802,.T.);
#9939=EDGE_CURVE('',#8154,#8153,#11803,.T.);
#9940=EDGE_CURVE('',#8155,#8154,#11804,.T.);
#9941=EDGE_CURVE('',#8156,#8155,#11805,.T.);
#9942=EDGE_CURVE('',#7453,#8156,#11806,.T.);
#9943=EDGE_CURVE('',#8149,#8156,#11807,.T.);
#9944=EDGE_CURVE('',#8150,#8155,#11808,.T.);
#9945=EDGE_CURVE('',#8151,#8154,#11809,.T.);
#9946=EDGE_CURVE('',#8152,#8153,#11810,.T.);
#9947=EDGE_CURVE('',#8157,#7561,#11811,.T.);
#9948=EDGE_CURVE('',#8158,#7560,#11812,.T.);
#9949=EDGE_CURVE('',#8158,#8157,#11813,.T.);
#9950=EDGE_CURVE('',#7458,#8159,#11814,.T.);
#9951=EDGE_CURVE('',#8159,#8160,#11815,.T.);
#9952=EDGE_CURVE('',#8160,#8161,#11816,.T.);
#9953=EDGE_CURVE('',#8161,#8162,#11817,.T.);
#9954=EDGE_CURVE('',#8162,#8158,#11818,.T.);
#9955=EDGE_CURVE('',#8163,#8157,#11819,.T.);
#9956=EDGE_CURVE('',#8164,#8163,#11820,.T.);
#9957=EDGE_CURVE('',#8165,#8164,#11821,.T.);
#9958=EDGE_CURVE('',#8166,#8165,#11822,.T.);
#9959=EDGE_CURVE('',#7457,#8166,#11823,.T.);
#9960=EDGE_CURVE('',#8159,#8166,#11824,.T.);
#9961=EDGE_CURVE('',#8160,#8165,#11825,.T.);
#9962=EDGE_CURVE('',#8161,#8164,#11826,.T.);
#9963=EDGE_CURVE('',#8162,#8163,#11827,.T.);
#9964=EDGE_CURVE('',#8167,#7559,#11828,.T.);
#9965=EDGE_CURVE('',#8168,#7558,#11829,.T.);
#9966=EDGE_CURVE('',#8168,#8167,#11830,.T.);
#9967=EDGE_CURVE('',#7462,#8169,#11831,.T.);
#9968=EDGE_CURVE('',#8169,#8170,#11832,.T.);
#9969=EDGE_CURVE('',#8170,#8171,#11833,.T.);
#9970=EDGE_CURVE('',#8171,#8172,#11834,.T.);
#9971=EDGE_CURVE('',#8172,#8168,#11835,.T.);
#9972=EDGE_CURVE('',#8173,#8167,#11836,.T.);
#9973=EDGE_CURVE('',#8174,#8173,#11837,.T.);
#9974=EDGE_CURVE('',#8175,#8174,#11838,.T.);
#9975=EDGE_CURVE('',#8176,#8175,#11839,.T.);
#9976=EDGE_CURVE('',#7461,#8176,#11840,.T.);
#9977=EDGE_CURVE('',#8169,#8176,#11841,.T.);
#9978=EDGE_CURVE('',#8170,#8175,#11842,.T.);
#9979=EDGE_CURVE('',#8171,#8174,#11843,.T.);
#9980=EDGE_CURVE('',#8172,#8173,#11844,.T.);
#9981=EDGE_CURVE('',#8177,#7557,#11845,.T.);
#9982=EDGE_CURVE('',#8178,#7556,#11846,.T.);
#9983=EDGE_CURVE('',#8178,#8177,#11847,.T.);
#9984=EDGE_CURVE('',#7466,#8179,#11848,.T.);
#9985=EDGE_CURVE('',#8179,#8180,#11849,.T.);
#9986=EDGE_CURVE('',#8180,#8181,#11850,.T.);
#9987=EDGE_CURVE('',#8181,#8182,#11851,.T.);
#9988=EDGE_CURVE('',#8182,#8178,#11852,.T.);
#9989=EDGE_CURVE('',#8183,#8177,#11853,.T.);
#9990=EDGE_CURVE('',#8184,#8183,#11854,.T.);
#9991=EDGE_CURVE('',#8185,#8184,#11855,.T.);
#9992=EDGE_CURVE('',#8186,#8185,#11856,.T.);
#9993=EDGE_CURVE('',#7465,#8186,#11857,.T.);
#9994=EDGE_CURVE('',#8179,#8186,#11858,.T.);
#9995=EDGE_CURVE('',#8180,#8185,#11859,.T.);
#9996=EDGE_CURVE('',#8181,#8184,#11860,.T.);
#9997=EDGE_CURVE('',#8182,#8183,#11861,.T.);
#9998=EDGE_CURVE('',#8187,#7555,#11862,.T.);
#9999=EDGE_CURVE('',#8188,#7554,#11863,.T.);
#10000=EDGE_CURVE('',#8188,#8187,#11864,.T.);
#10001=EDGE_CURVE('',#7470,#8189,#11865,.T.);
#10002=EDGE_CURVE('',#8189,#8190,#11866,.T.);
#10003=EDGE_CURVE('',#8190,#8191,#11867,.T.);
#10004=EDGE_CURVE('',#8191,#8192,#11868,.T.);
#10005=EDGE_CURVE('',#8192,#8188,#11869,.T.);
#10006=EDGE_CURVE('',#8193,#8187,#11870,.T.);
#10007=EDGE_CURVE('',#8194,#8193,#11871,.T.);
#10008=EDGE_CURVE('',#8195,#8194,#11872,.T.);
#10009=EDGE_CURVE('',#8196,#8195,#11873,.T.);
#10010=EDGE_CURVE('',#7469,#8196,#11874,.T.);
#10011=EDGE_CURVE('',#8189,#8196,#11875,.T.);
#10012=EDGE_CURVE('',#8190,#8195,#11876,.T.);
#10013=EDGE_CURVE('',#8191,#8194,#11877,.T.);
#10014=EDGE_CURVE('',#8192,#8193,#11878,.T.);
#10015=EDGE_CURVE('',#8197,#7553,#11879,.T.);
#10016=EDGE_CURVE('',#8198,#7552,#11880,.T.);
#10017=EDGE_CURVE('',#8198,#8197,#11881,.T.);
#10018=EDGE_CURVE('',#7474,#8199,#11882,.T.);
#10019=EDGE_CURVE('',#8199,#8200,#11883,.T.);
#10020=EDGE_CURVE('',#8200,#8201,#11884,.T.);
#10021=EDGE_CURVE('',#8201,#8202,#11885,.T.);
#10022=EDGE_CURVE('',#8202,#8198,#11886,.T.);
#10023=EDGE_CURVE('',#8203,#8197,#11887,.T.);
#10024=EDGE_CURVE('',#8204,#8203,#11888,.T.);
#10025=EDGE_CURVE('',#8205,#8204,#11889,.T.);
#10026=EDGE_CURVE('',#8206,#8205,#11890,.T.);
#10027=EDGE_CURVE('',#7473,#8206,#11891,.T.);
#10028=EDGE_CURVE('',#8199,#8206,#11892,.T.);
#10029=EDGE_CURVE('',#8200,#8205,#11893,.T.);
#10030=EDGE_CURVE('',#8201,#8204,#11894,.T.);
#10031=EDGE_CURVE('',#8202,#8203,#11895,.T.);
#10032=EDGE_CURVE('',#8207,#7551,#11896,.T.);
#10033=EDGE_CURVE('',#8208,#7550,#11897,.T.);
#10034=EDGE_CURVE('',#8208,#8207,#11898,.T.);
#10035=EDGE_CURVE('',#7478,#8209,#11899,.T.);
#10036=EDGE_CURVE('',#8209,#8210,#11900,.T.);
#10037=EDGE_CURVE('',#8210,#8211,#11901,.T.);
#10038=EDGE_CURVE('',#8211,#8212,#11902,.T.);
#10039=EDGE_CURVE('',#8212,#8208,#11903,.T.);
#10040=EDGE_CURVE('',#8213,#8207,#11904,.T.);
#10041=EDGE_CURVE('',#8214,#8213,#11905,.T.);
#10042=EDGE_CURVE('',#8215,#8214,#11906,.T.);
#10043=EDGE_CURVE('',#8216,#8215,#11907,.T.);
#10044=EDGE_CURVE('',#7477,#8216,#11908,.T.);
#10045=EDGE_CURVE('',#8209,#8216,#11909,.T.);
#10046=EDGE_CURVE('',#8210,#8215,#11910,.T.);
#10047=EDGE_CURVE('',#8211,#8214,#11911,.T.);
#10048=EDGE_CURVE('',#8212,#8213,#11912,.T.);
#10049=EDGE_CURVE('',#8217,#7549,#11913,.T.);
#10050=EDGE_CURVE('',#8218,#7548,#11914,.T.);
#10051=EDGE_CURVE('',#8218,#8217,#11915,.T.);
#10052=EDGE_CURVE('',#7482,#8219,#11916,.T.);
#10053=EDGE_CURVE('',#8219,#8220,#11917,.T.);
#10054=EDGE_CURVE('',#8220,#8221,#11918,.T.);
#10055=EDGE_CURVE('',#8221,#8222,#11919,.T.);
#10056=EDGE_CURVE('',#8222,#8218,#11920,.T.);
#10057=EDGE_CURVE('',#8223,#8217,#11921,.T.);
#10058=EDGE_CURVE('',#8224,#8223,#11922,.T.);
#10059=EDGE_CURVE('',#8225,#8224,#11923,.T.);
#10060=EDGE_CURVE('',#8226,#8225,#11924,.T.);
#10061=EDGE_CURVE('',#7481,#8226,#11925,.T.);
#10062=EDGE_CURVE('',#8219,#8226,#11926,.T.);
#10063=EDGE_CURVE('',#8220,#8225,#11927,.T.);
#10064=EDGE_CURVE('',#8221,#8224,#11928,.T.);
#10065=EDGE_CURVE('',#8222,#8223,#11929,.T.);
#10066=EDGE_CURVE('',#8227,#7547,#11930,.T.);
#10067=EDGE_CURVE('',#8228,#7546,#11931,.T.);
#10068=EDGE_CURVE('',#8228,#8227,#11932,.T.);
#10069=EDGE_CURVE('',#7486,#8229,#11933,.T.);
#10070=EDGE_CURVE('',#8229,#8230,#11934,.T.);
#10071=EDGE_CURVE('',#8230,#8231,#11935,.T.);
#10072=EDGE_CURVE('',#8231,#8232,#11936,.T.);
#10073=EDGE_CURVE('',#8232,#8228,#11937,.T.);
#10074=EDGE_CURVE('',#8233,#8227,#11938,.T.);
#10075=EDGE_CURVE('',#8234,#8233,#11939,.T.);
#10076=EDGE_CURVE('',#8235,#8234,#11940,.T.);
#10077=EDGE_CURVE('',#8236,#8235,#11941,.T.);
#10078=EDGE_CURVE('',#7485,#8236,#11942,.T.);
#10079=EDGE_CURVE('',#8229,#8236,#11943,.T.);
#10080=EDGE_CURVE('',#8230,#8235,#11944,.T.);
#10081=EDGE_CURVE('',#8231,#8234,#11945,.T.);
#10082=EDGE_CURVE('',#8232,#8233,#11946,.T.);
#10083=EDGE_CURVE('',#8237,#7545,#11947,.T.);
#10084=EDGE_CURVE('',#8238,#7544,#11948,.T.);
#10085=EDGE_CURVE('',#8238,#8237,#11949,.T.);
#10086=EDGE_CURVE('',#7490,#8239,#11950,.T.);
#10087=EDGE_CURVE('',#8239,#8240,#11951,.T.);
#10088=EDGE_CURVE('',#8240,#8241,#11952,.T.);
#10089=EDGE_CURVE('',#8241,#8242,#11953,.T.);
#10090=EDGE_CURVE('',#8242,#8238,#11954,.T.);
#10091=EDGE_CURVE('',#8243,#8237,#11955,.T.);
#10092=EDGE_CURVE('',#8244,#8243,#11956,.T.);
#10093=EDGE_CURVE('',#8245,#8244,#11957,.T.);
#10094=EDGE_CURVE('',#8246,#8245,#11958,.T.);
#10095=EDGE_CURVE('',#7489,#8246,#11959,.T.);
#10096=EDGE_CURVE('',#8239,#8246,#11960,.T.);
#10097=EDGE_CURVE('',#8240,#8245,#11961,.T.);
#10098=EDGE_CURVE('',#8241,#8244,#11962,.T.);
#10099=EDGE_CURVE('',#8242,#8243,#11963,.T.);
#10100=EDGE_CURVE('',#8247,#7543,#11964,.T.);
#10101=EDGE_CURVE('',#8248,#7542,#11965,.T.);
#10102=EDGE_CURVE('',#8248,#8247,#11966,.T.);
#10103=EDGE_CURVE('',#7494,#8249,#11967,.T.);
#10104=EDGE_CURVE('',#8249,#8250,#11968,.T.);
#10105=EDGE_CURVE('',#8250,#8251,#11969,.T.);
#10106=EDGE_CURVE('',#8251,#8252,#11970,.T.);
#10107=EDGE_CURVE('',#8252,#8248,#11971,.T.);
#10108=EDGE_CURVE('',#8253,#8247,#11972,.T.);
#10109=EDGE_CURVE('',#8254,#8253,#11973,.T.);
#10110=EDGE_CURVE('',#8255,#8254,#11974,.T.);
#10111=EDGE_CURVE('',#8256,#8255,#11975,.T.);
#10112=EDGE_CURVE('',#7493,#8256,#11976,.T.);
#10113=EDGE_CURVE('',#8249,#8256,#11977,.T.);
#10114=EDGE_CURVE('',#8250,#8255,#11978,.T.);
#10115=EDGE_CURVE('',#8251,#8254,#11979,.T.);
#10116=EDGE_CURVE('',#8252,#8253,#11980,.T.);
#10117=EDGE_CURVE('',#8257,#7541,#11981,.T.);
#10118=EDGE_CURVE('',#8258,#7540,#11982,.T.);
#10119=EDGE_CURVE('',#8258,#8257,#11983,.T.);
#10120=EDGE_CURVE('',#7498,#8259,#11984,.T.);
#10121=EDGE_CURVE('',#8259,#8260,#11985,.T.);
#10122=EDGE_CURVE('',#8260,#8261,#11986,.T.);
#10123=EDGE_CURVE('',#8261,#8262,#11987,.T.);
#10124=EDGE_CURVE('',#8262,#8258,#11988,.T.);
#10125=EDGE_CURVE('',#8263,#8257,#11989,.T.);
#10126=EDGE_CURVE('',#8264,#8263,#11990,.T.);
#10127=EDGE_CURVE('',#8265,#8264,#11991,.T.);
#10128=EDGE_CURVE('',#8266,#8265,#11992,.T.);
#10129=EDGE_CURVE('',#7497,#8266,#11993,.T.);
#10130=EDGE_CURVE('',#8259,#8266,#11994,.T.);
#10131=EDGE_CURVE('',#8260,#8265,#11995,.T.);
#10132=EDGE_CURVE('',#8261,#8264,#11996,.T.);
#10133=EDGE_CURVE('',#8262,#8263,#11997,.T.);
#10134=EDGE_CURVE('',#8267,#7539,#11998,.T.);
#10135=EDGE_CURVE('',#8268,#7538,#11999,.T.);
#10136=EDGE_CURVE('',#8268,#8267,#12000,.T.);
#10137=EDGE_CURVE('',#7502,#8269,#12001,.T.);
#10138=EDGE_CURVE('',#8269,#8270,#12002,.T.);
#10139=EDGE_CURVE('',#8270,#8271,#12003,.T.);
#10140=EDGE_CURVE('',#8271,#8272,#12004,.T.);
#10141=EDGE_CURVE('',#8272,#8268,#12005,.T.);
#10142=EDGE_CURVE('',#8273,#8267,#12006,.T.);
#10143=EDGE_CURVE('',#8274,#8273,#12007,.T.);
#10144=EDGE_CURVE('',#8275,#8274,#12008,.T.);
#10145=EDGE_CURVE('',#8276,#8275,#12009,.T.);
#10146=EDGE_CURVE('',#7501,#8276,#12010,.T.);
#10147=EDGE_CURVE('',#8269,#8276,#12011,.T.);
#10148=EDGE_CURVE('',#8270,#8275,#12012,.T.);
#10149=EDGE_CURVE('',#8271,#8274,#12013,.T.);
#10150=EDGE_CURVE('',#8272,#8273,#12014,.T.);
#10151=EDGE_CURVE('',#8277,#7537,#12015,.T.);
#10152=EDGE_CURVE('',#8278,#7536,#12016,.T.);
#10153=EDGE_CURVE('',#8278,#8277,#12017,.T.);
#10154=EDGE_CURVE('',#7506,#8279,#12018,.T.);
#10155=EDGE_CURVE('',#8279,#8280,#12019,.T.);
#10156=EDGE_CURVE('',#8280,#8281,#12020,.T.);
#10157=EDGE_CURVE('',#8281,#8282,#12021,.T.);
#10158=EDGE_CURVE('',#8282,#8278,#12022,.T.);
#10159=EDGE_CURVE('',#8283,#8277,#12023,.T.);
#10160=EDGE_CURVE('',#8284,#8283,#12024,.T.);
#10161=EDGE_CURVE('',#8285,#8284,#12025,.T.);
#10162=EDGE_CURVE('',#8286,#8285,#12026,.T.);
#10163=EDGE_CURVE('',#7505,#8286,#12027,.T.);
#10164=EDGE_CURVE('',#8279,#8286,#12028,.T.);
#10165=EDGE_CURVE('',#8280,#8285,#12029,.T.);
#10166=EDGE_CURVE('',#8281,#8284,#12030,.T.);
#10167=EDGE_CURVE('',#8282,#8283,#12031,.T.);
#10168=EDGE_CURVE('',#8287,#7535,#12032,.T.);
#10169=EDGE_CURVE('',#8288,#7534,#12033,.T.);
#10170=EDGE_CURVE('',#8288,#8287,#12034,.T.);
#10171=EDGE_CURVE('',#7510,#8289,#12035,.T.);
#10172=EDGE_CURVE('',#8289,#8290,#12036,.T.);
#10173=EDGE_CURVE('',#8290,#8291,#12037,.T.);
#10174=EDGE_CURVE('',#8291,#8292,#12038,.T.);
#10175=EDGE_CURVE('',#8292,#8288,#12039,.T.);
#10176=EDGE_CURVE('',#8293,#8287,#12040,.T.);
#10177=EDGE_CURVE('',#8294,#8293,#12041,.T.);
#10178=EDGE_CURVE('',#8295,#8294,#12042,.T.);
#10179=EDGE_CURVE('',#8296,#8295,#12043,.T.);
#10180=EDGE_CURVE('',#7509,#8296,#12044,.T.);
#10181=EDGE_CURVE('',#8289,#8296,#12045,.T.);
#10182=EDGE_CURVE('',#8290,#8295,#12046,.T.);
#10183=EDGE_CURVE('',#8291,#8294,#12047,.T.);
#10184=EDGE_CURVE('',#8292,#8293,#12048,.T.);
#10185=EDGE_CURVE('',#8297,#7533,#12049,.T.);
#10186=EDGE_CURVE('',#8298,#7532,#12050,.T.);
#10187=EDGE_CURVE('',#8298,#8297,#12051,.T.);
#10188=EDGE_CURVE('',#7514,#8299,#12052,.T.);
#10189=EDGE_CURVE('',#8299,#8300,#12053,.T.);
#10190=EDGE_CURVE('',#8300,#8301,#12054,.T.);
#10191=EDGE_CURVE('',#8301,#8302,#12055,.T.);
#10192=EDGE_CURVE('',#8302,#8298,#12056,.T.);
#10193=EDGE_CURVE('',#8303,#8297,#12057,.T.);
#10194=EDGE_CURVE('',#8304,#8303,#12058,.T.);
#10195=EDGE_CURVE('',#8305,#8304,#12059,.T.);
#10196=EDGE_CURVE('',#8306,#8305,#12060,.T.);
#10197=EDGE_CURVE('',#7513,#8306,#12061,.T.);
#10198=EDGE_CURVE('',#8299,#8306,#12062,.T.);
#10199=EDGE_CURVE('',#8300,#8305,#12063,.T.);
#10200=EDGE_CURVE('',#8301,#8304,#12064,.T.);
#10201=EDGE_CURVE('',#8302,#8303,#12065,.T.);
#10202=EDGE_CURVE('',#8307,#7531,#12066,.T.);
#10203=EDGE_CURVE('',#8308,#7530,#12067,.T.);
#10204=EDGE_CURVE('',#8308,#8307,#12068,.T.);
#10205=EDGE_CURVE('',#7518,#8309,#12069,.T.);
#10206=EDGE_CURVE('',#8309,#8310,#12070,.T.);
#10207=EDGE_CURVE('',#8310,#8311,#12071,.T.);
#10208=EDGE_CURVE('',#8311,#8312,#12072,.T.);
#10209=EDGE_CURVE('',#8312,#8308,#12073,.T.);
#10210=EDGE_CURVE('',#8313,#8307,#12074,.T.);
#10211=EDGE_CURVE('',#8314,#8313,#12075,.T.);
#10212=EDGE_CURVE('',#8315,#8314,#12076,.T.);
#10213=EDGE_CURVE('',#8316,#8315,#12077,.T.);
#10214=EDGE_CURVE('',#7517,#8316,#12078,.T.);
#10215=EDGE_CURVE('',#8309,#8316,#12079,.T.);
#10216=EDGE_CURVE('',#8310,#8315,#12080,.T.);
#10217=EDGE_CURVE('',#8311,#8314,#12081,.T.);
#10218=EDGE_CURVE('',#8312,#8313,#12082,.T.);
#10219=EDGE_CURVE('',#8317,#7529,#12083,.T.);
#10220=EDGE_CURVE('',#8318,#7528,#12084,.T.);
#10221=EDGE_CURVE('',#8318,#8317,#12085,.T.);
#10222=EDGE_CURVE('',#7522,#8319,#12086,.T.);
#10223=EDGE_CURVE('',#8319,#8320,#12087,.T.);
#10224=EDGE_CURVE('',#8320,#8321,#12088,.T.);
#10225=EDGE_CURVE('',#8321,#8322,#12089,.T.);
#10226=EDGE_CURVE('',#8322,#8318,#12090,.T.);
#10227=EDGE_CURVE('',#8323,#8317,#12091,.T.);
#10228=EDGE_CURVE('',#8324,#8323,#12092,.T.);
#10229=EDGE_CURVE('',#8325,#8324,#12093,.T.);
#10230=EDGE_CURVE('',#8326,#8325,#12094,.T.);
#10231=EDGE_CURVE('',#7521,#8326,#12095,.T.);
#10232=EDGE_CURVE('',#8319,#8326,#12096,.T.);
#10233=EDGE_CURVE('',#8320,#8325,#12097,.T.);
#10234=EDGE_CURVE('',#8321,#8324,#12098,.T.);
#10235=EDGE_CURVE('',#8322,#8323,#12099,.T.);
#10236=EDGE_CURVE('',#8327,#7527,#12100,.T.);
#10237=EDGE_CURVE('',#8328,#7526,#12101,.T.);
#10238=EDGE_CURVE('',#8328,#8327,#12102,.T.);
#10239=EDGE_CURVE('',#7415,#8329,#12103,.T.);
#10240=EDGE_CURVE('',#8329,#8330,#12104,.T.);
#10241=EDGE_CURVE('',#8330,#8331,#12105,.T.);
#10242=EDGE_CURVE('',#8331,#8332,#12106,.T.);
#10243=EDGE_CURVE('',#8332,#8328,#12107,.T.);
#10244=EDGE_CURVE('',#8333,#8327,#12108,.T.);
#10245=EDGE_CURVE('',#8334,#8333,#12109,.T.);
#10246=EDGE_CURVE('',#8335,#8334,#12110,.T.);
#10247=EDGE_CURVE('',#8336,#8335,#12111,.T.);
#10248=EDGE_CURVE('',#7525,#8336,#12112,.T.);
#10249=EDGE_CURVE('',#8329,#8336,#12113,.T.);
#10250=EDGE_CURVE('',#8330,#8335,#12114,.T.);
#10251=EDGE_CURVE('',#8331,#8334,#12115,.T.);
#10252=EDGE_CURVE('',#8332,#8333,#12116,.T.);
#10253=EDGE_CURVE('',#7280,#8337,#12117,.T.);
#10254=EDGE_CURVE('',#7239,#7234,#12118,.T.);
#10255=EDGE_CURVE('',#7233,#8338,#12119,.T.);
#10256=EDGE_CURVE('',#8338,#8339,#12120,.T.);
#10257=EDGE_CURVE('',#8340,#8339,#12121,.T.);
#10258=EDGE_CURVE('',#8341,#8340,#12122,.T.);
#10259=EDGE_CURVE('',#8342,#8341,#12123,.T.);
#10260=EDGE_CURVE('',#8342,#8337,#12124,.T.);
#10261=EDGE_CURVE('',#8343,#7184,#12125,.T.);
#10262=EDGE_CURVE('',#8343,#7607,#12126,.T.);
#10263=EDGE_CURVE('',#8344,#7792,#12127,.T.);
#10264=EDGE_CURVE('',#8344,#8345,#12128,.T.);
#10265=EDGE_CURVE('',#8345,#7271,#12129,.T.);
#10266=EDGE_CURVE('',#8346,#7283,#12130,.T.);
#10267=EDGE_CURVE('',#8347,#8346,#12131,.T.);
#10268=EDGE_CURVE('',#8348,#8347,#12132,.T.);
#10269=EDGE_CURVE('',#8348,#8349,#12133,.T.);
#10270=EDGE_CURVE('',#8350,#8349,#12134,.T.);
#10271=EDGE_CURVE('',#8350,#8351,#12135,.T.);
#10272=EDGE_CURVE('',#7166,#8351,#12136,.T.);
#10273=EDGE_CURVE('',#7165,#7160,#12137,.T.);
#10274=EDGE_CURVE('',#7215,#8352,#12138,.T.);
#10275=EDGE_CURVE('',#8352,#7608,#12139,.T.);
#10276=EDGE_CURVE('',#8353,#8354,#12140,.T.);
#10277=EDGE_CURVE('',#8353,#8355,#12141,.T.);
#10278=EDGE_CURVE('',#8355,#8356,#12142,.T.);
#10279=EDGE_CURVE('',#8354,#8356,#12143,.T.);
#10280=EDGE_CURVE('',#7404,#8357,#12144,.T.);
#10281=EDGE_CURVE('',#8358,#8357,#12145,.T.);
#10282=EDGE_CURVE('',#8359,#8358,#12146,.T.);
#10283=EDGE_CURVE('',#8359,#8360,#12147,.T.);
#10284=EDGE_CURVE('',#8360,#8361,#12148,.T.);
#10285=EDGE_CURVE('',#8361,#8362,#12149,.T.);
#10286=EDGE_CURVE('',#8362,#8344,#12150,.T.);
#10287=EDGE_CURVE('',#7408,#8363,#337,.T.);
#10288=EDGE_CURVE('',#8357,#8363,#12151,.T.);
#10289=EDGE_CURVE('',#8357,#8364,#12152,.T.);
#10290=EDGE_CURVE('',#8365,#8364,#338,.T.);
#10291=EDGE_CURVE('',#8365,#8366,#12153,.T.);
#10292=EDGE_CURVE('',#8366,#8367,#12154,.T.);
#10293=EDGE_CURVE('',#8367,#7409,#339,.T.);
#10294=EDGE_CURVE('',#8368,#8367,#12155,.T.);
#10295=EDGE_CURVE('',#8369,#8368,#12156,.T.);
#10296=EDGE_CURVE('',#8370,#8369,#12157,.T.);
#10297=EDGE_CURVE('',#8371,#8370,#12158,.T.);
#10298=EDGE_CURVE('',#8372,#8371,#12159,.T.);
#10299=EDGE_CURVE('',#8363,#8372,#12160,.T.);
#10300=EDGE_CURVE('',#8373,#8374,#12161,.T.);
#10301=EDGE_CURVE('',#8375,#8373,#12162,.T.);
#10302=EDGE_CURVE('',#8375,#8376,#12163,.T.);
#10303=EDGE_CURVE('',#8376,#8374,#12164,.T.);
#10304=EDGE_CURVE('',#8377,#8345,#12165,.T.);
#10305=EDGE_CURVE('',#8378,#8377,#12166,.T.);
#10306=EDGE_CURVE('',#8379,#8378,#12167,.T.);
#10307=EDGE_CURVE('',#8380,#8379,#12168,.T.);
#10308=EDGE_CURVE('',#8380,#8381,#12169,.T.);
#10309=EDGE_CURVE('',#8381,#8382,#12170,.T.);
#10310=EDGE_CURVE('',#7796,#8382,#12171,.T.);
#10311=EDGE_CURVE('',#7393,#8383,#12172,.T.);
#10312=EDGE_CURVE('',#8383,#8384,#12173,.T.);
#10313=EDGE_CURVE('',#8385,#8384,#12174,.T.);
#10314=EDGE_CURVE('',#8386,#8385,#12175,.T.);
#10315=EDGE_CURVE('',#8387,#8386,#12176,.T.);
#10316=EDGE_CURVE('',#8387,#8377,#12177,.T.);
#10317=EDGE_CURVE('',#8388,#8362,#12178,.T.);
#10318=EDGE_CURVE('',#8388,#8389,#12179,.T.);
#10319=EDGE_CURVE('',#8389,#8390,#12180,.T.);
#10320=EDGE_CURVE('',#8390,#8391,#12181,.T.);
#10321=EDGE_CURVE('',#8391,#8392,#12182,.T.);
#10322=EDGE_CURVE('',#7402,#8392,#12183,.T.);
#10323=EDGE_CURVE('',#8364,#8351,#12184,.T.);
#10324=EDGE_CURVE('',#8365,#8393,#12185,.T.);
#10325=EDGE_CURVE('',#8394,#8393,#12186,.T.);
#10326=EDGE_CURVE('',#8366,#8394,#12187,.T.);
#10327=EDGE_CURVE('',#8395,#8396,#12188,.T.);
#10328=EDGE_CURVE('',#8366,#8396,#12189,.T.);
#10329=EDGE_CURVE('',#8394,#8395,#12190,.T.);
#10330=EDGE_CURVE('',#8396,#8368,#12191,.T.);
#10331=EDGE_CURVE('',#8397,#8395,#12192,.T.);
#10332=EDGE_CURVE('',#8397,#8398,#12193,.T.);
#10333=EDGE_CURVE('',#8398,#8369,#12194,.T.);
#10334=EDGE_CURVE('',#8371,#8359,#12195,.T.);
#10335=EDGE_CURVE('',#8399,#8370,#12196,.T.);
#10336=EDGE_CURVE('',#8399,#8400,#12197,.T.);
#10337=EDGE_CURVE('',#8400,#8360,#12198,.T.);
#10338=EDGE_CURVE('',#8401,#8402,#12199,.T.);
#10339=EDGE_CURVE('',#8401,#8390,#12200,.T.);
#10340=EDGE_CURVE('',#8389,#8397,#12201,.T.);
#10341=EDGE_CURVE('',#8402,#8393,#12202,.T.);
#10342=EDGE_CURVE('',#8382,#8403,#12203,.T.);
#10343=EDGE_CURVE('',#8403,#8338,#12204,.T.);
#10344=EDGE_CURVE('',#8404,#8405,#12205,.T.);
#10345=EDGE_CURVE('',#8404,#8406,#12206,.T.);
#10346=EDGE_CURVE('',#8407,#8406,#12207,.T.);
#10347=EDGE_CURVE('',#8405,#8407,#12208,.T.);
#10348=EDGE_CURVE('',#8408,#8409,#12209,.T.);
#10349=EDGE_CURVE('',#8410,#8408,#12210,.T.);
#10350=EDGE_CURVE('',#8411,#8410,#12211,.T.);
#10351=EDGE_CURVE('',#8411,#8409,#12212,.T.);
#10352=EDGE_CURVE('',#8340,#8412,#12213,.T.);
#10353=EDGE_CURVE('',#8412,#8385,#12214,.T.);
#10354=EDGE_CURVE('',#8413,#8384,#12215,.T.);
#10355=EDGE_CURVE('',#8341,#8413,#12216,.T.);
#10356=EDGE_CURVE('',#8414,#8404,#12217,.T.);
#10357=EDGE_CURVE('',#8405,#8415,#12218,.T.);
#10358=EDGE_CURVE('',#8415,#8414,#12219,.T.);
#10359=EDGE_CURVE('',#8412,#8416,#12220,.T.);
#10360=EDGE_CURVE('',#8416,#8415,#12221,.T.);
#10361=EDGE_CURVE('',#8417,#8407,#12222,.T.);
#10362=EDGE_CURVE('',#8386,#8417,#12223,.T.);
#10363=EDGE_CURVE('',#8418,#7403,#12224,.T.);
#10364=EDGE_CURVE('',#8392,#8419,#12225,.T.);
#10365=EDGE_CURVE('',#8419,#8347,#12226,.T.);
#10366=EDGE_CURVE('',#8346,#8418,#12227,.T.);
#10367=EDGE_CURVE('',#8420,#7392,#12228,.T.);
#10368=EDGE_CURVE('',#8337,#8420,#12229,.T.);
#10369=EDGE_CURVE('',#8421,#8342,#12230,.T.);
#10370=EDGE_CURVE('',#8383,#8421,#12231,.T.);
#10371=EDGE_CURVE('',#7281,#8422,#12232,.T.);
#10372=EDGE_CURVE('',#8423,#8343,#12233,.T.);
#10373=EDGE_CURVE('',#8423,#8422,#12234,.T.);
#10374=EDGE_CURVE('',#8424,#8425,#12235,.T.);
#10375=EDGE_CURVE('',#8426,#8424,#12236,.T.);
#10376=EDGE_CURVE('',#8422,#8426,#12237,.T.);
#10377=EDGE_CURVE('',#7610,#8423,#12238,.T.);
#10378=EDGE_CURVE('',#7609,#8427,#12239,.T.);
#10379=EDGE_CURVE('',#8425,#8427,#12240,.T.);
#10380=EDGE_CURVE('',#7274,#8425,#12241,.T.);
#10381=EDGE_CURVE('',#8427,#8352,#12242,.T.);
#10382=EDGE_CURVE('',#8424,#7275,#12243,.T.);
#10383=EDGE_CURVE('',#8426,#7282,#12244,.T.);
#10384=EDGE_CURVE('',#8418,#8420,#12245,.T.);
#10385=EDGE_CURVE('',#8421,#8413,#12246,.T.);
#10386=EDGE_CURVE('',#8428,#8419,#12247,.T.);
#10387=EDGE_CURVE('',#8348,#8428,#12248,.T.);
#10388=EDGE_CURVE('',#8428,#8391,#12249,.T.);
#10389=EDGE_CURVE('',#8429,#8378,#12250,.T.);
#10390=EDGE_CURVE('',#8430,#8429,#12251,.T.);
#10391=EDGE_CURVE('',#8430,#8379,#12252,.T.);
#10392=EDGE_CURVE('',#8429,#8387,#12253,.T.);
#10393=EDGE_CURVE('',#8406,#8431,#12254,.T.);
#10394=EDGE_CURVE('',#8409,#8431,#12255,.T.);
#10395=EDGE_CURVE('',#8417,#8411,#12256,.T.);
#10396=EDGE_CURVE('',#8432,#8408,#12257,.T.);
#10397=EDGE_CURVE('',#8432,#8380,#12258,.T.);
#10398=EDGE_CURVE('',#8410,#8430,#12259,.T.);
#10399=EDGE_CURVE('',#8433,#8434,#12260,.T.);
#10400=EDGE_CURVE('',#8435,#8434,#12261,.T.);
#10401=EDGE_CURVE('',#8436,#8435,#12262,.T.);
#10402=EDGE_CURVE('',#8436,#8433,#12263,.T.);
#10403=EDGE_CURVE('',#8374,#8433,#12264,.T.);
#10404=EDGE_CURVE('',#8373,#8436,#12265,.T.);
#10405=EDGE_CURVE('',#8434,#8376,#12266,.T.);
#10406=EDGE_CURVE('',#8435,#8375,#12267,.T.);
#10407=EDGE_CURVE('',#8416,#8339,#12268,.T.);
#10408=EDGE_CURVE('',#8414,#8403,#340,.T.);
#10409=EDGE_CURVE('',#8381,#8437,#12269,.T.);
#10410=EDGE_CURVE('',#8438,#8437,#12270,.T.);
#10411=EDGE_CURVE('',#8382,#8438,#12271,.T.);
#10412=EDGE_CURVE('',#8404,#8439,#12272,.T.);
#10413=EDGE_CURVE('',#8431,#8439,#12273,.T.);
#10414=EDGE_CURVE('',#8437,#8432,#12274,.T.);
#10415=EDGE_CURVE('',#7794,#8438,#341,.T.);
#10416=EDGE_CURVE('',#8439,#7795,#342,.T.);
#10417=EDGE_CURVE('',#8349,#8401,#12275,.T.);
#10418=EDGE_CURVE('',#8400,#8440,#12276,.T.);
#10419=EDGE_CURVE('',#8440,#8361,#12277,.T.);
#10420=EDGE_CURVE('',#8440,#8388,#12278,.T.);
#10421=EDGE_CURVE('',#8398,#8399,#12279,.T.);
#10422=EDGE_CURVE('',#8441,#8442,#12280,.T.);
#10423=EDGE_CURVE('',#8443,#8441,#12281,.T.);
#10424=EDGE_CURVE('',#8443,#8444,#12282,.T.);
#10425=EDGE_CURVE('',#8444,#8442,#12283,.T.);
#10426=EDGE_CURVE('',#8356,#8441,#12284,.T.);
#10427=EDGE_CURVE('',#8355,#8443,#12285,.T.);
#10428=EDGE_CURVE('',#8442,#8354,#12286,.T.);
#10429=EDGE_CURVE('',#8444,#8353,#12287,.T.);
#10430=EDGE_CURVE('',#8402,#8350,#12288,.T.);
#10431=EDGE_CURVE('',#8358,#8372,#12289,.T.);
#10432=EDGE_CURVE('',#7611,#8445,#12290,.T.);
#10433=EDGE_CURVE('',#8445,#8446,#12291,.T.);
#10434=EDGE_CURVE('',#7613,#8446,#12292,.T.);
#10435=EDGE_CURVE('',#7612,#8447,#12293,.T.);
#10436=EDGE_CURVE('',#8447,#8445,#12294,.T.);
#10437=EDGE_CURVE('',#8446,#8447,#12295,.T.);
#10438=EDGE_CURVE('',#7251,#8448,#12296,.T.);
#10439=EDGE_CURVE('',#8449,#7250,#12297,.T.);
#10440=EDGE_CURVE('',#8449,#8448,#12298,.T.);
#10441=EDGE_CURVE('',#7245,#8450,#12299,.T.);
#10442=EDGE_CURVE('',#7244,#8451,#12300,.T.);
#10443=EDGE_CURVE('',#8451,#8450,#12301,.T.);
#10444=EDGE_CURVE('',#8452,#7254,#12302,.T.);
#10445=EDGE_CURVE('',#7253,#8453,#12303,.T.);
#10446=EDGE_CURVE('',#8453,#8452,#12304,.T.);
#10447=EDGE_CURVE('',#7252,#8454,#12305,.T.);
#10448=EDGE_CURVE('',#8448,#8454,#12306,.T.);
#10449=EDGE_CURVE('',#7246,#8455,#12307,.T.);
#10450=EDGE_CURVE('',#8454,#8455,#12308,.T.);
#10451=EDGE_CURVE('',#8456,#7211,#12309,.T.);
#10452=EDGE_CURVE('',#7212,#8457,#12310,.T.);
#10453=EDGE_CURVE('',#8457,#8458,#12311,.T.);
#10454=EDGE_CURVE('',#8458,#8459,#12312,.T.);
#10455=EDGE_CURVE('',#8459,#8460,#12313,.T.);
#10456=EDGE_CURVE('',#8460,#8461,#12314,.T.);
#10457=EDGE_CURVE('',#8461,#8456,#12315,.T.);
#10458=EDGE_CURVE('',#7261,#8462,#12316,.T.);
#10459=EDGE_CURVE('',#8462,#8463,#12317,.T.);
#10460=EDGE_CURVE('',#7258,#8463,#12318,.T.);
#10461=EDGE_CURVE('',#8463,#8464,#343,.T.);
#10462=EDGE_CURVE('',#8464,#8465,#12319,.T.);
#10463=EDGE_CURVE('',#8465,#7266,#12320,.T.);
#10464=EDGE_CURVE('',#7267,#8466,#344,.T.);
#10465=EDGE_CURVE('',#8466,#8449,#12321,.T.);
#10466=EDGE_CURVE('',#8467,#8452,#12322,.T.);
#10467=EDGE_CURVE('',#7269,#8467,#345,.T.);
#10468=EDGE_CURVE('',#8468,#7268,#12323,.T.);
#10469=EDGE_CURVE('',#8469,#8468,#12324,.T.);
#10470=EDGE_CURVE('',#8462,#8469,#346,.T.);
#10471=EDGE_CURVE('',#8470,#8471,#12325,.T.);
#10472=EDGE_CURVE('',#8456,#8471,#12326,.T.);
#10473=EDGE_CURVE('',#8461,#8470,#12327,.T.);
#10474=EDGE_CURVE('',#8471,#8451,#12328,.T.);
#10475=EDGE_CURVE('',#7226,#7235,#12329,.T.);
#10476=EDGE_CURVE('',#8450,#8453,#12330,.T.);
#10477=EDGE_CURVE('',#8455,#8472,#12331,.T.);
#10478=EDGE_CURVE('',#8457,#8472,#12332,.T.);
#10479=EDGE_CURVE('',#8472,#8473,#12333,.T.);
#10480=EDGE_CURVE('',#8458,#8473,#12334,.T.);
#10481=EDGE_CURVE('',#8473,#8474,#12335,.T.);
#10482=EDGE_CURVE('',#8459,#8474,#12336,.T.);
#10483=EDGE_CURVE('',#8474,#8475,#12337,.T.);
#10484=EDGE_CURVE('',#8460,#8475,#12338,.T.);
#10485=EDGE_CURVE('',#8475,#8470,#12339,.T.);
#10486=EDGE_CURVE('',#8467,#8466,#12340,.T.);
#10487=EDGE_CURVE('',#8468,#8465,#12341,.T.);
#10488=EDGE_CURVE('',#8469,#8464,#12342,.T.);
#10489=EDGE_CURVE('',#7190,#8476,#12343,.T.);
#10490=EDGE_CURVE('',#7189,#8477,#12344,.T.);
#10491=EDGE_CURVE('',#8477,#8476,#12345,.T.);
#10492=EDGE_CURVE('',#7186,#8478,#12346,.T.);
#10493=EDGE_CURVE('',#7185,#8479,#12347,.T.);
#10494=EDGE_CURVE('',#8479,#8478,#12348,.T.);
#10495=EDGE_CURVE('',#7188,#8480,#12349,.T.);
#10496=EDGE_CURVE('',#7187,#8481,#12350,.T.);
#10497=EDGE_CURVE('',#8481,#8480,#12351,.T.);
#10498=EDGE_CURVE('',#8480,#8477,#12352,.T.);
#10499=EDGE_CURVE('',#7194,#8482,#12353,.T.);
#10500=EDGE_CURVE('',#7198,#8483,#12354,.T.);
#10501=EDGE_CURVE('',#8483,#8482,#12355,.T.);
#10502=EDGE_CURVE('',#7154,#7161,#12356,.T.);
#10503=EDGE_CURVE('',#8484,#7199,#12357,.T.);
#10504=EDGE_CURVE('',#8485,#8484,#12358,.T.);
#10505=EDGE_CURVE('',#8485,#7200,#12359,.T.);
#10506=EDGE_CURVE('',#8476,#8486,#12360,.T.);
#10507=EDGE_CURVE('',#8486,#7207,#347,.T.);
#10508=EDGE_CURVE('',#7208,#8487,#12361,.T.);
#10509=EDGE_CURVE('',#8487,#8488,#12362,.T.);
#10510=EDGE_CURVE('',#8488,#8484,#348,.T.);
#10511=EDGE_CURVE('',#8489,#8485,#349,.T.);
#10512=EDGE_CURVE('',#8490,#8489,#12363,.T.);
#10513=EDGE_CURVE('',#7210,#8490,#12364,.T.);
#10514=EDGE_CURVE('',#8491,#7209,#350,.T.);
#10515=EDGE_CURVE('',#8483,#8491,#12365,.T.);
#10516=EDGE_CURVE('',#8482,#8479,#12366,.T.);
#10517=EDGE_CURVE('',#8478,#8492,#12367,.T.);
#10518=EDGE_CURVE('',#8493,#8492,#12368,.T.);
#10519=EDGE_CURVE('',#7174,#8493,#12369,.T.);
#10520=EDGE_CURVE('',#8492,#8494,#12370,.T.);
#10521=EDGE_CURVE('',#8495,#8494,#12371,.T.);
#10522=EDGE_CURVE('',#8493,#8495,#12372,.T.);
#10523=EDGE_CURVE('',#8494,#8496,#12373,.T.);
#10524=EDGE_CURVE('',#8497,#8496,#12374,.T.);
#10525=EDGE_CURVE('',#8495,#8497,#12375,.T.);
#10526=EDGE_CURVE('',#8496,#8498,#12376,.T.);
#10527=EDGE_CURVE('',#8499,#8498,#12377,.T.);
#10528=EDGE_CURVE('',#8497,#8499,#12378,.T.);
#10529=EDGE_CURVE('',#8498,#8500,#12379,.T.);
#10530=EDGE_CURVE('',#8501,#8500,#12380,.T.);
#10531=EDGE_CURVE('',#8499,#8501,#12381,.T.);
#10532=EDGE_CURVE('',#8500,#8502,#12382,.T.);
#10533=EDGE_CURVE('',#8503,#8502,#12383,.T.);
#10534=EDGE_CURVE('',#8501,#8503,#12384,.T.);
#10535=EDGE_CURVE('',#8503,#7175,#12385,.T.);
#10536=EDGE_CURVE('',#8502,#8481,#12386,.T.);
#10537=EDGE_CURVE('',#8491,#8486,#12387,.T.);
#10538=EDGE_CURVE('',#8489,#8488,#12388,.T.);
#10539=EDGE_CURVE('',#8490,#8487,#12389,.T.);
#10540=LINE('',#18746,#12390);
#10541=LINE('',#18749,#12391);
#10542=LINE('',#18751,#12392);
#10543=LINE('',#18753,#12393);
#10544=LINE('',#18755,#12394);
#10545=LINE('',#18757,#12395);
#10546=LINE('',#18759,#12396);
#10547=LINE('',#18761,#12397);
#10548=LINE('',#18763,#12398);
#10549=LINE('',#18765,#12399);
#10550=LINE('',#18768,#12400);
#10551=LINE('',#18770,#12401);
#10552=LINE('',#18772,#12402);
#10553=LINE('',#18774,#12403);
#10554=LINE('',#18776,#12404);
#10555=LINE('',#18778,#12405);
#10556=LINE('',#18780,#12406);
#10557=LINE('',#18784,#12407);
#10558=LINE('',#18786,#12408);
#10559=LINE('',#18788,#12409);
#10560=LINE('',#18791,#12410);
#10561=LINE('',#18793,#12411);
#10562=LINE('',#18795,#12412);
#10563=LINE('',#18797,#12413);
#10564=LINE('',#18799,#12414);
#10565=LINE('',#18801,#12415);
#10566=LINE('',#18803,#12416);
#10567=LINE('',#18805,#12417);
#10568=LINE('',#18807,#12418);
#10569=LINE('',#18809,#12419);
#10570=LINE('',#18811,#12420);
#10571=LINE('',#18813,#12421);
#10572=LINE('',#18815,#12422);
#10573=LINE('',#18817,#12423);
#10574=LINE('',#18819,#12424);
#10575=LINE('',#18820,#12425);
#10576=LINE('',#18822,#12426);
#10577=LINE('',#18824,#12427);
#10578=LINE('',#18826,#12428);
#10579=LINE('',#18828,#12429);
#10580=LINE('',#18830,#12430);
#10581=LINE('',#18832,#12431);
#10582=LINE('',#18834,#12432);
#10583=LINE('',#18836,#12433);
#10584=LINE('',#18838,#12434);
#10585=LINE('',#18840,#12435);
#10586=LINE('',#18842,#12436);
#10587=LINE('',#18844,#12437);
#10588=LINE('',#18846,#12438);
#10589=LINE('',#18848,#12439);
#10590=LINE('',#18850,#12440);
#10591=LINE('',#18852,#12441);
#10592=LINE('',#18854,#12442);
#10593=LINE('',#18855,#12443);
#10594=LINE('',#18857,#12444);
#10595=LINE('',#18859,#12445);
#10596=LINE('',#18861,#12446);
#10597=LINE('',#18864,#12447);
#10598=LINE('',#18866,#12448);
#10599=LINE('',#18868,#12449);
#10600=LINE('',#18869,#12450);
#10601=LINE('',#18872,#12451);
#10602=LINE('',#18874,#12452);
#10603=LINE('',#18876,#12453);
#10604=LINE('',#18878,#12454);
#10605=LINE('',#18881,#12455);
#10606=LINE('',#18883,#12456);
#10607=LINE('',#18885,#12457);
#10608=LINE('',#18887,#12458);
#10609=LINE('',#18889,#12459);
#10610=LINE('',#18891,#12460);
#10611=LINE('',#18893,#12461);
#10612=LINE('',#18895,#12462);
#10613=LINE('',#18897,#12463);
#10614=LINE('',#18899,#12464);
#10615=LINE('',#18901,#12465);
#10616=LINE('',#18903,#12466);
#10617=LINE('',#18905,#12467);
#10618=LINE('',#18908,#12468);
#10619=LINE('',#18910,#12469);
#10620=LINE('',#18912,#12470);
#10621=LINE('',#18914,#12471);
#10622=LINE('',#18918,#12472);
#10623=LINE('',#18920,#12473);
#10624=LINE('',#18922,#12474);
#10625=LINE('',#18924,#12475);
#10626=LINE('',#18926,#12476);
#10627=LINE('',#18928,#12477);
#10628=LINE('',#18931,#12478);
#10629=LINE('',#18933,#12479);
#10630=LINE('',#18935,#12480);
#10631=LINE('',#18937,#12481);
#10632=LINE('',#18939,#12482);
#10633=LINE('',#18941,#12483);
#10634=LINE('',#18943,#12484);
#10635=LINE('',#18945,#12485);
#10636=LINE('',#18947,#12486);
#10637=LINE('',#18949,#12487);
#10638=LINE('',#18951,#12488);
#10639=LINE('',#18952,#12489);
#10640=LINE('',#18954,#12490);
#10641=LINE('',#18956,#12491);
#10642=LINE('',#18958,#12492);
#10643=LINE('',#18960,#12493);
#10644=LINE('',#18962,#12494);
#10645=LINE('',#18964,#12495);
#10646=LINE('',#18966,#12496);
#10647=LINE('',#18968,#12497);
#10648=LINE('',#18970,#12498);
#10649=LINE('',#18972,#12499);
#10650=LINE('',#18974,#12500);
#10651=LINE('',#18976,#12501);
#10652=LINE('',#18978,#12502);
#10653=LINE('',#18980,#12503);
#10654=LINE('',#18982,#12504);
#10655=LINE('',#18984,#12505);
#10656=LINE('',#18986,#12506);
#10657=LINE('',#18988,#12507);
#10658=LINE('',#18989,#12508);
#10659=LINE('',#18991,#12509);
#10660=LINE('',#18993,#12510);
#10661=LINE('',#18996,#12511);
#10662=LINE('',#18998,#12512);
#10663=LINE('',#19000,#12513);
#10664=LINE('',#19001,#12514);
#10665=LINE('',#19004,#12515);
#10666=LINE('',#19006,#12516);
#10667=LINE('',#19008,#12517);
#10668=LINE('',#19010,#12518);
#10669=LINE('',#19013,#12519);
#10670=LINE('',#19015,#12520);
#10671=LINE('',#19017,#12521);
#10672=LINE('',#19019,#12522);
#10673=LINE('',#19022,#12523);
#10674=LINE('',#19023,#12524);
#10675=LINE('',#19025,#12525);
#10676=LINE('',#19027,#12526);
#10677=LINE('',#19029,#12527);
#10678=LINE('',#19031,#12528);
#10679=LINE('',#19033,#12529);
#10680=LINE('',#19035,#12530);
#10681=LINE('',#19037,#12531);
#10682=LINE('',#19039,#12532);
#10683=LINE('',#19041,#12533);
#10684=LINE('',#19043,#12534);
#10685=LINE('',#19045,#12535);
#10686=LINE('',#19047,#12536);
#10687=LINE('',#19049,#12537);
#10688=LINE('',#19051,#12538);
#10689=LINE('',#19053,#12539);
#10690=LINE('',#19055,#12540);
#10691=LINE('',#19058,#12541);
#10692=LINE('',#19060,#12542);
#10693=LINE('',#19062,#12543);
#10694=LINE('',#19064,#12544);
#10695=LINE('',#19067,#12545);
#10696=LINE('',#19069,#12546);
#10697=LINE('',#19071,#12547);
#10698=LINE('',#19073,#12548);
#10699=LINE('',#19076,#12549);
#10700=LINE('',#19078,#12550);
#10701=LINE('',#19080,#12551);
#10702=LINE('',#19082,#12552);
#10703=LINE('',#19085,#12553);
#10704=LINE('',#19087,#12554);
#10705=LINE('',#19089,#12555);
#10706=LINE('',#19091,#12556);
#10707=LINE('',#19094,#12557);
#10708=LINE('',#19096,#12558);
#10709=LINE('',#19098,#12559);
#10710=LINE('',#19100,#12560);
#10711=LINE('',#19103,#12561);
#10712=LINE('',#19105,#12562);
#10713=LINE('',#19107,#12563);
#10714=LINE('',#19109,#12564);
#10715=LINE('',#19112,#12565);
#10716=LINE('',#19114,#12566);
#10717=LINE('',#19116,#12567);
#10718=LINE('',#19118,#12568);
#10719=LINE('',#19121,#12569);
#10720=LINE('',#19123,#12570);
#10721=LINE('',#19125,#12571);
#10722=LINE('',#19127,#12572);
#10723=LINE('',#19130,#12573);
#10724=LINE('',#19132,#12574);
#10725=LINE('',#19134,#12575);
#10726=LINE('',#19136,#12576);
#10727=LINE('',#19139,#12577);
#10728=LINE('',#19141,#12578);
#10729=LINE('',#19143,#12579);
#10730=LINE('',#19145,#12580);
#10731=LINE('',#19148,#12581);
#10732=LINE('',#19150,#12582);
#10733=LINE('',#19152,#12583);
#10734=LINE('',#19154,#12584);
#10735=LINE('',#19157,#12585);
#10736=LINE('',#19159,#12586);
#10737=LINE('',#19161,#12587);
#10738=LINE('',#19163,#12588);
#10739=LINE('',#19166,#12589);
#10740=LINE('',#19168,#12590);
#10741=LINE('',#19170,#12591);
#10742=LINE('',#19172,#12592);
#10743=LINE('',#19175,#12593);
#10744=LINE('',#19177,#12594);
#10745=LINE('',#19179,#12595);
#10746=LINE('',#19181,#12596);
#10747=LINE('',#19184,#12597);
#10748=LINE('',#19186,#12598);
#10749=LINE('',#19188,#12599);
#10750=LINE('',#19190,#12600);
#10751=LINE('',#19193,#12601);
#10752=LINE('',#19195,#12602);
#10753=LINE('',#19197,#12603);
#10754=LINE('',#19199,#12604);
#10755=LINE('',#19202,#12605);
#10756=LINE('',#19204,#12606);
#10757=LINE('',#19206,#12607);
#10758=LINE('',#19208,#12608);
#10759=LINE('',#19211,#12609);
#10760=LINE('',#19213,#12610);
#10761=LINE('',#19215,#12611);
#10762=LINE('',#19217,#12612);
#10763=LINE('',#19220,#12613);
#10764=LINE('',#19222,#12614);
#10765=LINE('',#19224,#12615);
#10766=LINE('',#19226,#12616);
#10767=LINE('',#19229,#12617);
#10768=LINE('',#19231,#12618);
#10769=LINE('',#19233,#12619);
#10770=LINE('',#19235,#12620);
#10771=LINE('',#19238,#12621);
#10772=LINE('',#19240,#12622);
#10773=LINE('',#19242,#12623);
#10774=LINE('',#19244,#12624);
#10775=LINE('',#19247,#12625);
#10776=LINE('',#19249,#12626);
#10777=LINE('',#19251,#12627);
#10778=LINE('',#19253,#12628);
#10779=LINE('',#19256,#12629);
#10780=LINE('',#19258,#12630);
#10781=LINE('',#19260,#12631);
#10782=LINE('',#19262,#12632);
#10783=LINE('',#19265,#12633);
#10784=LINE('',#19267,#12634);
#10785=LINE('',#19269,#12635);
#10786=LINE('',#19271,#12636);
#10787=LINE('',#19274,#12637);
#10788=LINE('',#19276,#12638);
#10789=LINE('',#19278,#12639);
#10790=LINE('',#19280,#12640);
#10791=LINE('',#19283,#12641);
#10792=LINE('',#19285,#12642);
#10793=LINE('',#19287,#12643);
#10794=LINE('',#19289,#12644);
#10795=LINE('',#19292,#12645);
#10796=LINE('',#19294,#12646);
#10797=LINE('',#19296,#12647);
#10798=LINE('',#19298,#12648);
#10799=LINE('',#19300,#12649);
#10800=LINE('',#19302,#12650);
#10801=LINE('',#19304,#12651);
#10802=LINE('',#19306,#12652);
#10803=LINE('',#19308,#12653);
#10804=LINE('',#19310,#12654);
#10805=LINE('',#19312,#12655);
#10806=LINE('',#19314,#12656);
#10807=LINE('',#19316,#12657);
#10808=LINE('',#19318,#12658);
#10809=LINE('',#19320,#12659);
#10810=LINE('',#19322,#12660);
#10811=LINE('',#19323,#12661);
#10812=LINE('',#19325,#12662);
#10813=LINE('',#19327,#12663);
#10814=LINE('',#19329,#12664);
#10815=LINE('',#19331,#12665);
#10816=LINE('',#19333,#12666);
#10817=LINE('',#19335,#12667);
#10818=LINE('',#19337,#12668);
#10819=LINE('',#19339,#12669);
#10820=LINE('',#19341,#12670);
#10821=LINE('',#19343,#12671);
#10822=LINE('',#19345,#12672);
#10823=LINE('',#19348,#12673);
#10824=LINE('',#19350,#12674);
#10825=LINE('',#19352,#12675);
#10826=LINE('',#19354,#12676);
#10827=LINE('',#19356,#12677);
#10828=LINE('',#19357,#12678);
#10829=LINE('',#19358,#12679);
#10830=LINE('',#19360,#12680);
#10831=LINE('',#19361,#12681);
#10832=LINE('',#19363,#12682);
#10833=LINE('',#19365,#12683);
#10834=LINE('',#19366,#12684);
#10835=LINE('',#19368,#12685);
#10836=LINE('',#19369,#12686);
#10837=LINE('',#19370,#12687);
#10838=LINE('',#19372,#12688);
#10839=LINE('',#19374,#12689);
#10840=LINE('',#19376,#12690);
#10841=LINE('',#19378,#12691);
#10842=LINE('',#19380,#12692);
#10843=LINE('',#19382,#12693);
#10844=LINE('',#19384,#12694);
#10845=LINE('',#19386,#12695);
#10846=LINE('',#19388,#12696);
#10847=LINE('',#19390,#12697);
#10848=LINE('',#19392,#12698);
#10849=LINE('',#19394,#12699);
#10850=LINE('',#19396,#12700);
#10851=LINE('',#19398,#12701);
#10852=LINE('',#19400,#12702);
#10853=LINE('',#19402,#12703);
#10854=LINE('',#19404,#12704);
#10855=LINE('',#19406,#12705);
#10856=LINE('',#19408,#12706);
#10857=LINE('',#19410,#12707);
#10858=LINE('',#19412,#12708);
#10859=LINE('',#19414,#12709);
#10860=LINE('',#19416,#12710);
#10861=LINE('',#19418,#12711);
#10862=LINE('',#19420,#12712);
#10863=LINE('',#19422,#12713);
#10864=LINE('',#19424,#12714);
#10865=LINE('',#19426,#12715);
#10866=LINE('',#19428,#12716);
#10867=LINE('',#19430,#12717);
#10868=LINE('',#19432,#12718);
#10869=LINE('',#19434,#12719);
#10870=LINE('',#19436,#12720);
#10871=LINE('',#19438,#12721);
#10872=LINE('',#19440,#12722);
#10873=LINE('',#19442,#12723);
#10874=LINE('',#19444,#12724);
#10875=LINE('',#19446,#12725);
#10876=LINE('',#19448,#12726);
#10877=LINE('',#19450,#12727);
#10878=LINE('',#19452,#12728);
#10879=LINE('',#19454,#12729);
#10880=LINE('',#19456,#12730);
#10881=LINE('',#19458,#12731);
#10882=LINE('',#19460,#12732);
#10883=LINE('',#19462,#12733);
#10884=LINE('',#19464,#12734);
#10885=LINE('',#19466,#12735);
#10886=LINE('',#19468,#12736);
#10887=LINE('',#19470,#12737);
#10888=LINE('',#19472,#12738);
#10889=LINE('',#19474,#12739);
#10890=LINE('',#19476,#12740);
#10891=LINE('',#19478,#12741);
#10892=LINE('',#19480,#12742);
#10893=LINE('',#19482,#12743);
#10894=LINE('',#19484,#12744);
#10895=LINE('',#19486,#12745);
#10896=LINE('',#19488,#12746);
#10897=LINE('',#19490,#12747);
#10898=LINE('',#19492,#12748);
#10899=LINE('',#19494,#12749);
#10900=LINE('',#19496,#12750);
#10901=LINE('',#19498,#12751);
#10902=LINE('',#19500,#12752);
#10903=LINE('',#19502,#12753);
#10904=LINE('',#19504,#12754);
#10905=LINE('',#19506,#12755);
#10906=LINE('',#19508,#12756);
#10907=LINE('',#19510,#12757);
#10908=LINE('',#19512,#12758);
#10909=LINE('',#19514,#12759);
#10910=LINE('',#19516,#12760);
#10911=LINE('',#19518,#12761);
#10912=LINE('',#19520,#12762);
#10913=LINE('',#19522,#12763);
#10914=LINE('',#19524,#12764);
#10915=LINE('',#19526,#12765);
#10916=LINE('',#19528,#12766);
#10917=LINE('',#19530,#12767);
#10918=LINE('',#19532,#12768);
#10919=LINE('',#19534,#12769);
#10920=LINE('',#19536,#12770);
#10921=LINE('',#19538,#12771);
#10922=LINE('',#19540,#12772);
#10923=LINE('',#19542,#12773);
#10924=LINE('',#19544,#12774);
#10925=LINE('',#19546,#12775);
#10926=LINE('',#19548,#12776);
#10927=LINE('',#19550,#12777);
#10928=LINE('',#19552,#12778);
#10929=LINE('',#19554,#12779);
#10930=LINE('',#19556,#12780);
#10931=LINE('',#19558,#12781);
#10932=LINE('',#19560,#12782);
#10933=LINE('',#19562,#12783);
#10934=LINE('',#19564,#12784);
#10935=LINE('',#19566,#12785);
#10936=LINE('',#19568,#12786);
#10937=LINE('',#19570,#12787);
#10938=LINE('',#19572,#12788);
#10939=LINE('',#19574,#12789);
#10940=LINE('',#19576,#12790);
#10941=LINE('',#19578,#12791);
#10942=LINE('',#19580,#12792);
#10943=LINE('',#19581,#12793);
#10944=LINE('',#19583,#12794);
#10945=LINE('',#19585,#12795);
#10946=LINE('',#19586,#12796);
#10947=LINE('',#19588,#12797);
#10948=LINE('',#19590,#12798);
#10949=LINE('',#19591,#12799);
#10950=LINE('',#19593,#12800);
#10951=LINE('',#19595,#12801);
#10952=LINE('',#19596,#12802);
#10953=LINE('',#19598,#12803);
#10954=LINE('',#19600,#12804);
#10955=LINE('',#19601,#12805);
#10956=LINE('',#19603,#12806);
#10957=LINE('',#19605,#12807);
#10958=LINE('',#19606,#12808);
#10959=LINE('',#19608,#12809);
#10960=LINE('',#19610,#12810);
#10961=LINE('',#19611,#12811);
#10962=LINE('',#19613,#12812);
#10963=LINE('',#19615,#12813);
#10964=LINE('',#19616,#12814);
#10965=LINE('',#19618,#12815);
#10966=LINE('',#19620,#12816);
#10967=LINE('',#19621,#12817);
#10968=LINE('',#19623,#12818);
#10969=LINE('',#19625,#12819);
#10970=LINE('',#19626,#12820);
#10971=LINE('',#19628,#12821);
#10972=LINE('',#19630,#12822);
#10973=LINE('',#19631,#12823);
#10974=LINE('',#19633,#12824);
#10975=LINE('',#19635,#12825);
#10976=LINE('',#19636,#12826);
#10977=LINE('',#19638,#12827);
#10978=LINE('',#19640,#12828);
#10979=LINE('',#19641,#12829);
#10980=LINE('',#19643,#12830);
#10981=LINE('',#19645,#12831);
#10982=LINE('',#19646,#12832);
#10983=LINE('',#19648,#12833);
#10984=LINE('',#19650,#12834);
#10985=LINE('',#19651,#12835);
#10986=LINE('',#19653,#12836);
#10987=LINE('',#19655,#12837);
#10988=LINE('',#19656,#12838);
#10989=LINE('',#19658,#12839);
#10990=LINE('',#19660,#12840);
#10991=LINE('',#19661,#12841);
#10992=LINE('',#19663,#12842);
#10993=LINE('',#19665,#12843);
#10994=LINE('',#19666,#12844);
#10995=LINE('',#19668,#12845);
#10996=LINE('',#19670,#12846);
#10997=LINE('',#19671,#12847);
#10998=LINE('',#19673,#12848);
#10999=LINE('',#19675,#12849);
#11000=LINE('',#19676,#12850);
#11001=LINE('',#19678,#12851);
#11002=LINE('',#19680,#12852);
#11003=LINE('',#19681,#12853);
#11004=LINE('',#19683,#12854);
#11005=LINE('',#19685,#12855);
#11006=LINE('',#19686,#12856);
#11007=LINE('',#19688,#12857);
#11008=LINE('',#19690,#12858);
#11009=LINE('',#19691,#12859);
#11010=LINE('',#19693,#12860);
#11011=LINE('',#19695,#12861);
#11012=LINE('',#19696,#12862);
#11013=LINE('',#19698,#12863);
#11014=LINE('',#19700,#12864);
#11015=LINE('',#19701,#12865);
#11016=LINE('',#19703,#12866);
#11017=LINE('',#19705,#12867);
#11018=LINE('',#19706,#12868);
#11019=LINE('',#19707,#12869);
#11020=LINE('',#19709,#12870);
#11021=LINE('',#19711,#12871);
#11022=LINE('',#19712,#12872);
#11023=LINE('',#19713,#12873);
#11024=LINE('',#19715,#12874);
#11025=LINE('',#19717,#12875);
#11026=LINE('',#19718,#12876);
#11027=LINE('',#19720,#12877);
#11028=LINE('',#19722,#12878);
#11029=LINE('',#19727,#12879);
#11030=LINE('',#19729,#12880);
#11031=LINE('',#19731,#12881);
#11032=LINE('',#19733,#12882);
#11033=LINE('',#19735,#12883);
#11034=LINE('',#19737,#12884);
#11035=LINE('',#19739,#12885);
#11036=LINE('',#19741,#12886);
#11037=LINE('',#19744,#12887);
#11038=LINE('',#19745,#12888);
#11039=LINE('',#19747,#12889);
#11040=LINE('',#19748,#12890);
#11041=LINE('',#19750,#12891);
#11042=LINE('',#19752,#12892);
#11043=LINE('',#19755,#12893);
#11044=LINE('',#19757,#12894);
#11045=LINE('',#19758,#12895);
#11046=LINE('',#19760,#12896);
#11047=LINE('',#19761,#12897);
#11048=LINE('',#19763,#12898);
#11049=LINE('',#19766,#12899);
#11050=LINE('',#19767,#12900);
#11051=LINE('',#19769,#12901);
#11052=LINE('',#19773,#12902);
#11053=LINE('',#19776,#12903);
#11054=LINE('',#19778,#12904);
#11055=LINE('',#19781,#12905);
#11056=LINE('',#19784,#12906);
#11057=LINE('',#19786,#12907);
#11058=LINE('',#19789,#12908);
#11059=LINE('',#19791,#12909);
#11060=LINE('',#19793,#12910);
#11061=LINE('',#19795,#12911);
#11062=LINE('',#19797,#12912);
#11063=LINE('',#19798,#12913);
#11064=LINE('',#19801,#12914);
#11065=LINE('',#19803,#12915);
#11066=LINE('',#19805,#12916);
#11067=LINE('',#19807,#12917);
#11068=LINE('',#19809,#12918);
#11069=LINE('',#19811,#12919);
#11070=LINE('',#19814,#12920);
#11071=LINE('',#19815,#12921);
#11072=LINE('',#19817,#12922);
#11073=LINE('',#19819,#12923);
#11074=LINE('',#19821,#12924);
#11075=LINE('',#19824,#12925);
#11076=LINE('',#19826,#12926);
#11077=LINE('',#19828,#12927);
#11078=LINE('',#19829,#12928);
#11079=LINE('',#19832,#12929);
#11080=LINE('',#19834,#12930);
#11081=LINE('',#19836,#12931);
#11082=LINE('',#19837,#12932);
#11083=LINE('',#19840,#12933);
#11084=LINE('',#19842,#12934);
#11085=LINE('',#19844,#12935);
#11086=LINE('',#19845,#12936);
#11087=LINE('',#19848,#12937);
#11088=LINE('',#19850,#12938);
#11089=LINE('',#19852,#12939);
#11090=LINE('',#19853,#12940);
#11091=LINE('',#19856,#12941);
#11092=LINE('',#19858,#12942);
#11093=LINE('',#19860,#12943);
#11094=LINE('',#19861,#12944);
#11095=LINE('',#19864,#12945);
#11096=LINE('',#19866,#12946);
#11097=LINE('',#19868,#12947);
#11098=LINE('',#19869,#12948);
#11099=LINE('',#19872,#12949);
#11100=LINE('',#19874,#12950);
#11101=LINE('',#19876,#12951);
#11102=LINE('',#19877,#12952);
#11103=LINE('',#19880,#12953);
#11104=LINE('',#19882,#12954);
#11105=LINE('',#19884,#12955);
#11106=LINE('',#19885,#12956);
#11107=LINE('',#19888,#12957);
#11108=LINE('',#19890,#12958);
#11109=LINE('',#19892,#12959);
#11110=LINE('',#19893,#12960);
#11111=LINE('',#19896,#12961);
#11112=LINE('',#19898,#12962);
#11113=LINE('',#19900,#12963);
#11114=LINE('',#19901,#12964);
#11115=LINE('',#19904,#12965);
#11116=LINE('',#19906,#12966);
#11117=LINE('',#19908,#12967);
#11118=LINE('',#19909,#12968);
#11119=LINE('',#19912,#12969);
#11120=LINE('',#19914,#12970);
#11121=LINE('',#19916,#12971);
#11122=LINE('',#19917,#12972);
#11123=LINE('',#19920,#12973);
#11124=LINE('',#19922,#12974);
#11125=LINE('',#19924,#12975);
#11126=LINE('',#19925,#12976);
#11127=LINE('',#19928,#12977);
#11128=LINE('',#19930,#12978);
#11129=LINE('',#19932,#12979);
#11130=LINE('',#19933,#12980);
#11131=LINE('',#19936,#12981);
#11132=LINE('',#19938,#12982);
#11133=LINE('',#19940,#12983);
#11134=LINE('',#19941,#12984);
#11135=LINE('',#19944,#12985);
#11136=LINE('',#19946,#12986);
#11137=LINE('',#19948,#12987);
#11138=LINE('',#19949,#12988);
#11139=LINE('',#19952,#12989);
#11140=LINE('',#19954,#12990);
#11141=LINE('',#19956,#12991);
#11142=LINE('',#19957,#12992);
#11143=LINE('',#19960,#12993);
#11144=LINE('',#19962,#12994);
#11145=LINE('',#19964,#12995);
#11146=LINE('',#19965,#12996);
#11147=LINE('',#19968,#12997);
#11148=LINE('',#19970,#12998);
#11149=LINE('',#19972,#12999);
#11150=LINE('',#19973,#13000);
#11151=LINE('',#19976,#13001);
#11152=LINE('',#19978,#13002);
#11153=LINE('',#19980,#13003);
#11154=LINE('',#19981,#13004);
#11155=LINE('',#19984,#13005);
#11156=LINE('',#19986,#13006);
#11157=LINE('',#19988,#13007);
#11158=LINE('',#19989,#13008);
#11159=LINE('',#19992,#13009);
#11160=LINE('',#19994,#13010);
#11161=LINE('',#19996,#13011);
#11162=LINE('',#19997,#13012);
#11163=LINE('',#20000,#13013);
#11164=LINE('',#20002,#13014);
#11165=LINE('',#20004,#13015);
#11166=LINE('',#20005,#13016);
#11167=LINE('',#20008,#13017);
#11168=LINE('',#20010,#13018);
#11169=LINE('',#20012,#13019);
#11170=LINE('',#20013,#13020);
#11171=LINE('',#20016,#13021);
#11172=LINE('',#20018,#13022);
#11173=LINE('',#20020,#13023);
#11174=LINE('',#20021,#13024);
#11175=LINE('',#20024,#13025);
#11176=LINE('',#20026,#13026);
#11177=LINE('',#20028,#13027);
#11178=LINE('',#20029,#13028);
#11179=LINE('',#20032,#13029);
#11180=LINE('',#20034,#13030);
#11181=LINE('',#20036,#13031);
#11182=LINE('',#20037,#13032);
#11183=LINE('',#20040,#13033);
#11184=LINE('',#20042,#13034);
#11185=LINE('',#20044,#13035);
#11186=LINE('',#20046,#13036);
#11187=LINE('',#20047,#13037);
#11188=LINE('',#20049,#13038);
#11189=LINE('',#20050,#13039);
#11190=LINE('',#20052,#13040);
#11191=LINE('',#20054,#13041);
#11192=LINE('',#20058,#13042);
#11193=LINE('',#20060,#13043);
#11194=LINE('',#20062,#13044);
#11195=LINE('',#20066,#13045);
#11196=LINE('',#20068,#13046);
#11197=LINE('',#20069,#13047);
#11198=LINE('',#20070,#13048);
#11199=LINE('',#20071,#13049);
#11200=LINE('',#20073,#13050);
#11201=LINE('',#20075,#13051);
#11202=LINE('',#20076,#13052);
#11203=LINE('',#20078,#13053);
#11204=LINE('',#20080,#13054);
#11205=LINE('',#20081,#13055);
#11206=LINE('',#20083,#13056);
#11207=LINE('',#20085,#13057);
#11208=LINE('',#20086,#13058);
#11209=LINE('',#20088,#13059);
#11210=LINE('',#20090,#13060);
#11211=LINE('',#20091,#13061);
#11212=LINE('',#20093,#13062);
#11213=LINE('',#20095,#13063);
#11214=LINE('',#20096,#13064);
#11215=LINE('',#20098,#13065);
#11216=LINE('',#20100,#13066);
#11217=LINE('',#20101,#13067);
#11218=LINE('',#20103,#13068);
#11219=LINE('',#20105,#13069);
#11220=LINE('',#20106,#13070);
#11221=LINE('',#20108,#13071);
#11222=LINE('',#20110,#13072);
#11223=LINE('',#20111,#13073);
#11224=LINE('',#20113,#13074);
#11225=LINE('',#20115,#13075);
#11226=LINE('',#20116,#13076);
#11227=LINE('',#20118,#13077);
#11228=LINE('',#20120,#13078);
#11229=LINE('',#20121,#13079);
#11230=LINE('',#20123,#13080);
#11231=LINE('',#20125,#13081);
#11232=LINE('',#20126,#13082);
#11233=LINE('',#20128,#13083);
#11234=LINE('',#20130,#13084);
#11235=LINE('',#20131,#13085);
#11236=LINE('',#20133,#13086);
#11237=LINE('',#20135,#13087);
#11238=LINE('',#20136,#13088);
#11239=LINE('',#20138,#13089);
#11240=LINE('',#20140,#13090);
#11241=LINE('',#20141,#13091);
#11242=LINE('',#20143,#13092);
#11243=LINE('',#20145,#13093);
#11244=LINE('',#20146,#13094);
#11245=LINE('',#20148,#13095);
#11246=LINE('',#20150,#13096);
#11247=LINE('',#20151,#13097);
#11248=LINE('',#20153,#13098);
#11249=LINE('',#20155,#13099);
#11250=LINE('',#20156,#13100);
#11251=LINE('',#20158,#13101);
#11252=LINE('',#20160,#13102);
#11253=LINE('',#20161,#13103);
#11254=LINE('',#20163,#13104);
#11255=LINE('',#20165,#13105);
#11256=LINE('',#20166,#13106);
#11257=LINE('',#20168,#13107);
#11258=LINE('',#20170,#13108);
#11259=LINE('',#20171,#13109);
#11260=LINE('',#20173,#13110);
#11261=LINE('',#20175,#13111);
#11262=LINE('',#20176,#13112);
#11263=LINE('',#20178,#13113);
#11264=LINE('',#20180,#13114);
#11265=LINE('',#20181,#13115);
#11266=LINE('',#20183,#13116);
#11267=LINE('',#20185,#13117);
#11268=LINE('',#20186,#13118);
#11269=LINE('',#20188,#13119);
#11270=LINE('',#20190,#13120);
#11271=LINE('',#20191,#13121);
#11272=LINE('',#20193,#13122);
#11273=LINE('',#20195,#13123);
#11274=LINE('',#20196,#13124);
#11275=LINE('',#20198,#13125);
#11276=LINE('',#20200,#13126);
#11277=LINE('',#20201,#13127);
#11278=LINE('',#20203,#13128);
#11279=LINE('',#20204,#13129);
#11280=LINE('',#20207,#13130);
#11281=LINE('',#20208,#13131);
#11282=LINE('',#20210,#13132);
#11283=LINE('',#20211,#13133);
#11284=LINE('',#20214,#13134);
#11285=LINE('',#20216,#13135);
#11286=LINE('',#20218,#13136);
#11287=LINE('',#20220,#13137);
#11288=LINE('',#20222,#13138);
#11289=LINE('',#20224,#13139);
#11290=LINE('',#20226,#13140);
#11291=LINE('',#20228,#13141);
#11292=LINE('',#20229,#13142);
#11293=LINE('',#20232,#13143);
#11294=LINE('',#20233,#13144);
#11295=LINE('',#20236,#13145);
#11296=LINE('',#20238,#13146);
#11297=LINE('',#20240,#13147);
#11298=LINE('',#20241,#13148);
#11299=LINE('',#20243,#13149);
#11300=LINE('',#20245,#13150);
#11301=LINE('',#20247,#13151);
#11302=LINE('',#20249,#13152);
#11303=LINE('',#20251,#13153);
#11304=LINE('',#20253,#13154);
#11305=LINE('',#20256,#13155);
#11306=LINE('',#20258,#13156);
#11307=LINE('',#20261,#13157);
#11308=LINE('',#20265,#13158);
#11309=LINE('',#20269,#13159);
#11310=LINE('',#20271,#13160);
#11311=LINE('',#20274,#13161);
#11312=LINE('',#20276,#13162);
#11313=LINE('',#20278,#13163);
#11314=LINE('',#20282,#13164);
#11315=LINE('',#20286,#13165);
#11316=LINE('',#20288,#13166);
#11317=LINE('',#20290,#13167);
#11318=LINE('',#20293,#13168);
#11319=LINE('',#20296,#13169);
#11320=LINE('',#20300,#13170);
#11321=LINE('',#20302,#13171);
#11322=LINE('',#20304,#13172);
#11323=LINE('',#20306,#13173);
#11324=LINE('',#20308,#13174);
#11325=LINE('',#20310,#13175);
#11326=LINE('',#20312,#13176);
#11327=LINE('',#20314,#13177);
#11328=LINE('',#20316,#13178);
#11329=LINE('',#20318,#13179);
#11330=LINE('',#20320,#13180);
#11331=LINE('',#20322,#13181);
#11332=LINE('',#20324,#13182);
#11333=LINE('',#20326,#13183);
#11334=LINE('',#20328,#13184);
#11335=LINE('',#20330,#13185);
#11336=LINE('',#20332,#13186);
#11337=LINE('',#20335,#13187);
#11338=LINE('',#20339,#13188);
#11339=LINE('',#20343,#13189);
#11340=LINE('',#20345,#13190);
#11341=LINE('',#20349,#13191);
#11342=LINE('',#20353,#13192);
#11343=LINE('',#20355,#13193);
#11344=LINE('',#20359,#13194);
#11345=LINE('',#20363,#13195);
#11346=LINE('',#20365,#13196);
#11347=LINE('',#20369,#13197);
#11348=LINE('',#20373,#13198);
#11349=LINE('',#20375,#13199);
#11350=LINE('',#20379,#13200);
#11351=LINE('',#20383,#13201);
#11352=LINE('',#20385,#13202);
#11353=LINE('',#20389,#13203);
#11354=LINE('',#20393,#13204);
#11355=LINE('',#20395,#13205);
#11356=LINE('',#20399,#13206);
#11357=LINE('',#20403,#13207);
#11358=LINE('',#20405,#13208);
#11359=LINE('',#20409,#13209);
#11360=LINE('',#20413,#13210);
#11361=LINE('',#20415,#13211);
#11362=LINE('',#20419,#13212);
#11363=LINE('',#20423,#13213);
#11364=LINE('',#20425,#13214);
#11365=LINE('',#20429,#13215);
#11366=LINE('',#20433,#13216);
#11367=LINE('',#20435,#13217);
#11368=LINE('',#20439,#13218);
#11369=LINE('',#20443,#13219);
#11370=LINE('',#20445,#13220);
#11371=LINE('',#20449,#13221);
#11372=LINE('',#20453,#13222);
#11373=LINE('',#20455,#13223);
#11374=LINE('',#20459,#13224);
#11375=LINE('',#20463,#13225);
#11376=LINE('',#20465,#13226);
#11377=LINE('',#20469,#13227);
#11378=LINE('',#20473,#13228);
#11379=LINE('',#20475,#13229);
#11380=LINE('',#20479,#13230);
#11381=LINE('',#20483,#13231);
#11382=LINE('',#20485,#13232);
#11383=LINE('',#20489,#13233);
#11384=LINE('',#20493,#13234);
#11385=LINE('',#20495,#13235);
#11386=LINE('',#20499,#13236);
#11387=LINE('',#20503,#13237);
#11388=LINE('',#20505,#13238);
#11389=LINE('',#20509,#13239);
#11390=LINE('',#20513,#13240);
#11391=LINE('',#20515,#13241);
#11392=LINE('',#20519,#13242);
#11393=LINE('',#20523,#13243);
#11394=LINE('',#20525,#13244);
#11395=LINE('',#20529,#13245);
#11396=LINE('',#20533,#13246);
#11397=LINE('',#20535,#13247);
#11398=LINE('',#20539,#13248);
#11399=LINE('',#20543,#13249);
#11400=LINE('',#20545,#13250);
#11401=LINE('',#20549,#13251);
#11402=LINE('',#20553,#13252);
#11403=LINE('',#20555,#13253);
#11404=LINE('',#20559,#13254);
#11405=LINE('',#20563,#13255);
#11406=LINE('',#20565,#13256);
#11407=LINE('',#20569,#13257);
#11408=LINE('',#20573,#13258);
#11409=LINE('',#20575,#13259);
#11410=LINE('',#20579,#13260);
#11411=LINE('',#20583,#13261);
#11412=LINE('',#20585,#13262);
#11413=LINE('',#20589,#13263);
#11414=LINE('',#20593,#13264);
#11415=LINE('',#20595,#13265);
#11416=LINE('',#20598,#13266);
#11417=LINE('',#20600,#13267);
#11418=LINE('',#20602,#13268);
#11419=LINE('',#20606,#13269);
#11420=LINE('',#20610,#13270);
#11421=LINE('',#20612,#13271);
#11422=LINE('',#20614,#13272);
#11423=LINE('',#20617,#13273);
#11424=LINE('',#20620,#13274);
#11425=LINE('',#20624,#13275);
#11426=LINE('',#20627,#13276);
#11427=LINE('',#20629,#13277);
#11428=LINE('',#20631,#13278);
#11429=LINE('',#20635,#13279);
#11430=LINE('',#20639,#13280);
#11431=LINE('',#20641,#13281);
#11432=LINE('',#20643,#13282);
#11433=LINE('',#20646,#13283);
#11434=LINE('',#20649,#13284);
#11435=LINE('',#20653,#13285);
#11436=LINE('',#20656,#13286);
#11437=LINE('',#20658,#13287);
#11438=LINE('',#20660,#13288);
#11439=LINE('',#20664,#13289);
#11440=LINE('',#20668,#13290);
#11441=LINE('',#20670,#13291);
#11442=LINE('',#20672,#13292);
#11443=LINE('',#20675,#13293);
#11444=LINE('',#20678,#13294);
#11445=LINE('',#20682,#13295);
#11446=LINE('',#20685,#13296);
#11447=LINE('',#20687,#13297);
#11448=LINE('',#20689,#13298);
#11449=LINE('',#20693,#13299);
#11450=LINE('',#20697,#13300);
#11451=LINE('',#20699,#13301);
#11452=LINE('',#20701,#13302);
#11453=LINE('',#20704,#13303);
#11454=LINE('',#20707,#13304);
#11455=LINE('',#20711,#13305);
#11456=LINE('',#20714,#13306);
#11457=LINE('',#20716,#13307);
#11458=LINE('',#20718,#13308);
#11459=LINE('',#20722,#13309);
#11460=LINE('',#20726,#13310);
#11461=LINE('',#20728,#13311);
#11462=LINE('',#20730,#13312);
#11463=LINE('',#20733,#13313);
#11464=LINE('',#20736,#13314);
#11465=LINE('',#20740,#13315);
#11466=LINE('',#20743,#13316);
#11467=LINE('',#20745,#13317);
#11468=LINE('',#20747,#13318);
#11469=LINE('',#20751,#13319);
#11470=LINE('',#20755,#13320);
#11471=LINE('',#20757,#13321);
#11472=LINE('',#20759,#13322);
#11473=LINE('',#20762,#13323);
#11474=LINE('',#20765,#13324);
#11475=LINE('',#20769,#13325);
#11476=LINE('',#20772,#13326);
#11477=LINE('',#20774,#13327);
#11478=LINE('',#20776,#13328);
#11479=LINE('',#20780,#13329);
#11480=LINE('',#20784,#13330);
#11481=LINE('',#20786,#13331);
#11482=LINE('',#20788,#13332);
#11483=LINE('',#20791,#13333);
#11484=LINE('',#20794,#13334);
#11485=LINE('',#20798,#13335);
#11486=LINE('',#20801,#13336);
#11487=LINE('',#20803,#13337);
#11488=LINE('',#20805,#13338);
#11489=LINE('',#20809,#13339);
#11490=LINE('',#20813,#13340);
#11491=LINE('',#20815,#13341);
#11492=LINE('',#20817,#13342);
#11493=LINE('',#20820,#13343);
#11494=LINE('',#20823,#13344);
#11495=LINE('',#20827,#13345);
#11496=LINE('',#20830,#13346);
#11497=LINE('',#20832,#13347);
#11498=LINE('',#20834,#13348);
#11499=LINE('',#20838,#13349);
#11500=LINE('',#20842,#13350);
#11501=LINE('',#20844,#13351);
#11502=LINE('',#20846,#13352);
#11503=LINE('',#20849,#13353);
#11504=LINE('',#20852,#13354);
#11505=LINE('',#20856,#13355);
#11506=LINE('',#20859,#13356);
#11507=LINE('',#20861,#13357);
#11508=LINE('',#20863,#13358);
#11509=LINE('',#20867,#13359);
#11510=LINE('',#20871,#13360);
#11511=LINE('',#20873,#13361);
#11512=LINE('',#20875,#13362);
#11513=LINE('',#20878,#13363);
#11514=LINE('',#20881,#13364);
#11515=LINE('',#20885,#13365);
#11516=LINE('',#20888,#13366);
#11517=LINE('',#20890,#13367);
#11518=LINE('',#20892,#13368);
#11519=LINE('',#20896,#13369);
#11520=LINE('',#20900,#13370);
#11521=LINE('',#20902,#13371);
#11522=LINE('',#20904,#13372);
#11523=LINE('',#20907,#13373);
#11524=LINE('',#20910,#13374);
#11525=LINE('',#20914,#13375);
#11526=LINE('',#20917,#13376);
#11527=LINE('',#20919,#13377);
#11528=LINE('',#20921,#13378);
#11529=LINE('',#20925,#13379);
#11530=LINE('',#20929,#13380);
#11531=LINE('',#20931,#13381);
#11532=LINE('',#20933,#13382);
#11533=LINE('',#20936,#13383);
#11534=LINE('',#20939,#13384);
#11535=LINE('',#20943,#13385);
#11536=LINE('',#20946,#13386);
#11537=LINE('',#20948,#13387);
#11538=LINE('',#20950,#13388);
#11539=LINE('',#20954,#13389);
#11540=LINE('',#20958,#13390);
#11541=LINE('',#20960,#13391);
#11542=LINE('',#20962,#13392);
#11543=LINE('',#20965,#13393);
#11544=LINE('',#20968,#13394);
#11545=LINE('',#20972,#13395);
#11546=LINE('',#20975,#13396);
#11547=LINE('',#20977,#13397);
#11548=LINE('',#20979,#13398);
#11549=LINE('',#20983,#13399);
#11550=LINE('',#20987,#13400);
#11551=LINE('',#20989,#13401);
#11552=LINE('',#20991,#13402);
#11553=LINE('',#20994,#13403);
#11554=LINE('',#20997,#13404);
#11555=LINE('',#21001,#13405);
#11556=LINE('',#21004,#13406);
#11557=LINE('',#21006,#13407);
#11558=LINE('',#21008,#13408);
#11559=LINE('',#21012,#13409);
#11560=LINE('',#21016,#13410);
#11561=LINE('',#21018,#13411);
#11562=LINE('',#21020,#13412);
#11563=LINE('',#21023,#13413);
#11564=LINE('',#21026,#13414);
#11565=LINE('',#21030,#13415);
#11566=LINE('',#21033,#13416);
#11567=LINE('',#21035,#13417);
#11568=LINE('',#21037,#13418);
#11569=LINE('',#21041,#13419);
#11570=LINE('',#21045,#13420);
#11571=LINE('',#21047,#13421);
#11572=LINE('',#21049,#13422);
#11573=LINE('',#21052,#13423);
#11574=LINE('',#21055,#13424);
#11575=LINE('',#21059,#13425);
#11576=LINE('',#21062,#13426);
#11577=LINE('',#21064,#13427);
#11578=LINE('',#21066,#13428);
#11579=LINE('',#21070,#13429);
#11580=LINE('',#21074,#13430);
#11581=LINE('',#21076,#13431);
#11582=LINE('',#21078,#13432);
#11583=LINE('',#21081,#13433);
#11584=LINE('',#21084,#13434);
#11585=LINE('',#21088,#13435);
#11586=LINE('',#21091,#13436);
#11587=LINE('',#21093,#13437);
#11588=LINE('',#21095,#13438);
#11589=LINE('',#21099,#13439);
#11590=LINE('',#21103,#13440);
#11591=LINE('',#21105,#13441);
#11592=LINE('',#21107,#13442);
#11593=LINE('',#21110,#13443);
#11594=LINE('',#21113,#13444);
#11595=LINE('',#21117,#13445);
#11596=LINE('',#21120,#13446);
#11597=LINE('',#21122,#13447);
#11598=LINE('',#21124,#13448);
#11599=LINE('',#21128,#13449);
#11600=LINE('',#21132,#13450);
#11601=LINE('',#21134,#13451);
#11602=LINE('',#21136,#13452);
#11603=LINE('',#21139,#13453);
#11604=LINE('',#21142,#13454);
#11605=LINE('',#21146,#13455);
#11606=LINE('',#21149,#13456);
#11607=LINE('',#21151,#13457);
#11608=LINE('',#21153,#13458);
#11609=LINE('',#21157,#13459);
#11610=LINE('',#21161,#13460);
#11611=LINE('',#21163,#13461);
#11612=LINE('',#21165,#13462);
#11613=LINE('',#21168,#13463);
#11614=LINE('',#21171,#13464);
#11615=LINE('',#21175,#13465);
#11616=LINE('',#21178,#13466);
#11617=LINE('',#21180,#13467);
#11618=LINE('',#21182,#13468);
#11619=LINE('',#21186,#13469);
#11620=LINE('',#21190,#13470);
#11621=LINE('',#21192,#13471);
#11622=LINE('',#21194,#13472);
#11623=LINE('',#21197,#13473);
#11624=LINE('',#21200,#13474);
#11625=LINE('',#21204,#13475);
#11626=LINE('',#21207,#13476);
#11627=LINE('',#21209,#13477);
#11628=LINE('',#21211,#13478);
#11629=LINE('',#21215,#13479);
#11630=LINE('',#21219,#13480);
#11631=LINE('',#21221,#13481);
#11632=LINE('',#21223,#13482);
#11633=LINE('',#21226,#13483);
#11634=LINE('',#21229,#13484);
#11635=LINE('',#21233,#13485);
#11636=LINE('',#21236,#13486);
#11637=LINE('',#21238,#13487);
#11638=LINE('',#21240,#13488);
#11639=LINE('',#21244,#13489);
#11640=LINE('',#21248,#13490);
#11641=LINE('',#21250,#13491);
#11642=LINE('',#21252,#13492);
#11643=LINE('',#21255,#13493);
#11644=LINE('',#21258,#13494);
#11645=LINE('',#21262,#13495);
#11646=LINE('',#21265,#13496);
#11647=LINE('',#21267,#13497);
#11648=LINE('',#21269,#13498);
#11649=LINE('',#21273,#13499);
#11650=LINE('',#21277,#13500);
#11651=LINE('',#21279,#13501);
#11652=LINE('',#21281,#13502);
#11653=LINE('',#21284,#13503);
#11654=LINE('',#21287,#13504);
#11655=LINE('',#21291,#13505);
#11656=LINE('',#21294,#13506);
#11657=LINE('',#21296,#13507);
#11658=LINE('',#21298,#13508);
#11659=LINE('',#21302,#13509);
#11660=LINE('',#21306,#13510);
#11661=LINE('',#21308,#13511);
#11662=LINE('',#21310,#13512);
#11663=LINE('',#21313,#13513);
#11664=LINE('',#21316,#13514);
#11665=LINE('',#21320,#13515);
#11666=LINE('',#21323,#13516);
#11667=LINE('',#21325,#13517);
#11668=LINE('',#21327,#13518);
#11669=LINE('',#21331,#13519);
#11670=LINE('',#21335,#13520);
#11671=LINE('',#21337,#13521);
#11672=LINE('',#21339,#13522);
#11673=LINE('',#21342,#13523);
#11674=LINE('',#21345,#13524);
#11675=LINE('',#21349,#13525);
#11676=LINE('',#21351,#13526);
#11677=LINE('',#21353,#13527);
#11678=LINE('',#21355,#13528);
#11679=LINE('',#21357,#13529);
#11680=LINE('',#21359,#13530);
#11681=LINE('',#21361,#13531);
#11682=LINE('',#21363,#13532);
#11683=LINE('',#21365,#13533);
#11684=LINE('',#21367,#13534);
#11685=LINE('',#21369,#13535);
#11686=LINE('',#21371,#13536);
#11687=LINE('',#21373,#13537);
#11688=LINE('',#21375,#13538);
#11689=LINE('',#21377,#13539);
#11690=LINE('',#21379,#13540);
#11691=LINE('',#21381,#13541);
#11692=LINE('',#21384,#13542);
#11693=LINE('',#21386,#13543);
#11694=LINE('',#21388,#13544);
#11695=LINE('',#21390,#13545);
#11696=LINE('',#21392,#13546);
#11697=LINE('',#21394,#13547);
#11698=LINE('',#21396,#13548);
#11699=LINE('',#21398,#13549);
#11700=LINE('',#21400,#13550);
#11701=LINE('',#21402,#13551);
#11702=LINE('',#21404,#13552);
#11703=LINE('',#21406,#13553);
#11704=LINE('',#21408,#13554);
#11705=LINE('',#21410,#13555);
#11706=LINE('',#21412,#13556);
#11707=LINE('',#21414,#13557);
#11708=LINE('',#21416,#13558);
#11709=LINE('',#21419,#13559);
#11710=LINE('',#21421,#13560);
#11711=LINE('',#21423,#13561);
#11712=LINE('',#21425,#13562);
#11713=LINE('',#21427,#13563);
#11714=LINE('',#21429,#13564);
#11715=LINE('',#21431,#13565);
#11716=LINE('',#21433,#13566);
#11717=LINE('',#21435,#13567);
#11718=LINE('',#21437,#13568);
#11719=LINE('',#21439,#13569);
#11720=LINE('',#21441,#13570);
#11721=LINE('',#21443,#13571);
#11722=LINE('',#21445,#13572);
#11723=LINE('',#21447,#13573);
#11724=LINE('',#21449,#13574);
#11725=LINE('',#21451,#13575);
#11726=LINE('',#21454,#13576);
#11727=LINE('',#21456,#13577);
#11728=LINE('',#21458,#13578);
#11729=LINE('',#21460,#13579);
#11730=LINE('',#21462,#13580);
#11731=LINE('',#21464,#13581);
#11732=LINE('',#21466,#13582);
#11733=LINE('',#21468,#13583);
#11734=LINE('',#21470,#13584);
#11735=LINE('',#21472,#13585);
#11736=LINE('',#21474,#13586);
#11737=LINE('',#21476,#13587);
#11738=LINE('',#21478,#13588);
#11739=LINE('',#21480,#13589);
#11740=LINE('',#21482,#13590);
#11741=LINE('',#21484,#13591);
#11742=LINE('',#21486,#13592);
#11743=LINE('',#21489,#13593);
#11744=LINE('',#21491,#13594);
#11745=LINE('',#21493,#13595);
#11746=LINE('',#21495,#13596);
#11747=LINE('',#21497,#13597);
#11748=LINE('',#21499,#13598);
#11749=LINE('',#21501,#13599);
#11750=LINE('',#21503,#13600);
#11751=LINE('',#21505,#13601);
#11752=LINE('',#21507,#13602);
#11753=LINE('',#21509,#13603);
#11754=LINE('',#21511,#13604);
#11755=LINE('',#21513,#13605);
#11756=LINE('',#21515,#13606);
#11757=LINE('',#21517,#13607);
#11758=LINE('',#21519,#13608);
#11759=LINE('',#21521,#13609);
#11760=LINE('',#21524,#13610);
#11761=LINE('',#21526,#13611);
#11762=LINE('',#21528,#13612);
#11763=LINE('',#21530,#13613);
#11764=LINE('',#21532,#13614);
#11765=LINE('',#21534,#13615);
#11766=LINE('',#21536,#13616);
#11767=LINE('',#21538,#13617);
#11768=LINE('',#21540,#13618);
#11769=LINE('',#21542,#13619);
#11770=LINE('',#21544,#13620);
#11771=LINE('',#21546,#13621);
#11772=LINE('',#21548,#13622);
#11773=LINE('',#21550,#13623);
#11774=LINE('',#21552,#13624);
#11775=LINE('',#21554,#13625);
#11776=LINE('',#21556,#13626);
#11777=LINE('',#21559,#13627);
#11778=LINE('',#21561,#13628);
#11779=LINE('',#21563,#13629);
#11780=LINE('',#21565,#13630);
#11781=LINE('',#21567,#13631);
#11782=LINE('',#21569,#13632);
#11783=LINE('',#21571,#13633);
#11784=LINE('',#21573,#13634);
#11785=LINE('',#21575,#13635);
#11786=LINE('',#21577,#13636);
#11787=LINE('',#21579,#13637);
#11788=LINE('',#21581,#13638);
#11789=LINE('',#21583,#13639);
#11790=LINE('',#21585,#13640);
#11791=LINE('',#21587,#13641);
#11792=LINE('',#21589,#13642);
#11793=LINE('',#21591,#13643);
#11794=LINE('',#21594,#13644);
#11795=LINE('',#21596,#13645);
#11796=LINE('',#21598,#13646);
#11797=LINE('',#21600,#13647);
#11798=LINE('',#21602,#13648);
#11799=LINE('',#21604,#13649);
#11800=LINE('',#21606,#13650);
#11801=LINE('',#21608,#13651);
#11802=LINE('',#21610,#13652);
#11803=LINE('',#21612,#13653);
#11804=LINE('',#21614,#13654);
#11805=LINE('',#21616,#13655);
#11806=LINE('',#21618,#13656);
#11807=LINE('',#21620,#13657);
#11808=LINE('',#21622,#13658);
#11809=LINE('',#21624,#13659);
#11810=LINE('',#21626,#13660);
#11811=LINE('',#21629,#13661);
#11812=LINE('',#21631,#13662);
#11813=LINE('',#21633,#13663);
#11814=LINE('',#21635,#13664);
#11815=LINE('',#21637,#13665);
#11816=LINE('',#21639,#13666);
#11817=LINE('',#21641,#13667);
#11818=LINE('',#21643,#13668);
#11819=LINE('',#21645,#13669);
#11820=LINE('',#21647,#13670);
#11821=LINE('',#21649,#13671);
#11822=LINE('',#21651,#13672);
#11823=LINE('',#21653,#13673);
#11824=LINE('',#21655,#13674);
#11825=LINE('',#21657,#13675);
#11826=LINE('',#21659,#13676);
#11827=LINE('',#21661,#13677);
#11828=LINE('',#21664,#13678);
#11829=LINE('',#21666,#13679);
#11830=LINE('',#21668,#13680);
#11831=LINE('',#21670,#13681);
#11832=LINE('',#21672,#13682);
#11833=LINE('',#21674,#13683);
#11834=LINE('',#21676,#13684);
#11835=LINE('',#21678,#13685);
#11836=LINE('',#21680,#13686);
#11837=LINE('',#21682,#13687);
#11838=LINE('',#21684,#13688);
#11839=LINE('',#21686,#13689);
#11840=LINE('',#21688,#13690);
#11841=LINE('',#21690,#13691);
#11842=LINE('',#21692,#13692);
#11843=LINE('',#21694,#13693);
#11844=LINE('',#21696,#13694);
#11845=LINE('',#21699,#13695);
#11846=LINE('',#21701,#13696);
#11847=LINE('',#21703,#13697);
#11848=LINE('',#21705,#13698);
#11849=LINE('',#21707,#13699);
#11850=LINE('',#21709,#13700);
#11851=LINE('',#21711,#13701);
#11852=LINE('',#21713,#13702);
#11853=LINE('',#21715,#13703);
#11854=LINE('',#21717,#13704);
#11855=LINE('',#21719,#13705);
#11856=LINE('',#21721,#13706);
#11857=LINE('',#21723,#13707);
#11858=LINE('',#21725,#13708);
#11859=LINE('',#21727,#13709);
#11860=LINE('',#21729,#13710);
#11861=LINE('',#21731,#13711);
#11862=LINE('',#21734,#13712);
#11863=LINE('',#21736,#13713);
#11864=LINE('',#21738,#13714);
#11865=LINE('',#21740,#13715);
#11866=LINE('',#21742,#13716);
#11867=LINE('',#21744,#13717);
#11868=LINE('',#21746,#13718);
#11869=LINE('',#21748,#13719);
#11870=LINE('',#21750,#13720);
#11871=LINE('',#21752,#13721);
#11872=LINE('',#21754,#13722);
#11873=LINE('',#21756,#13723);
#11874=LINE('',#21758,#13724);
#11875=LINE('',#21760,#13725);
#11876=LINE('',#21762,#13726);
#11877=LINE('',#21764,#13727);
#11878=LINE('',#21766,#13728);
#11879=LINE('',#21769,#13729);
#11880=LINE('',#21771,#13730);
#11881=LINE('',#21773,#13731);
#11882=LINE('',#21775,#13732);
#11883=LINE('',#21777,#13733);
#11884=LINE('',#21779,#13734);
#11885=LINE('',#21781,#13735);
#11886=LINE('',#21783,#13736);
#11887=LINE('',#21785,#13737);
#11888=LINE('',#21787,#13738);
#11889=LINE('',#21789,#13739);
#11890=LINE('',#21791,#13740);
#11891=LINE('',#21793,#13741);
#11892=LINE('',#21795,#13742);
#11893=LINE('',#21797,#13743);
#11894=LINE('',#21799,#13744);
#11895=LINE('',#21801,#13745);
#11896=LINE('',#21804,#13746);
#11897=LINE('',#21806,#13747);
#11898=LINE('',#21808,#13748);
#11899=LINE('',#21810,#13749);
#11900=LINE('',#21812,#13750);
#11901=LINE('',#21814,#13751);
#11902=LINE('',#21816,#13752);
#11903=LINE('',#21818,#13753);
#11904=LINE('',#21820,#13754);
#11905=LINE('',#21822,#13755);
#11906=LINE('',#21824,#13756);
#11907=LINE('',#21826,#13757);
#11908=LINE('',#21828,#13758);
#11909=LINE('',#21830,#13759);
#11910=LINE('',#21832,#13760);
#11911=LINE('',#21834,#13761);
#11912=LINE('',#21836,#13762);
#11913=LINE('',#21839,#13763);
#11914=LINE('',#21841,#13764);
#11915=LINE('',#21843,#13765);
#11916=LINE('',#21845,#13766);
#11917=LINE('',#21847,#13767);
#11918=LINE('',#21849,#13768);
#11919=LINE('',#21851,#13769);
#11920=LINE('',#21853,#13770);
#11921=LINE('',#21855,#13771);
#11922=LINE('',#21857,#13772);
#11923=LINE('',#21859,#13773);
#11924=LINE('',#21861,#13774);
#11925=LINE('',#21863,#13775);
#11926=LINE('',#21865,#13776);
#11927=LINE('',#21867,#13777);
#11928=LINE('',#21869,#13778);
#11929=LINE('',#21871,#13779);
#11930=LINE('',#21874,#13780);
#11931=LINE('',#21876,#13781);
#11932=LINE('',#21878,#13782);
#11933=LINE('',#21880,#13783);
#11934=LINE('',#21882,#13784);
#11935=LINE('',#21884,#13785);
#11936=LINE('',#21886,#13786);
#11937=LINE('',#21888,#13787);
#11938=LINE('',#21890,#13788);
#11939=LINE('',#21892,#13789);
#11940=LINE('',#21894,#13790);
#11941=LINE('',#21896,#13791);
#11942=LINE('',#21898,#13792);
#11943=LINE('',#21900,#13793);
#11944=LINE('',#21902,#13794);
#11945=LINE('',#21904,#13795);
#11946=LINE('',#21906,#13796);
#11947=LINE('',#21909,#13797);
#11948=LINE('',#21911,#13798);
#11949=LINE('',#21913,#13799);
#11950=LINE('',#21915,#13800);
#11951=LINE('',#21917,#13801);
#11952=LINE('',#21919,#13802);
#11953=LINE('',#21921,#13803);
#11954=LINE('',#21923,#13804);
#11955=LINE('',#21925,#13805);
#11956=LINE('',#21927,#13806);
#11957=LINE('',#21929,#13807);
#11958=LINE('',#21931,#13808);
#11959=LINE('',#21933,#13809);
#11960=LINE('',#21935,#13810);
#11961=LINE('',#21937,#13811);
#11962=LINE('',#21939,#13812);
#11963=LINE('',#21941,#13813);
#11964=LINE('',#21944,#13814);
#11965=LINE('',#21946,#13815);
#11966=LINE('',#21948,#13816);
#11967=LINE('',#21950,#13817);
#11968=LINE('',#21952,#13818);
#11969=LINE('',#21954,#13819);
#11970=LINE('',#21956,#13820);
#11971=LINE('',#21958,#13821);
#11972=LINE('',#21960,#13822);
#11973=LINE('',#21962,#13823);
#11974=LINE('',#21964,#13824);
#11975=LINE('',#21966,#13825);
#11976=LINE('',#21968,#13826);
#11977=LINE('',#21970,#13827);
#11978=LINE('',#21972,#13828);
#11979=LINE('',#21974,#13829);
#11980=LINE('',#21976,#13830);
#11981=LINE('',#21979,#13831);
#11982=LINE('',#21981,#13832);
#11983=LINE('',#21983,#13833);
#11984=LINE('',#21985,#13834);
#11985=LINE('',#21987,#13835);
#11986=LINE('',#21989,#13836);
#11987=LINE('',#21991,#13837);
#11988=LINE('',#21993,#13838);
#11989=LINE('',#21995,#13839);
#11990=LINE('',#21997,#13840);
#11991=LINE('',#21999,#13841);
#11992=LINE('',#22001,#13842);
#11993=LINE('',#22003,#13843);
#11994=LINE('',#22005,#13844);
#11995=LINE('',#22007,#13845);
#11996=LINE('',#22009,#13846);
#11997=LINE('',#22011,#13847);
#11998=LINE('',#22014,#13848);
#11999=LINE('',#22016,#13849);
#12000=LINE('',#22018,#13850);
#12001=LINE('',#22020,#13851);
#12002=LINE('',#22022,#13852);
#12003=LINE('',#22024,#13853);
#12004=LINE('',#22026,#13854);
#12005=LINE('',#22028,#13855);
#12006=LINE('',#22030,#13856);
#12007=LINE('',#22032,#13857);
#12008=LINE('',#22034,#13858);
#12009=LINE('',#22036,#13859);
#12010=LINE('',#22038,#13860);
#12011=LINE('',#22040,#13861);
#12012=LINE('',#22042,#13862);
#12013=LINE('',#22044,#13863);
#12014=LINE('',#22046,#13864);
#12015=LINE('',#22049,#13865);
#12016=LINE('',#22051,#13866);
#12017=LINE('',#22053,#13867);
#12018=LINE('',#22055,#13868);
#12019=LINE('',#22057,#13869);
#12020=LINE('',#22059,#13870);
#12021=LINE('',#22061,#13871);
#12022=LINE('',#22063,#13872);
#12023=LINE('',#22065,#13873);
#12024=LINE('',#22067,#13874);
#12025=LINE('',#22069,#13875);
#12026=LINE('',#22071,#13876);
#12027=LINE('',#22073,#13877);
#12028=LINE('',#22075,#13878);
#12029=LINE('',#22077,#13879);
#12030=LINE('',#22079,#13880);
#12031=LINE('',#22081,#13881);
#12032=LINE('',#22084,#13882);
#12033=LINE('',#22086,#13883);
#12034=LINE('',#22088,#13884);
#12035=LINE('',#22090,#13885);
#12036=LINE('',#22092,#13886);
#12037=LINE('',#22094,#13887);
#12038=LINE('',#22096,#13888);
#12039=LINE('',#22098,#13889);
#12040=LINE('',#22100,#13890);
#12041=LINE('',#22102,#13891);
#12042=LINE('',#22104,#13892);
#12043=LINE('',#22106,#13893);
#12044=LINE('',#22108,#13894);
#12045=LINE('',#22110,#13895);
#12046=LINE('',#22112,#13896);
#12047=LINE('',#22114,#13897);
#12048=LINE('',#22116,#13898);
#12049=LINE('',#22119,#13899);
#12050=LINE('',#22121,#13900);
#12051=LINE('',#22123,#13901);
#12052=LINE('',#22125,#13902);
#12053=LINE('',#22127,#13903);
#12054=LINE('',#22129,#13904);
#12055=LINE('',#22131,#13905);
#12056=LINE('',#22133,#13906);
#12057=LINE('',#22135,#13907);
#12058=LINE('',#22137,#13908);
#12059=LINE('',#22139,#13909);
#12060=LINE('',#22141,#13910);
#12061=LINE('',#22143,#13911);
#12062=LINE('',#22145,#13912);
#12063=LINE('',#22147,#13913);
#12064=LINE('',#22149,#13914);
#12065=LINE('',#22151,#13915);
#12066=LINE('',#22154,#13916);
#12067=LINE('',#22156,#13917);
#12068=LINE('',#22158,#13918);
#12069=LINE('',#22160,#13919);
#12070=LINE('',#22162,#13920);
#12071=LINE('',#22164,#13921);
#12072=LINE('',#22166,#13922);
#12073=LINE('',#22168,#13923);
#12074=LINE('',#22170,#13924);
#12075=LINE('',#22172,#13925);
#12076=LINE('',#22174,#13926);
#12077=LINE('',#22176,#13927);
#12078=LINE('',#22178,#13928);
#12079=LINE('',#22180,#13929);
#12080=LINE('',#22182,#13930);
#12081=LINE('',#22184,#13931);
#12082=LINE('',#22186,#13932);
#12083=LINE('',#22189,#13933);
#12084=LINE('',#22191,#13934);
#12085=LINE('',#22193,#13935);
#12086=LINE('',#22195,#13936);
#12087=LINE('',#22197,#13937);
#12088=LINE('',#22199,#13938);
#12089=LINE('',#22201,#13939);
#12090=LINE('',#22203,#13940);
#12091=LINE('',#22205,#13941);
#12092=LINE('',#22207,#13942);
#12093=LINE('',#22209,#13943);
#12094=LINE('',#22211,#13944);
#12095=LINE('',#22213,#13945);
#12096=LINE('',#22215,#13946);
#12097=LINE('',#22217,#13947);
#12098=LINE('',#22219,#13948);
#12099=LINE('',#22221,#13949);
#12100=LINE('',#22224,#13950);
#12101=LINE('',#22226,#13951);
#12102=LINE('',#22228,#13952);
#12103=LINE('',#22230,#13953);
#12104=LINE('',#22232,#13954);
#12105=LINE('',#22234,#13955);
#12106=LINE('',#22236,#13956);
#12107=LINE('',#22238,#13957);
#12108=LINE('',#22240,#13958);
#12109=LINE('',#22242,#13959);
#12110=LINE('',#22244,#13960);
#12111=LINE('',#22246,#13961);
#12112=LINE('',#22248,#13962);
#12113=LINE('',#22250,#13963);
#12114=LINE('',#22252,#13964);
#12115=LINE('',#22254,#13965);
#12116=LINE('',#22256,#13966);
#12117=LINE('',#22259,#13967);
#12118=LINE('',#22261,#13968);
#12119=LINE('',#22262,#13969);
#12120=LINE('',#22264,#13970);
#12121=LINE('',#22266,#13971);
#12122=LINE('',#22268,#13972);
#12123=LINE('',#22270,#13973);
#12124=LINE('',#22272,#13974);
#12125=LINE('',#22274,#13975);
#12126=LINE('',#22276,#13976);
#12127=LINE('',#22278,#13977);
#12128=LINE('',#22280,#13978);
#12129=LINE('',#22282,#13979);
#12130=LINE('',#22284,#13980);
#12131=LINE('',#22286,#13981);
#12132=LINE('',#22288,#13982);
#12133=LINE('',#22290,#13983);
#12134=LINE('',#22292,#13984);
#12135=LINE('',#22294,#13985);
#12136=LINE('',#22296,#13986);
#12137=LINE('',#22297,#13987);
#12138=LINE('',#22299,#13988);
#12139=LINE('',#22301,#13989);
#12140=LINE('',#22303,#13990);
#12141=LINE('',#22306,#13991);
#12142=LINE('',#22308,#13992);
#12143=LINE('',#22310,#13993);
#12144=LINE('',#22311,#13994);
#12145=LINE('',#22313,#13995);
#12146=LINE('',#22315,#13996);
#12147=LINE('',#22317,#13997);
#12148=LINE('',#22319,#13998);
#12149=LINE('',#22321,#13999);
#12150=LINE('',#22323,#14000);
#12151=LINE('',#22327,#14001);
#12152=LINE('',#22328,#14002);
#12153=LINE('',#22332,#14003);
#12154=LINE('',#22334,#14004);
#12155=LINE('',#22338,#14005);
#12156=LINE('',#22340,#14006);
#12157=LINE('',#22342,#14007);
#12158=LINE('',#22344,#14008);
#12159=LINE('',#22346,#14009);
#12160=LINE('',#22348,#14010);
#12161=LINE('',#22350,#14011);
#12162=LINE('',#22353,#14012);
#12163=LINE('',#22355,#14013);
#12164=LINE('',#22357,#14014);
#12165=LINE('',#22358,#14015);
#12166=LINE('',#22360,#14016);
#12167=LINE('',#22362,#14017);
#12168=LINE('',#22364,#14018);
#12169=LINE('',#22366,#14019);
#12170=LINE('',#22368,#14020);
#12171=LINE('',#22370,#14021);
#12172=LINE('',#22372,#14022);
#12173=LINE('',#22374,#14023);
#12174=LINE('',#22376,#14024);
#12175=LINE('',#22378,#14025);
#12176=LINE('',#22380,#14026);
#12177=LINE('',#22382,#14027);
#12178=LINE('',#22383,#14028);
#12179=LINE('',#22385,#14029);
#12180=LINE('',#22387,#14030);
#12181=LINE('',#22389,#14031);
#12182=LINE('',#22391,#14032);
#12183=LINE('',#22393,#14033);
#12184=LINE('',#22395,#14034);
#12185=LINE('',#22397,#14035);
#12186=LINE('',#22399,#14036);
#12187=LINE('',#22401,#14037);
#12188=LINE('',#22403,#14038);
#12189=LINE('',#22406,#14039);
#12190=LINE('',#22407,#14040);
#12191=LINE('',#22409,#14041);
#12192=LINE('',#22410,#14042);
#12193=LINE('',#22412,#14043);
#12194=LINE('',#22414,#14044);
#12195=LINE('',#22416,#14045);
#12196=LINE('',#22417,#14046);
#12197=LINE('',#22419,#14047);
#12198=LINE('',#22421,#14048);
#12199=LINE('',#22423,#14049);
#12200=LINE('',#22426,#14050);
#12201=LINE('',#22427,#14051);
#12202=LINE('',#22428,#14052);
#12203=LINE('',#22430,#14053);
#12204=LINE('',#22432,#14054);
#12205=LINE('',#22434,#14055);
#12206=LINE('',#22437,#14056);
#12207=LINE('',#22439,#14057);
#12208=LINE('',#22441,#14058);
#12209=LINE('',#22443,#14059);
#12210=LINE('',#22446,#14060);
#12211=LINE('',#22448,#14061);
#12212=LINE('',#22450,#14062);
#12213=LINE('',#22452,#14063);
#12214=LINE('',#22454,#14064);
#12215=LINE('',#22455,#14065);
#12216=LINE('',#22457,#14066);
#12217=LINE('',#22459,#14067);
#12218=LINE('',#22461,#14068);
#12219=LINE('',#22463,#14069);
#12220=LINE('',#22465,#14070);
#12221=LINE('',#22467,#14071);
#12222=LINE('',#22468,#14072);
#12223=LINE('',#22470,#14073);
#12224=LINE('',#22472,#14074);
#12225=LINE('',#22474,#14075);
#12226=LINE('',#22476,#14076);
#12227=LINE('',#22477,#14077);
#12228=LINE('',#22479,#14078);
#12229=LINE('',#22481,#14079);
#12230=LINE('',#22482,#14080);
#12231=LINE('',#22484,#14081);
#12232=LINE('',#22486,#14082);
#12233=LINE('',#22488,#14083);
#12234=LINE('',#22490,#14084);
#12235=LINE('',#22492,#14085);
#12236=LINE('',#22495,#14086);
#12237=LINE('',#22497,#14087);
#12238=LINE('',#22498,#14088);
#12239=LINE('',#22499,#14089);
#12240=LINE('',#22501,#14090);
#12241=LINE('',#22503,#14091);
#12242=LINE('',#22504,#14092);
#12243=LINE('',#22508,#14093);
#12244=LINE('',#22510,#14094);
#12245=LINE('',#22512,#14095);
#12246=LINE('',#22515,#14096);
#12247=LINE('',#22518,#14097);
#12248=LINE('',#22520,#14098);
#12249=LINE('',#22522,#14099);
#12250=LINE('',#22524,#14100);
#12251=LINE('',#22526,#14101);
#12252=LINE('',#22528,#14102);
#12253=LINE('',#22530,#14103);
#12254=LINE('',#22532,#14104);
#12255=LINE('',#22534,#14105);
#12256=LINE('',#22535,#14106);
#12257=LINE('',#22537,#14107);
#12258=LINE('',#22539,#14108);
#12259=LINE('',#22540,#14109);
#12260=LINE('',#22543,#14110);
#12261=LINE('',#22546,#14111);
#12262=LINE('',#22548,#14112);
#12263=LINE('',#22550,#14113);
#12264=LINE('',#22552,#14114);
#12265=LINE('',#22553,#14115);
#12266=LINE('',#22555,#14116);
#12267=LINE('',#22556,#14117);
#12268=LINE('',#22560,#14118);
#12269=LINE('',#22564,#14119);
#12270=LINE('',#22566,#14120);
#12271=LINE('',#22568,#14121);
#12272=LINE('',#22570,#14122);
#12273=LINE('',#22572,#14123);
#12274=LINE('',#22574,#14124);
#12275=LINE('',#22580,#14125);
#12276=LINE('',#22582,#14126);
#12277=LINE('',#22584,#14127);
#12278=LINE('',#22586,#14128);
#12279=LINE('',#22588,#14129);
#12280=LINE('',#22591,#14130);
#12281=LINE('',#22594,#14131);
#12282=LINE('',#22596,#14132);
#12283=LINE('',#22598,#14133);
#12284=LINE('',#22600,#14134);
#12285=LINE('',#22601,#14135);
#12286=LINE('',#22603,#14136);
#12287=LINE('',#22604,#14137);
#12288=LINE('',#22608,#14138);
#12289=LINE('',#22611,#14139);
#12290=LINE('',#22615,#14140);
#12291=LINE('',#22617,#14141);
#12292=LINE('',#22619,#14142);
#12293=LINE('',#22621,#14143);
#12294=LINE('',#22623,#14144);
#12295=LINE('',#22625,#14145);
#12296=LINE('',#22628,#14146);
#12297=LINE('',#22630,#14147);
#12298=LINE('',#22632,#14148);
#12299=LINE('',#22634,#14149);
#12300=LINE('',#22636,#14150);
#12301=LINE('',#22638,#14151);
#12302=LINE('',#22640,#14152);
#12303=LINE('',#22642,#14153);
#12304=LINE('',#22644,#14154);
#12305=LINE('',#22646,#14155);
#12306=LINE('',#22648,#14156);
#12307=LINE('',#22650,#14157);
#12308=LINE('',#22652,#14158);
#12309=LINE('',#22654,#14159);
#12310=LINE('',#22656,#14160);
#12311=LINE('',#22658,#14161);
#12312=LINE('',#22660,#14162);
#12313=LINE('',#22662,#14163);
#12314=LINE('',#22664,#14164);
#12315=LINE('',#22666,#14165);
#12316=LINE('',#22668,#14166);
#12317=LINE('',#22670,#14167);
#12318=LINE('',#22672,#14168);
#12319=LINE('',#22676,#14169);
#12320=LINE('',#22678,#14170);
#12321=LINE('',#22681,#14171);
#12322=LINE('',#22683,#14172);
#12323=LINE('',#22686,#14173);
#12324=LINE('',#22688,#14174);
#12325=LINE('',#22692,#14175);
#12326=LINE('',#22695,#14176);
#12327=LINE('',#22696,#14177);
#12328=LINE('',#22698,#14178);
#12329=LINE('',#22700,#14179);
#12330=LINE('',#22701,#14180);
#12331=LINE('',#22703,#14181);
#12332=LINE('',#22705,#14182);
#12333=LINE('',#22707,#14183);
#12334=LINE('',#22709,#14184);
#12335=LINE('',#22711,#14185);
#12336=LINE('',#22713,#14186);
#12337=LINE('',#22715,#14187);
#12338=LINE('',#22717,#14188);
#12339=LINE('',#22719,#14189);
#12340=LINE('',#22722,#14190);
#12341=LINE('',#22725,#14191);
#12342=LINE('',#22727,#14192);
#12343=LINE('',#22730,#14193);
#12344=LINE('',#22732,#14194);
#12345=LINE('',#22734,#14195);
#12346=LINE('',#22736,#14196);
#12347=LINE('',#22738,#14197);
#12348=LINE('',#22740,#14198);
#12349=LINE('',#22742,#14199);
#12350=LINE('',#22744,#14200);
#12351=LINE('',#22746,#14201);
#12352=LINE('',#22748,#14202);
#12353=LINE('',#22750,#14203);
#12354=LINE('',#22752,#14204);
#12355=LINE('',#22754,#14205);
#12356=LINE('',#22756,#14206);
#12357=LINE('',#22758,#14207);
#12358=LINE('',#22760,#14208);
#12359=LINE('',#22762,#14209);
#12360=LINE('',#22764,#14210);
#12361=LINE('',#22767,#14211);
#12362=LINE('',#22769,#14212);
#12363=LINE('',#22775,#14213);
#12364=LINE('',#22777,#14214);
#12365=LINE('',#22780,#14215);
#12366=LINE('',#22782,#14216);
#12367=LINE('',#22784,#14217);
#12368=LINE('',#22786,#14218);
#12369=LINE('',#22788,#14219);
#12370=LINE('',#22790,#14220);
#12371=LINE('',#22792,#14221);
#12372=LINE('',#22794,#14222);
#12373=LINE('',#22796,#14223);
#12374=LINE('',#22798,#14224);
#12375=LINE('',#22800,#14225);
#12376=LINE('',#22802,#14226);
#12377=LINE('',#22804,#14227);
#12378=LINE('',#22806,#14228);
#12379=LINE('',#22808,#14229);
#12380=LINE('',#22810,#14230);
#12381=LINE('',#22812,#14231);
#12382=LINE('',#22814,#14232);
#12383=LINE('',#22816,#14233);
#12384=LINE('',#22818,#14234);
#12385=LINE('',#22820,#14235);
#12386=LINE('',#22821,#14236);
#12387=LINE('',#22824,#14237);
#12388=LINE('',#22827,#14238);
#12389=LINE('',#22829,#14239);
#12390=VECTOR('',#15127,1.);
#12391=VECTOR('',#15128,1.);
#12392=VECTOR('',#15129,1.);
#12393=VECTOR('',#15130,1.);
#12394=VECTOR('',#15131,1.);
#12395=VECTOR('',#15132,1.);
#12396=VECTOR('',#15133,1.);
#12397=VECTOR('',#15134,1.);
#12398=VECTOR('',#15135,1.);
#12399=VECTOR('',#15138,1.);
#12400=VECTOR('',#15139,1.);
#12401=VECTOR('',#15140,1.);
#12402=VECTOR('',#15141,1.);
#12403=VECTOR('',#15142,1.);
#12404=VECTOR('',#15143,1.);
#12405=VECTOR('',#15144,1.);
#12406=VECTOR('',#15145,1.);
#12407=VECTOR('',#15148,1.);
#12408=VECTOR('',#15149,1.);
#12409=VECTOR('',#15152,1.);
#12410=VECTOR('',#15153,1.);
#12411=VECTOR('',#15154,1.);
#12412=VECTOR('',#15155,1.);
#12413=VECTOR('',#15156,1.);
#12414=VECTOR('',#15157,1.);
#12415=VECTOR('',#15158,1.);
#12416=VECTOR('',#15159,1.);
#12417=VECTOR('',#15160,1.);
#12418=VECTOR('',#15161,1.);
#12419=VECTOR('',#15162,1.);
#12420=VECTOR('',#15163,1.);
#12421=VECTOR('',#15164,1.);
#12422=VECTOR('',#15167,1.);
#12423=VECTOR('',#15168,1.);
#12424=VECTOR('',#15169,1.);
#12425=VECTOR('',#15170,1.);
#12426=VECTOR('',#15173,1.);
#12427=VECTOR('',#15174,1.);
#12428=VECTOR('',#15175,1.);
#12429=VECTOR('',#15176,1.);
#12430=VECTOR('',#15177,1.);
#12431=VECTOR('',#15178,1.);
#12432=VECTOR('',#15179,1.);
#12433=VECTOR('',#15180,1.);
#12434=VECTOR('',#15183,1.);
#12435=VECTOR('',#15184,1.);
#12436=VECTOR('',#15185,1.);
#12437=VECTOR('',#15186,1.);
#12438=VECTOR('',#15187,1.);
#12439=VECTOR('',#15188,1.);
#12440=VECTOR('',#15191,1.);
#12441=VECTOR('',#15192,1.);
#12442=VECTOR('',#15193,1.);
#12443=VECTOR('',#15194,1.);
#12444=VECTOR('',#15195,1.);
#12445=VECTOR('',#15196,1.);
#12446=VECTOR('',#15199,1.);
#12447=VECTOR('',#15200,1.);
#12448=VECTOR('',#15201,1.);
#12449=VECTOR('',#15202,1.);
#12450=VECTOR('',#15203,1.);
#12451=VECTOR('',#15204,1.);
#12452=VECTOR('',#15205,1.);
#12453=VECTOR('',#15206,1.);
#12454=VECTOR('',#15209,1.);
#12455=VECTOR('',#15210,1.);
#12456=VECTOR('',#15211,1.);
#12457=VECTOR('',#15212,1.);
#12458=VECTOR('',#15213,1.);
#12459=VECTOR('',#15214,1.);
#12460=VECTOR('',#15215,1.);
#12461=VECTOR('',#15216,1.);
#12462=VECTOR('',#15217,1.);
#12463=VECTOR('',#15218,1.);
#12464=VECTOR('',#15219,1.);
#12465=VECTOR('',#15220,1.);
#12466=VECTOR('',#15221,1.);
#12467=VECTOR('',#15224,1.);
#12468=VECTOR('',#15225,1.);
#12469=VECTOR('',#15226,1.);
#12470=VECTOR('',#15227,1.);
#12471=VECTOR('',#15228,1.);
#12472=VECTOR('',#15231,1.);
#12473=VECTOR('',#15232,1.);
#12474=VECTOR('',#15233,1.);
#12475=VECTOR('',#15234,1.);
#12476=VECTOR('',#15235,1.);
#12477=VECTOR('',#15238,1.);
#12478=VECTOR('',#15239,1.);
#12479=VECTOR('',#15240,1.);
#12480=VECTOR('',#15241,1.);
#12481=VECTOR('',#15242,1.);
#12482=VECTOR('',#15243,1.);
#12483=VECTOR('',#15244,1.);
#12484=VECTOR('',#15245,1.);
#12485=VECTOR('',#15246,1.);
#12486=VECTOR('',#15249,1.);
#12487=VECTOR('',#15250,1.);
#12488=VECTOR('',#15251,1.);
#12489=VECTOR('',#15252,1.);
#12490=VECTOR('',#15255,1.);
#12491=VECTOR('',#15256,1.);
#12492=VECTOR('',#15257,1.);
#12493=VECTOR('',#15258,1.);
#12494=VECTOR('',#15259,1.);
#12495=VECTOR('',#15260,1.);
#12496=VECTOR('',#15261,1.);
#12497=VECTOR('',#15262,1.);
#12498=VECTOR('',#15265,1.);
#12499=VECTOR('',#15266,1.);
#12500=VECTOR('',#15267,1.);
#12501=VECTOR('',#15268,1.);
#12502=VECTOR('',#15269,1.);
#12503=VECTOR('',#15270,1.);
#12504=VECTOR('',#15273,1.);
#12505=VECTOR('',#15274,1.);
#12506=VECTOR('',#15275,1.);
#12507=VECTOR('',#15276,1.);
#12508=VECTOR('',#15277,1.);
#12509=VECTOR('',#15278,1.);
#12510=VECTOR('',#15281,1.);
#12511=VECTOR('',#15282,1.);
#12512=VECTOR('',#15283,1.);
#12513=VECTOR('',#15284,1.);
#12514=VECTOR('',#15285,1.);
#12515=VECTOR('',#15286,1.);
#12516=VECTOR('',#15287,1.);
#12517=VECTOR('',#15288,1.);
#12518=VECTOR('',#15291,1.);
#12519=VECTOR('',#15292,1.);
#12520=VECTOR('',#15293,1.);
#12521=VECTOR('',#15294,1.);
#12522=VECTOR('',#15297,1.);
#12523=VECTOR('',#15298,1.);
#12524=VECTOR('',#15299,1.);
#12525=VECTOR('',#15300,1.);
#12526=VECTOR('',#15301,1.);
#12527=VECTOR('',#15302,1.);
#12528=VECTOR('',#15303,1.);
#12529=VECTOR('',#15304,1.);
#12530=VECTOR('',#15307,1.);
#12531=VECTOR('',#15308,1.);
#12532=VECTOR('',#15309,1.);
#12533=VECTOR('',#15310,1.);
#12534=VECTOR('',#15311,1.);
#12535=VECTOR('',#15312,1.);
#12536=VECTOR('',#15313,1.);
#12537=VECTOR('',#15314,1.);
#12538=VECTOR('',#15317,1.);
#12539=VECTOR('',#15320,1.);
#12540=VECTOR('',#15323,1.);
#12541=VECTOR('',#15324,1.);
#12542=VECTOR('',#15325,1.);
#12543=VECTOR('',#15326,1.);
#12544=VECTOR('',#15329,1.);
#12545=VECTOR('',#15330,1.);
#12546=VECTOR('',#15331,1.);
#12547=VECTOR('',#15332,1.);
#12548=VECTOR('',#15335,1.);
#12549=VECTOR('',#15336,1.);
#12550=VECTOR('',#15337,1.);
#12551=VECTOR('',#15338,1.);
#12552=VECTOR('',#15341,1.);
#12553=VECTOR('',#15342,1.);
#12554=VECTOR('',#15343,1.);
#12555=VECTOR('',#15344,1.);
#12556=VECTOR('',#15347,1.);
#12557=VECTOR('',#15348,1.);
#12558=VECTOR('',#15349,1.);
#12559=VECTOR('',#15350,1.);
#12560=VECTOR('',#15353,1.);
#12561=VECTOR('',#15354,1.);
#12562=VECTOR('',#15355,1.);
#12563=VECTOR('',#15356,1.);
#12564=VECTOR('',#15359,1.);
#12565=VECTOR('',#15360,1.);
#12566=VECTOR('',#15361,1.);
#12567=VECTOR('',#15362,1.);
#12568=VECTOR('',#15365,1.);
#12569=VECTOR('',#15366,1.);
#12570=VECTOR('',#15367,1.);
#12571=VECTOR('',#15368,1.);
#12572=VECTOR('',#15371,1.);
#12573=VECTOR('',#15372,1.);
#12574=VECTOR('',#15373,1.);
#12575=VECTOR('',#15374,1.);
#12576=VECTOR('',#15377,1.);
#12577=VECTOR('',#15378,1.);
#12578=VECTOR('',#15379,1.);
#12579=VECTOR('',#15380,1.);
#12580=VECTOR('',#15383,1.);
#12581=VECTOR('',#15384,1.);
#12582=VECTOR('',#15385,1.);
#12583=VECTOR('',#15386,1.);
#12584=VECTOR('',#15389,1.);
#12585=VECTOR('',#15390,1.);
#12586=VECTOR('',#15391,1.);
#12587=VECTOR('',#15392,1.);
#12588=VECTOR('',#15395,1.);
#12589=VECTOR('',#15396,1.);
#12590=VECTOR('',#15397,1.);
#12591=VECTOR('',#15398,1.);
#12592=VECTOR('',#15401,1.);
#12593=VECTOR('',#15402,1.);
#12594=VECTOR('',#15403,1.);
#12595=VECTOR('',#15404,1.);
#12596=VECTOR('',#15407,1.);
#12597=VECTOR('',#15408,1.);
#12598=VECTOR('',#15409,1.);
#12599=VECTOR('',#15410,1.);
#12600=VECTOR('',#15413,1.);
#12601=VECTOR('',#15414,1.);
#12602=VECTOR('',#15415,1.);
#12603=VECTOR('',#15416,1.);
#12604=VECTOR('',#15419,1.);
#12605=VECTOR('',#15420,1.);
#12606=VECTOR('',#15421,1.);
#12607=VECTOR('',#15422,1.);
#12608=VECTOR('',#15425,1.);
#12609=VECTOR('',#15426,1.);
#12610=VECTOR('',#15427,1.);
#12611=VECTOR('',#15428,1.);
#12612=VECTOR('',#15431,1.);
#12613=VECTOR('',#15432,1.);
#12614=VECTOR('',#15433,1.);
#12615=VECTOR('',#15434,1.);
#12616=VECTOR('',#15437,1.);
#12617=VECTOR('',#15438,1.);
#12618=VECTOR('',#15439,1.);
#12619=VECTOR('',#15440,1.);
#12620=VECTOR('',#15443,1.);
#12621=VECTOR('',#15444,1.);
#12622=VECTOR('',#15445,1.);
#12623=VECTOR('',#15446,1.);
#12624=VECTOR('',#15449,1.);
#12625=VECTOR('',#15450,1.);
#12626=VECTOR('',#15451,1.);
#12627=VECTOR('',#15452,1.);
#12628=VECTOR('',#15455,1.);
#12629=VECTOR('',#15456,1.);
#12630=VECTOR('',#15457,1.);
#12631=VECTOR('',#15458,1.);
#12632=VECTOR('',#15461,1.);
#12633=VECTOR('',#15462,1.);
#12634=VECTOR('',#15463,1.);
#12635=VECTOR('',#15464,1.);
#12636=VECTOR('',#15467,1.);
#12637=VECTOR('',#15468,1.);
#12638=VECTOR('',#15469,1.);
#12639=VECTOR('',#15470,1.);
#12640=VECTOR('',#15473,1.);
#12641=VECTOR('',#15474,1.);
#12642=VECTOR('',#15475,1.);
#12643=VECTOR('',#15476,1.);
#12644=VECTOR('',#15479,1.);
#12645=VECTOR('',#15480,1.);
#12646=VECTOR('',#15481,1.);
#12647=VECTOR('',#15482,1.);
#12648=VECTOR('',#15483,1.);
#12649=VECTOR('',#15484,1.);
#12650=VECTOR('',#15485,1.);
#12651=VECTOR('',#15486,1.);
#12652=VECTOR('',#15487,1.);
#12653=VECTOR('',#15488,1.);
#12654=VECTOR('',#15489,1.);
#12655=VECTOR('',#15490,1.);
#12656=VECTOR('',#15493,1.);
#12657=VECTOR('',#15494,1.);
#12658=VECTOR('',#15495,1.);
#12659=VECTOR('',#15496,1.);
#12660=VECTOR('',#15497,1.);
#12661=VECTOR('',#15498,1.);
#12662=VECTOR('',#15501,1.);
#12663=VECTOR('',#15502,1.);
#12664=VECTOR('',#15505,1.);
#12665=VECTOR('',#15506,1.);
#12666=VECTOR('',#15509,1.);
#12667=VECTOR('',#15510,1.);
#12668=VECTOR('',#15511,1.);
#12669=VECTOR('',#15514,1.);
#12670=VECTOR('',#15515,1.);
#12671=VECTOR('',#15516,1.);
#12672=VECTOR('',#15519,1.);
#12673=VECTOR('',#15520,1.);
#12674=VECTOR('',#15521,1.);
#12675=VECTOR('',#15522,1.);
#12676=VECTOR('',#15523,1.);
#12677=VECTOR('',#15524,1.);
#12678=VECTOR('',#15525,1.);
#12679=VECTOR('',#15526,1.);
#12680=VECTOR('',#15527,1.);
#12681=VECTOR('',#15528,1.);
#12682=VECTOR('',#15529,1.);
#12683=VECTOR('',#15530,1.);
#12684=VECTOR('',#15531,1.);
#12685=VECTOR('',#15532,1.);
#12686=VECTOR('',#15533,1.);
#12687=VECTOR('',#15534,1.);
#12688=VECTOR('',#15535,1.);
#12689=VECTOR('',#15536,1.);
#12690=VECTOR('',#15537,1.);
#12691=VECTOR('',#15538,1.);
#12692=VECTOR('',#15539,1.);
#12693=VECTOR('',#15540,1.);
#12694=VECTOR('',#15541,1.);
#12695=VECTOR('',#15542,1.);
#12696=VECTOR('',#15543,1.);
#12697=VECTOR('',#15544,1.);
#12698=VECTOR('',#15545,1.);
#12699=VECTOR('',#15546,1.);
#12700=VECTOR('',#15547,1.);
#12701=VECTOR('',#15548,1.);
#12702=VECTOR('',#15549,1.);
#12703=VECTOR('',#15550,1.);
#12704=VECTOR('',#15551,1.);
#12705=VECTOR('',#15552,1.);
#12706=VECTOR('',#15553,1.);
#12707=VECTOR('',#15554,1.);
#12708=VECTOR('',#15555,1.);
#12709=VECTOR('',#15556,1.);
#12710=VECTOR('',#15557,1.);
#12711=VECTOR('',#15558,1.);
#12712=VECTOR('',#15559,1.);
#12713=VECTOR('',#15560,1.);
#12714=VECTOR('',#15561,1.);
#12715=VECTOR('',#15562,1.);
#12716=VECTOR('',#15563,1.);
#12717=VECTOR('',#15564,1.);
#12718=VECTOR('',#15565,1.);
#12719=VECTOR('',#15566,1.);
#12720=VECTOR('',#15567,1.);
#12721=VECTOR('',#15568,1.);
#12722=VECTOR('',#15569,1.);
#12723=VECTOR('',#15570,1.);
#12724=VECTOR('',#15571,1.);
#12725=VECTOR('',#15572,1.);
#12726=VECTOR('',#15573,1.);
#12727=VECTOR('',#15574,1.);
#12728=VECTOR('',#15575,1.);
#12729=VECTOR('',#15576,1.);
#12730=VECTOR('',#15577,1.);
#12731=VECTOR('',#15578,1.);
#12732=VECTOR('',#15579,1.);
#12733=VECTOR('',#15580,1.);
#12734=VECTOR('',#15581,1.);
#12735=VECTOR('',#15582,1.);
#12736=VECTOR('',#15583,1.);
#12737=VECTOR('',#15584,1.);
#12738=VECTOR('',#15585,1.);
#12739=VECTOR('',#15586,1.);
#12740=VECTOR('',#15587,1.);
#12741=VECTOR('',#15588,1.);
#12742=VECTOR('',#15589,1.);
#12743=VECTOR('',#15590,1.);
#12744=VECTOR('',#15591,1.);
#12745=VECTOR('',#15592,1.);
#12746=VECTOR('',#15593,1.);
#12747=VECTOR('',#15594,1.);
#12748=VECTOR('',#15595,1.);
#12749=VECTOR('',#15596,1.);
#12750=VECTOR('',#15597,1.);
#12751=VECTOR('',#15598,1.);
#12752=VECTOR('',#15599,1.);
#12753=VECTOR('',#15600,1.);
#12754=VECTOR('',#15601,1.);
#12755=VECTOR('',#15602,1.);
#12756=VECTOR('',#15603,1.);
#12757=VECTOR('',#15604,1.);
#12758=VECTOR('',#15605,1.);
#12759=VECTOR('',#15606,1.);
#12760=VECTOR('',#15607,1.);
#12761=VECTOR('',#15608,1.);
#12762=VECTOR('',#15609,1.);
#12763=VECTOR('',#15610,1.);
#12764=VECTOR('',#15611,1.);
#12765=VECTOR('',#15612,1.);
#12766=VECTOR('',#15613,1.);
#12767=VECTOR('',#15614,1.);
#12768=VECTOR('',#15615,1.);
#12769=VECTOR('',#15616,1.);
#12770=VECTOR('',#15617,1.);
#12771=VECTOR('',#15618,1.);
#12772=VECTOR('',#15619,1.);
#12773=VECTOR('',#15620,1.);
#12774=VECTOR('',#15621,1.);
#12775=VECTOR('',#15622,1.);
#12776=VECTOR('',#15623,1.);
#12777=VECTOR('',#15624,1.);
#12778=VECTOR('',#15625,1.);
#12779=VECTOR('',#15626,1.);
#12780=VECTOR('',#15627,1.);
#12781=VECTOR('',#15628,1.);
#12782=VECTOR('',#15629,1.);
#12783=VECTOR('',#15630,1.);
#12784=VECTOR('',#15631,1.);
#12785=VECTOR('',#15632,1.);
#12786=VECTOR('',#15633,1.);
#12787=VECTOR('',#15634,1.);
#12788=VECTOR('',#15635,1.);
#12789=VECTOR('',#15636,1.);
#12790=VECTOR('',#15639,1.);
#12791=VECTOR('',#15640,1.);
#12792=VECTOR('',#15641,1.);
#12793=VECTOR('',#15642,1.);
#12794=VECTOR('',#15643,1.);
#12795=VECTOR('',#15644,1.);
#12796=VECTOR('',#15645,1.);
#12797=VECTOR('',#15646,1.);
#12798=VECTOR('',#15647,1.);
#12799=VECTOR('',#15648,1.);
#12800=VECTOR('',#15649,1.);
#12801=VECTOR('',#15650,1.);
#12802=VECTOR('',#15651,1.);
#12803=VECTOR('',#15652,1.);
#12804=VECTOR('',#15653,1.);
#12805=VECTOR('',#15654,1.);
#12806=VECTOR('',#15655,1.);
#12807=VECTOR('',#15656,1.);
#12808=VECTOR('',#15657,1.);
#12809=VECTOR('',#15658,1.);
#12810=VECTOR('',#15659,1.);
#12811=VECTOR('',#15660,1.);
#12812=VECTOR('',#15661,1.);
#12813=VECTOR('',#15662,1.);
#12814=VECTOR('',#15663,1.);
#12815=VECTOR('',#15664,1.);
#12816=VECTOR('',#15665,1.);
#12817=VECTOR('',#15666,1.);
#12818=VECTOR('',#15667,1.);
#12819=VECTOR('',#15668,1.);
#12820=VECTOR('',#15669,1.);
#12821=VECTOR('',#15670,1.);
#12822=VECTOR('',#15671,1.);
#12823=VECTOR('',#15672,1.);
#12824=VECTOR('',#15673,1.);
#12825=VECTOR('',#15674,1.);
#12826=VECTOR('',#15675,1.);
#12827=VECTOR('',#15676,1.);
#12828=VECTOR('',#15677,1.);
#12829=VECTOR('',#15678,1.);
#12830=VECTOR('',#15679,1.);
#12831=VECTOR('',#15680,1.);
#12832=VECTOR('',#15681,1.);
#12833=VECTOR('',#15682,1.);
#12834=VECTOR('',#15683,1.);
#12835=VECTOR('',#15684,1.);
#12836=VECTOR('',#15685,1.);
#12837=VECTOR('',#15686,1.);
#12838=VECTOR('',#15687,1.);
#12839=VECTOR('',#15688,1.);
#12840=VECTOR('',#15689,1.);
#12841=VECTOR('',#15690,1.);
#12842=VECTOR('',#15691,1.);
#12843=VECTOR('',#15692,1.);
#12844=VECTOR('',#15693,1.);
#12845=VECTOR('',#15694,1.);
#12846=VECTOR('',#15695,1.);
#12847=VECTOR('',#15696,1.);
#12848=VECTOR('',#15697,1.);
#12849=VECTOR('',#15698,1.);
#12850=VECTOR('',#15699,1.);
#12851=VECTOR('',#15700,1.);
#12852=VECTOR('',#15701,1.);
#12853=VECTOR('',#15702,1.);
#12854=VECTOR('',#15703,1.);
#12855=VECTOR('',#15704,1.);
#12856=VECTOR('',#15705,1.);
#12857=VECTOR('',#15706,1.);
#12858=VECTOR('',#15707,1.);
#12859=VECTOR('',#15708,1.);
#12860=VECTOR('',#15709,1.);
#12861=VECTOR('',#15710,1.);
#12862=VECTOR('',#15711,1.);
#12863=VECTOR('',#15712,1.);
#12864=VECTOR('',#15713,1.);
#12865=VECTOR('',#15714,1.);
#12866=VECTOR('',#15715,1.);
#12867=VECTOR('',#15716,1.);
#12868=VECTOR('',#15717,1.);
#12869=VECTOR('',#15718,1.);
#12870=VECTOR('',#15719,1.);
#12871=VECTOR('',#15720,1.);
#12872=VECTOR('',#15721,1.);
#12873=VECTOR('',#15722,1.);
#12874=VECTOR('',#15723,1.);
#12875=VECTOR('',#15724,1.);
#12876=VECTOR('',#15725,1.);
#12877=VECTOR('',#15726,1.);
#12878=VECTOR('',#15727,1.);
#12879=VECTOR('',#15736,1.);
#12880=VECTOR('',#15737,1.);
#12881=VECTOR('',#15738,1.);
#12882=VECTOR('',#15741,1.);
#12883=VECTOR('',#15742,1.);
#12884=VECTOR('',#15745,1.);
#12885=VECTOR('',#15746,1.);
#12886=VECTOR('',#15749,1.);
#12887=VECTOR('',#15750,1.);
#12888=VECTOR('',#15751,1.);
#12889=VECTOR('',#15752,1.);
#12890=VECTOR('',#15753,1.);
#12891=VECTOR('',#15754,1.);
#12892=VECTOR('',#15757,1.);
#12893=VECTOR('',#15758,1.);
#12894=VECTOR('',#15759,1.);
#12895=VECTOR('',#15760,1.);
#12896=VECTOR('',#15761,1.);
#12897=VECTOR('',#15762,1.);
#12898=VECTOR('',#15765,1.);
#12899=VECTOR('',#15766,1.);
#12900=VECTOR('',#15767,1.);
#12901=VECTOR('',#15768,1.);
#12902=VECTOR('',#15775,1.);
#12903=VECTOR('',#15776,1.);
#12904=VECTOR('',#15777,1.);
#12905=VECTOR('',#15780,1.);
#12906=VECTOR('',#15781,1.);
#12907=VECTOR('',#15782,1.);
#12908=VECTOR('',#15785,1.);
#12909=VECTOR('',#15786,1.);
#12910=VECTOR('',#15787,1.);
#12911=VECTOR('',#15788,1.);
#12912=VECTOR('',#15789,1.);
#12913=VECTOR('',#15790,1.);
#12914=VECTOR('',#15791,1.);
#12915=VECTOR('',#15792,1.);
#12916=VECTOR('',#15795,1.);
#12917=VECTOR('',#15796,1.);
#12918=VECTOR('',#15797,1.);
#12919=VECTOR('',#15800,1.);
#12920=VECTOR('',#15801,1.);
#12921=VECTOR('',#15802,1.);
#12922=VECTOR('',#15805,1.);
#12923=VECTOR('',#15808,1.);
#12924=VECTOR('',#15811,1.);
#12925=VECTOR('',#15812,1.);
#12926=VECTOR('',#15813,1.);
#12927=VECTOR('',#15814,1.);
#12928=VECTOR('',#15815,1.);
#12929=VECTOR('',#15816,1.);
#12930=VECTOR('',#15817,1.);
#12931=VECTOR('',#15818,1.);
#12932=VECTOR('',#15819,1.);
#12933=VECTOR('',#15820,1.);
#12934=VECTOR('',#15821,1.);
#12935=VECTOR('',#15822,1.);
#12936=VECTOR('',#15823,1.);
#12937=VECTOR('',#15824,1.);
#12938=VECTOR('',#15825,1.);
#12939=VECTOR('',#15826,1.);
#12940=VECTOR('',#15827,1.);
#12941=VECTOR('',#15828,1.);
#12942=VECTOR('',#15829,1.);
#12943=VECTOR('',#15830,1.);
#12944=VECTOR('',#15831,1.);
#12945=VECTOR('',#15832,1.);
#12946=VECTOR('',#15833,1.);
#12947=VECTOR('',#15834,1.);
#12948=VECTOR('',#15835,1.);
#12949=VECTOR('',#15836,1.);
#12950=VECTOR('',#15837,1.);
#12951=VECTOR('',#15838,1.);
#12952=VECTOR('',#15839,1.);
#12953=VECTOR('',#15840,1.);
#12954=VECTOR('',#15841,1.);
#12955=VECTOR('',#15842,1.);
#12956=VECTOR('',#15843,1.);
#12957=VECTOR('',#15844,1.);
#12958=VECTOR('',#15845,1.);
#12959=VECTOR('',#15846,1.);
#12960=VECTOR('',#15847,1.);
#12961=VECTOR('',#15848,1.);
#12962=VECTOR('',#15849,1.);
#12963=VECTOR('',#15850,1.);
#12964=VECTOR('',#15851,1.);
#12965=VECTOR('',#15852,1.);
#12966=VECTOR('',#15853,1.);
#12967=VECTOR('',#15854,1.);
#12968=VECTOR('',#15855,1.);
#12969=VECTOR('',#15856,1.);
#12970=VECTOR('',#15857,1.);
#12971=VECTOR('',#15858,1.);
#12972=VECTOR('',#15859,1.);
#12973=VECTOR('',#15860,1.);
#12974=VECTOR('',#15861,1.);
#12975=VECTOR('',#15862,1.);
#12976=VECTOR('',#15863,1.);
#12977=VECTOR('',#15864,1.);
#12978=VECTOR('',#15865,1.);
#12979=VECTOR('',#15866,1.);
#12980=VECTOR('',#15867,1.);
#12981=VECTOR('',#15868,1.);
#12982=VECTOR('',#15869,1.);
#12983=VECTOR('',#15870,1.);
#12984=VECTOR('',#15871,1.);
#12985=VECTOR('',#15872,1.);
#12986=VECTOR('',#15873,1.);
#12987=VECTOR('',#15874,1.);
#12988=VECTOR('',#15875,1.);
#12989=VECTOR('',#15876,1.);
#12990=VECTOR('',#15877,1.);
#12991=VECTOR('',#15878,1.);
#12992=VECTOR('',#15879,1.);
#12993=VECTOR('',#15880,1.);
#12994=VECTOR('',#15881,1.);
#12995=VECTOR('',#15882,1.);
#12996=VECTOR('',#15883,1.);
#12997=VECTOR('',#15884,1.);
#12998=VECTOR('',#15885,1.);
#12999=VECTOR('',#15886,1.);
#13000=VECTOR('',#15887,1.);
#13001=VECTOR('',#15888,1.);
#13002=VECTOR('',#15889,1.);
#13003=VECTOR('',#15890,1.);
#13004=VECTOR('',#15891,1.);
#13005=VECTOR('',#15892,1.);
#13006=VECTOR('',#15893,1.);
#13007=VECTOR('',#15894,1.);
#13008=VECTOR('',#15895,1.);
#13009=VECTOR('',#15896,1.);
#13010=VECTOR('',#15897,1.);
#13011=VECTOR('',#15898,1.);
#13012=VECTOR('',#15899,1.);
#13013=VECTOR('',#15900,1.);
#13014=VECTOR('',#15901,1.);
#13015=VECTOR('',#15902,1.);
#13016=VECTOR('',#15903,1.);
#13017=VECTOR('',#15904,1.);
#13018=VECTOR('',#15905,1.);
#13019=VECTOR('',#15906,1.);
#13020=VECTOR('',#15907,1.);
#13021=VECTOR('',#15908,1.);
#13022=VECTOR('',#15909,1.);
#13023=VECTOR('',#15910,1.);
#13024=VECTOR('',#15911,1.);
#13025=VECTOR('',#15912,1.);
#13026=VECTOR('',#15913,1.);
#13027=VECTOR('',#15914,1.);
#13028=VECTOR('',#15915,1.);
#13029=VECTOR('',#15916,1.);
#13030=VECTOR('',#15917,1.);
#13031=VECTOR('',#15918,1.);
#13032=VECTOR('',#15919,1.);
#13033=VECTOR('',#15924,1.);
#13034=VECTOR('',#15925,1.);
#13035=VECTOR('',#15926,1.);
#13036=VECTOR('',#15927,1.);
#13037=VECTOR('',#15928,1.);
#13038=VECTOR('',#15929,1.);
#13039=VECTOR('',#15930,1.);
#13040=VECTOR('',#15931,1.);
#13041=VECTOR('',#15932,1.);
#13042=VECTOR('',#15935,1.);
#13043=VECTOR('',#15936,1.);
#13044=VECTOR('',#15937,1.);
#13045=VECTOR('',#15940,1.);
#13046=VECTOR('',#15941,1.);
#13047=VECTOR('',#15942,1.);
#13048=VECTOR('',#15943,1.);
#13049=VECTOR('',#15944,1.);
#13050=VECTOR('',#15945,1.);
#13051=VECTOR('',#15946,1.);
#13052=VECTOR('',#15947,1.);
#13053=VECTOR('',#15948,1.);
#13054=VECTOR('',#15949,1.);
#13055=VECTOR('',#15950,1.);
#13056=VECTOR('',#15951,1.);
#13057=VECTOR('',#15952,1.);
#13058=VECTOR('',#15953,1.);
#13059=VECTOR('',#15954,1.);
#13060=VECTOR('',#15955,1.);
#13061=VECTOR('',#15956,1.);
#13062=VECTOR('',#15957,1.);
#13063=VECTOR('',#15958,1.);
#13064=VECTOR('',#15959,1.);
#13065=VECTOR('',#15960,1.);
#13066=VECTOR('',#15961,1.);
#13067=VECTOR('',#15962,1.);
#13068=VECTOR('',#15963,1.);
#13069=VECTOR('',#15964,1.);
#13070=VECTOR('',#15965,1.);
#13071=VECTOR('',#15966,1.);
#13072=VECTOR('',#15967,1.);
#13073=VECTOR('',#15968,1.);
#13074=VECTOR('',#15969,1.);
#13075=VECTOR('',#15970,1.);
#13076=VECTOR('',#15971,1.);
#13077=VECTOR('',#15972,1.);
#13078=VECTOR('',#15973,1.);
#13079=VECTOR('',#15974,1.);
#13080=VECTOR('',#15975,1.);
#13081=VECTOR('',#15976,1.);
#13082=VECTOR('',#15977,1.);
#13083=VECTOR('',#15978,1.);
#13084=VECTOR('',#15979,1.);
#13085=VECTOR('',#15980,1.);
#13086=VECTOR('',#15981,1.);
#13087=VECTOR('',#15982,1.);
#13088=VECTOR('',#15983,1.);
#13089=VECTOR('',#15984,1.);
#13090=VECTOR('',#15985,1.);
#13091=VECTOR('',#15986,1.);
#13092=VECTOR('',#15987,1.);
#13093=VECTOR('',#15988,1.);
#13094=VECTOR('',#15989,1.);
#13095=VECTOR('',#15990,1.);
#13096=VECTOR('',#15991,1.);
#13097=VECTOR('',#15992,1.);
#13098=VECTOR('',#15993,1.);
#13099=VECTOR('',#15994,1.);
#13100=VECTOR('',#15995,1.);
#13101=VECTOR('',#15996,1.);
#13102=VECTOR('',#15997,1.);
#13103=VECTOR('',#15998,1.);
#13104=VECTOR('',#15999,1.);
#13105=VECTOR('',#16000,1.);
#13106=VECTOR('',#16001,1.);
#13107=VECTOR('',#16002,1.);
#13108=VECTOR('',#16003,1.);
#13109=VECTOR('',#16004,1.);
#13110=VECTOR('',#16005,1.);
#13111=VECTOR('',#16006,1.);
#13112=VECTOR('',#16007,1.);
#13113=VECTOR('',#16008,1.);
#13114=VECTOR('',#16009,1.);
#13115=VECTOR('',#16010,1.);
#13116=VECTOR('',#16011,1.);
#13117=VECTOR('',#16012,1.);
#13118=VECTOR('',#16013,1.);
#13119=VECTOR('',#16014,1.);
#13120=VECTOR('',#16015,1.);
#13121=VECTOR('',#16016,1.);
#13122=VECTOR('',#16017,1.);
#13123=VECTOR('',#16018,1.);
#13124=VECTOR('',#16019,1.);
#13125=VECTOR('',#16020,1.);
#13126=VECTOR('',#16023,1.);
#13127=VECTOR('',#16024,1.);
#13128=VECTOR('',#16027,1.);
#13129=VECTOR('',#16028,1.);
#13130=VECTOR('',#16033,1.);
#13131=VECTOR('',#16034,1.);
#13132=VECTOR('',#16037,1.);
#13133=VECTOR('',#16038,1.);
#13134=VECTOR('',#16043,1.);
#13135=VECTOR('',#16044,1.);
#13136=VECTOR('',#16045,1.);
#13137=VECTOR('',#16048,1.);
#13138=VECTOR('',#16049,1.);
#13139=VECTOR('',#16050,1.);
#13140=VECTOR('',#16053,1.);
#13141=VECTOR('',#16056,1.);
#13142=VECTOR('',#16057,1.);
#13143=VECTOR('',#16062,1.);
#13144=VECTOR('',#16063,1.);
#13145=VECTOR('',#16068,1.);
#13146=VECTOR('',#16069,1.);
#13147=VECTOR('',#16070,1.);
#13148=VECTOR('',#16071,1.);
#13149=VECTOR('',#16074,1.);
#13150=VECTOR('',#16075,1.);
#13151=VECTOR('',#16078,1.);
#13152=VECTOR('',#16081,1.);
#13153=VECTOR('',#16084,1.);
#13154=VECTOR('',#16087,1.);
#13155=VECTOR('',#16092,1.);
#13156=VECTOR('',#16095,1.);
#13157=VECTOR('',#16100,1.);
#13158=VECTOR('',#16105,1.);
#13159=VECTOR('',#16110,1.);
#13160=VECTOR('',#16113,1.);
#13161=VECTOR('',#16114,1.);
#13162=VECTOR('',#16115,1.);
#13163=VECTOR('',#16116,1.);
#13164=VECTOR('',#16121,1.);
#13165=VECTOR('',#16126,1.);
#13166=VECTOR('',#16127,1.);
#13167=VECTOR('',#16128,1.);
#13168=VECTOR('',#16133,1.);
#13169=VECTOR('',#16138,1.);
#13170=VECTOR('',#16145,1.);
#13171=VECTOR('',#16146,1.);
#13172=VECTOR('',#16147,1.);
#13173=VECTOR('',#16150,1.);
#13174=VECTOR('',#16151,1.);
#13175=VECTOR('',#16152,1.);
#13176=VECTOR('',#16153,1.);
#13177=VECTOR('',#16154,1.);
#13178=VECTOR('',#16157,1.);
#13179=VECTOR('',#16158,1.);
#13180=VECTOR('',#16159,1.);
#13181=VECTOR('',#16160,1.);
#13182=VECTOR('',#16161,1.);
#13183=VECTOR('',#16164,1.);
#13184=VECTOR('',#16167,1.);
#13185=VECTOR('',#16170,1.);
#13186=VECTOR('',#16173,1.);
#13187=VECTOR('',#16178,1.);
#13188=VECTOR('',#16183,1.);
#13189=VECTOR('',#16188,1.);
#13190=VECTOR('',#16191,1.);
#13191=VECTOR('',#16196,1.);
#13192=VECTOR('',#16201,1.);
#13193=VECTOR('',#16204,1.);
#13194=VECTOR('',#16209,1.);
#13195=VECTOR('',#16214,1.);
#13196=VECTOR('',#16217,1.);
#13197=VECTOR('',#16222,1.);
#13198=VECTOR('',#16227,1.);
#13199=VECTOR('',#16230,1.);
#13200=VECTOR('',#16235,1.);
#13201=VECTOR('',#16240,1.);
#13202=VECTOR('',#16243,1.);
#13203=VECTOR('',#16248,1.);
#13204=VECTOR('',#16253,1.);
#13205=VECTOR('',#16256,1.);
#13206=VECTOR('',#16261,1.);
#13207=VECTOR('',#16266,1.);
#13208=VECTOR('',#16269,1.);
#13209=VECTOR('',#16274,1.);
#13210=VECTOR('',#16279,1.);
#13211=VECTOR('',#16282,1.);
#13212=VECTOR('',#16287,1.);
#13213=VECTOR('',#16292,1.);
#13214=VECTOR('',#16295,1.);
#13215=VECTOR('',#16300,1.);
#13216=VECTOR('',#16305,1.);
#13217=VECTOR('',#16308,1.);
#13218=VECTOR('',#16313,1.);
#13219=VECTOR('',#16318,1.);
#13220=VECTOR('',#16321,1.);
#13221=VECTOR('',#16326,1.);
#13222=VECTOR('',#16331,1.);
#13223=VECTOR('',#16334,1.);
#13224=VECTOR('',#16339,1.);
#13225=VECTOR('',#16344,1.);
#13226=VECTOR('',#16347,1.);
#13227=VECTOR('',#16352,1.);
#13228=VECTOR('',#16357,1.);
#13229=VECTOR('',#16360,1.);
#13230=VECTOR('',#16365,1.);
#13231=VECTOR('',#16370,1.);
#13232=VECTOR('',#16373,1.);
#13233=VECTOR('',#16378,1.);
#13234=VECTOR('',#16383,1.);
#13235=VECTOR('',#16386,1.);
#13236=VECTOR('',#16391,1.);
#13237=VECTOR('',#16396,1.);
#13238=VECTOR('',#16399,1.);
#13239=VECTOR('',#16404,1.);
#13240=VECTOR('',#16409,1.);
#13241=VECTOR('',#16412,1.);
#13242=VECTOR('',#16417,1.);
#13243=VECTOR('',#16422,1.);
#13244=VECTOR('',#16425,1.);
#13245=VECTOR('',#16430,1.);
#13246=VECTOR('',#16435,1.);
#13247=VECTOR('',#16438,1.);
#13248=VECTOR('',#16443,1.);
#13249=VECTOR('',#16448,1.);
#13250=VECTOR('',#16451,1.);
#13251=VECTOR('',#16456,1.);
#13252=VECTOR('',#16461,1.);
#13253=VECTOR('',#16464,1.);
#13254=VECTOR('',#16469,1.);
#13255=VECTOR('',#16474,1.);
#13256=VECTOR('',#16477,1.);
#13257=VECTOR('',#16482,1.);
#13258=VECTOR('',#16487,1.);
#13259=VECTOR('',#16490,1.);
#13260=VECTOR('',#16495,1.);
#13261=VECTOR('',#16500,1.);
#13262=VECTOR('',#16503,1.);
#13263=VECTOR('',#16508,1.);
#13264=VECTOR('',#16513,1.);
#13265=VECTOR('',#16516,1.);
#13266=VECTOR('',#16517,1.);
#13267=VECTOR('',#16518,1.);
#13268=VECTOR('',#16519,1.);
#13269=VECTOR('',#16524,1.);
#13270=VECTOR('',#16529,1.);
#13271=VECTOR('',#16530,1.);
#13272=VECTOR('',#16531,1.);
#13273=VECTOR('',#16536,1.);
#13274=VECTOR('',#16541,1.);
#13275=VECTOR('',#16548,1.);
#13276=VECTOR('',#16549,1.);
#13277=VECTOR('',#16550,1.);
#13278=VECTOR('',#16551,1.);
#13279=VECTOR('',#16556,1.);
#13280=VECTOR('',#16561,1.);
#13281=VECTOR('',#16562,1.);
#13282=VECTOR('',#16563,1.);
#13283=VECTOR('',#16568,1.);
#13284=VECTOR('',#16573,1.);
#13285=VECTOR('',#16580,1.);
#13286=VECTOR('',#16581,1.);
#13287=VECTOR('',#16582,1.);
#13288=VECTOR('',#16583,1.);
#13289=VECTOR('',#16588,1.);
#13290=VECTOR('',#16593,1.);
#13291=VECTOR('',#16594,1.);
#13292=VECTOR('',#16595,1.);
#13293=VECTOR('',#16600,1.);
#13294=VECTOR('',#16605,1.);
#13295=VECTOR('',#16612,1.);
#13296=VECTOR('',#16613,1.);
#13297=VECTOR('',#16614,1.);
#13298=VECTOR('',#16615,1.);
#13299=VECTOR('',#16620,1.);
#13300=VECTOR('',#16625,1.);
#13301=VECTOR('',#16626,1.);
#13302=VECTOR('',#16627,1.);
#13303=VECTOR('',#16632,1.);
#13304=VECTOR('',#16637,1.);
#13305=VECTOR('',#16644,1.);
#13306=VECTOR('',#16645,1.);
#13307=VECTOR('',#16646,1.);
#13308=VECTOR('',#16647,1.);
#13309=VECTOR('',#16652,1.);
#13310=VECTOR('',#16657,1.);
#13311=VECTOR('',#16658,1.);
#13312=VECTOR('',#16659,1.);
#13313=VECTOR('',#16664,1.);
#13314=VECTOR('',#16669,1.);
#13315=VECTOR('',#16676,1.);
#13316=VECTOR('',#16677,1.);
#13317=VECTOR('',#16678,1.);
#13318=VECTOR('',#16679,1.);
#13319=VECTOR('',#16684,1.);
#13320=VECTOR('',#16689,1.);
#13321=VECTOR('',#16690,1.);
#13322=VECTOR('',#16691,1.);
#13323=VECTOR('',#16696,1.);
#13324=VECTOR('',#16701,1.);
#13325=VECTOR('',#16708,1.);
#13326=VECTOR('',#16709,1.);
#13327=VECTOR('',#16710,1.);
#13328=VECTOR('',#16711,1.);
#13329=VECTOR('',#16716,1.);
#13330=VECTOR('',#16721,1.);
#13331=VECTOR('',#16722,1.);
#13332=VECTOR('',#16723,1.);
#13333=VECTOR('',#16728,1.);
#13334=VECTOR('',#16733,1.);
#13335=VECTOR('',#16740,1.);
#13336=VECTOR('',#16741,1.);
#13337=VECTOR('',#16742,1.);
#13338=VECTOR('',#16743,1.);
#13339=VECTOR('',#16748,1.);
#13340=VECTOR('',#16753,1.);
#13341=VECTOR('',#16754,1.);
#13342=VECTOR('',#16755,1.);
#13343=VECTOR('',#16760,1.);
#13344=VECTOR('',#16765,1.);
#13345=VECTOR('',#16772,1.);
#13346=VECTOR('',#16773,1.);
#13347=VECTOR('',#16774,1.);
#13348=VECTOR('',#16775,1.);
#13349=VECTOR('',#16780,1.);
#13350=VECTOR('',#16785,1.);
#13351=VECTOR('',#16786,1.);
#13352=VECTOR('',#16787,1.);
#13353=VECTOR('',#16792,1.);
#13354=VECTOR('',#16797,1.);
#13355=VECTOR('',#16804,1.);
#13356=VECTOR('',#16805,1.);
#13357=VECTOR('',#16806,1.);
#13358=VECTOR('',#16807,1.);
#13359=VECTOR('',#16812,1.);
#13360=VECTOR('',#16817,1.);
#13361=VECTOR('',#16818,1.);
#13362=VECTOR('',#16819,1.);
#13363=VECTOR('',#16824,1.);
#13364=VECTOR('',#16829,1.);
#13365=VECTOR('',#16836,1.);
#13366=VECTOR('',#16837,1.);
#13367=VECTOR('',#16838,1.);
#13368=VECTOR('',#16839,1.);
#13369=VECTOR('',#16844,1.);
#13370=VECTOR('',#16849,1.);
#13371=VECTOR('',#16850,1.);
#13372=VECTOR('',#16851,1.);
#13373=VECTOR('',#16856,1.);
#13374=VECTOR('',#16861,1.);
#13375=VECTOR('',#16868,1.);
#13376=VECTOR('',#16869,1.);
#13377=VECTOR('',#16870,1.);
#13378=VECTOR('',#16871,1.);
#13379=VECTOR('',#16876,1.);
#13380=VECTOR('',#16881,1.);
#13381=VECTOR('',#16882,1.);
#13382=VECTOR('',#16883,1.);
#13383=VECTOR('',#16888,1.);
#13384=VECTOR('',#16893,1.);
#13385=VECTOR('',#16900,1.);
#13386=VECTOR('',#16901,1.);
#13387=VECTOR('',#16902,1.);
#13388=VECTOR('',#16903,1.);
#13389=VECTOR('',#16908,1.);
#13390=VECTOR('',#16913,1.);
#13391=VECTOR('',#16914,1.);
#13392=VECTOR('',#16915,1.);
#13393=VECTOR('',#16920,1.);
#13394=VECTOR('',#16925,1.);
#13395=VECTOR('',#16932,1.);
#13396=VECTOR('',#16933,1.);
#13397=VECTOR('',#16934,1.);
#13398=VECTOR('',#16935,1.);
#13399=VECTOR('',#16940,1.);
#13400=VECTOR('',#16945,1.);
#13401=VECTOR('',#16946,1.);
#13402=VECTOR('',#16947,1.);
#13403=VECTOR('',#16952,1.);
#13404=VECTOR('',#16957,1.);
#13405=VECTOR('',#16964,1.);
#13406=VECTOR('',#16965,1.);
#13407=VECTOR('',#16966,1.);
#13408=VECTOR('',#16967,1.);
#13409=VECTOR('',#16972,1.);
#13410=VECTOR('',#16977,1.);
#13411=VECTOR('',#16978,1.);
#13412=VECTOR('',#16979,1.);
#13413=VECTOR('',#16984,1.);
#13414=VECTOR('',#16989,1.);
#13415=VECTOR('',#16996,1.);
#13416=VECTOR('',#16997,1.);
#13417=VECTOR('',#16998,1.);
#13418=VECTOR('',#16999,1.);
#13419=VECTOR('',#17004,1.);
#13420=VECTOR('',#17009,1.);
#13421=VECTOR('',#17010,1.);
#13422=VECTOR('',#17011,1.);
#13423=VECTOR('',#17016,1.);
#13424=VECTOR('',#17021,1.);
#13425=VECTOR('',#17028,1.);
#13426=VECTOR('',#17029,1.);
#13427=VECTOR('',#17030,1.);
#13428=VECTOR('',#17031,1.);
#13429=VECTOR('',#17036,1.);
#13430=VECTOR('',#17041,1.);
#13431=VECTOR('',#17042,1.);
#13432=VECTOR('',#17043,1.);
#13433=VECTOR('',#17048,1.);
#13434=VECTOR('',#17053,1.);
#13435=VECTOR('',#17060,1.);
#13436=VECTOR('',#17061,1.);
#13437=VECTOR('',#17062,1.);
#13438=VECTOR('',#17063,1.);
#13439=VECTOR('',#17068,1.);
#13440=VECTOR('',#17073,1.);
#13441=VECTOR('',#17074,1.);
#13442=VECTOR('',#17075,1.);
#13443=VECTOR('',#17080,1.);
#13444=VECTOR('',#17085,1.);
#13445=VECTOR('',#17092,1.);
#13446=VECTOR('',#17093,1.);
#13447=VECTOR('',#17094,1.);
#13448=VECTOR('',#17095,1.);
#13449=VECTOR('',#17100,1.);
#13450=VECTOR('',#17105,1.);
#13451=VECTOR('',#17106,1.);
#13452=VECTOR('',#17107,1.);
#13453=VECTOR('',#17112,1.);
#13454=VECTOR('',#17117,1.);
#13455=VECTOR('',#17124,1.);
#13456=VECTOR('',#17125,1.);
#13457=VECTOR('',#17126,1.);
#13458=VECTOR('',#17127,1.);
#13459=VECTOR('',#17132,1.);
#13460=VECTOR('',#17137,1.);
#13461=VECTOR('',#17138,1.);
#13462=VECTOR('',#17139,1.);
#13463=VECTOR('',#17144,1.);
#13464=VECTOR('',#17149,1.);
#13465=VECTOR('',#17156,1.);
#13466=VECTOR('',#17157,1.);
#13467=VECTOR('',#17158,1.);
#13468=VECTOR('',#17159,1.);
#13469=VECTOR('',#17164,1.);
#13470=VECTOR('',#17169,1.);
#13471=VECTOR('',#17170,1.);
#13472=VECTOR('',#17171,1.);
#13473=VECTOR('',#17176,1.);
#13474=VECTOR('',#17181,1.);
#13475=VECTOR('',#17188,1.);
#13476=VECTOR('',#17189,1.);
#13477=VECTOR('',#17190,1.);
#13478=VECTOR('',#17191,1.);
#13479=VECTOR('',#17196,1.);
#13480=VECTOR('',#17201,1.);
#13481=VECTOR('',#17202,1.);
#13482=VECTOR('',#17203,1.);
#13483=VECTOR('',#17208,1.);
#13484=VECTOR('',#17213,1.);
#13485=VECTOR('',#17220,1.);
#13486=VECTOR('',#17221,1.);
#13487=VECTOR('',#17222,1.);
#13488=VECTOR('',#17223,1.);
#13489=VECTOR('',#17228,1.);
#13490=VECTOR('',#17233,1.);
#13491=VECTOR('',#17234,1.);
#13492=VECTOR('',#17235,1.);
#13493=VECTOR('',#17240,1.);
#13494=VECTOR('',#17245,1.);
#13495=VECTOR('',#17252,1.);
#13496=VECTOR('',#17253,1.);
#13497=VECTOR('',#17254,1.);
#13498=VECTOR('',#17255,1.);
#13499=VECTOR('',#17260,1.);
#13500=VECTOR('',#17265,1.);
#13501=VECTOR('',#17266,1.);
#13502=VECTOR('',#17267,1.);
#13503=VECTOR('',#17272,1.);
#13504=VECTOR('',#17277,1.);
#13505=VECTOR('',#17284,1.);
#13506=VECTOR('',#17285,1.);
#13507=VECTOR('',#17286,1.);
#13508=VECTOR('',#17287,1.);
#13509=VECTOR('',#17292,1.);
#13510=VECTOR('',#17297,1.);
#13511=VECTOR('',#17298,1.);
#13512=VECTOR('',#17299,1.);
#13513=VECTOR('',#17304,1.);
#13514=VECTOR('',#17309,1.);
#13515=VECTOR('',#17316,1.);
#13516=VECTOR('',#17317,1.);
#13517=VECTOR('',#17318,1.);
#13518=VECTOR('',#17319,1.);
#13519=VECTOR('',#17324,1.);
#13520=VECTOR('',#17329,1.);
#13521=VECTOR('',#17330,1.);
#13522=VECTOR('',#17331,1.);
#13523=VECTOR('',#17336,1.);
#13524=VECTOR('',#17341,1.);
#13525=VECTOR('',#17348,1.);
#13526=VECTOR('',#17349,1.);
#13527=VECTOR('',#17350,1.);
#13528=VECTOR('',#17353,1.);
#13529=VECTOR('',#17354,1.);
#13530=VECTOR('',#17355,1.);
#13531=VECTOR('',#17356,1.);
#13532=VECTOR('',#17357,1.);
#13533=VECTOR('',#17360,1.);
#13534=VECTOR('',#17361,1.);
#13535=VECTOR('',#17362,1.);
#13536=VECTOR('',#17363,1.);
#13537=VECTOR('',#17364,1.);
#13538=VECTOR('',#17367,1.);
#13539=VECTOR('',#17370,1.);
#13540=VECTOR('',#17373,1.);
#13541=VECTOR('',#17376,1.);
#13542=VECTOR('',#17381,1.);
#13543=VECTOR('',#17382,1.);
#13544=VECTOR('',#17383,1.);
#13545=VECTOR('',#17386,1.);
#13546=VECTOR('',#17387,1.);
#13547=VECTOR('',#17388,1.);
#13548=VECTOR('',#17389,1.);
#13549=VECTOR('',#17390,1.);
#13550=VECTOR('',#17393,1.);
#13551=VECTOR('',#17394,1.);
#13552=VECTOR('',#17395,1.);
#13553=VECTOR('',#17396,1.);
#13554=VECTOR('',#17397,1.);
#13555=VECTOR('',#17400,1.);
#13556=VECTOR('',#17403,1.);
#13557=VECTOR('',#17406,1.);
#13558=VECTOR('',#17409,1.);
#13559=VECTOR('',#17414,1.);
#13560=VECTOR('',#17415,1.);
#13561=VECTOR('',#17416,1.);
#13562=VECTOR('',#17419,1.);
#13563=VECTOR('',#17420,1.);
#13564=VECTOR('',#17421,1.);
#13565=VECTOR('',#17422,1.);
#13566=VECTOR('',#17423,1.);
#13567=VECTOR('',#17426,1.);
#13568=VECTOR('',#17427,1.);
#13569=VECTOR('',#17428,1.);
#13570=VECTOR('',#17429,1.);
#13571=VECTOR('',#17430,1.);
#13572=VECTOR('',#17433,1.);
#13573=VECTOR('',#17436,1.);
#13574=VECTOR('',#17439,1.);
#13575=VECTOR('',#17442,1.);
#13576=VECTOR('',#17447,1.);
#13577=VECTOR('',#17448,1.);
#13578=VECTOR('',#17449,1.);
#13579=VECTOR('',#17452,1.);
#13580=VECTOR('',#17453,1.);
#13581=VECTOR('',#17454,1.);
#13582=VECTOR('',#17455,1.);
#13583=VECTOR('',#17456,1.);
#13584=VECTOR('',#17459,1.);
#13585=VECTOR('',#17460,1.);
#13586=VECTOR('',#17461,1.);
#13587=VECTOR('',#17462,1.);
#13588=VECTOR('',#17463,1.);
#13589=VECTOR('',#17466,1.);
#13590=VECTOR('',#17469,1.);
#13591=VECTOR('',#17472,1.);
#13592=VECTOR('',#17475,1.);
#13593=VECTOR('',#17480,1.);
#13594=VECTOR('',#17481,1.);
#13595=VECTOR('',#17482,1.);
#13596=VECTOR('',#17485,1.);
#13597=VECTOR('',#17486,1.);
#13598=VECTOR('',#17487,1.);
#13599=VECTOR('',#17488,1.);
#13600=VECTOR('',#17489,1.);
#13601=VECTOR('',#17492,1.);
#13602=VECTOR('',#17493,1.);
#13603=VECTOR('',#17494,1.);
#13604=VECTOR('',#17495,1.);
#13605=VECTOR('',#17496,1.);
#13606=VECTOR('',#17499,1.);
#13607=VECTOR('',#17502,1.);
#13608=VECTOR('',#17505,1.);
#13609=VECTOR('',#17508,1.);
#13610=VECTOR('',#17513,1.);
#13611=VECTOR('',#17514,1.);
#13612=VECTOR('',#17515,1.);
#13613=VECTOR('',#17518,1.);
#13614=VECTOR('',#17519,1.);
#13615=VECTOR('',#17520,1.);
#13616=VECTOR('',#17521,1.);
#13617=VECTOR('',#17522,1.);
#13618=VECTOR('',#17525,1.);
#13619=VECTOR('',#17526,1.);
#13620=VECTOR('',#17527,1.);
#13621=VECTOR('',#17528,1.);
#13622=VECTOR('',#17529,1.);
#13623=VECTOR('',#17532,1.);
#13624=VECTOR('',#17535,1.);
#13625=VECTOR('',#17538,1.);
#13626=VECTOR('',#17541,1.);
#13627=VECTOR('',#17546,1.);
#13628=VECTOR('',#17547,1.);
#13629=VECTOR('',#17548,1.);
#13630=VECTOR('',#17551,1.);
#13631=VECTOR('',#17552,1.);
#13632=VECTOR('',#17553,1.);
#13633=VECTOR('',#17554,1.);
#13634=VECTOR('',#17555,1.);
#13635=VECTOR('',#17558,1.);
#13636=VECTOR('',#17559,1.);
#13637=VECTOR('',#17560,1.);
#13638=VECTOR('',#17561,1.);
#13639=VECTOR('',#17562,1.);
#13640=VECTOR('',#17565,1.);
#13641=VECTOR('',#17568,1.);
#13642=VECTOR('',#17571,1.);
#13643=VECTOR('',#17574,1.);
#13644=VECTOR('',#17579,1.);
#13645=VECTOR('',#17580,1.);
#13646=VECTOR('',#17581,1.);
#13647=VECTOR('',#17584,1.);
#13648=VECTOR('',#17585,1.);
#13649=VECTOR('',#17586,1.);
#13650=VECTOR('',#17587,1.);
#13651=VECTOR('',#17588,1.);
#13652=VECTOR('',#17591,1.);
#13653=VECTOR('',#17592,1.);
#13654=VECTOR('',#17593,1.);
#13655=VECTOR('',#17594,1.);
#13656=VECTOR('',#17595,1.);
#13657=VECTOR('',#17598,1.);
#13658=VECTOR('',#17601,1.);
#13659=VECTOR('',#17604,1.);
#13660=VECTOR('',#17607,1.);
#13661=VECTOR('',#17612,1.);
#13662=VECTOR('',#17613,1.);
#13663=VECTOR('',#17614,1.);
#13664=VECTOR('',#17617,1.);
#13665=VECTOR('',#17618,1.);
#13666=VECTOR('',#17619,1.);
#13667=VECTOR('',#17620,1.);
#13668=VECTOR('',#17621,1.);
#13669=VECTOR('',#17624,1.);
#13670=VECTOR('',#17625,1.);
#13671=VECTOR('',#17626,1.);
#13672=VECTOR('',#17627,1.);
#13673=VECTOR('',#17628,1.);
#13674=VECTOR('',#17631,1.);
#13675=VECTOR('',#17634,1.);
#13676=VECTOR('',#17637,1.);
#13677=VECTOR('',#17640,1.);
#13678=VECTOR('',#17645,1.);
#13679=VECTOR('',#17646,1.);
#13680=VECTOR('',#17647,1.);
#13681=VECTOR('',#17650,1.);
#13682=VECTOR('',#17651,1.);
#13683=VECTOR('',#17652,1.);
#13684=VECTOR('',#17653,1.);
#13685=VECTOR('',#17654,1.);
#13686=VECTOR('',#17657,1.);
#13687=VECTOR('',#17658,1.);
#13688=VECTOR('',#17659,1.);
#13689=VECTOR('',#17660,1.);
#13690=VECTOR('',#17661,1.);
#13691=VECTOR('',#17664,1.);
#13692=VECTOR('',#17667,1.);
#13693=VECTOR('',#17670,1.);
#13694=VECTOR('',#17673,1.);
#13695=VECTOR('',#17678,1.);
#13696=VECTOR('',#17679,1.);
#13697=VECTOR('',#17680,1.);
#13698=VECTOR('',#17683,1.);
#13699=VECTOR('',#17684,1.);
#13700=VECTOR('',#17685,1.);
#13701=VECTOR('',#17686,1.);
#13702=VECTOR('',#17687,1.);
#13703=VECTOR('',#17690,1.);
#13704=VECTOR('',#17691,1.);
#13705=VECTOR('',#17692,1.);
#13706=VECTOR('',#17693,1.);
#13707=VECTOR('',#17694,1.);
#13708=VECTOR('',#17697,1.);
#13709=VECTOR('',#17700,1.);
#13710=VECTOR('',#17703,1.);
#13711=VECTOR('',#17706,1.);
#13712=VECTOR('',#17711,1.);
#13713=VECTOR('',#17712,1.);
#13714=VECTOR('',#17713,1.);
#13715=VECTOR('',#17716,1.);
#13716=VECTOR('',#17717,1.);
#13717=VECTOR('',#17718,1.);
#13718=VECTOR('',#17719,1.);
#13719=VECTOR('',#17720,1.);
#13720=VECTOR('',#17723,1.);
#13721=VECTOR('',#17724,1.);
#13722=VECTOR('',#17725,1.);
#13723=VECTOR('',#17726,1.);
#13724=VECTOR('',#17727,1.);
#13725=VECTOR('',#17730,1.);
#13726=VECTOR('',#17733,1.);
#13727=VECTOR('',#17736,1.);
#13728=VECTOR('',#17739,1.);
#13729=VECTOR('',#17744,1.);
#13730=VECTOR('',#17745,1.);
#13731=VECTOR('',#17746,1.);
#13732=VECTOR('',#17749,1.);
#13733=VECTOR('',#17750,1.);
#13734=VECTOR('',#17751,1.);
#13735=VECTOR('',#17752,1.);
#13736=VECTOR('',#17753,1.);
#13737=VECTOR('',#17756,1.);
#13738=VECTOR('',#17757,1.);
#13739=VECTOR('',#17758,1.);
#13740=VECTOR('',#17759,1.);
#13741=VECTOR('',#17760,1.);
#13742=VECTOR('',#17763,1.);
#13743=VECTOR('',#17766,1.);
#13744=VECTOR('',#17769,1.);
#13745=VECTOR('',#17772,1.);
#13746=VECTOR('',#17777,1.);
#13747=VECTOR('',#17778,1.);
#13748=VECTOR('',#17779,1.);
#13749=VECTOR('',#17782,1.);
#13750=VECTOR('',#17783,1.);
#13751=VECTOR('',#17784,1.);
#13752=VECTOR('',#17785,1.);
#13753=VECTOR('',#17786,1.);
#13754=VECTOR('',#17789,1.);
#13755=VECTOR('',#17790,1.);
#13756=VECTOR('',#17791,1.);
#13757=VECTOR('',#17792,1.);
#13758=VECTOR('',#17793,1.);
#13759=VECTOR('',#17796,1.);
#13760=VECTOR('',#17799,1.);
#13761=VECTOR('',#17802,1.);
#13762=VECTOR('',#17805,1.);
#13763=VECTOR('',#17810,1.);
#13764=VECTOR('',#17811,1.);
#13765=VECTOR('',#17812,1.);
#13766=VECTOR('',#17815,1.);
#13767=VECTOR('',#17816,1.);
#13768=VECTOR('',#17817,1.);
#13769=VECTOR('',#17818,1.);
#13770=VECTOR('',#17819,1.);
#13771=VECTOR('',#17822,1.);
#13772=VECTOR('',#17823,1.);
#13773=VECTOR('',#17824,1.);
#13774=VECTOR('',#17825,1.);
#13775=VECTOR('',#17826,1.);
#13776=VECTOR('',#17829,1.);
#13777=VECTOR('',#17832,1.);
#13778=VECTOR('',#17835,1.);
#13779=VECTOR('',#17838,1.);
#13780=VECTOR('',#17843,1.);
#13781=VECTOR('',#17844,1.);
#13782=VECTOR('',#17845,1.);
#13783=VECTOR('',#17848,1.);
#13784=VECTOR('',#17849,1.);
#13785=VECTOR('',#17850,1.);
#13786=VECTOR('',#17851,1.);
#13787=VECTOR('',#17852,1.);
#13788=VECTOR('',#17855,1.);
#13789=VECTOR('',#17856,1.);
#13790=VECTOR('',#17857,1.);
#13791=VECTOR('',#17858,1.);
#13792=VECTOR('',#17859,1.);
#13793=VECTOR('',#17862,1.);
#13794=VECTOR('',#17865,1.);
#13795=VECTOR('',#17868,1.);
#13796=VECTOR('',#17871,1.);
#13797=VECTOR('',#17876,1.);
#13798=VECTOR('',#17877,1.);
#13799=VECTOR('',#17878,1.);
#13800=VECTOR('',#17881,1.);
#13801=VECTOR('',#17882,1.);
#13802=VECTOR('',#17883,1.);
#13803=VECTOR('',#17884,1.);
#13804=VECTOR('',#17885,1.);
#13805=VECTOR('',#17888,1.);
#13806=VECTOR('',#17889,1.);
#13807=VECTOR('',#17890,1.);
#13808=VECTOR('',#17891,1.);
#13809=VECTOR('',#17892,1.);
#13810=VECTOR('',#17895,1.);
#13811=VECTOR('',#17898,1.);
#13812=VECTOR('',#17901,1.);
#13813=VECTOR('',#17904,1.);
#13814=VECTOR('',#17909,1.);
#13815=VECTOR('',#17910,1.);
#13816=VECTOR('',#17911,1.);
#13817=VECTOR('',#17914,1.);
#13818=VECTOR('',#17915,1.);
#13819=VECTOR('',#17916,1.);
#13820=VECTOR('',#17917,1.);
#13821=VECTOR('',#17918,1.);
#13822=VECTOR('',#17921,1.);
#13823=VECTOR('',#17922,1.);
#13824=VECTOR('',#17923,1.);
#13825=VECTOR('',#17924,1.);
#13826=VECTOR('',#17925,1.);
#13827=VECTOR('',#17928,1.);
#13828=VECTOR('',#17931,1.);
#13829=VECTOR('',#17934,1.);
#13830=VECTOR('',#17937,1.);
#13831=VECTOR('',#17942,1.);
#13832=VECTOR('',#17943,1.);
#13833=VECTOR('',#17944,1.);
#13834=VECTOR('',#17947,1.);
#13835=VECTOR('',#17948,1.);
#13836=VECTOR('',#17949,1.);
#13837=VECTOR('',#17950,1.);
#13838=VECTOR('',#17951,1.);
#13839=VECTOR('',#17954,1.);
#13840=VECTOR('',#17955,1.);
#13841=VECTOR('',#17956,1.);
#13842=VECTOR('',#17957,1.);
#13843=VECTOR('',#17958,1.);
#13844=VECTOR('',#17961,1.);
#13845=VECTOR('',#17964,1.);
#13846=VECTOR('',#17967,1.);
#13847=VECTOR('',#17970,1.);
#13848=VECTOR('',#17975,1.);
#13849=VECTOR('',#17976,1.);
#13850=VECTOR('',#17977,1.);
#13851=VECTOR('',#17980,1.);
#13852=VECTOR('',#17981,1.);
#13853=VECTOR('',#17982,1.);
#13854=VECTOR('',#17983,1.);
#13855=VECTOR('',#17984,1.);
#13856=VECTOR('',#17987,1.);
#13857=VECTOR('',#17988,1.);
#13858=VECTOR('',#17989,1.);
#13859=VECTOR('',#17990,1.);
#13860=VECTOR('',#17991,1.);
#13861=VECTOR('',#17994,1.);
#13862=VECTOR('',#17997,1.);
#13863=VECTOR('',#18000,1.);
#13864=VECTOR('',#18003,1.);
#13865=VECTOR('',#18008,1.);
#13866=VECTOR('',#18009,1.);
#13867=VECTOR('',#18010,1.);
#13868=VECTOR('',#18013,1.);
#13869=VECTOR('',#18014,1.);
#13870=VECTOR('',#18015,1.);
#13871=VECTOR('',#18016,1.);
#13872=VECTOR('',#18017,1.);
#13873=VECTOR('',#18020,1.);
#13874=VECTOR('',#18021,1.);
#13875=VECTOR('',#18022,1.);
#13876=VECTOR('',#18023,1.);
#13877=VECTOR('',#18024,1.);
#13878=VECTOR('',#18027,1.);
#13879=VECTOR('',#18030,1.);
#13880=VECTOR('',#18033,1.);
#13881=VECTOR('',#18036,1.);
#13882=VECTOR('',#18041,1.);
#13883=VECTOR('',#18042,1.);
#13884=VECTOR('',#18043,1.);
#13885=VECTOR('',#18046,1.);
#13886=VECTOR('',#18047,1.);
#13887=VECTOR('',#18048,1.);
#13888=VECTOR('',#18049,1.);
#13889=VECTOR('',#18050,1.);
#13890=VECTOR('',#18053,1.);
#13891=VECTOR('',#18054,1.);
#13892=VECTOR('',#18055,1.);
#13893=VECTOR('',#18056,1.);
#13894=VECTOR('',#18057,1.);
#13895=VECTOR('',#18060,1.);
#13896=VECTOR('',#18063,1.);
#13897=VECTOR('',#18066,1.);
#13898=VECTOR('',#18069,1.);
#13899=VECTOR('',#18074,1.);
#13900=VECTOR('',#18075,1.);
#13901=VECTOR('',#18076,1.);
#13902=VECTOR('',#18079,1.);
#13903=VECTOR('',#18080,1.);
#13904=VECTOR('',#18081,1.);
#13905=VECTOR('',#18082,1.);
#13906=VECTOR('',#18083,1.);
#13907=VECTOR('',#18086,1.);
#13908=VECTOR('',#18087,1.);
#13909=VECTOR('',#18088,1.);
#13910=VECTOR('',#18089,1.);
#13911=VECTOR('',#18090,1.);
#13912=VECTOR('',#18093,1.);
#13913=VECTOR('',#18096,1.);
#13914=VECTOR('',#18099,1.);
#13915=VECTOR('',#18102,1.);
#13916=VECTOR('',#18107,1.);
#13917=VECTOR('',#18108,1.);
#13918=VECTOR('',#18109,1.);
#13919=VECTOR('',#18112,1.);
#13920=VECTOR('',#18113,1.);
#13921=VECTOR('',#18114,1.);
#13922=VECTOR('',#18115,1.);
#13923=VECTOR('',#18116,1.);
#13924=VECTOR('',#18119,1.);
#13925=VECTOR('',#18120,1.);
#13926=VECTOR('',#18121,1.);
#13927=VECTOR('',#18122,1.);
#13928=VECTOR('',#18123,1.);
#13929=VECTOR('',#18126,1.);
#13930=VECTOR('',#18129,1.);
#13931=VECTOR('',#18132,1.);
#13932=VECTOR('',#18135,1.);
#13933=VECTOR('',#18140,1.);
#13934=VECTOR('',#18141,1.);
#13935=VECTOR('',#18142,1.);
#13936=VECTOR('',#18145,1.);
#13937=VECTOR('',#18146,1.);
#13938=VECTOR('',#18147,1.);
#13939=VECTOR('',#18148,1.);
#13940=VECTOR('',#18149,1.);
#13941=VECTOR('',#18152,1.);
#13942=VECTOR('',#18153,1.);
#13943=VECTOR('',#18154,1.);
#13944=VECTOR('',#18155,1.);
#13945=VECTOR('',#18156,1.);
#13946=VECTOR('',#18159,1.);
#13947=VECTOR('',#18162,1.);
#13948=VECTOR('',#18165,1.);
#13949=VECTOR('',#18168,1.);
#13950=VECTOR('',#18173,1.);
#13951=VECTOR('',#18174,1.);
#13952=VECTOR('',#18175,1.);
#13953=VECTOR('',#18178,1.);
#13954=VECTOR('',#18179,1.);
#13955=VECTOR('',#18180,1.);
#13956=VECTOR('',#18181,1.);
#13957=VECTOR('',#18182,1.);
#13958=VECTOR('',#18185,1.);
#13959=VECTOR('',#18186,1.);
#13960=VECTOR('',#18187,1.);
#13961=VECTOR('',#18188,1.);
#13962=VECTOR('',#18189,1.);
#13963=VECTOR('',#18192,1.);
#13964=VECTOR('',#18195,1.);
#13965=VECTOR('',#18198,1.);
#13966=VECTOR('',#18201,1.);
#13967=VECTOR('',#18206,1.);
#13968=VECTOR('',#18207,1.);
#13969=VECTOR('',#18208,1.);
#13970=VECTOR('',#18209,1.);
#13971=VECTOR('',#18210,1.);
#13972=VECTOR('',#18211,1.);
#13973=VECTOR('',#18212,1.);
#13974=VECTOR('',#18213,1.);
#13975=VECTOR('',#18216,1.);
#13976=VECTOR('',#18217,1.);
#13977=VECTOR('',#18220,1.);
#13978=VECTOR('',#18221,1.);
#13979=VECTOR('',#18222,1.);
#13980=VECTOR('',#18225,1.);
#13981=VECTOR('',#18226,1.);
#13982=VECTOR('',#18227,1.);
#13983=VECTOR('',#18228,1.);
#13984=VECTOR('',#18229,1.);
#13985=VECTOR('',#18230,1.);
#13986=VECTOR('',#18231,1.);
#13987=VECTOR('',#18232,1.);
#13988=VECTOR('',#18235,1.);
#13989=VECTOR('',#18236,1.);
#13990=VECTOR('',#18239,1.);
#13991=VECTOR('',#18240,1.);
#13992=VECTOR('',#18241,1.);
#13993=VECTOR('',#18242,1.);
#13994=VECTOR('',#18243,1.);
#13995=VECTOR('',#18244,1.);
#13996=VECTOR('',#18245,1.);
#13997=VECTOR('',#18246,1.);
#13998=VECTOR('',#18247,1.);
#13999=VECTOR('',#18248,1.);
#14000=VECTOR('',#18249,1.);
#14001=VECTOR('',#18254,1.);
#14002=VECTOR('',#18255,1.);
#14003=VECTOR('',#18258,1.);
#14004=VECTOR('',#18259,1.);
#14005=VECTOR('',#18264,1.);
#14006=VECTOR('',#18265,1.);
#14007=VECTOR('',#18266,1.);
#14008=VECTOR('',#18267,1.);
#14009=VECTOR('',#18268,1.);
#14010=VECTOR('',#18269,1.);
#14011=VECTOR('',#18272,1.);
#14012=VECTOR('',#18273,1.);
#14013=VECTOR('',#18274,1.);
#14014=VECTOR('',#18275,1.);
#14015=VECTOR('',#18276,1.);
#14016=VECTOR('',#18277,1.);
#14017=VECTOR('',#18278,1.);
#14018=VECTOR('',#18279,1.);
#14019=VECTOR('',#18280,1.);
#14020=VECTOR('',#18281,1.);
#14021=VECTOR('',#18282,1.);
#14022=VECTOR('',#18285,1.);
#14023=VECTOR('',#18286,1.);
#14024=VECTOR('',#18287,1.);
#14025=VECTOR('',#18288,1.);
#14026=VECTOR('',#18289,1.);
#14027=VECTOR('',#18290,1.);
#14028=VECTOR('',#18291,1.);
#14029=VECTOR('',#18292,1.);
#14030=VECTOR('',#18293,1.);
#14031=VECTOR('',#18294,1.);
#14032=VECTOR('',#18295,1.);
#14033=VECTOR('',#18296,1.);
#14034=VECTOR('',#18299,1.);
#14035=VECTOR('',#18302,1.);
#14036=VECTOR('',#18303,1.);
#14037=VECTOR('',#18304,1.);
#14038=VECTOR('',#18307,1.);
#14039=VECTOR('',#18308,1.);
#14040=VECTOR('',#18309,1.);
#14041=VECTOR('',#18312,1.);
#14042=VECTOR('',#18313,1.);
#14043=VECTOR('',#18314,1.);
#14044=VECTOR('',#18315,1.);
#14045=VECTOR('',#18318,1.);
#14046=VECTOR('',#18319,1.);
#14047=VECTOR('',#18320,1.);
#14048=VECTOR('',#18321,1.);
#14049=VECTOR('',#18324,1.);
#14050=VECTOR('',#18325,1.);
#14051=VECTOR('',#18326,1.);
#14052=VECTOR('',#18327,1.);
#14053=VECTOR('',#18330,1.);
#14054=VECTOR('',#18331,1.);
#14055=VECTOR('',#18334,1.);
#14056=VECTOR('',#18335,1.);
#14057=VECTOR('',#18336,1.);
#14058=VECTOR('',#18337,1.);
#14059=VECTOR('',#18340,1.);
#14060=VECTOR('',#18341,1.);
#14061=VECTOR('',#18342,1.);
#14062=VECTOR('',#18343,1.);
#14063=VECTOR('',#18346,1.);
#14064=VECTOR('',#18347,1.);
#14065=VECTOR('',#18348,1.);
#14066=VECTOR('',#18349,1.);
#14067=VECTOR('',#18352,1.);
#14068=VECTOR('',#18353,1.);
#14069=VECTOR('',#18354,1.);
#14070=VECTOR('',#18357,1.);
#14071=VECTOR('',#18358,1.);
#14072=VECTOR('',#18359,1.);
#14073=VECTOR('',#18360,1.);
#14074=VECTOR('',#18363,1.);
#14075=VECTOR('',#18364,1.);
#14076=VECTOR('',#18365,1.);
#14077=VECTOR('',#18366,1.);
#14078=VECTOR('',#18369,1.);
#14079=VECTOR('',#18370,1.);
#14080=VECTOR('',#18371,1.);
#14081=VECTOR('',#18372,1.);
#14082=VECTOR('',#18375,1.);
#14083=VECTOR('',#18376,1.);
#14084=VECTOR('',#18377,1.);
#14085=VECTOR('',#18380,1.);
#14086=VECTOR('',#18381,1.);
#14087=VECTOR('',#18382,1.);
#14088=VECTOR('',#18383,1.);
#14089=VECTOR('',#18384,1.);
#14090=VECTOR('',#18385,1.);
#14091=VECTOR('',#18388,1.);
#14092=VECTOR('',#18389,1.);
#14093=VECTOR('',#18396,1.);
#14094=VECTOR('',#18399,1.);
#14095=VECTOR('',#18402,1.);
#14096=VECTOR('',#18407,1.);
#14097=VECTOR('',#18412,1.);
#14098=VECTOR('',#18413,1.);
#14099=VECTOR('',#18416,1.);
#14100=VECTOR('',#18419,1.);
#14101=VECTOR('',#18420,1.);
#14102=VECTOR('',#18421,1.);
#14103=VECTOR('',#18424,1.);
#14104=VECTOR('',#18427,1.);
#14105=VECTOR('',#18428,1.);
#14106=VECTOR('',#18429,1.);
#14107=VECTOR('',#18432,1.);
#14108=VECTOR('',#18433,1.);
#14109=VECTOR('',#18434,1.);
#14110=VECTOR('',#18439,1.);
#14111=VECTOR('',#18440,1.);
#14112=VECTOR('',#18441,1.);
#14113=VECTOR('',#18442,1.);
#14114=VECTOR('',#18445,1.);
#14115=VECTOR('',#18446,1.);
#14116=VECTOR('',#18449,1.);
#14117=VECTOR('',#18450,1.);
#14118=VECTOR('',#18457,1.);
#14119=VECTOR('',#18464,1.);
#14120=VECTOR('',#18465,1.);
#14121=VECTOR('',#18466,1.);
#14122=VECTOR('',#18469,1.);
#14123=VECTOR('',#18470,1.);
#14124=VECTOR('',#18473,1.);
#14125=VECTOR('',#18484,1.);
#14126=VECTOR('',#18487,1.);
#14127=VECTOR('',#18488,1.);
#14128=VECTOR('',#18491,1.);
#14129=VECTOR('',#18494,1.);
#14130=VECTOR('',#18499,1.);
#14131=VECTOR('',#18500,1.);
#14132=VECTOR('',#18501,1.);
#14133=VECTOR('',#18502,1.);
#14134=VECTOR('',#18505,1.);
#14135=VECTOR('',#18506,1.);
#14136=VECTOR('',#18509,1.);
#14137=VECTOR('',#18510,1.);
#14138=VECTOR('',#18517,1.);
#14139=VECTOR('',#18522,1.);
#14140=VECTOR('',#18529,1.);
#14141=VECTOR('',#18530,1.);
#14142=VECTOR('',#18531,1.);
#14143=VECTOR('',#18534,1.);
#14144=VECTOR('',#18535,1.);
#14145=VECTOR('',#18538,1.);
#14146=VECTOR('',#18543,1.);
#14147=VECTOR('',#18544,1.);
#14148=VECTOR('',#18545,1.);
#14149=VECTOR('',#18548,1.);
#14150=VECTOR('',#18549,1.);
#14151=VECTOR('',#18550,1.);
#14152=VECTOR('',#18553,1.);
#14153=VECTOR('',#18554,1.);
#14154=VECTOR('',#18555,1.);
#14155=VECTOR('',#18558,1.);
#14156=VECTOR('',#18559,1.);
#14157=VECTOR('',#18562,1.);
#14158=VECTOR('',#18563,1.);
#14159=VECTOR('',#18566,1.);
#14160=VECTOR('',#18567,1.);
#14161=VECTOR('',#18568,1.);
#14162=VECTOR('',#18569,1.);
#14163=VECTOR('',#18570,1.);
#14164=VECTOR('',#18571,1.);
#14165=VECTOR('',#18572,1.);
#14166=VECTOR('',#18575,1.);
#14167=VECTOR('',#18576,1.);
#14168=VECTOR('',#18577,1.);
#14169=VECTOR('',#18582,1.);
#14170=VECTOR('',#18583,1.);
#14171=VECTOR('',#18586,1.);
#14172=VECTOR('',#18589,1.);
#14173=VECTOR('',#18592,1.);
#14174=VECTOR('',#18593,1.);
#14175=VECTOR('',#18598,1.);
#14176=VECTOR('',#18599,1.);
#14177=VECTOR('',#18600,1.);
#14178=VECTOR('',#18603,1.);
#14179=VECTOR('',#18606,1.);
#14180=VECTOR('',#18607,1.);
#14181=VECTOR('',#18610,1.);
#14182=VECTOR('',#18611,1.);
#14183=VECTOR('',#18614,1.);
#14184=VECTOR('',#18615,1.);
#14185=VECTOR('',#18618,1.);
#14186=VECTOR('',#18619,1.);
#14187=VECTOR('',#18622,1.);
#14188=VECTOR('',#18623,1.);
#14189=VECTOR('',#18626,1.);
#14190=VECTOR('',#18631,1.);
#14191=VECTOR('',#18636,1.);
#14192=VECTOR('',#18639,1.);
#14193=VECTOR('',#18644,1.);
#14194=VECTOR('',#18645,1.);
#14195=VECTOR('',#18646,1.);
#14196=VECTOR('',#18649,1.);
#14197=VECTOR('',#18650,1.);
#14198=VECTOR('',#18651,1.);
#14199=VECTOR('',#18654,1.);
#14200=VECTOR('',#18655,1.);
#14201=VECTOR('',#18656,1.);
#14202=VECTOR('',#18659,1.);
#14203=VECTOR('',#18662,1.);
#14204=VECTOR('',#18663,1.);
#14205=VECTOR('',#18664,1.);
#14206=VECTOR('',#18667,1.);
#14207=VECTOR('',#18670,1.);
#14208=VECTOR('',#18671,1.);
#14209=VECTOR('',#18672,1.);
#14210=VECTOR('',#18675,1.);
#14211=VECTOR('',#18678,1.);
#14212=VECTOR('',#18679,1.);
#14213=VECTOR('',#18686,1.);
#14214=VECTOR('',#18687,1.);
#14215=VECTOR('',#18690,1.);
#14216=VECTOR('',#18693,1.);
#14217=VECTOR('',#18696,1.);
#14218=VECTOR('',#18697,1.);
#14219=VECTOR('',#18698,1.);
#14220=VECTOR('',#18701,1.);
#14221=VECTOR('',#18702,1.);
#14222=VECTOR('',#18703,1.);
#14223=VECTOR('',#18706,1.);
#14224=VECTOR('',#18707,1.);
#14225=VECTOR('',#18708,1.);
#14226=VECTOR('',#18711,1.);
#14227=VECTOR('',#18712,1.);
#14228=VECTOR('',#18713,1.);
#14229=VECTOR('',#18716,1.);
#14230=VECTOR('',#18717,1.);
#14231=VECTOR('',#18718,1.);
#14232=VECTOR('',#18721,1.);
#14233=VECTOR('',#18722,1.);
#14234=VECTOR('',#18723,1.);
#14235=VECTOR('',#18726,1.);
#14236=VECTOR('',#18727,1.);
#14237=VECTOR('',#18732,1.);
#14238=VECTOR('',#18737,1.);
#14239=VECTOR('',#18740,1.);
#14240=AXIS2_PLACEMENT_3D('',#18745,#15125,#15126);
#14241=AXIS2_PLACEMENT_3D('',#18764,#15136,#15137);
#14242=AXIS2_PLACEMENT_3D('',#18782,#15146,#15147);
#14243=AXIS2_PLACEMENT_3D('',#18787,#15150,#15151);
#14244=AXIS2_PLACEMENT_3D('',#18814,#15165,#15166);
#14245=AXIS2_PLACEMENT_3D('',#18821,#15171,#15172);
#14246=AXIS2_PLACEMENT_3D('',#18837,#15181,#15182);
#14247=AXIS2_PLACEMENT_3D('',#18849,#15189,#15190);
#14248=AXIS2_PLACEMENT_3D('',#18860,#15197,#15198);
#14249=AXIS2_PLACEMENT_3D('',#18877,#15207,#15208);
#14250=AXIS2_PLACEMENT_3D('',#18904,#15222,#15223);
#14251=AXIS2_PLACEMENT_3D('',#18916,#15229,#15230);
#14252=AXIS2_PLACEMENT_3D('',#18927,#15236,#15237);
#14253=AXIS2_PLACEMENT_3D('',#18946,#15247,#15248);
#14254=AXIS2_PLACEMENT_3D('',#18953,#15253,#15254);
#14255=AXIS2_PLACEMENT_3D('',#18969,#15263,#15264);
#14256=AXIS2_PLACEMENT_3D('',#18981,#15271,#15272);
#14257=AXIS2_PLACEMENT_3D('',#18992,#15279,#15280);
#14258=AXIS2_PLACEMENT_3D('',#19009,#15289,#15290);
#14259=AXIS2_PLACEMENT_3D('',#19018,#15295,#15296);
#14260=AXIS2_PLACEMENT_3D('',#19034,#15305,#15306);
#14261=AXIS2_PLACEMENT_3D('',#19050,#15315,#15316);
#14262=AXIS2_PLACEMENT_3D('',#19052,#15318,#15319);
#14263=AXIS2_PLACEMENT_3D('',#19054,#15321,#15322);
#14264=AXIS2_PLACEMENT_3D('',#19063,#15327,#15328);
#14265=AXIS2_PLACEMENT_3D('',#19072,#15333,#15334);
#14266=AXIS2_PLACEMENT_3D('',#19081,#15339,#15340);
#14267=AXIS2_PLACEMENT_3D('',#19090,#15345,#15346);
#14268=AXIS2_PLACEMENT_3D('',#19099,#15351,#15352);
#14269=AXIS2_PLACEMENT_3D('',#19108,#15357,#15358);
#14270=AXIS2_PLACEMENT_3D('',#19117,#15363,#15364);
#14271=AXIS2_PLACEMENT_3D('',#19126,#15369,#15370);
#14272=AXIS2_PLACEMENT_3D('',#19135,#15375,#15376);
#14273=AXIS2_PLACEMENT_3D('',#19144,#15381,#15382);
#14274=AXIS2_PLACEMENT_3D('',#19153,#15387,#15388);
#14275=AXIS2_PLACEMENT_3D('',#19162,#15393,#15394);
#14276=AXIS2_PLACEMENT_3D('',#19171,#15399,#15400);
#14277=AXIS2_PLACEMENT_3D('',#19180,#15405,#15406);
#14278=AXIS2_PLACEMENT_3D('',#19189,#15411,#15412);
#14279=AXIS2_PLACEMENT_3D('',#19198,#15417,#15418);
#14280=AXIS2_PLACEMENT_3D('',#19207,#15423,#15424);
#14281=AXIS2_PLACEMENT_3D('',#19216,#15429,#15430);
#14282=AXIS2_PLACEMENT_3D('',#19225,#15435,#15436);
#14283=AXIS2_PLACEMENT_3D('',#19234,#15441,#15442);
#14284=AXIS2_PLACEMENT_3D('',#19243,#15447,#15448);
#14285=AXIS2_PLACEMENT_3D('',#19252,#15453,#15454);
#14286=AXIS2_PLACEMENT_3D('',#19261,#15459,#15460);
#14287=AXIS2_PLACEMENT_3D('',#19270,#15465,#15466);
#14288=AXIS2_PLACEMENT_3D('',#19279,#15471,#15472);
#14289=AXIS2_PLACEMENT_3D('',#19288,#15477,#15478);
#14290=AXIS2_PLACEMENT_3D('',#19313,#15491,#15492);
#14291=AXIS2_PLACEMENT_3D('',#19324,#15499,#15500);
#14292=AXIS2_PLACEMENT_3D('',#19328,#15503,#15504);
#14293=AXIS2_PLACEMENT_3D('',#19332,#15507,#15508);
#14294=AXIS2_PLACEMENT_3D('',#19338,#15512,#15513);
#14295=AXIS2_PLACEMENT_3D('',#19344,#15517,#15518);
#14296=AXIS2_PLACEMENT_3D('',#19575,#15637,#15638);
#14297=AXIS2_PLACEMENT_3D('',#19723,#15728,#15729);
#14298=AXIS2_PLACEMENT_3D('',#19724,#15730,#15731);
#14299=AXIS2_PLACEMENT_3D('',#19725,#15732,#15733);
#14300=AXIS2_PLACEMENT_3D('',#19726,#15734,#15735);
#14301=AXIS2_PLACEMENT_3D('',#19732,#15739,#15740);
#14302=AXIS2_PLACEMENT_3D('',#19736,#15743,#15744);
#14303=AXIS2_PLACEMENT_3D('',#19740,#15747,#15748);
#14304=AXIS2_PLACEMENT_3D('',#19751,#15755,#15756);
#14305=AXIS2_PLACEMENT_3D('',#19762,#15763,#15764);
#14306=AXIS2_PLACEMENT_3D('',#19770,#15769,#15770);
#14307=AXIS2_PLACEMENT_3D('',#19771,#15771,#15772);
#14308=AXIS2_PLACEMENT_3D('',#19772,#15773,#15774);
#14309=AXIS2_PLACEMENT_3D('',#19780,#15778,#15779);
#14310=AXIS2_PLACEMENT_3D('',#19788,#15783,#15784);
#14311=AXIS2_PLACEMENT_3D('',#19804,#15793,#15794);
#14312=AXIS2_PLACEMENT_3D('',#19810,#15798,#15799);
#14313=AXIS2_PLACEMENT_3D('',#19816,#15803,#15804);
#14314=AXIS2_PLACEMENT_3D('',#19818,#15806,#15807);
#14315=AXIS2_PLACEMENT_3D('',#19820,#15809,#15810);
#14316=AXIS2_PLACEMENT_3D('',#20038,#15920,#15921);
#14317=AXIS2_PLACEMENT_3D('',#20039,#15922,#15923);
#14318=AXIS2_PLACEMENT_3D('',#20056,#15933,#15934);
#14319=AXIS2_PLACEMENT_3D('',#20064,#15938,#15939);
#14320=AXIS2_PLACEMENT_3D('',#20199,#16021,#16022);
#14321=AXIS2_PLACEMENT_3D('',#20202,#16025,#16026);
#14322=AXIS2_PLACEMENT_3D('',#20205,#16029,#16030);
#14323=AXIS2_PLACEMENT_3D('',#20206,#16031,#16032);
#14324=AXIS2_PLACEMENT_3D('',#20209,#16035,#16036);
#14325=AXIS2_PLACEMENT_3D('',#20212,#16039,#16040);
#14326=AXIS2_PLACEMENT_3D('',#20213,#16041,#16042);
#14327=AXIS2_PLACEMENT_3D('',#20219,#16046,#16047);
#14328=AXIS2_PLACEMENT_3D('',#20225,#16051,#16052);
#14329=AXIS2_PLACEMENT_3D('',#20227,#16054,#16055);
#14330=AXIS2_PLACEMENT_3D('',#20230,#16058,#16059);
#14331=AXIS2_PLACEMENT_3D('',#20231,#16060,#16061);
#14332=AXIS2_PLACEMENT_3D('',#20234,#16064,#16065);
#14333=AXIS2_PLACEMENT_3D('',#20235,#16066,#16067);
#14334=AXIS2_PLACEMENT_3D('',#20242,#16072,#16073);
#14335=AXIS2_PLACEMENT_3D('',#20246,#16076,#16077);
#14336=AXIS2_PLACEMENT_3D('',#20248,#16079,#16080);
#14337=AXIS2_PLACEMENT_3D('',#20250,#16082,#16083);
#14338=AXIS2_PLACEMENT_3D('',#20252,#16085,#16086);
#14339=AXIS2_PLACEMENT_3D('',#20254,#16088,#16089);
#14340=AXIS2_PLACEMENT_3D('',#20255,#16090,#16091);
#14341=AXIS2_PLACEMENT_3D('',#20257,#16093,#16094);
#14342=AXIS2_PLACEMENT_3D('',#20259,#16096,#16097);
#14343=AXIS2_PLACEMENT_3D('',#20260,#16098,#16099);
#14344=AXIS2_PLACEMENT_3D('',#20263,#16101,#16102);
#14345=AXIS2_PLACEMENT_3D('',#20264,#16103,#16104);
#14346=AXIS2_PLACEMENT_3D('',#20267,#16106,#16107);
#14347=AXIS2_PLACEMENT_3D('',#20268,#16108,#16109);
#14348=AXIS2_PLACEMENT_3D('',#20270,#16111,#16112);
#14349=AXIS2_PLACEMENT_3D('',#20279,#16117,#16118);
#14350=AXIS2_PLACEMENT_3D('',#20280,#16119,#16120);
#14351=AXIS2_PLACEMENT_3D('',#20284,#16122,#16123);
#14352=AXIS2_PLACEMENT_3D('',#20285,#16124,#16125);
#14353=AXIS2_PLACEMENT_3D('',#20291,#16129,#16130);
#14354=AXIS2_PLACEMENT_3D('',#20292,#16131,#16132);
#14355=AXIS2_PLACEMENT_3D('',#20294,#16134,#16135);
#14356=AXIS2_PLACEMENT_3D('',#20295,#16136,#16137);
#14357=AXIS2_PLACEMENT_3D('',#20297,#16139,#16140);
#14358=AXIS2_PLACEMENT_3D('',#20298,#16141,#16142);
#14359=AXIS2_PLACEMENT_3D('',#20299,#16143,#16144);
#14360=AXIS2_PLACEMENT_3D('',#20305,#16148,#16149);
#14361=AXIS2_PLACEMENT_3D('',#20315,#16155,#16156);
#14362=AXIS2_PLACEMENT_3D('',#20325,#16162,#16163);
#14363=AXIS2_PLACEMENT_3D('',#20327,#16165,#16166);
#14364=AXIS2_PLACEMENT_3D('',#20329,#16168,#16169);
#14365=AXIS2_PLACEMENT_3D('',#20331,#16171,#16172);
#14366=AXIS2_PLACEMENT_3D('',#20333,#16174,#16175);
#14367=AXIS2_PLACEMENT_3D('',#20334,#16176,#16177);
#14368=AXIS2_PLACEMENT_3D('',#20337,#16179,#16180);
#14369=AXIS2_PLACEMENT_3D('',#20338,#16181,#16182);
#14370=AXIS2_PLACEMENT_3D('',#20341,#16184,#16185);
#14371=AXIS2_PLACEMENT_3D('',#20342,#16186,#16187);
#14372=AXIS2_PLACEMENT_3D('',#20344,#16189,#16190);
#14373=AXIS2_PLACEMENT_3D('',#20347,#16192,#16193);
#14374=AXIS2_PLACEMENT_3D('',#20348,#16194,#16195);
#14375=AXIS2_PLACEMENT_3D('',#20351,#16197,#16198);
#14376=AXIS2_PLACEMENT_3D('',#20352,#16199,#16200);
#14377=AXIS2_PLACEMENT_3D('',#20354,#16202,#16203);
#14378=AXIS2_PLACEMENT_3D('',#20357,#16205,#16206);
#14379=AXIS2_PLACEMENT_3D('',#20358,#16207,#16208);
#14380=AXIS2_PLACEMENT_3D('',#20361,#16210,#16211);
#14381=AXIS2_PLACEMENT_3D('',#20362,#16212,#16213);
#14382=AXIS2_PLACEMENT_3D('',#20364,#16215,#16216);
#14383=AXIS2_PLACEMENT_3D('',#20367,#16218,#16219);
#14384=AXIS2_PLACEMENT_3D('',#20368,#16220,#16221);
#14385=AXIS2_PLACEMENT_3D('',#20371,#16223,#16224);
#14386=AXIS2_PLACEMENT_3D('',#20372,#16225,#16226);
#14387=AXIS2_PLACEMENT_3D('',#20374,#16228,#16229);
#14388=AXIS2_PLACEMENT_3D('',#20377,#16231,#16232);
#14389=AXIS2_PLACEMENT_3D('',#20378,#16233,#16234);
#14390=AXIS2_PLACEMENT_3D('',#20381,#16236,#16237);
#14391=AXIS2_PLACEMENT_3D('',#20382,#16238,#16239);
#14392=AXIS2_PLACEMENT_3D('',#20384,#16241,#16242);
#14393=AXIS2_PLACEMENT_3D('',#20387,#16244,#16245);
#14394=AXIS2_PLACEMENT_3D('',#20388,#16246,#16247);
#14395=AXIS2_PLACEMENT_3D('',#20391,#16249,#16250);
#14396=AXIS2_PLACEMENT_3D('',#20392,#16251,#16252);
#14397=AXIS2_PLACEMENT_3D('',#20394,#16254,#16255);
#14398=AXIS2_PLACEMENT_3D('',#20397,#16257,#16258);
#14399=AXIS2_PLACEMENT_3D('',#20398,#16259,#16260);
#14400=AXIS2_PLACEMENT_3D('',#20401,#16262,#16263);
#14401=AXIS2_PLACEMENT_3D('',#20402,#16264,#16265);
#14402=AXIS2_PLACEMENT_3D('',#20404,#16267,#16268);
#14403=AXIS2_PLACEMENT_3D('',#20407,#16270,#16271);
#14404=AXIS2_PLACEMENT_3D('',#20408,#16272,#16273);
#14405=AXIS2_PLACEMENT_3D('',#20411,#16275,#16276);
#14406=AXIS2_PLACEMENT_3D('',#20412,#16277,#16278);
#14407=AXIS2_PLACEMENT_3D('',#20414,#16280,#16281);
#14408=AXIS2_PLACEMENT_3D('',#20417,#16283,#16284);
#14409=AXIS2_PLACEMENT_3D('',#20418,#16285,#16286);
#14410=AXIS2_PLACEMENT_3D('',#20421,#16288,#16289);
#14411=AXIS2_PLACEMENT_3D('',#20422,#16290,#16291);
#14412=AXIS2_PLACEMENT_3D('',#20424,#16293,#16294);
#14413=AXIS2_PLACEMENT_3D('',#20427,#16296,#16297);
#14414=AXIS2_PLACEMENT_3D('',#20428,#16298,#16299);
#14415=AXIS2_PLACEMENT_3D('',#20431,#16301,#16302);
#14416=AXIS2_PLACEMENT_3D('',#20432,#16303,#16304);
#14417=AXIS2_PLACEMENT_3D('',#20434,#16306,#16307);
#14418=AXIS2_PLACEMENT_3D('',#20437,#16309,#16310);
#14419=AXIS2_PLACEMENT_3D('',#20438,#16311,#16312);
#14420=AXIS2_PLACEMENT_3D('',#20441,#16314,#16315);
#14421=AXIS2_PLACEMENT_3D('',#20442,#16316,#16317);
#14422=AXIS2_PLACEMENT_3D('',#20444,#16319,#16320);
#14423=AXIS2_PLACEMENT_3D('',#20447,#16322,#16323);
#14424=AXIS2_PLACEMENT_3D('',#20448,#16324,#16325);
#14425=AXIS2_PLACEMENT_3D('',#20451,#16327,#16328);
#14426=AXIS2_PLACEMENT_3D('',#20452,#16329,#16330);
#14427=AXIS2_PLACEMENT_3D('',#20454,#16332,#16333);
#14428=AXIS2_PLACEMENT_3D('',#20457,#16335,#16336);
#14429=AXIS2_PLACEMENT_3D('',#20458,#16337,#16338);
#14430=AXIS2_PLACEMENT_3D('',#20461,#16340,#16341);
#14431=AXIS2_PLACEMENT_3D('',#20462,#16342,#16343);
#14432=AXIS2_PLACEMENT_3D('',#20464,#16345,#16346);
#14433=AXIS2_PLACEMENT_3D('',#20467,#16348,#16349);
#14434=AXIS2_PLACEMENT_3D('',#20468,#16350,#16351);
#14435=AXIS2_PLACEMENT_3D('',#20471,#16353,#16354);
#14436=AXIS2_PLACEMENT_3D('',#20472,#16355,#16356);
#14437=AXIS2_PLACEMENT_3D('',#20474,#16358,#16359);
#14438=AXIS2_PLACEMENT_3D('',#20477,#16361,#16362);
#14439=AXIS2_PLACEMENT_3D('',#20478,#16363,#16364);
#14440=AXIS2_PLACEMENT_3D('',#20481,#16366,#16367);
#14441=AXIS2_PLACEMENT_3D('',#20482,#16368,#16369);
#14442=AXIS2_PLACEMENT_3D('',#20484,#16371,#16372);
#14443=AXIS2_PLACEMENT_3D('',#20487,#16374,#16375);
#14444=AXIS2_PLACEMENT_3D('',#20488,#16376,#16377);
#14445=AXIS2_PLACEMENT_3D('',#20491,#16379,#16380);
#14446=AXIS2_PLACEMENT_3D('',#20492,#16381,#16382);
#14447=AXIS2_PLACEMENT_3D('',#20494,#16384,#16385);
#14448=AXIS2_PLACEMENT_3D('',#20497,#16387,#16388);
#14449=AXIS2_PLACEMENT_3D('',#20498,#16389,#16390);
#14450=AXIS2_PLACEMENT_3D('',#20501,#16392,#16393);
#14451=AXIS2_PLACEMENT_3D('',#20502,#16394,#16395);
#14452=AXIS2_PLACEMENT_3D('',#20504,#16397,#16398);
#14453=AXIS2_PLACEMENT_3D('',#20507,#16400,#16401);
#14454=AXIS2_PLACEMENT_3D('',#20508,#16402,#16403);
#14455=AXIS2_PLACEMENT_3D('',#20511,#16405,#16406);
#14456=AXIS2_PLACEMENT_3D('',#20512,#16407,#16408);
#14457=AXIS2_PLACEMENT_3D('',#20514,#16410,#16411);
#14458=AXIS2_PLACEMENT_3D('',#20517,#16413,#16414);
#14459=AXIS2_PLACEMENT_3D('',#20518,#16415,#16416);
#14460=AXIS2_PLACEMENT_3D('',#20521,#16418,#16419);
#14461=AXIS2_PLACEMENT_3D('',#20522,#16420,#16421);
#14462=AXIS2_PLACEMENT_3D('',#20524,#16423,#16424);
#14463=AXIS2_PLACEMENT_3D('',#20527,#16426,#16427);
#14464=AXIS2_PLACEMENT_3D('',#20528,#16428,#16429);
#14465=AXIS2_PLACEMENT_3D('',#20531,#16431,#16432);
#14466=AXIS2_PLACEMENT_3D('',#20532,#16433,#16434);
#14467=AXIS2_PLACEMENT_3D('',#20534,#16436,#16437);
#14468=AXIS2_PLACEMENT_3D('',#20537,#16439,#16440);
#14469=AXIS2_PLACEMENT_3D('',#20538,#16441,#16442);
#14470=AXIS2_PLACEMENT_3D('',#20541,#16444,#16445);
#14471=AXIS2_PLACEMENT_3D('',#20542,#16446,#16447);
#14472=AXIS2_PLACEMENT_3D('',#20544,#16449,#16450);
#14473=AXIS2_PLACEMENT_3D('',#20547,#16452,#16453);
#14474=AXIS2_PLACEMENT_3D('',#20548,#16454,#16455);
#14475=AXIS2_PLACEMENT_3D('',#20551,#16457,#16458);
#14476=AXIS2_PLACEMENT_3D('',#20552,#16459,#16460);
#14477=AXIS2_PLACEMENT_3D('',#20554,#16462,#16463);
#14478=AXIS2_PLACEMENT_3D('',#20557,#16465,#16466);
#14479=AXIS2_PLACEMENT_3D('',#20558,#16467,#16468);
#14480=AXIS2_PLACEMENT_3D('',#20561,#16470,#16471);
#14481=AXIS2_PLACEMENT_3D('',#20562,#16472,#16473);
#14482=AXIS2_PLACEMENT_3D('',#20564,#16475,#16476);
#14483=AXIS2_PLACEMENT_3D('',#20567,#16478,#16479);
#14484=AXIS2_PLACEMENT_3D('',#20568,#16480,#16481);
#14485=AXIS2_PLACEMENT_3D('',#20571,#16483,#16484);
#14486=AXIS2_PLACEMENT_3D('',#20572,#16485,#16486);
#14487=AXIS2_PLACEMENT_3D('',#20574,#16488,#16489);
#14488=AXIS2_PLACEMENT_3D('',#20577,#16491,#16492);
#14489=AXIS2_PLACEMENT_3D('',#20578,#16493,#16494);
#14490=AXIS2_PLACEMENT_3D('',#20581,#16496,#16497);
#14491=AXIS2_PLACEMENT_3D('',#20582,#16498,#16499);
#14492=AXIS2_PLACEMENT_3D('',#20584,#16501,#16502);
#14493=AXIS2_PLACEMENT_3D('',#20587,#16504,#16505);
#14494=AXIS2_PLACEMENT_3D('',#20588,#16506,#16507);
#14495=AXIS2_PLACEMENT_3D('',#20591,#16509,#16510);
#14496=AXIS2_PLACEMENT_3D('',#20592,#16511,#16512);
#14497=AXIS2_PLACEMENT_3D('',#20594,#16514,#16515);
#14498=AXIS2_PLACEMENT_3D('',#20603,#16520,#16521);
#14499=AXIS2_PLACEMENT_3D('',#20604,#16522,#16523);
#14500=AXIS2_PLACEMENT_3D('',#20608,#16525,#16526);
#14501=AXIS2_PLACEMENT_3D('',#20609,#16527,#16528);
#14502=AXIS2_PLACEMENT_3D('',#20615,#16532,#16533);
#14503=AXIS2_PLACEMENT_3D('',#20616,#16534,#16535);
#14504=AXIS2_PLACEMENT_3D('',#20618,#16537,#16538);
#14505=AXIS2_PLACEMENT_3D('',#20619,#16539,#16540);
#14506=AXIS2_PLACEMENT_3D('',#20621,#16542,#16543);
#14507=AXIS2_PLACEMENT_3D('',#20622,#16544,#16545);
#14508=AXIS2_PLACEMENT_3D('',#20623,#16546,#16547);
#14509=AXIS2_PLACEMENT_3D('',#20632,#16552,#16553);
#14510=AXIS2_PLACEMENT_3D('',#20633,#16554,#16555);
#14511=AXIS2_PLACEMENT_3D('',#20637,#16557,#16558);
#14512=AXIS2_PLACEMENT_3D('',#20638,#16559,#16560);
#14513=AXIS2_PLACEMENT_3D('',#20644,#16564,#16565);
#14514=AXIS2_PLACEMENT_3D('',#20645,#16566,#16567);
#14515=AXIS2_PLACEMENT_3D('',#20647,#16569,#16570);
#14516=AXIS2_PLACEMENT_3D('',#20648,#16571,#16572);
#14517=AXIS2_PLACEMENT_3D('',#20650,#16574,#16575);
#14518=AXIS2_PLACEMENT_3D('',#20651,#16576,#16577);
#14519=AXIS2_PLACEMENT_3D('',#20652,#16578,#16579);
#14520=AXIS2_PLACEMENT_3D('',#20661,#16584,#16585);
#14521=AXIS2_PLACEMENT_3D('',#20662,#16586,#16587);
#14522=AXIS2_PLACEMENT_3D('',#20666,#16589,#16590);
#14523=AXIS2_PLACEMENT_3D('',#20667,#16591,#16592);
#14524=AXIS2_PLACEMENT_3D('',#20673,#16596,#16597);
#14525=AXIS2_PLACEMENT_3D('',#20674,#16598,#16599);
#14526=AXIS2_PLACEMENT_3D('',#20676,#16601,#16602);
#14527=AXIS2_PLACEMENT_3D('',#20677,#16603,#16604);
#14528=AXIS2_PLACEMENT_3D('',#20679,#16606,#16607);
#14529=AXIS2_PLACEMENT_3D('',#20680,#16608,#16609);
#14530=AXIS2_PLACEMENT_3D('',#20681,#16610,#16611);
#14531=AXIS2_PLACEMENT_3D('',#20690,#16616,#16617);
#14532=AXIS2_PLACEMENT_3D('',#20691,#16618,#16619);
#14533=AXIS2_PLACEMENT_3D('',#20695,#16621,#16622);
#14534=AXIS2_PLACEMENT_3D('',#20696,#16623,#16624);
#14535=AXIS2_PLACEMENT_3D('',#20702,#16628,#16629);
#14536=AXIS2_PLACEMENT_3D('',#20703,#16630,#16631);
#14537=AXIS2_PLACEMENT_3D('',#20705,#16633,#16634);
#14538=AXIS2_PLACEMENT_3D('',#20706,#16635,#16636);
#14539=AXIS2_PLACEMENT_3D('',#20708,#16638,#16639);
#14540=AXIS2_PLACEMENT_3D('',#20709,#16640,#16641);
#14541=AXIS2_PLACEMENT_3D('',#20710,#16642,#16643);
#14542=AXIS2_PLACEMENT_3D('',#20719,#16648,#16649);
#14543=AXIS2_PLACEMENT_3D('',#20720,#16650,#16651);
#14544=AXIS2_PLACEMENT_3D('',#20724,#16653,#16654);
#14545=AXIS2_PLACEMENT_3D('',#20725,#16655,#16656);
#14546=AXIS2_PLACEMENT_3D('',#20731,#16660,#16661);
#14547=AXIS2_PLACEMENT_3D('',#20732,#16662,#16663);
#14548=AXIS2_PLACEMENT_3D('',#20734,#16665,#16666);
#14549=AXIS2_PLACEMENT_3D('',#20735,#16667,#16668);
#14550=AXIS2_PLACEMENT_3D('',#20737,#16670,#16671);
#14551=AXIS2_PLACEMENT_3D('',#20738,#16672,#16673);
#14552=AXIS2_PLACEMENT_3D('',#20739,#16674,#16675);
#14553=AXIS2_PLACEMENT_3D('',#20748,#16680,#16681);
#14554=AXIS2_PLACEMENT_3D('',#20749,#16682,#16683);
#14555=AXIS2_PLACEMENT_3D('',#20753,#16685,#16686);
#14556=AXIS2_PLACEMENT_3D('',#20754,#16687,#16688);
#14557=AXIS2_PLACEMENT_3D('',#20760,#16692,#16693);
#14558=AXIS2_PLACEMENT_3D('',#20761,#16694,#16695);
#14559=AXIS2_PLACEMENT_3D('',#20763,#16697,#16698);
#14560=AXIS2_PLACEMENT_3D('',#20764,#16699,#16700);
#14561=AXIS2_PLACEMENT_3D('',#20766,#16702,#16703);
#14562=AXIS2_PLACEMENT_3D('',#20767,#16704,#16705);
#14563=AXIS2_PLACEMENT_3D('',#20768,#16706,#16707);
#14564=AXIS2_PLACEMENT_3D('',#20777,#16712,#16713);
#14565=AXIS2_PLACEMENT_3D('',#20778,#16714,#16715);
#14566=AXIS2_PLACEMENT_3D('',#20782,#16717,#16718);
#14567=AXIS2_PLACEMENT_3D('',#20783,#16719,#16720);
#14568=AXIS2_PLACEMENT_3D('',#20789,#16724,#16725);
#14569=AXIS2_PLACEMENT_3D('',#20790,#16726,#16727);
#14570=AXIS2_PLACEMENT_3D('',#20792,#16729,#16730);
#14571=AXIS2_PLACEMENT_3D('',#20793,#16731,#16732);
#14572=AXIS2_PLACEMENT_3D('',#20795,#16734,#16735);
#14573=AXIS2_PLACEMENT_3D('',#20796,#16736,#16737);
#14574=AXIS2_PLACEMENT_3D('',#20797,#16738,#16739);
#14575=AXIS2_PLACEMENT_3D('',#20806,#16744,#16745);
#14576=AXIS2_PLACEMENT_3D('',#20807,#16746,#16747);
#14577=AXIS2_PLACEMENT_3D('',#20811,#16749,#16750);
#14578=AXIS2_PLACEMENT_3D('',#20812,#16751,#16752);
#14579=AXIS2_PLACEMENT_3D('',#20818,#16756,#16757);
#14580=AXIS2_PLACEMENT_3D('',#20819,#16758,#16759);
#14581=AXIS2_PLACEMENT_3D('',#20821,#16761,#16762);
#14582=AXIS2_PLACEMENT_3D('',#20822,#16763,#16764);
#14583=AXIS2_PLACEMENT_3D('',#20824,#16766,#16767);
#14584=AXIS2_PLACEMENT_3D('',#20825,#16768,#16769);
#14585=AXIS2_PLACEMENT_3D('',#20826,#16770,#16771);
#14586=AXIS2_PLACEMENT_3D('',#20835,#16776,#16777);
#14587=AXIS2_PLACEMENT_3D('',#20836,#16778,#16779);
#14588=AXIS2_PLACEMENT_3D('',#20840,#16781,#16782);
#14589=AXIS2_PLACEMENT_3D('',#20841,#16783,#16784);
#14590=AXIS2_PLACEMENT_3D('',#20847,#16788,#16789);
#14591=AXIS2_PLACEMENT_3D('',#20848,#16790,#16791);
#14592=AXIS2_PLACEMENT_3D('',#20850,#16793,#16794);
#14593=AXIS2_PLACEMENT_3D('',#20851,#16795,#16796);
#14594=AXIS2_PLACEMENT_3D('',#20853,#16798,#16799);
#14595=AXIS2_PLACEMENT_3D('',#20854,#16800,#16801);
#14596=AXIS2_PLACEMENT_3D('',#20855,#16802,#16803);
#14597=AXIS2_PLACEMENT_3D('',#20864,#16808,#16809);
#14598=AXIS2_PLACEMENT_3D('',#20865,#16810,#16811);
#14599=AXIS2_PLACEMENT_3D('',#20869,#16813,#16814);
#14600=AXIS2_PLACEMENT_3D('',#20870,#16815,#16816);
#14601=AXIS2_PLACEMENT_3D('',#20876,#16820,#16821);
#14602=AXIS2_PLACEMENT_3D('',#20877,#16822,#16823);
#14603=AXIS2_PLACEMENT_3D('',#20879,#16825,#16826);
#14604=AXIS2_PLACEMENT_3D('',#20880,#16827,#16828);
#14605=AXIS2_PLACEMENT_3D('',#20882,#16830,#16831);
#14606=AXIS2_PLACEMENT_3D('',#20883,#16832,#16833);
#14607=AXIS2_PLACEMENT_3D('',#20884,#16834,#16835);
#14608=AXIS2_PLACEMENT_3D('',#20893,#16840,#16841);
#14609=AXIS2_PLACEMENT_3D('',#20894,#16842,#16843);
#14610=AXIS2_PLACEMENT_3D('',#20898,#16845,#16846);
#14611=AXIS2_PLACEMENT_3D('',#20899,#16847,#16848);
#14612=AXIS2_PLACEMENT_3D('',#20905,#16852,#16853);
#14613=AXIS2_PLACEMENT_3D('',#20906,#16854,#16855);
#14614=AXIS2_PLACEMENT_3D('',#20908,#16857,#16858);
#14615=AXIS2_PLACEMENT_3D('',#20909,#16859,#16860);
#14616=AXIS2_PLACEMENT_3D('',#20911,#16862,#16863);
#14617=AXIS2_PLACEMENT_3D('',#20912,#16864,#16865);
#14618=AXIS2_PLACEMENT_3D('',#20913,#16866,#16867);
#14619=AXIS2_PLACEMENT_3D('',#20922,#16872,#16873);
#14620=AXIS2_PLACEMENT_3D('',#20923,#16874,#16875);
#14621=AXIS2_PLACEMENT_3D('',#20927,#16877,#16878);
#14622=AXIS2_PLACEMENT_3D('',#20928,#16879,#16880);
#14623=AXIS2_PLACEMENT_3D('',#20934,#16884,#16885);
#14624=AXIS2_PLACEMENT_3D('',#20935,#16886,#16887);
#14625=AXIS2_PLACEMENT_3D('',#20937,#16889,#16890);
#14626=AXIS2_PLACEMENT_3D('',#20938,#16891,#16892);
#14627=AXIS2_PLACEMENT_3D('',#20940,#16894,#16895);
#14628=AXIS2_PLACEMENT_3D('',#20941,#16896,#16897);
#14629=AXIS2_PLACEMENT_3D('',#20942,#16898,#16899);
#14630=AXIS2_PLACEMENT_3D('',#20951,#16904,#16905);
#14631=AXIS2_PLACEMENT_3D('',#20952,#16906,#16907);
#14632=AXIS2_PLACEMENT_3D('',#20956,#16909,#16910);
#14633=AXIS2_PLACEMENT_3D('',#20957,#16911,#16912);
#14634=AXIS2_PLACEMENT_3D('',#20963,#16916,#16917);
#14635=AXIS2_PLACEMENT_3D('',#20964,#16918,#16919);
#14636=AXIS2_PLACEMENT_3D('',#20966,#16921,#16922);
#14637=AXIS2_PLACEMENT_3D('',#20967,#16923,#16924);
#14638=AXIS2_PLACEMENT_3D('',#20969,#16926,#16927);
#14639=AXIS2_PLACEMENT_3D('',#20970,#16928,#16929);
#14640=AXIS2_PLACEMENT_3D('',#20971,#16930,#16931);
#14641=AXIS2_PLACEMENT_3D('',#20980,#16936,#16937);
#14642=AXIS2_PLACEMENT_3D('',#20981,#16938,#16939);
#14643=AXIS2_PLACEMENT_3D('',#20985,#16941,#16942);
#14644=AXIS2_PLACEMENT_3D('',#20986,#16943,#16944);
#14645=AXIS2_PLACEMENT_3D('',#20992,#16948,#16949);
#14646=AXIS2_PLACEMENT_3D('',#20993,#16950,#16951);
#14647=AXIS2_PLACEMENT_3D('',#20995,#16953,#16954);
#14648=AXIS2_PLACEMENT_3D('',#20996,#16955,#16956);
#14649=AXIS2_PLACEMENT_3D('',#20998,#16958,#16959);
#14650=AXIS2_PLACEMENT_3D('',#20999,#16960,#16961);
#14651=AXIS2_PLACEMENT_3D('',#21000,#16962,#16963);
#14652=AXIS2_PLACEMENT_3D('',#21009,#16968,#16969);
#14653=AXIS2_PLACEMENT_3D('',#21010,#16970,#16971);
#14654=AXIS2_PLACEMENT_3D('',#21014,#16973,#16974);
#14655=AXIS2_PLACEMENT_3D('',#21015,#16975,#16976);
#14656=AXIS2_PLACEMENT_3D('',#21021,#16980,#16981);
#14657=AXIS2_PLACEMENT_3D('',#21022,#16982,#16983);
#14658=AXIS2_PLACEMENT_3D('',#21024,#16985,#16986);
#14659=AXIS2_PLACEMENT_3D('',#21025,#16987,#16988);
#14660=AXIS2_PLACEMENT_3D('',#21027,#16990,#16991);
#14661=AXIS2_PLACEMENT_3D('',#21028,#16992,#16993);
#14662=AXIS2_PLACEMENT_3D('',#21029,#16994,#16995);
#14663=AXIS2_PLACEMENT_3D('',#21038,#17000,#17001);
#14664=AXIS2_PLACEMENT_3D('',#21039,#17002,#17003);
#14665=AXIS2_PLACEMENT_3D('',#21043,#17005,#17006);
#14666=AXIS2_PLACEMENT_3D('',#21044,#17007,#17008);
#14667=AXIS2_PLACEMENT_3D('',#21050,#17012,#17013);
#14668=AXIS2_PLACEMENT_3D('',#21051,#17014,#17015);
#14669=AXIS2_PLACEMENT_3D('',#21053,#17017,#17018);
#14670=AXIS2_PLACEMENT_3D('',#21054,#17019,#17020);
#14671=AXIS2_PLACEMENT_3D('',#21056,#17022,#17023);
#14672=AXIS2_PLACEMENT_3D('',#21057,#17024,#17025);
#14673=AXIS2_PLACEMENT_3D('',#21058,#17026,#17027);
#14674=AXIS2_PLACEMENT_3D('',#21067,#17032,#17033);
#14675=AXIS2_PLACEMENT_3D('',#21068,#17034,#17035);
#14676=AXIS2_PLACEMENT_3D('',#21072,#17037,#17038);
#14677=AXIS2_PLACEMENT_3D('',#21073,#17039,#17040);
#14678=AXIS2_PLACEMENT_3D('',#21079,#17044,#17045);
#14679=AXIS2_PLACEMENT_3D('',#21080,#17046,#17047);
#14680=AXIS2_PLACEMENT_3D('',#21082,#17049,#17050);
#14681=AXIS2_PLACEMENT_3D('',#21083,#17051,#17052);
#14682=AXIS2_PLACEMENT_3D('',#21085,#17054,#17055);
#14683=AXIS2_PLACEMENT_3D('',#21086,#17056,#17057);
#14684=AXIS2_PLACEMENT_3D('',#21087,#17058,#17059);
#14685=AXIS2_PLACEMENT_3D('',#21096,#17064,#17065);
#14686=AXIS2_PLACEMENT_3D('',#21097,#17066,#17067);
#14687=AXIS2_PLACEMENT_3D('',#21101,#17069,#17070);
#14688=AXIS2_PLACEMENT_3D('',#21102,#17071,#17072);
#14689=AXIS2_PLACEMENT_3D('',#21108,#17076,#17077);
#14690=AXIS2_PLACEMENT_3D('',#21109,#17078,#17079);
#14691=AXIS2_PLACEMENT_3D('',#21111,#17081,#17082);
#14692=AXIS2_PLACEMENT_3D('',#21112,#17083,#17084);
#14693=AXIS2_PLACEMENT_3D('',#21114,#17086,#17087);
#14694=AXIS2_PLACEMENT_3D('',#21115,#17088,#17089);
#14695=AXIS2_PLACEMENT_3D('',#21116,#17090,#17091);
#14696=AXIS2_PLACEMENT_3D('',#21125,#17096,#17097);
#14697=AXIS2_PLACEMENT_3D('',#21126,#17098,#17099);
#14698=AXIS2_PLACEMENT_3D('',#21130,#17101,#17102);
#14699=AXIS2_PLACEMENT_3D('',#21131,#17103,#17104);
#14700=AXIS2_PLACEMENT_3D('',#21137,#17108,#17109);
#14701=AXIS2_PLACEMENT_3D('',#21138,#17110,#17111);
#14702=AXIS2_PLACEMENT_3D('',#21140,#17113,#17114);
#14703=AXIS2_PLACEMENT_3D('',#21141,#17115,#17116);
#14704=AXIS2_PLACEMENT_3D('',#21143,#17118,#17119);
#14705=AXIS2_PLACEMENT_3D('',#21144,#17120,#17121);
#14706=AXIS2_PLACEMENT_3D('',#21145,#17122,#17123);
#14707=AXIS2_PLACEMENT_3D('',#21154,#17128,#17129);
#14708=AXIS2_PLACEMENT_3D('',#21155,#17130,#17131);
#14709=AXIS2_PLACEMENT_3D('',#21159,#17133,#17134);
#14710=AXIS2_PLACEMENT_3D('',#21160,#17135,#17136);
#14711=AXIS2_PLACEMENT_3D('',#21166,#17140,#17141);
#14712=AXIS2_PLACEMENT_3D('',#21167,#17142,#17143);
#14713=AXIS2_PLACEMENT_3D('',#21169,#17145,#17146);
#14714=AXIS2_PLACEMENT_3D('',#21170,#17147,#17148);
#14715=AXIS2_PLACEMENT_3D('',#21172,#17150,#17151);
#14716=AXIS2_PLACEMENT_3D('',#21173,#17152,#17153);
#14717=AXIS2_PLACEMENT_3D('',#21174,#17154,#17155);
#14718=AXIS2_PLACEMENT_3D('',#21183,#17160,#17161);
#14719=AXIS2_PLACEMENT_3D('',#21184,#17162,#17163);
#14720=AXIS2_PLACEMENT_3D('',#21188,#17165,#17166);
#14721=AXIS2_PLACEMENT_3D('',#21189,#17167,#17168);
#14722=AXIS2_PLACEMENT_3D('',#21195,#17172,#17173);
#14723=AXIS2_PLACEMENT_3D('',#21196,#17174,#17175);
#14724=AXIS2_PLACEMENT_3D('',#21198,#17177,#17178);
#14725=AXIS2_PLACEMENT_3D('',#21199,#17179,#17180);
#14726=AXIS2_PLACEMENT_3D('',#21201,#17182,#17183);
#14727=AXIS2_PLACEMENT_3D('',#21202,#17184,#17185);
#14728=AXIS2_PLACEMENT_3D('',#21203,#17186,#17187);
#14729=AXIS2_PLACEMENT_3D('',#21212,#17192,#17193);
#14730=AXIS2_PLACEMENT_3D('',#21213,#17194,#17195);
#14731=AXIS2_PLACEMENT_3D('',#21217,#17197,#17198);
#14732=AXIS2_PLACEMENT_3D('',#21218,#17199,#17200);
#14733=AXIS2_PLACEMENT_3D('',#21224,#17204,#17205);
#14734=AXIS2_PLACEMENT_3D('',#21225,#17206,#17207);
#14735=AXIS2_PLACEMENT_3D('',#21227,#17209,#17210);
#14736=AXIS2_PLACEMENT_3D('',#21228,#17211,#17212);
#14737=AXIS2_PLACEMENT_3D('',#21230,#17214,#17215);
#14738=AXIS2_PLACEMENT_3D('',#21231,#17216,#17217);
#14739=AXIS2_PLACEMENT_3D('',#21232,#17218,#17219);
#14740=AXIS2_PLACEMENT_3D('',#21241,#17224,#17225);
#14741=AXIS2_PLACEMENT_3D('',#21242,#17226,#17227);
#14742=AXIS2_PLACEMENT_3D('',#21246,#17229,#17230);
#14743=AXIS2_PLACEMENT_3D('',#21247,#17231,#17232);
#14744=AXIS2_PLACEMENT_3D('',#21253,#17236,#17237);
#14745=AXIS2_PLACEMENT_3D('',#21254,#17238,#17239);
#14746=AXIS2_PLACEMENT_3D('',#21256,#17241,#17242);
#14747=AXIS2_PLACEMENT_3D('',#21257,#17243,#17244);
#14748=AXIS2_PLACEMENT_3D('',#21259,#17246,#17247);
#14749=AXIS2_PLACEMENT_3D('',#21260,#17248,#17249);
#14750=AXIS2_PLACEMENT_3D('',#21261,#17250,#17251);
#14751=AXIS2_PLACEMENT_3D('',#21270,#17256,#17257);
#14752=AXIS2_PLACEMENT_3D('',#21271,#17258,#17259);
#14753=AXIS2_PLACEMENT_3D('',#21275,#17261,#17262);
#14754=AXIS2_PLACEMENT_3D('',#21276,#17263,#17264);
#14755=AXIS2_PLACEMENT_3D('',#21282,#17268,#17269);
#14756=AXIS2_PLACEMENT_3D('',#21283,#17270,#17271);
#14757=AXIS2_PLACEMENT_3D('',#21285,#17273,#17274);
#14758=AXIS2_PLACEMENT_3D('',#21286,#17275,#17276);
#14759=AXIS2_PLACEMENT_3D('',#21288,#17278,#17279);
#14760=AXIS2_PLACEMENT_3D('',#21289,#17280,#17281);
#14761=AXIS2_PLACEMENT_3D('',#21290,#17282,#17283);
#14762=AXIS2_PLACEMENT_3D('',#21299,#17288,#17289);
#14763=AXIS2_PLACEMENT_3D('',#21300,#17290,#17291);
#14764=AXIS2_PLACEMENT_3D('',#21304,#17293,#17294);
#14765=AXIS2_PLACEMENT_3D('',#21305,#17295,#17296);
#14766=AXIS2_PLACEMENT_3D('',#21311,#17300,#17301);
#14767=AXIS2_PLACEMENT_3D('',#21312,#17302,#17303);
#14768=AXIS2_PLACEMENT_3D('',#21314,#17305,#17306);
#14769=AXIS2_PLACEMENT_3D('',#21315,#17307,#17308);
#14770=AXIS2_PLACEMENT_3D('',#21317,#17310,#17311);
#14771=AXIS2_PLACEMENT_3D('',#21318,#17312,#17313);
#14772=AXIS2_PLACEMENT_3D('',#21319,#17314,#17315);
#14773=AXIS2_PLACEMENT_3D('',#21328,#17320,#17321);
#14774=AXIS2_PLACEMENT_3D('',#21329,#17322,#17323);
#14775=AXIS2_PLACEMENT_3D('',#21333,#17325,#17326);
#14776=AXIS2_PLACEMENT_3D('',#21334,#17327,#17328);
#14777=AXIS2_PLACEMENT_3D('',#21340,#17332,#17333);
#14778=AXIS2_PLACEMENT_3D('',#21341,#17334,#17335);
#14779=AXIS2_PLACEMENT_3D('',#21343,#17337,#17338);
#14780=AXIS2_PLACEMENT_3D('',#21344,#17339,#17340);
#14781=AXIS2_PLACEMENT_3D('',#21346,#17342,#17343);
#14782=AXIS2_PLACEMENT_3D('',#21347,#17344,#17345);
#14783=AXIS2_PLACEMENT_3D('',#21348,#17346,#17347);
#14784=AXIS2_PLACEMENT_3D('',#21354,#17351,#17352);
#14785=AXIS2_PLACEMENT_3D('',#21364,#17358,#17359);
#14786=AXIS2_PLACEMENT_3D('',#21374,#17365,#17366);
#14787=AXIS2_PLACEMENT_3D('',#21376,#17368,#17369);
#14788=AXIS2_PLACEMENT_3D('',#21378,#17371,#17372);
#14789=AXIS2_PLACEMENT_3D('',#21380,#17374,#17375);
#14790=AXIS2_PLACEMENT_3D('',#21382,#17377,#17378);
#14791=AXIS2_PLACEMENT_3D('',#21383,#17379,#17380);
#14792=AXIS2_PLACEMENT_3D('',#21389,#17384,#17385);
#14793=AXIS2_PLACEMENT_3D('',#21399,#17391,#17392);
#14794=AXIS2_PLACEMENT_3D('',#21409,#17398,#17399);
#14795=AXIS2_PLACEMENT_3D('',#21411,#17401,#17402);
#14796=AXIS2_PLACEMENT_3D('',#21413,#17404,#17405);
#14797=AXIS2_PLACEMENT_3D('',#21415,#17407,#17408);
#14798=AXIS2_PLACEMENT_3D('',#21417,#17410,#17411);
#14799=AXIS2_PLACEMENT_3D('',#21418,#17412,#17413);
#14800=AXIS2_PLACEMENT_3D('',#21424,#17417,#17418);
#14801=AXIS2_PLACEMENT_3D('',#21434,#17424,#17425);
#14802=AXIS2_PLACEMENT_3D('',#21444,#17431,#17432);
#14803=AXIS2_PLACEMENT_3D('',#21446,#17434,#17435);
#14804=AXIS2_PLACEMENT_3D('',#21448,#17437,#17438);
#14805=AXIS2_PLACEMENT_3D('',#21450,#17440,#17441);
#14806=AXIS2_PLACEMENT_3D('',#21452,#17443,#17444);
#14807=AXIS2_PLACEMENT_3D('',#21453,#17445,#17446);
#14808=AXIS2_PLACEMENT_3D('',#21459,#17450,#17451);
#14809=AXIS2_PLACEMENT_3D('',#21469,#17457,#17458);
#14810=AXIS2_PLACEMENT_3D('',#21479,#17464,#17465);
#14811=AXIS2_PLACEMENT_3D('',#21481,#17467,#17468);
#14812=AXIS2_PLACEMENT_3D('',#21483,#17470,#17471);
#14813=AXIS2_PLACEMENT_3D('',#21485,#17473,#17474);
#14814=AXIS2_PLACEMENT_3D('',#21487,#17476,#17477);
#14815=AXIS2_PLACEMENT_3D('',#21488,#17478,#17479);
#14816=AXIS2_PLACEMENT_3D('',#21494,#17483,#17484);
#14817=AXIS2_PLACEMENT_3D('',#21504,#17490,#17491);
#14818=AXIS2_PLACEMENT_3D('',#21514,#17497,#17498);
#14819=AXIS2_PLACEMENT_3D('',#21516,#17500,#17501);
#14820=AXIS2_PLACEMENT_3D('',#21518,#17503,#17504);
#14821=AXIS2_PLACEMENT_3D('',#21520,#17506,#17507);
#14822=AXIS2_PLACEMENT_3D('',#21522,#17509,#17510);
#14823=AXIS2_PLACEMENT_3D('',#21523,#17511,#17512);
#14824=AXIS2_PLACEMENT_3D('',#21529,#17516,#17517);
#14825=AXIS2_PLACEMENT_3D('',#21539,#17523,#17524);
#14826=AXIS2_PLACEMENT_3D('',#21549,#17530,#17531);
#14827=AXIS2_PLACEMENT_3D('',#21551,#17533,#17534);
#14828=AXIS2_PLACEMENT_3D('',#21553,#17536,#17537);
#14829=AXIS2_PLACEMENT_3D('',#21555,#17539,#17540);
#14830=AXIS2_PLACEMENT_3D('',#21557,#17542,#17543);
#14831=AXIS2_PLACEMENT_3D('',#21558,#17544,#17545);
#14832=AXIS2_PLACEMENT_3D('',#21564,#17549,#17550);
#14833=AXIS2_PLACEMENT_3D('',#21574,#17556,#17557);
#14834=AXIS2_PLACEMENT_3D('',#21584,#17563,#17564);
#14835=AXIS2_PLACEMENT_3D('',#21586,#17566,#17567);
#14836=AXIS2_PLACEMENT_3D('',#21588,#17569,#17570);
#14837=AXIS2_PLACEMENT_3D('',#21590,#17572,#17573);
#14838=AXIS2_PLACEMENT_3D('',#21592,#17575,#17576);
#14839=AXIS2_PLACEMENT_3D('',#21593,#17577,#17578);
#14840=AXIS2_PLACEMENT_3D('',#21599,#17582,#17583);
#14841=AXIS2_PLACEMENT_3D('',#21609,#17589,#17590);
#14842=AXIS2_PLACEMENT_3D('',#21619,#17596,#17597);
#14843=AXIS2_PLACEMENT_3D('',#21621,#17599,#17600);
#14844=AXIS2_PLACEMENT_3D('',#21623,#17602,#17603);
#14845=AXIS2_PLACEMENT_3D('',#21625,#17605,#17606);
#14846=AXIS2_PLACEMENT_3D('',#21627,#17608,#17609);
#14847=AXIS2_PLACEMENT_3D('',#21628,#17610,#17611);
#14848=AXIS2_PLACEMENT_3D('',#21634,#17615,#17616);
#14849=AXIS2_PLACEMENT_3D('',#21644,#17622,#17623);
#14850=AXIS2_PLACEMENT_3D('',#21654,#17629,#17630);
#14851=AXIS2_PLACEMENT_3D('',#21656,#17632,#17633);
#14852=AXIS2_PLACEMENT_3D('',#21658,#17635,#17636);
#14853=AXIS2_PLACEMENT_3D('',#21660,#17638,#17639);
#14854=AXIS2_PLACEMENT_3D('',#21662,#17641,#17642);
#14855=AXIS2_PLACEMENT_3D('',#21663,#17643,#17644);
#14856=AXIS2_PLACEMENT_3D('',#21669,#17648,#17649);
#14857=AXIS2_PLACEMENT_3D('',#21679,#17655,#17656);
#14858=AXIS2_PLACEMENT_3D('',#21689,#17662,#17663);
#14859=AXIS2_PLACEMENT_3D('',#21691,#17665,#17666);
#14860=AXIS2_PLACEMENT_3D('',#21693,#17668,#17669);
#14861=AXIS2_PLACEMENT_3D('',#21695,#17671,#17672);
#14862=AXIS2_PLACEMENT_3D('',#21697,#17674,#17675);
#14863=AXIS2_PLACEMENT_3D('',#21698,#17676,#17677);
#14864=AXIS2_PLACEMENT_3D('',#21704,#17681,#17682);
#14865=AXIS2_PLACEMENT_3D('',#21714,#17688,#17689);
#14866=AXIS2_PLACEMENT_3D('',#21724,#17695,#17696);
#14867=AXIS2_PLACEMENT_3D('',#21726,#17698,#17699);
#14868=AXIS2_PLACEMENT_3D('',#21728,#17701,#17702);
#14869=AXIS2_PLACEMENT_3D('',#21730,#17704,#17705);
#14870=AXIS2_PLACEMENT_3D('',#21732,#17707,#17708);
#14871=AXIS2_PLACEMENT_3D('',#21733,#17709,#17710);
#14872=AXIS2_PLACEMENT_3D('',#21739,#17714,#17715);
#14873=AXIS2_PLACEMENT_3D('',#21749,#17721,#17722);
#14874=AXIS2_PLACEMENT_3D('',#21759,#17728,#17729);
#14875=AXIS2_PLACEMENT_3D('',#21761,#17731,#17732);
#14876=AXIS2_PLACEMENT_3D('',#21763,#17734,#17735);
#14877=AXIS2_PLACEMENT_3D('',#21765,#17737,#17738);
#14878=AXIS2_PLACEMENT_3D('',#21767,#17740,#17741);
#14879=AXIS2_PLACEMENT_3D('',#21768,#17742,#17743);
#14880=AXIS2_PLACEMENT_3D('',#21774,#17747,#17748);
#14881=AXIS2_PLACEMENT_3D('',#21784,#17754,#17755);
#14882=AXIS2_PLACEMENT_3D('',#21794,#17761,#17762);
#14883=AXIS2_PLACEMENT_3D('',#21796,#17764,#17765);
#14884=AXIS2_PLACEMENT_3D('',#21798,#17767,#17768);
#14885=AXIS2_PLACEMENT_3D('',#21800,#17770,#17771);
#14886=AXIS2_PLACEMENT_3D('',#21802,#17773,#17774);
#14887=AXIS2_PLACEMENT_3D('',#21803,#17775,#17776);
#14888=AXIS2_PLACEMENT_3D('',#21809,#17780,#17781);
#14889=AXIS2_PLACEMENT_3D('',#21819,#17787,#17788);
#14890=AXIS2_PLACEMENT_3D('',#21829,#17794,#17795);
#14891=AXIS2_PLACEMENT_3D('',#21831,#17797,#17798);
#14892=AXIS2_PLACEMENT_3D('',#21833,#17800,#17801);
#14893=AXIS2_PLACEMENT_3D('',#21835,#17803,#17804);
#14894=AXIS2_PLACEMENT_3D('',#21837,#17806,#17807);
#14895=AXIS2_PLACEMENT_3D('',#21838,#17808,#17809);
#14896=AXIS2_PLACEMENT_3D('',#21844,#17813,#17814);
#14897=AXIS2_PLACEMENT_3D('',#21854,#17820,#17821);
#14898=AXIS2_PLACEMENT_3D('',#21864,#17827,#17828);
#14899=AXIS2_PLACEMENT_3D('',#21866,#17830,#17831);
#14900=AXIS2_PLACEMENT_3D('',#21868,#17833,#17834);
#14901=AXIS2_PLACEMENT_3D('',#21870,#17836,#17837);
#14902=AXIS2_PLACEMENT_3D('',#21872,#17839,#17840);
#14903=AXIS2_PLACEMENT_3D('',#21873,#17841,#17842);
#14904=AXIS2_PLACEMENT_3D('',#21879,#17846,#17847);
#14905=AXIS2_PLACEMENT_3D('',#21889,#17853,#17854);
#14906=AXIS2_PLACEMENT_3D('',#21899,#17860,#17861);
#14907=AXIS2_PLACEMENT_3D('',#21901,#17863,#17864);
#14908=AXIS2_PLACEMENT_3D('',#21903,#17866,#17867);
#14909=AXIS2_PLACEMENT_3D('',#21905,#17869,#17870);
#14910=AXIS2_PLACEMENT_3D('',#21907,#17872,#17873);
#14911=AXIS2_PLACEMENT_3D('',#21908,#17874,#17875);
#14912=AXIS2_PLACEMENT_3D('',#21914,#17879,#17880);
#14913=AXIS2_PLACEMENT_3D('',#21924,#17886,#17887);
#14914=AXIS2_PLACEMENT_3D('',#21934,#17893,#17894);
#14915=AXIS2_PLACEMENT_3D('',#21936,#17896,#17897);
#14916=AXIS2_PLACEMENT_3D('',#21938,#17899,#17900);
#14917=AXIS2_PLACEMENT_3D('',#21940,#17902,#17903);
#14918=AXIS2_PLACEMENT_3D('',#21942,#17905,#17906);
#14919=AXIS2_PLACEMENT_3D('',#21943,#17907,#17908);
#14920=AXIS2_PLACEMENT_3D('',#21949,#17912,#17913);
#14921=AXIS2_PLACEMENT_3D('',#21959,#17919,#17920);
#14922=AXIS2_PLACEMENT_3D('',#21969,#17926,#17927);
#14923=AXIS2_PLACEMENT_3D('',#21971,#17929,#17930);
#14924=AXIS2_PLACEMENT_3D('',#21973,#17932,#17933);
#14925=AXIS2_PLACEMENT_3D('',#21975,#17935,#17936);
#14926=AXIS2_PLACEMENT_3D('',#21977,#17938,#17939);
#14927=AXIS2_PLACEMENT_3D('',#21978,#17940,#17941);
#14928=AXIS2_PLACEMENT_3D('',#21984,#17945,#17946);
#14929=AXIS2_PLACEMENT_3D('',#21994,#17952,#17953);
#14930=AXIS2_PLACEMENT_3D('',#22004,#17959,#17960);
#14931=AXIS2_PLACEMENT_3D('',#22006,#17962,#17963);
#14932=AXIS2_PLACEMENT_3D('',#22008,#17965,#17966);
#14933=AXIS2_PLACEMENT_3D('',#22010,#17968,#17969);
#14934=AXIS2_PLACEMENT_3D('',#22012,#17971,#17972);
#14935=AXIS2_PLACEMENT_3D('',#22013,#17973,#17974);
#14936=AXIS2_PLACEMENT_3D('',#22019,#17978,#17979);
#14937=AXIS2_PLACEMENT_3D('',#22029,#17985,#17986);
#14938=AXIS2_PLACEMENT_3D('',#22039,#17992,#17993);
#14939=AXIS2_PLACEMENT_3D('',#22041,#17995,#17996);
#14940=AXIS2_PLACEMENT_3D('',#22043,#17998,#17999);
#14941=AXIS2_PLACEMENT_3D('',#22045,#18001,#18002);
#14942=AXIS2_PLACEMENT_3D('',#22047,#18004,#18005);
#14943=AXIS2_PLACEMENT_3D('',#22048,#18006,#18007);
#14944=AXIS2_PLACEMENT_3D('',#22054,#18011,#18012);
#14945=AXIS2_PLACEMENT_3D('',#22064,#18018,#18019);
#14946=AXIS2_PLACEMENT_3D('',#22074,#18025,#18026);
#14947=AXIS2_PLACEMENT_3D('',#22076,#18028,#18029);
#14948=AXIS2_PLACEMENT_3D('',#22078,#18031,#18032);
#14949=AXIS2_PLACEMENT_3D('',#22080,#18034,#18035);
#14950=AXIS2_PLACEMENT_3D('',#22082,#18037,#18038);
#14951=AXIS2_PLACEMENT_3D('',#22083,#18039,#18040);
#14952=AXIS2_PLACEMENT_3D('',#22089,#18044,#18045);
#14953=AXIS2_PLACEMENT_3D('',#22099,#18051,#18052);
#14954=AXIS2_PLACEMENT_3D('',#22109,#18058,#18059);
#14955=AXIS2_PLACEMENT_3D('',#22111,#18061,#18062);
#14956=AXIS2_PLACEMENT_3D('',#22113,#18064,#18065);
#14957=AXIS2_PLACEMENT_3D('',#22115,#18067,#18068);
#14958=AXIS2_PLACEMENT_3D('',#22117,#18070,#18071);
#14959=AXIS2_PLACEMENT_3D('',#22118,#18072,#18073);
#14960=AXIS2_PLACEMENT_3D('',#22124,#18077,#18078);
#14961=AXIS2_PLACEMENT_3D('',#22134,#18084,#18085);
#14962=AXIS2_PLACEMENT_3D('',#22144,#18091,#18092);
#14963=AXIS2_PLACEMENT_3D('',#22146,#18094,#18095);
#14964=AXIS2_PLACEMENT_3D('',#22148,#18097,#18098);
#14965=AXIS2_PLACEMENT_3D('',#22150,#18100,#18101);
#14966=AXIS2_PLACEMENT_3D('',#22152,#18103,#18104);
#14967=AXIS2_PLACEMENT_3D('',#22153,#18105,#18106);
#14968=AXIS2_PLACEMENT_3D('',#22159,#18110,#18111);
#14969=AXIS2_PLACEMENT_3D('',#22169,#18117,#18118);
#14970=AXIS2_PLACEMENT_3D('',#22179,#18124,#18125);
#14971=AXIS2_PLACEMENT_3D('',#22181,#18127,#18128);
#14972=AXIS2_PLACEMENT_3D('',#22183,#18130,#18131);
#14973=AXIS2_PLACEMENT_3D('',#22185,#18133,#18134);
#14974=AXIS2_PLACEMENT_3D('',#22187,#18136,#18137);
#14975=AXIS2_PLACEMENT_3D('',#22188,#18138,#18139);
#14976=AXIS2_PLACEMENT_3D('',#22194,#18143,#18144);
#14977=AXIS2_PLACEMENT_3D('',#22204,#18150,#18151);
#14978=AXIS2_PLACEMENT_3D('',#22214,#18157,#18158);
#14979=AXIS2_PLACEMENT_3D('',#22216,#18160,#18161);
#14980=AXIS2_PLACEMENT_3D('',#22218,#18163,#18164);
#14981=AXIS2_PLACEMENT_3D('',#22220,#18166,#18167);
#14982=AXIS2_PLACEMENT_3D('',#22222,#18169,#18170);
#14983=AXIS2_PLACEMENT_3D('',#22223,#18171,#18172);
#14984=AXIS2_PLACEMENT_3D('',#22229,#18176,#18177);
#14985=AXIS2_PLACEMENT_3D('',#22239,#18183,#18184);
#14986=AXIS2_PLACEMENT_3D('',#22249,#18190,#18191);
#14987=AXIS2_PLACEMENT_3D('',#22251,#18193,#18194);
#14988=AXIS2_PLACEMENT_3D('',#22253,#18196,#18197);
#14989=AXIS2_PLACEMENT_3D('',#22255,#18199,#18200);
#14990=AXIS2_PLACEMENT_3D('',#22257,#18202,#18203);
#14991=AXIS2_PLACEMENT_3D('',#22258,#18204,#18205);
#14992=AXIS2_PLACEMENT_3D('',#22273,#18214,#18215);
#14993=AXIS2_PLACEMENT_3D('',#22277,#18218,#18219);
#14994=AXIS2_PLACEMENT_3D('',#22283,#18223,#18224);
#14995=AXIS2_PLACEMENT_3D('',#22298,#18233,#18234);
#14996=AXIS2_PLACEMENT_3D('',#22302,#18237,#18238);
#14997=AXIS2_PLACEMENT_3D('',#22324,#18250,#18251);
#14998=AXIS2_PLACEMENT_3D('',#22325,#18252,#18253);
#14999=AXIS2_PLACEMENT_3D('',#22330,#18256,#18257);
#15000=AXIS2_PLACEMENT_3D('',#22336,#18260,#18261);
#15001=AXIS2_PLACEMENT_3D('',#22337,#18262,#18263);
#15002=AXIS2_PLACEMENT_3D('',#22349,#18270,#18271);
#15003=AXIS2_PLACEMENT_3D('',#22371,#18283,#18284);
#15004=AXIS2_PLACEMENT_3D('',#22394,#18297,#18298);
#15005=AXIS2_PLACEMENT_3D('',#22396,#18300,#18301);
#15006=AXIS2_PLACEMENT_3D('',#22402,#18305,#18306);
#15007=AXIS2_PLACEMENT_3D('',#22408,#18310,#18311);
#15008=AXIS2_PLACEMENT_3D('',#22415,#18316,#18317);
#15009=AXIS2_PLACEMENT_3D('',#22422,#18322,#18323);
#15010=AXIS2_PLACEMENT_3D('',#22429,#18328,#18329);
#15011=AXIS2_PLACEMENT_3D('',#22433,#18332,#18333);
#15012=AXIS2_PLACEMENT_3D('',#22442,#18338,#18339);
#15013=AXIS2_PLACEMENT_3D('',#22451,#18344,#18345);
#15014=AXIS2_PLACEMENT_3D('',#22458,#18350,#18351);
#15015=AXIS2_PLACEMENT_3D('',#22464,#18355,#18356);
#15016=AXIS2_PLACEMENT_3D('',#22471,#18361,#18362);
#15017=AXIS2_PLACEMENT_3D('',#22478,#18367,#18368);
#15018=AXIS2_PLACEMENT_3D('',#22485,#18373,#18374);
#15019=AXIS2_PLACEMENT_3D('',#22491,#18378,#18379);
#15020=AXIS2_PLACEMENT_3D('',#22502,#18386,#18387);
#15021=AXIS2_PLACEMENT_3D('',#22505,#18390,#18391);
#15022=AXIS2_PLACEMENT_3D('',#22506,#18392,#18393);
#15023=AXIS2_PLACEMENT_3D('',#22507,#18394,#18395);
#15024=AXIS2_PLACEMENT_3D('',#22509,#18397,#18398);
#15025=AXIS2_PLACEMENT_3D('',#22511,#18400,#18401);
#15026=AXIS2_PLACEMENT_3D('',#22513,#18403,#18404);
#15027=AXIS2_PLACEMENT_3D('',#22514,#18405,#18406);
#15028=AXIS2_PLACEMENT_3D('',#22516,#18408,#18409);
#15029=AXIS2_PLACEMENT_3D('',#22517,#18410,#18411);
#15030=AXIS2_PLACEMENT_3D('',#22521,#18414,#18415);
#15031=AXIS2_PLACEMENT_3D('',#22523,#18417,#18418);
#15032=AXIS2_PLACEMENT_3D('',#22529,#18422,#18423);
#15033=AXIS2_PLACEMENT_3D('',#22531,#18425,#18426);
#15034=AXIS2_PLACEMENT_3D('',#22536,#18430,#18431);
#15035=AXIS2_PLACEMENT_3D('',#22541,#18435,#18436);
#15036=AXIS2_PLACEMENT_3D('',#22542,#18437,#18438);
#15037=AXIS2_PLACEMENT_3D('',#22551,#18443,#18444);
#15038=AXIS2_PLACEMENT_3D('',#22554,#18447,#18448);
#15039=AXIS2_PLACEMENT_3D('',#22557,#18451,#18452);
#15040=AXIS2_PLACEMENT_3D('',#22558,#18453,#18454);
#15041=AXIS2_PLACEMENT_3D('',#22559,#18455,#18456);
#15042=AXIS2_PLACEMENT_3D('',#22561,#18458,#18459);
#15043=AXIS2_PLACEMENT_3D('',#22562,#18460,#18461);
#15044=AXIS2_PLACEMENT_3D('',#22563,#18462,#18463);
#15045=AXIS2_PLACEMENT_3D('',#22569,#18467,#18468);
#15046=AXIS2_PLACEMENT_3D('',#22573,#18471,#18472);
#15047=AXIS2_PLACEMENT_3D('',#22575,#18474,#18475);
#15048=AXIS2_PLACEMENT_3D('',#22576,#18476,#18477);
#15049=AXIS2_PLACEMENT_3D('',#22577,#18478,#18479);
#15050=AXIS2_PLACEMENT_3D('',#22578,#18480,#18481);
#15051=AXIS2_PLACEMENT_3D('',#22579,#18482,#18483);
#15052=AXIS2_PLACEMENT_3D('',#22581,#18485,#18486);
#15053=AXIS2_PLACEMENT_3D('',#22585,#18489,#18490);
#15054=AXIS2_PLACEMENT_3D('',#22587,#18492,#18493);
#15055=AXIS2_PLACEMENT_3D('',#22589,#18495,#18496);
#15056=AXIS2_PLACEMENT_3D('',#22590,#18497,#18498);
#15057=AXIS2_PLACEMENT_3D('',#22599,#18503,#18504);
#15058=AXIS2_PLACEMENT_3D('',#22602,#18507,#18508);
#15059=AXIS2_PLACEMENT_3D('',#22605,#18511,#18512);
#15060=AXIS2_PLACEMENT_3D('',#22606,#18513,#18514);
#15061=AXIS2_PLACEMENT_3D('',#22607,#18515,#18516);
#15062=AXIS2_PLACEMENT_3D('',#22609,#18518,#18519);
#15063=AXIS2_PLACEMENT_3D('',#22610,#18520,#18521);
#15064=AXIS2_PLACEMENT_3D('',#22612,#18523,#18524);
#15065=AXIS2_PLACEMENT_3D('',#22613,#18525,#18526);
#15066=AXIS2_PLACEMENT_3D('',#22614,#18527,#18528);
#15067=AXIS2_PLACEMENT_3D('',#22620,#18532,#18533);
#15068=AXIS2_PLACEMENT_3D('',#22624,#18536,#18537);
#15069=AXIS2_PLACEMENT_3D('',#22626,#18539,#18540);
#15070=AXIS2_PLACEMENT_3D('',#22627,#18541,#18542);
#15071=AXIS2_PLACEMENT_3D('',#22633,#18546,#18547);
#15072=AXIS2_PLACEMENT_3D('',#22639,#18551,#18552);
#15073=AXIS2_PLACEMENT_3D('',#22645,#18556,#18557);
#15074=AXIS2_PLACEMENT_3D('',#22649,#18560,#18561);
#15075=AXIS2_PLACEMENT_3D('',#22653,#18564,#18565);
#15076=AXIS2_PLACEMENT_3D('',#22667,#18573,#18574);
#15077=AXIS2_PLACEMENT_3D('',#22673,#18578,#18579);
#15078=AXIS2_PLACEMENT_3D('',#22674,#18580,#18581);
#15079=AXIS2_PLACEMENT_3D('',#22679,#18584,#18585);
#15080=AXIS2_PLACEMENT_3D('',#22682,#18587,#18588);
#15081=AXIS2_PLACEMENT_3D('',#22685,#18590,#18591);
#15082=AXIS2_PLACEMENT_3D('',#22690,#18594,#18595);
#15083=AXIS2_PLACEMENT_3D('',#22691,#18596,#18597);
#15084=AXIS2_PLACEMENT_3D('',#22697,#18601,#18602);
#15085=AXIS2_PLACEMENT_3D('',#22699,#18604,#18605);
#15086=AXIS2_PLACEMENT_3D('',#22702,#18608,#18609);
#15087=AXIS2_PLACEMENT_3D('',#22706,#18612,#18613);
#15088=AXIS2_PLACEMENT_3D('',#22710,#18616,#18617);
#15089=AXIS2_PLACEMENT_3D('',#22714,#18620,#18621);
#15090=AXIS2_PLACEMENT_3D('',#22718,#18624,#18625);
#15091=AXIS2_PLACEMENT_3D('',#22720,#18627,#18628);
#15092=AXIS2_PLACEMENT_3D('',#22721,#18629,#18630);
#15093=AXIS2_PLACEMENT_3D('',#22723,#18632,#18633);
#15094=AXIS2_PLACEMENT_3D('',#22724,#18634,#18635);
#15095=AXIS2_PLACEMENT_3D('',#22726,#18637,#18638);
#15096=AXIS2_PLACEMENT_3D('',#22728,#18640,#18641);
#15097=AXIS2_PLACEMENT_3D('',#22729,#18642,#18643);
#15098=AXIS2_PLACEMENT_3D('',#22735,#18647,#18648);
#15099=AXIS2_PLACEMENT_3D('',#22741,#18652,#18653);
#15100=AXIS2_PLACEMENT_3D('',#22747,#18657,#18658);
#15101=AXIS2_PLACEMENT_3D('',#22749,#18660,#18661);
#15102=AXIS2_PLACEMENT_3D('',#22755,#18665,#18666);
#15103=AXIS2_PLACEMENT_3D('',#22757,#18668,#18669);
#15104=AXIS2_PLACEMENT_3D('',#22763,#18673,#18674);
#15105=AXIS2_PLACEMENT_3D('',#22766,#18676,#18677);
#15106=AXIS2_PLACEMENT_3D('',#22771,#18680,#18681);
#15107=AXIS2_PLACEMENT_3D('',#22772,#18682,#18683);
#15108=AXIS2_PLACEMENT_3D('',#22773,#18684,#18685);
#15109=AXIS2_PLACEMENT_3D('',#22778,#18688,#18689);
#15110=AXIS2_PLACEMENT_3D('',#22781,#18691,#18692);
#15111=AXIS2_PLACEMENT_3D('',#22783,#18694,#18695);
#15112=AXIS2_PLACEMENT_3D('',#22789,#18699,#18700);
#15113=AXIS2_PLACEMENT_3D('',#22795,#18704,#18705);
#15114=AXIS2_PLACEMENT_3D('',#22801,#18709,#18710);
#15115=AXIS2_PLACEMENT_3D('',#22807,#18714,#18715);
#15116=AXIS2_PLACEMENT_3D('',#22813,#18719,#18720);
#15117=AXIS2_PLACEMENT_3D('',#22819,#18724,#18725);
#15118=AXIS2_PLACEMENT_3D('',#22822,#18728,#18729);
#15119=AXIS2_PLACEMENT_3D('',#22823,#18730,#18731);
#15120=AXIS2_PLACEMENT_3D('',#22825,#18733,#18734);
#15121=AXIS2_PLACEMENT_3D('',#22826,#18735,#18736);
#15122=AXIS2_PLACEMENT_3D('',#22828,#18738,#18739);
#15123=AXIS2_PLACEMENT_3D('',#22830,#18741,#18742);
#15124=AXIS2_PLACEMENT_3D('',#22831,#18743,#18744);
#15125=DIRECTION('',(0.,0.,1.));
#15126=DIRECTION('',(1.,0.,0.));
#15127=DIRECTION('',(0.,-1.,0.));
#15128=DIRECTION('',(0.,0.,1.));
#15129=DIRECTION('',(0.,-1.,0.));
#15130=DIRECTION('',(0.,0.,1.));
#15131=DIRECTION('',(0.,-1.,-1.10257848049373E-16));
#15132=DIRECTION('',(0.,0.,1.));
#15133=DIRECTION('',(0.,1.,0.));
#15134=DIRECTION('',(0.,0.,-1.));
#15135=DIRECTION('',(0.,0.,-1.));
#15136=DIRECTION('',(1.,0.,0.));
#15137=DIRECTION('',(0.,0.,-1.));
#15138=DIRECTION('',(6.36595771000663E-16,1.,0.));
#15139=DIRECTION('',(0.,0.,-1.));
#15140=DIRECTION('',(6.36595771000663E-16,1.,-1.18590810638145E-30));
#15141=DIRECTION('',(0.,0.,-1.));
#15142=DIRECTION('',(0.,0.,-1.));
#15143=DIRECTION('',(6.36595771000663E-16,1.,1.04922790885694E-16));
#15144=DIRECTION('',(-1.53377448425334E-31,-2.4093381610789E-16,1.));
#15145=DIRECTION('',(-6.36595771000663E-16,-1.,-1.10257848049373E-16));
#15146=DIRECTION('',(1.,-6.36595771000663E-16,0.));
#15147=DIRECTION('',(0.,-1.,0.));
#15148=DIRECTION('',(-6.36595771000663E-16,-1.,-1.10257848049373E-16));
#15149=DIRECTION('',(0.,0.,1.));
#15150=DIRECTION('',(-1.,6.36595771000663E-16,0.));
#15151=DIRECTION('',(-6.36643515683488E-16,-1.,0.));
#15152=DIRECTION('',(0.,-1.,0.));
#15153=DIRECTION('',(0.,0.,1.));
#15154=DIRECTION('',(0.,-1.,0.));
#15155=DIRECTION('',(0.,0.,-1.));
#15156=DIRECTION('',(0.,-1.,0.));
#15157=DIRECTION('',(0.,0.,1.));
#15158=DIRECTION('',(0.,1.,1.10257848049373E-16));
#15159=DIRECTION('',(0.,2.4093381610789E-16,-1.));
#15160=DIRECTION('',(0.,-1.,0.));
#15161=DIRECTION('',(0.,0.,1.));
#15162=DIRECTION('',(0.,-1.,0.));
#15163=DIRECTION('',(0.,0.,1.));
#15164=DIRECTION('',(0.,0.,1.));
#15165=DIRECTION('',(1.,0.,0.));
#15166=DIRECTION('',(0.,0.,-1.));
#15167=DIRECTION('',(-1.,0.,1.86289033073111E-15));
#15168=DIRECTION('',(0.,-1.,0.));
#15169=DIRECTION('',(-1.,4.81867632215778E-16,1.86289033073111E-15));
#15170=DIRECTION('',(-1.,0.,1.86289033073111E-15));
#15171=DIRECTION('',(1.86289033073111E-15,0.,1.));
#15172=DIRECTION('',(1.,0.,-1.86290327781891E-15));
#15173=DIRECTION('',(1.,9.63735264431556E-16,-1.86289033073111E-15));
#15174=DIRECTION('',(0.,-1.,0.));
#15175=DIRECTION('',(1.,0.,-1.86289033073111E-15));
#15176=DIRECTION('',(0.,1.,0.));
#15177=DIRECTION('',(1.,0.,-1.86289033073111E-15));
#15178=DIRECTION('',(0.,1.,0.));
#15179=DIRECTION('',(0.,1.,0.));
#15180=DIRECTION('',(1.,0.,-1.86289033073111E-15));
#15181=DIRECTION('',(1.86289033073111E-15,0.,1.));
#15182=DIRECTION('',(1.,0.,-1.86290327781891E-15));
#15183=DIRECTION('',(-1.,0.,1.86289033073111E-15));
#15184=DIRECTION('',(-1.,0.,1.86289033073111E-15));
#15185=DIRECTION('',(0.,1.,0.));
#15186=DIRECTION('',(0.,1.,0.));
#15187=DIRECTION('',(1.,0.,-1.86289033073111E-15));
#15188=DIRECTION('',(0.,1.,0.));
#15189=DIRECTION('',(1.86289033073111E-15,0.,1.));
#15190=DIRECTION('',(1.,0.,-1.86290327781891E-15));
#15191=DIRECTION('',(0.,0.,-1.));
#15192=DIRECTION('',(0.,-1.,0.));
#15193=DIRECTION('',(0.,0.,-1.));
#15194=DIRECTION('',(0.,0.,-1.));
#15195=DIRECTION('',(0.,-1.,0.));
#15196=DIRECTION('',(0.,0.,-1.));
#15197=DIRECTION('',(1.,0.,0.));
#15198=DIRECTION('',(0.,0.,-1.));
#15199=DIRECTION('',(0.,-1.,0.));
#15200=DIRECTION('',(0.,0.,-1.));
#15201=DIRECTION('',(0.,1.,0.));
#15202=DIRECTION('',(0.,0.,-1.));
#15203=DIRECTION('',(-8.94187358750936E-15,0.,1.));
#15204=DIRECTION('',(0.,1.,0.));
#15205=DIRECTION('',(-8.94187358750936E-15,0.,1.));
#15206=DIRECTION('',(0.,1.,0.));
#15207=DIRECTION('',(-1.,0.,0.));
#15208=DIRECTION('',(0.,0.,1.));
#15209=DIRECTION('',(0.,1.,0.));
#15210=DIRECTION('',(0.,0.,-1.));
#15211=DIRECTION('',(0.,-1.,0.));
#15212=DIRECTION('',(0.,0.,-1.));
#15213=DIRECTION('',(0.,0.,-1.));
#15214=DIRECTION('',(0.,-1.,0.));
#15215=DIRECTION('',(0.,0.,-1.));
#15216=DIRECTION('',(0.,-1.,0.));
#15217=DIRECTION('',(0.,2.4093381610789E-16,-1.));
#15218=DIRECTION('',(0.,1.,1.10257848049373E-16));
#15219=DIRECTION('',(0.,0.,-1.));
#15220=DIRECTION('',(0.,-1.,0.));
#15221=DIRECTION('',(0.,0.,1.));
#15222=DIRECTION('',(-1.,0.,0.));
#15223=DIRECTION('',(0.,0.,1.));
#15224=DIRECTION('',(6.36595771000663E-16,-1.,1.18590810638145E-30));
#15225=DIRECTION('',(0.,0.,1.));
#15226=DIRECTION('',(6.36595771000663E-16,-1.,0.));
#15227=DIRECTION('',(0.,0.,1.));
#15228=DIRECTION('',(6.36595771000663E-16,-1.,-1.10257848049373E-16));
#15229=DIRECTION('',(1.,6.36595771000663E-16,0.));
#15230=DIRECTION('',(0.,1.,0.));
#15231=DIRECTION('',(6.36595771000663E-16,-1.,-1.10257848049373E-16));
#15232=DIRECTION('',(1.53377448425334E-31,-2.4093381610789E-16,1.));
#15233=DIRECTION('',(-6.36595771000663E-16,1.,1.04922790885694E-16));
#15234=DIRECTION('',(0.,0.,-1.));
#15235=DIRECTION('',(0.,0.,-1.));
#15236=DIRECTION('',(1.,6.36595771000663E-16,0.));
#15237=DIRECTION('',(-6.36643515683488E-16,1.,0.));
#15238=DIRECTION('',(0.,1.,0.));
#15239=DIRECTION('',(0.,0.,-1.));
#15240=DIRECTION('',(0.,1.,0.));
#15241=DIRECTION('',(0.,0.,-1.));
#15242=DIRECTION('',(0.,0.,-1.));
#15243=DIRECTION('',(0.,-1.,0.));
#15244=DIRECTION('',(0.,0.,1.));
#15245=DIRECTION('',(0.,-1.,-1.10257848049373E-16));
#15246=DIRECTION('',(0.,0.,1.));
#15247=DIRECTION('',(-1.,0.,0.));
#15248=DIRECTION('',(0.,0.,1.));
#15249=DIRECTION('',(-1.,-1.92747052886311E-15,-1.86289033073111E-15));
#15250=DIRECTION('',(0.,1.,0.));
#15251=DIRECTION('',(-1.,0.,-1.86289033073111E-15));
#15252=DIRECTION('',(-1.,0.,-1.86289033073111E-15));
#15253=DIRECTION('',(-1.86289033073111E-15,0.,1.));
#15254=DIRECTION('',(1.,0.,1.86290327781891E-15));
#15255=DIRECTION('',(1.,-9.63735264431556E-16,1.86289033073111E-15));
#15256=DIRECTION('',(1.,0.,1.86289033073111E-15));
#15257=DIRECTION('',(0.,1.,0.));
#15258=DIRECTION('',(0.,1.,0.));
#15259=DIRECTION('',(1.,0.,1.86289033073111E-15));
#15260=DIRECTION('',(0.,-1.,0.));
#15261=DIRECTION('',(1.,0.,1.86289033073111E-15));
#15262=DIRECTION('',(0.,1.,0.));
#15263=DIRECTION('',(-1.86289033073111E-15,0.,1.));
#15264=DIRECTION('',(1.,0.,1.86290327781891E-15));
#15265=DIRECTION('',(-1.,0.,-1.86289033073111E-15));
#15266=DIRECTION('',(0.,-1.,0.));
#15267=DIRECTION('',(1.,0.,1.86289033073111E-15));
#15268=DIRECTION('',(0.,1.,0.));
#15269=DIRECTION('',(0.,1.,0.));
#15270=DIRECTION('',(-1.,0.,-1.86289033073111E-15));
#15271=DIRECTION('',(-1.86289033073111E-15,0.,1.));
#15272=DIRECTION('',(1.,0.,1.86290327781891E-15));
#15273=DIRECTION('',(0.,0.,1.));
#15274=DIRECTION('',(0.,0.,1.));
#15275=DIRECTION('',(0.,-1.,0.));
#15276=DIRECTION('',(0.,0.,1.));
#15277=DIRECTION('',(0.,0.,1.));
#15278=DIRECTION('',(0.,1.,0.));
#15279=DIRECTION('',(-1.,0.,0.));
#15280=DIRECTION('',(0.,0.,1.));
#15281=DIRECTION('',(0.,-1.,0.));
#15282=DIRECTION('',(0.,0.,1.));
#15283=DIRECTION('',(0.,1.,0.));
#15284=DIRECTION('',(0.,0.,1.));
#15285=DIRECTION('',(-8.94187358750936E-15,0.,-1.));
#15286=DIRECTION('',(0.,1.,0.));
#15287=DIRECTION('',(-8.94187358750936E-15,0.,-1.));
#15288=DIRECTION('',(0.,1.,0.));
#15289=DIRECTION('',(1.,0.,0.));
#15290=DIRECTION('',(0.,0.,-1.));
#15291=DIRECTION('',(0.,-1.,0.));
#15292=DIRECTION('',(1.,0.,0.));
#15293=DIRECTION('',(0.,1.,0.));
#15294=DIRECTION('',(1.,0.,0.));
#15295=DIRECTION('',(0.,0.,-1.));
#15296=DIRECTION('',(-1.,0.,0.));
#15297=DIRECTION('',(1.08420217248551E-15,-4.67462326157961E-16,1.));
#15298=DIRECTION('',(-1.,0.,0.));
#15299=DIRECTION('',(0.,0.,1.));
#15300=DIRECTION('',(1.,0.,0.));
#15301=DIRECTION('',(0.,-1.41650813101377E-16,1.));
#15302=DIRECTION('',(-1.,0.,0.));
#15303=DIRECTION('',(0.,0.,1.));
#15304=DIRECTION('',(1.,0.,0.));
#15305=DIRECTION('',(0.,-1.,0.));
#15306=DIRECTION('',(0.,0.,-1.));
#15307=DIRECTION('',(-1.,0.,0.));
#15308=DIRECTION('',(0.,4.67462326157961E-16,-1.));
#15309=DIRECTION('',(1.,0.,0.));
#15310=DIRECTION('',(0.,0.,1.));
#15311=DIRECTION('',(-1.,0.,0.));
#15312=DIRECTION('',(0.,-1.41650813101377E-16,1.));
#15313=DIRECTION('',(1.,0.,0.));
#15314=DIRECTION('',(0.,0.,-1.));
#15315=DIRECTION('',(0.,-1.,0.));
#15316=DIRECTION('',(0.,0.,-1.));
#15317=DIRECTION('',(-1.,0.,0.));
#15318=DIRECTION('',(0.,-1.,0.));
#15319=DIRECTION('',(0.,0.,-1.));
#15320=DIRECTION('',(-1.,0.,0.));
#15321=DIRECTION('',(0.,-1.,0.));
#15322=DIRECTION('',(0.,0.,-1.));
#15323=DIRECTION('',(-7.83999775913176E-17,-0.768221279597375,0.640184399664481));
#15324=DIRECTION('',(1.,0.,0.));
#15325=DIRECTION('',(-7.83999775913176E-17,-0.768221279597375,0.640184399664481));
#15326=DIRECTION('',(1.,0.,0.));
#15327=DIRECTION('',(0.,-0.640184399664481,-0.768221279597375));
#15328=DIRECTION('',(0.,0.768221279597375,-0.640184399664481));
#15329=DIRECTION('',(-7.83999775913176E-17,-0.768221279597375,0.640184399664481));
#15330=DIRECTION('',(1.,0.,0.));
#15331=DIRECTION('',(-7.83999775913176E-17,-0.768221279597375,0.640184399664481));
#15332=DIRECTION('',(1.,0.,0.));
#15333=DIRECTION('',(0.,-0.640184399664481,-0.768221279597375));
#15334=DIRECTION('',(0.,0.768221279597375,-0.640184399664481));
#15335=DIRECTION('',(-7.83999775913176E-17,-0.768221279597375,0.640184399664481));
#15336=DIRECTION('',(1.,0.,0.));
#15337=DIRECTION('',(-7.83999775913176E-17,-0.768221279597375,0.640184399664481));
#15338=DIRECTION('',(1.,0.,0.));
#15339=DIRECTION('',(0.,-0.640184399664481,-0.768221279597375));
#15340=DIRECTION('',(0.,0.768221279597375,-0.640184399664481));
#15341=DIRECTION('',(-7.83999775913176E-17,-0.768221279597375,0.640184399664481));
#15342=DIRECTION('',(1.,0.,0.));
#15343=DIRECTION('',(-7.83999775913176E-17,-0.768221279597375,0.640184399664481));
#15344=DIRECTION('',(1.,0.,0.));
#15345=DIRECTION('',(0.,-0.640184399664481,-0.768221279597375));
#15346=DIRECTION('',(0.,0.768221279597375,-0.640184399664481));
#15347=DIRECTION('',(-7.83999775913176E-17,-0.768221279597375,0.640184399664481));
#15348=DIRECTION('',(1.,0.,0.));
#15349=DIRECTION('',(-7.83999775913176E-17,-0.768221279597375,0.640184399664481));
#15350=DIRECTION('',(1.,0.,0.));
#15351=DIRECTION('',(0.,-0.640184399664481,-0.768221279597375));
#15352=DIRECTION('',(0.,0.768221279597375,-0.640184399664481));
#15353=DIRECTION('',(-7.83999775913176E-17,-0.768221279597375,0.640184399664481));
#15354=DIRECTION('',(1.,0.,0.));
#15355=DIRECTION('',(-7.83999775913176E-17,-0.768221279597375,0.640184399664481));
#15356=DIRECTION('',(1.,0.,0.));
#15357=DIRECTION('',(0.,-0.640184399664481,-0.768221279597375));
#15358=DIRECTION('',(0.,0.768221279597375,-0.640184399664481));
#15359=DIRECTION('',(-7.83999775913176E-17,-0.768221279597375,0.640184399664481));
#15360=DIRECTION('',(1.,0.,0.));
#15361=DIRECTION('',(-7.83999775913176E-17,-0.768221279597375,0.640184399664481));
#15362=DIRECTION('',(1.,0.,0.));
#15363=DIRECTION('',(0.,-0.640184399664481,-0.768221279597375));
#15364=DIRECTION('',(0.,0.768221279597375,-0.640184399664481));
#15365=DIRECTION('',(-7.83999775913176E-17,-0.768221279597375,0.640184399664481));
#15366=DIRECTION('',(1.,0.,0.));
#15367=DIRECTION('',(-7.83999775913176E-17,-0.768221279597375,0.640184399664481));
#15368=DIRECTION('',(1.,0.,0.));
#15369=DIRECTION('',(0.,-0.640184399664481,-0.768221279597375));
#15370=DIRECTION('',(0.,0.768221279597375,-0.640184399664481));
#15371=DIRECTION('',(-7.83999775913176E-17,-0.768221279597375,0.640184399664481));
#15372=DIRECTION('',(1.,0.,0.));
#15373=DIRECTION('',(-7.83999775913176E-17,-0.768221279597375,0.640184399664481));
#15374=DIRECTION('',(1.,0.,0.));
#15375=DIRECTION('',(0.,-0.640184399664481,-0.768221279597375));
#15376=DIRECTION('',(0.,0.768221279597375,-0.640184399664481));
#15377=DIRECTION('',(-7.83999775913176E-17,-0.768221279597375,0.640184399664481));
#15378=DIRECTION('',(1.,0.,0.));
#15379=DIRECTION('',(-7.83999775913176E-17,-0.768221279597375,0.640184399664481));
#15380=DIRECTION('',(1.,0.,0.));
#15381=DIRECTION('',(0.,-0.640184399664481,-0.768221279597375));
#15382=DIRECTION('',(0.,0.768221279597375,-0.640184399664481));
#15383=DIRECTION('',(-7.83999775913176E-17,-0.768221279597375,0.640184399664481));
#15384=DIRECTION('',(1.,0.,0.));
#15385=DIRECTION('',(-7.83999775913176E-17,-0.768221279597375,0.640184399664481));
#15386=DIRECTION('',(1.,0.,0.));
#15387=DIRECTION('',(0.,-0.640184399664481,-0.768221279597375));
#15388=DIRECTION('',(0.,0.768221279597375,-0.640184399664481));
#15389=DIRECTION('',(-7.83999775913176E-17,-0.768221279597375,0.640184399664481));
#15390=DIRECTION('',(1.,0.,0.));
#15391=DIRECTION('',(-7.83999775913176E-17,-0.768221279597375,0.640184399664481));
#15392=DIRECTION('',(1.,0.,0.));
#15393=DIRECTION('',(0.,-0.640184399664481,-0.768221279597375));
#15394=DIRECTION('',(0.,0.768221279597375,-0.640184399664481));
#15395=DIRECTION('',(-7.83999775913176E-17,-0.768221279597375,0.640184399664481));
#15396=DIRECTION('',(1.,0.,0.));
#15397=DIRECTION('',(-7.83999775913176E-17,-0.768221279597375,0.640184399664481));
#15398=DIRECTION('',(1.,0.,0.));
#15399=DIRECTION('',(0.,-0.640184399664481,-0.768221279597375));
#15400=DIRECTION('',(0.,0.768221279597375,-0.640184399664481));
#15401=DIRECTION('',(-7.83999775913176E-17,-0.768221279597375,0.640184399664481));
#15402=DIRECTION('',(1.,0.,0.));
#15403=DIRECTION('',(-7.83999775913176E-17,-0.768221279597375,0.640184399664481));
#15404=DIRECTION('',(1.,0.,0.));
#15405=DIRECTION('',(0.,-0.640184399664481,-0.768221279597375));
#15406=DIRECTION('',(0.,0.768221279597375,-0.640184399664481));
#15407=DIRECTION('',(-7.83999775913176E-17,-0.768221279597375,0.640184399664481));
#15408=DIRECTION('',(1.,0.,0.));
#15409=DIRECTION('',(-7.83999775913176E-17,-0.768221279597375,0.640184399664481));
#15410=DIRECTION('',(1.,0.,0.));
#15411=DIRECTION('',(0.,-0.640184399664481,-0.768221279597375));
#15412=DIRECTION('',(0.,0.768221279597375,-0.640184399664481));
#15413=DIRECTION('',(-7.83999775913176E-17,-0.768221279597375,0.640184399664481));
#15414=DIRECTION('',(1.,0.,0.));
#15415=DIRECTION('',(-7.83999775913176E-17,-0.768221279597375,0.640184399664481));
#15416=DIRECTION('',(1.,0.,0.));
#15417=DIRECTION('',(0.,-0.640184399664481,-0.768221279597375));
#15418=DIRECTION('',(0.,0.768221279597375,-0.640184399664481));
#15419=DIRECTION('',(-7.83999775913176E-17,-0.768221279597375,0.640184399664481));
#15420=DIRECTION('',(1.,0.,0.));
#15421=DIRECTION('',(-7.83999775913176E-17,-0.768221279597375,0.640184399664481));
#15422=DIRECTION('',(1.,0.,0.));
#15423=DIRECTION('',(0.,-0.640184399664481,-0.768221279597375));
#15424=DIRECTION('',(0.,0.768221279597375,-0.640184399664481));
#15425=DIRECTION('',(-7.83999775913176E-17,-0.768221279597375,0.640184399664481));
#15426=DIRECTION('',(1.,0.,0.));
#15427=DIRECTION('',(-7.83999775913176E-17,-0.768221279597375,0.640184399664481));
#15428=DIRECTION('',(1.,0.,0.));
#15429=DIRECTION('',(0.,-0.640184399664481,-0.768221279597375));
#15430=DIRECTION('',(0.,0.768221279597375,-0.640184399664481));
#15431=DIRECTION('',(-7.83999775913176E-17,-0.768221279597375,0.640184399664481));
#15432=DIRECTION('',(1.,0.,0.));
#15433=DIRECTION('',(-7.83999775913176E-17,-0.768221279597375,0.640184399664481));
#15434=DIRECTION('',(1.,0.,0.));
#15435=DIRECTION('',(0.,-0.640184399664481,-0.768221279597375));
#15436=DIRECTION('',(0.,0.768221279597375,-0.640184399664481));
#15437=DIRECTION('',(-7.83999775913176E-17,-0.768221279597375,0.640184399664481));
#15438=DIRECTION('',(1.,0.,0.));
#15439=DIRECTION('',(-7.83999775913176E-17,-0.768221279597375,0.640184399664481));
#15440=DIRECTION('',(1.,0.,0.));
#15441=DIRECTION('',(0.,-0.640184399664481,-0.768221279597375));
#15442=DIRECTION('',(0.,0.768221279597375,-0.640184399664481));
#15443=DIRECTION('',(-7.83999775913176E-17,-0.768221279597375,0.640184399664481));
#15444=DIRECTION('',(1.,0.,0.));
#15445=DIRECTION('',(-7.83999775913176E-17,-0.768221279597375,0.640184399664481));
#15446=DIRECTION('',(1.,0.,0.));
#15447=DIRECTION('',(0.,-0.640184399664481,-0.768221279597375));
#15448=DIRECTION('',(0.,0.768221279597375,-0.640184399664481));
#15449=DIRECTION('',(-7.83999775913176E-17,-0.768221279597375,0.640184399664481));
#15450=DIRECTION('',(1.,0.,0.));
#15451=DIRECTION('',(-7.83999775913176E-17,-0.768221279597375,0.640184399664481));
#15452=DIRECTION('',(1.,0.,0.));
#15453=DIRECTION('',(0.,-0.640184399664481,-0.768221279597375));
#15454=DIRECTION('',(0.,0.768221279597375,-0.640184399664481));
#15455=DIRECTION('',(-7.83999775913176E-17,-0.768221279597375,0.640184399664481));
#15456=DIRECTION('',(1.,0.,0.));
#15457=DIRECTION('',(-7.83999775913176E-17,-0.768221279597375,0.640184399664481));
#15458=DIRECTION('',(1.,0.,0.));
#15459=DIRECTION('',(0.,-0.640184399664481,-0.768221279597375));
#15460=DIRECTION('',(0.,0.768221279597375,-0.640184399664481));
#15461=DIRECTION('',(-7.83999775913176E-17,-0.768221279597375,0.640184399664481));
#15462=DIRECTION('',(1.,0.,0.));
#15463=DIRECTION('',(-7.83999775913176E-17,-0.768221279597375,0.640184399664481));
#15464=DIRECTION('',(1.,0.,0.));
#15465=DIRECTION('',(0.,-0.640184399664481,-0.768221279597375));
#15466=DIRECTION('',(0.,0.768221279597375,-0.640184399664481));
#15467=DIRECTION('',(-7.83999775913176E-17,-0.768221279597375,0.640184399664481));
#15468=DIRECTION('',(1.,0.,0.));
#15469=DIRECTION('',(-7.83999775913176E-17,-0.768221279597375,0.640184399664481));
#15470=DIRECTION('',(1.,0.,0.));
#15471=DIRECTION('',(0.,-0.640184399664481,-0.768221279597375));
#15472=DIRECTION('',(0.,0.768221279597375,-0.640184399664481));
#15473=DIRECTION('',(-7.83999775913176E-17,-0.768221279597375,0.640184399664481));
#15474=DIRECTION('',(1.,0.,0.));
#15475=DIRECTION('',(-7.83999775913176E-17,-0.768221279597375,0.640184399664481));
#15476=DIRECTION('',(1.,0.,0.));
#15477=DIRECTION('',(0.,-0.640184399664481,-0.768221279597375));
#15478=DIRECTION('',(0.,0.768221279597375,-0.640184399664481));
#15479=DIRECTION('',(0.,-0.768221279597375,0.640184399664481));
#15480=DIRECTION('',(1.,0.,0.));
#15481=DIRECTION('',(-7.83999775913176E-17,-0.768221279597375,0.640184399664481));
#15482=DIRECTION('',(1.,0.,0.));
#15483=DIRECTION('',(0.,0.768221279597375,-0.640184399664481));
#15484=DIRECTION('',(1.,0.,0.));
#15485=DIRECTION('',(0.,0.768221279597375,-0.640184399664481));
#15486=DIRECTION('',(1.,0.,0.));
#15487=DIRECTION('',(-7.83999775913176E-17,-0.768221279597375,0.640184399664481));
#15488=DIRECTION('',(1.,0.,0.));
#15489=DIRECTION('',(0.,-0.768221279597375,0.640184399664481));
#15490=DIRECTION('',(-1.,0.,0.));
#15491=DIRECTION('',(0.,-0.640184399664481,-0.768221279597375));
#15492=DIRECTION('',(0.,0.768221279597375,-0.640184399664481));
#15493=DIRECTION('',(-1.,0.,0.));
#15494=DIRECTION('',(0.,-2.4093381610789E-16,1.));
#15495=DIRECTION('',(-1.,0.,0.));
#15496=DIRECTION('',(2.55106393526001E-15,2.4093381610789E-16,-1.));
#15497=DIRECTION('',(1.,0.,0.));
#15498=DIRECTION('',(-1.,0.,0.));
#15499=DIRECTION('',(0.,-1.,-2.4093381610789E-16));
#15500=DIRECTION('',(0.,2.40909722726279E-16,-1.));
#15501=DIRECTION('',(1.,0.,0.));
#15502=DIRECTION('',(1.,0.,0.));
#15503=DIRECTION('',(0.,1.10257848049373E-16,-1.));
#15504=DIRECTION('',(0.,1.,0.));
#15505=DIRECTION('',(-1.,0.,0.));
#15506=DIRECTION('',(0.,-1.,-1.10257848049373E-16));
#15507=DIRECTION('',(0.,1.10257848049373E-16,-1.));
#15508=DIRECTION('',(0.,1.,1.10263360941776E-16));
#15509=DIRECTION('',(0.,0.,1.));
#15510=DIRECTION('',(0.,-1.,0.));
#15511=DIRECTION('',(0.,0.,1.));
#15512=DIRECTION('',(-1.,0.,0.));
#15513=DIRECTION('',(0.,0.,1.));
#15514=DIRECTION('',(0.,0.,-1.));
#15515=DIRECTION('',(0.,0.,-1.));
#15516=DIRECTION('',(0.,-1.,0.));
#15517=DIRECTION('',(1.,0.,0.));
#15518=DIRECTION('',(0.,0.,-1.));
#15519=DIRECTION('',(0.,-1.,0.));
#15520=DIRECTION('',(1.,0.,0.));
#15521=DIRECTION('',(0.,-1.,0.));
#15522=DIRECTION('',(1.,0.,0.));
#15523=DIRECTION('',(0.,-1.,0.));
#15524=DIRECTION('',(1.,0.,0.));
#15525=DIRECTION('',(-1.,0.,0.));
#15526=DIRECTION('',(1.,0.,0.));
#15527=DIRECTION('',(0.,-1.,0.));
#15528=DIRECTION('',(0.,1.,0.));
#15529=DIRECTION('',(-1.,0.,0.));
#15530=DIRECTION('',(0.,1.,0.));
#15531=DIRECTION('',(0.,-1.,0.));
#15532=DIRECTION('',(-1.,0.,0.));
#15533=DIRECTION('',(1.,0.,0.));
#15534=DIRECTION('',(1.,0.,0.));
#15535=DIRECTION('',(0.,-1.,0.));
#15536=DIRECTION('',(1.,0.,0.));
#15537=DIRECTION('',(0.,-1.,0.));
#15538=DIRECTION('',(1.,0.,0.));
#15539=DIRECTION('',(0.,-1.,0.));
#15540=DIRECTION('',(1.,0.,0.));
#15541=DIRECTION('',(0.,-1.,0.));
#15542=DIRECTION('',(1.,0.,0.));
#15543=DIRECTION('',(0.,-1.,0.));
#15544=DIRECTION('',(1.,0.,0.));
#15545=DIRECTION('',(0.,-1.,0.));
#15546=DIRECTION('',(1.,0.,0.));
#15547=DIRECTION('',(0.,-1.,0.));
#15548=DIRECTION('',(1.,0.,0.));
#15549=DIRECTION('',(0.,-1.,0.));
#15550=DIRECTION('',(1.,0.,0.));
#15551=DIRECTION('',(0.,-1.,0.));
#15552=DIRECTION('',(1.,0.,0.));
#15553=DIRECTION('',(0.,-1.,0.));
#15554=DIRECTION('',(1.,0.,0.));
#15555=DIRECTION('',(0.,-1.,0.));
#15556=DIRECTION('',(1.,0.,0.));
#15557=DIRECTION('',(0.,-1.,0.));
#15558=DIRECTION('',(1.,0.,0.));
#15559=DIRECTION('',(0.,-1.,0.));
#15560=DIRECTION('',(1.,0.,0.));
#15561=DIRECTION('',(0.,-1.,0.));
#15562=DIRECTION('',(1.,0.,0.));
#15563=DIRECTION('',(0.,-1.,0.));
#15564=DIRECTION('',(1.,0.,0.));
#15565=DIRECTION('',(0.,-1.,0.));
#15566=DIRECTION('',(1.,0.,0.));
#15567=DIRECTION('',(0.,-1.,0.));
#15568=DIRECTION('',(1.,0.,0.));
#15569=DIRECTION('',(0.,-1.,0.));
#15570=DIRECTION('',(1.,0.,0.));
#15571=DIRECTION('',(0.,-1.,0.));
#15572=DIRECTION('',(1.,0.,0.));
#15573=DIRECTION('',(0.,-1.,0.));
#15574=DIRECTION('',(1.,0.,0.));
#15575=DIRECTION('',(0.,-1.,0.));
#15576=DIRECTION('',(1.,0.,0.));
#15577=DIRECTION('',(0.,-1.,0.));
#15578=DIRECTION('',(1.,0.,0.));
#15579=DIRECTION('',(0.,-1.,0.));
#15580=DIRECTION('',(1.,0.,0.));
#15581=DIRECTION('',(0.,-1.,0.));
#15582=DIRECTION('',(1.,0.,0.));
#15583=DIRECTION('',(0.,-1.,0.));
#15584=DIRECTION('',(1.,0.,0.));
#15585=DIRECTION('',(0.,-1.,0.));
#15586=DIRECTION('',(1.,0.,0.));
#15587=DIRECTION('',(0.,-1.,0.));
#15588=DIRECTION('',(1.,0.,0.));
#15589=DIRECTION('',(0.,-1.,0.));
#15590=DIRECTION('',(1.,0.,0.));
#15591=DIRECTION('',(0.,-1.,0.));
#15592=DIRECTION('',(1.,0.,0.));
#15593=DIRECTION('',(0.,-1.,0.));
#15594=DIRECTION('',(1.,0.,0.));
#15595=DIRECTION('',(0.,-1.,0.));
#15596=DIRECTION('',(1.,0.,0.));
#15597=DIRECTION('',(0.,-1.,0.));
#15598=DIRECTION('',(1.,0.,0.));
#15599=DIRECTION('',(0.,-1.,0.));
#15600=DIRECTION('',(1.,0.,0.));
#15601=DIRECTION('',(0.,-1.,0.));
#15602=DIRECTION('',(1.,0.,0.));
#15603=DIRECTION('',(0.,-1.,0.));
#15604=DIRECTION('',(1.,0.,0.));
#15605=DIRECTION('',(0.,-1.,0.));
#15606=DIRECTION('',(1.,0.,0.));
#15607=DIRECTION('',(0.,-1.,0.));
#15608=DIRECTION('',(1.,0.,0.));
#15609=DIRECTION('',(0.,-1.,0.));
#15610=DIRECTION('',(1.,0.,0.));
#15611=DIRECTION('',(0.,-1.,0.));
#15612=DIRECTION('',(1.,0.,0.));
#15613=DIRECTION('',(0.,-1.,0.));
#15614=DIRECTION('',(1.,0.,0.));
#15615=DIRECTION('',(0.,-1.,0.));
#15616=DIRECTION('',(1.,0.,0.));
#15617=DIRECTION('',(0.,-1.,0.));
#15618=DIRECTION('',(1.,0.,0.));
#15619=DIRECTION('',(0.,-1.,0.));
#15620=DIRECTION('',(1.,0.,0.));
#15621=DIRECTION('',(0.,-1.,0.));
#15622=DIRECTION('',(1.,0.,0.));
#15623=DIRECTION('',(0.,-1.,0.));
#15624=DIRECTION('',(1.,0.,0.));
#15625=DIRECTION('',(0.,-1.,0.));
#15626=DIRECTION('',(1.,0.,0.));
#15627=DIRECTION('',(0.,-1.,0.));
#15628=DIRECTION('',(1.,0.,0.));
#15629=DIRECTION('',(0.,-1.,0.));
#15630=DIRECTION('',(1.,0.,0.));
#15631=DIRECTION('',(0.,-1.,0.));
#15632=DIRECTION('',(1.,0.,0.));
#15633=DIRECTION('',(0.,-1.,0.));
#15634=DIRECTION('',(1.,0.,0.));
#15635=DIRECTION('',(0.,-1.,0.));
#15636=DIRECTION('',(1.,0.,0.));
#15637=DIRECTION('',(0.,0.,-1.));
#15638=DIRECTION('',(-1.,0.,0.));
#15639=DIRECTION('',(-1.22464679914735E-16,0.,1.));
#15640=DIRECTION('',(1.,0.,0.));
#15641=DIRECTION('',(-1.22464679914735E-16,0.,1.));
#15642=DIRECTION('',(-1.22464679914735E-16,0.,1.));
#15643=DIRECTION('',(1.,0.,0.));
#15644=DIRECTION('',(-1.22464679914735E-16,0.,1.));
#15645=DIRECTION('',(-1.22464679914735E-16,0.,1.));
#15646=DIRECTION('',(1.,0.,0.));
#15647=DIRECTION('',(-1.22464679914735E-16,0.,1.));
#15648=DIRECTION('',(-1.22464679914735E-16,0.,1.));
#15649=DIRECTION('',(1.,0.,0.));
#15650=DIRECTION('',(-1.22464679914735E-16,0.,1.));
#15651=DIRECTION('',(-1.22464679914735E-16,0.,1.));
#15652=DIRECTION('',(1.,0.,0.));
#15653=DIRECTION('',(-1.22464679914735E-16,0.,1.));
#15654=DIRECTION('',(-1.22464679914735E-16,0.,1.));
#15655=DIRECTION('',(1.,0.,0.));
#15656=DIRECTION('',(-1.22464679914735E-16,0.,1.));
#15657=DIRECTION('',(-1.22464679914735E-16,0.,1.));
#15658=DIRECTION('',(1.,0.,0.));
#15659=DIRECTION('',(-1.22464679914735E-16,0.,1.));
#15660=DIRECTION('',(-1.22464679914735E-16,0.,1.));
#15661=DIRECTION('',(1.,0.,0.));
#15662=DIRECTION('',(-1.22464679914735E-16,0.,1.));
#15663=DIRECTION('',(-1.22464679914735E-16,0.,1.));
#15664=DIRECTION('',(1.,0.,0.));
#15665=DIRECTION('',(-1.22464679914735E-16,0.,1.));
#15666=DIRECTION('',(-1.22464679914735E-16,0.,1.));
#15667=DIRECTION('',(1.,0.,0.));
#15668=DIRECTION('',(-1.22464679914735E-16,0.,1.));
#15669=DIRECTION('',(-1.22464679914735E-16,0.,1.));
#15670=DIRECTION('',(1.,0.,0.));
#15671=DIRECTION('',(-1.22464679914735E-16,0.,1.));
#15672=DIRECTION('',(-1.22464679914735E-16,0.,1.));
#15673=DIRECTION('',(1.,0.,0.));
#15674=DIRECTION('',(-1.22464679914735E-16,0.,1.));
#15675=DIRECTION('',(-1.22464679914735E-16,0.,1.));
#15676=DIRECTION('',(1.,0.,0.));
#15677=DIRECTION('',(-1.22464679914735E-16,0.,1.));
#15678=DIRECTION('',(-1.22464679914735E-16,0.,1.));
#15679=DIRECTION('',(1.,0.,0.));
#15680=DIRECTION('',(-1.22464679914735E-16,0.,1.));
#15681=DIRECTION('',(-1.22464679914735E-16,0.,1.));
#15682=DIRECTION('',(1.,0.,0.));
#15683=DIRECTION('',(-1.22464679914735E-16,0.,1.));
#15684=DIRECTION('',(-1.22464679914735E-16,0.,1.));
#15685=DIRECTION('',(1.,0.,0.));
#15686=DIRECTION('',(-1.22464679914735E-16,0.,1.));
#15687=DIRECTION('',(-1.22464679914735E-16,0.,1.));
#15688=DIRECTION('',(1.,0.,0.));
#15689=DIRECTION('',(-1.22464679914735E-16,0.,1.));
#15690=DIRECTION('',(-1.22464679914735E-16,0.,1.));
#15691=DIRECTION('',(1.,0.,0.));
#15692=DIRECTION('',(-1.22464679914735E-16,0.,1.));
#15693=DIRECTION('',(-1.22464679914735E-16,0.,1.));
#15694=DIRECTION('',(1.,0.,0.));
#15695=DIRECTION('',(-1.22464679914735E-16,0.,1.));
#15696=DIRECTION('',(-1.22464679914735E-16,0.,1.));
#15697=DIRECTION('',(1.,0.,0.));
#15698=DIRECTION('',(-1.22464679914735E-16,0.,1.));
#15699=DIRECTION('',(-1.22464679914735E-16,0.,1.));
#15700=DIRECTION('',(1.,0.,0.));
#15701=DIRECTION('',(-1.22464679914735E-16,0.,1.));
#15702=DIRECTION('',(-1.22464679914735E-16,0.,1.));
#15703=DIRECTION('',(1.,0.,0.));
#15704=DIRECTION('',(-1.22464679914735E-16,0.,1.));
#15705=DIRECTION('',(-1.22464679914735E-16,0.,1.));
#15706=DIRECTION('',(1.,0.,0.));
#15707=DIRECTION('',(-1.22464679914735E-16,0.,1.));
#15708=DIRECTION('',(-1.22464679914735E-16,0.,1.));
#15709=DIRECTION('',(1.,0.,0.));
#15710=DIRECTION('',(-1.22464679914735E-16,0.,1.));
#15711=DIRECTION('',(-1.22464679914735E-16,0.,1.));
#15712=DIRECTION('',(1.,0.,0.));
#15713=DIRECTION('',(-1.22464679914735E-16,0.,1.));
#15714=DIRECTION('',(-1.22464679914735E-16,0.,1.));
#15715=DIRECTION('',(1.,0.,0.));
#15716=DIRECTION('',(-1.22464679914735E-16,0.,1.));
#15717=DIRECTION('',(-1.,0.,0.));
#15718=DIRECTION('',(-1.,0.,0.));
#15719=DIRECTION('',(-1.27553196763001E-15,0.,-1.));
#15720=DIRECTION('',(1.,0.,-2.28253088944317E-16));
#15721=DIRECTION('',(-1.,0.,0.));
#15722=DIRECTION('',(1.,0.,2.28253088944317E-16));
#15723=DIRECTION('',(-1.27553196763001E-15,0.,1.));
#15724=DIRECTION('',(-1.,0.,0.));
#15725=DIRECTION('',(-1.22464679914735E-16,0.,1.));
#15726=DIRECTION('',(1.,0.,0.));
#15727=DIRECTION('',(-1.22464679914735E-16,0.,1.));
#15728=DIRECTION('',(0.,-1.,0.));
#15729=DIRECTION('',(0.,0.,-1.));
#15730=DIRECTION('',(0.,0.,1.));
#15731=DIRECTION('',(1.,0.,0.));
#15732=DIRECTION('',(0.,-1.10257848049373E-16,1.));
#15733=DIRECTION('',(0.,-1.,0.));
#15734=DIRECTION('',(0.,0.,-1.));
#15735=DIRECTION('',(-1.,0.,0.));
#15736=DIRECTION('',(-2.55106393526001E-15,2.4093381610789E-16,-1.));
#15737=DIRECTION('',(0.,1.,0.));
#15738=DIRECTION('',(-2.55106393526001E-15,0.,-1.));
#15739=DIRECTION('',(-1.,0.,2.55106393526001E-15));
#15740=DIRECTION('',(2.55177823316188E-15,0.,1.));
#15741=DIRECTION('',(1.,0.,0.));
#15742=DIRECTION('',(0.,1.,0.));
#15743=DIRECTION('',(0.,0.,-1.));
#15744=DIRECTION('',(-1.,0.,0.));
#15745=DIRECTION('',(0.,1.,0.));
#15746=DIRECTION('',(1.,0.,0.));
#15747=DIRECTION('',(0.,0.,-1.));
#15748=DIRECTION('',(-1.,0.,0.));
#15749=DIRECTION('',(0.,0.,-1.));
#15750=DIRECTION('',(0.,1.,6.32451267283211E-16));
#15751=DIRECTION('',(0.,0.,-1.));
#15752=DIRECTION('',(0.,-0.998868137724437,-0.0475651494154498));
#15753=DIRECTION('',(0.,0.,1.));
#15754=DIRECTION('',(0.,-1.,0.));
#15755=DIRECTION('',(1.,0.,0.));
#15756=DIRECTION('',(0.,0.,-1.));
#15757=DIRECTION('',(0.,0.,1.));
#15758=DIRECTION('',(0.,-1.,0.));
#15759=DIRECTION('',(0.,0.,1.));
#15760=DIRECTION('',(0.,-0.998868137724437,-0.0475651494154498));
#15761=DIRECTION('',(0.,0.,-1.));
#15762=DIRECTION('',(0.,1.,6.32451267283211E-16));
#15763=DIRECTION('',(1.,0.,0.));
#15764=DIRECTION('',(0.,0.,-1.));
#15765=DIRECTION('',(0.,0.,-1.));
#15766=DIRECTION('',(0.,1.,0.));
#15767=DIRECTION('',(1.27553196763001E-15,0.,1.));
#15768=DIRECTION('',(0.,-1.,0.));
#15769=DIRECTION('',(1.,0.,-1.27553196763001E-15));
#15770=DIRECTION('',(-1.27588911658094E-15,0.,-1.));
#15771=DIRECTION('',(0.,0.,1.));
#15772=DIRECTION('',(1.,0.,0.));
#15773=DIRECTION('',(0.,0.,-1.));
#15774=DIRECTION('',(-1.,0.,0.));
#15775=DIRECTION('',(6.36595771000663E-16,1.,0.));
#15776=DIRECTION('',(-1.,0.,0.));
#15777=DIRECTION('',(0.,-1.,0.));
#15778=DIRECTION('',(0.,0.,1.));
#15779=DIRECTION('',(1.,0.,0.));
#15780=DIRECTION('',(0.,1.,0.));
#15781=DIRECTION('',(-1.,0.,0.));
#15782=DIRECTION('',(6.36595771000663E-16,-1.,0.));
#15783=DIRECTION('',(0.,0.,1.));
#15784=DIRECTION('',(1.,0.,0.));
#15785=DIRECTION('',(-1.,0.,0.));
#15786=DIRECTION('',(-1.,0.,0.));
#15787=DIRECTION('',(0.,-1.,0.));
#15788=DIRECTION('',(-1.,0.,0.));
#15789=DIRECTION('',(0.,-1.,0.));
#15790=DIRECTION('',(0.682318250360012,0.731055268242868,0.));
#15791=DIRECTION('',(0.68231825036001,-0.73105526824287,0.));
#15792=DIRECTION('',(-1.,0.,0.));
#15793=DIRECTION('',(0.,0.,1.));
#15794=DIRECTION('',(1.,0.,0.));
#15795=DIRECTION('',(0.,-0.998868137724438,-0.0475651494154499));
#15796=DIRECTION('',(0.,-1.,2.4093381610789E-16));
#15797=DIRECTION('',(0.,5.78241158658937E-16,-1.));
#15798=DIRECTION('',(1.,0.,0.));
#15799=DIRECTION('',(0.,0.,-1.));
#15800=DIRECTION('',(0.,-1.,2.4093381610789E-16));
#15801=DIRECTION('',(0.,-0.998868137724438,-0.0475651494154499));
#15802=DIRECTION('',(0.,5.78241158658937E-16,-1.));
#15803=DIRECTION('',(1.,0.,0.));
#15804=DIRECTION('',(0.,0.,-1.));
#15805=DIRECTION('',(-1.,0.,0.));
#15806=DIRECTION('',(0.,1.,5.78241158658937E-16));
#15807=DIRECTION('',(0.,-5.78313438803768E-16,1.));
#15808=DIRECTION('',(1.,0.,0.));
#15809=DIRECTION('',(0.,2.4093381610789E-16,1.));
#15810=DIRECTION('',(0.,-1.,2.40909722726279E-16));
#15811=DIRECTION('',(-5.82505079825963E-18,0.998868137724438,0.0475651494154499));
#15812=DIRECTION('',(-1.,0.,0.));
#15813=DIRECTION('',(-5.82505079825963E-18,0.998868137724438,0.0475651494154499));
#15814=DIRECTION('',(1.,0.,0.));
#15815=DIRECTION('',(-5.82505079825963E-18,0.998868137724438,0.0475651494154499));
#15816=DIRECTION('',(-1.,0.,0.));
#15817=DIRECTION('',(-5.82505079825963E-18,0.998868137724438,0.0475651494154499));
#15818=DIRECTION('',(1.,0.,0.));
#15819=DIRECTION('',(-5.82505079825963E-18,0.998868137724438,0.0475651494154499));
#15820=DIRECTION('',(-1.,0.,0.));
#15821=DIRECTION('',(-5.82505079825963E-18,0.998868137724438,0.0475651494154499));
#15822=DIRECTION('',(1.,0.,0.));
#15823=DIRECTION('',(-5.82505079825963E-18,0.998868137724438,0.0475651494154499));
#15824=DIRECTION('',(-1.,0.,0.));
#15825=DIRECTION('',(-5.82505079825963E-18,0.998868137724438,0.0475651494154499));
#15826=DIRECTION('',(1.,0.,0.));
#15827=DIRECTION('',(-5.82505079825963E-18,0.998868137724438,0.0475651494154499));
#15828=DIRECTION('',(-1.,0.,0.));
#15829=DIRECTION('',(-5.82505079825963E-18,0.998868137724438,0.0475651494154499));
#15830=DIRECTION('',(1.,0.,0.));
#15831=DIRECTION('',(-5.82505079825963E-18,0.998868137724438,0.0475651494154499));
#15832=DIRECTION('',(-1.,0.,0.));
#15833=DIRECTION('',(-5.82505079825963E-18,0.998868137724438,0.0475651494154499));
#15834=DIRECTION('',(1.,0.,0.));
#15835=DIRECTION('',(-5.82505079825963E-18,0.998868137724438,0.0475651494154499));
#15836=DIRECTION('',(-1.,0.,0.));
#15837=DIRECTION('',(-5.82505079825963E-18,0.998868137724438,0.0475651494154499));
#15838=DIRECTION('',(1.,0.,0.));
#15839=DIRECTION('',(-5.82505079825963E-18,0.998868137724438,0.0475651494154499));
#15840=DIRECTION('',(-1.,0.,0.));
#15841=DIRECTION('',(-5.82505079825963E-18,0.998868137724438,0.0475651494154499));
#15842=DIRECTION('',(1.,0.,0.));
#15843=DIRECTION('',(-5.82505079825963E-18,0.998868137724438,0.0475651494154499));
#15844=DIRECTION('',(-1.,0.,0.));
#15845=DIRECTION('',(-5.82505079825963E-18,0.998868137724438,0.0475651494154499));
#15846=DIRECTION('',(1.,0.,0.));
#15847=DIRECTION('',(-5.82505079825963E-18,0.998868137724438,0.0475651494154499));
#15848=DIRECTION('',(-1.,0.,0.));
#15849=DIRECTION('',(-5.82505079825963E-18,0.998868137724438,0.0475651494154499));
#15850=DIRECTION('',(1.,0.,0.));
#15851=DIRECTION('',(-5.82505079825963E-18,0.998868137724438,0.0475651494154499));
#15852=DIRECTION('',(-1.,0.,0.));
#15853=DIRECTION('',(-5.82505079825963E-18,0.998868137724438,0.0475651494154499));
#15854=DIRECTION('',(1.,0.,0.));
#15855=DIRECTION('',(-5.82505079825963E-18,0.998868137724438,0.0475651494154499));
#15856=DIRECTION('',(-1.,0.,0.));
#15857=DIRECTION('',(-5.82505079825963E-18,0.998868137724438,0.0475651494154499));
#15858=DIRECTION('',(1.,0.,0.));
#15859=DIRECTION('',(-5.82505079825963E-18,0.998868137724438,0.0475651494154499));
#15860=DIRECTION('',(-1.,0.,0.));
#15861=DIRECTION('',(-5.82505079825963E-18,0.998868137724438,0.0475651494154499));
#15862=DIRECTION('',(1.,0.,0.));
#15863=DIRECTION('',(-5.82505079825963E-18,0.998868137724438,0.0475651494154499));
#15864=DIRECTION('',(-1.,0.,0.));
#15865=DIRECTION('',(-5.82505079825963E-18,0.998868137724438,0.0475651494154499));
#15866=DIRECTION('',(1.,0.,0.));
#15867=DIRECTION('',(-5.82505079825963E-18,0.998868137724438,0.0475651494154499));
#15868=DIRECTION('',(-1.,0.,0.));
#15869=DIRECTION('',(-5.82505079825963E-18,0.998868137724438,0.0475651494154499));
#15870=DIRECTION('',(1.,0.,0.));
#15871=DIRECTION('',(-5.82505079825963E-18,0.998868137724438,0.0475651494154499));
#15872=DIRECTION('',(-1.,0.,0.));
#15873=DIRECTION('',(-5.82505079825963E-18,0.998868137724438,0.0475651494154499));
#15874=DIRECTION('',(1.,0.,0.));
#15875=DIRECTION('',(-5.82505079825963E-18,0.998868137724438,0.0475651494154499));
#15876=DIRECTION('',(-1.,0.,0.));
#15877=DIRECTION('',(-5.82505079825963E-18,0.998868137724438,0.0475651494154499));
#15878=DIRECTION('',(1.,0.,0.));
#15879=DIRECTION('',(-5.82505079825963E-18,0.998868137724438,0.0475651494154499));
#15880=DIRECTION('',(-1.,0.,0.));
#15881=DIRECTION('',(-5.82505079825963E-18,0.998868137724438,0.0475651494154499));
#15882=DIRECTION('',(1.,0.,0.));
#15883=DIRECTION('',(-5.82505079825963E-18,0.998868137724438,0.0475651494154499));
#15884=DIRECTION('',(-1.,0.,0.));
#15885=DIRECTION('',(-5.82505079825963E-18,0.998868137724438,0.0475651494154499));
#15886=DIRECTION('',(1.,0.,0.));
#15887=DIRECTION('',(-5.82505079825963E-18,0.998868137724438,0.0475651494154499));
#15888=DIRECTION('',(-1.,0.,0.));
#15889=DIRECTION('',(-5.82505079825963E-18,0.998868137724438,0.0475651494154499));
#15890=DIRECTION('',(1.,0.,0.));
#15891=DIRECTION('',(-5.82505079825963E-18,0.998868137724438,0.0475651494154499));
#15892=DIRECTION('',(-1.,0.,0.));
#15893=DIRECTION('',(-5.82505079825963E-18,0.998868137724438,0.0475651494154499));
#15894=DIRECTION('',(1.,0.,0.));
#15895=DIRECTION('',(-5.82505079825963E-18,0.998868137724438,0.0475651494154499));
#15896=DIRECTION('',(-1.,0.,0.));
#15897=DIRECTION('',(-5.82505079825963E-18,0.998868137724438,0.0475651494154499));
#15898=DIRECTION('',(1.,0.,0.));
#15899=DIRECTION('',(-5.82505079825963E-18,0.998868137724438,0.0475651494154499));
#15900=DIRECTION('',(-1.,0.,0.));
#15901=DIRECTION('',(-5.82505079825963E-18,0.998868137724438,0.0475651494154499));
#15902=DIRECTION('',(1.,0.,0.));
#15903=DIRECTION('',(-5.82505079825963E-18,0.998868137724438,0.0475651494154499));
#15904=DIRECTION('',(-1.,0.,0.));
#15905=DIRECTION('',(-5.82505079825963E-18,0.998868137724438,0.0475651494154499));
#15906=DIRECTION('',(1.,0.,0.));
#15907=DIRECTION('',(-5.82505079825963E-18,0.998868137724438,0.0475651494154499));
#15908=DIRECTION('',(-1.,0.,0.));
#15909=DIRECTION('',(-5.82505079825963E-18,0.998868137724438,0.0475651494154499));
#15910=DIRECTION('',(1.,0.,0.));
#15911=DIRECTION('',(-5.82505079825963E-18,0.998868137724438,0.0475651494154499));
#15912=DIRECTION('',(-1.,0.,0.));
#15913=DIRECTION('',(-5.82505079825963E-18,0.998868137724438,0.0475651494154499));
#15914=DIRECTION('',(1.,0.,0.));
#15915=DIRECTION('',(-5.82505079825963E-18,0.998868137724438,0.0475651494154499));
#15916=DIRECTION('',(-1.,0.,0.));
#15917=DIRECTION('',(-5.82505079825963E-18,0.998868137724438,0.0475651494154499));
#15918=DIRECTION('',(1.,0.,0.));
#15919=DIRECTION('',(1.,0.,0.));
#15920=DIRECTION('',(0.,-0.0475651494154498,0.998868137724437));
#15921=DIRECTION('',(0.,-0.998868137724438,-0.0475651494154499));
#15922=DIRECTION('',(0.,-1.,0.));
#15923=DIRECTION('',(0.,0.,-1.));
#15924=DIRECTION('',(7.74529420095071E-32,-1.,-6.32451267283211E-16));
#15925=DIRECTION('',(7.74529420095071E-32,-1.,-6.32451267283211E-16));
#15926=DIRECTION('',(1.,0.,0.));
#15927=DIRECTION('',(7.74529420095071E-32,-1.,-6.32451267283211E-16));
#15928=DIRECTION('',(-1.,0.,3.52586072353007E-16));
#15929=DIRECTION('',(0.,1.,0.));
#15930=DIRECTION('',(0.,1.,0.));
#15931=DIRECTION('',(1.,0.,2.28253088944317E-16));
#15932=DIRECTION('',(6.36595771000663E-16,1.,1.45304951139791E-31));
#15933=DIRECTION('',(-2.28253088944317E-16,0.,1.));
#15934=DIRECTION('',(1.,0.,0.));
#15935=DIRECTION('',(0.,-1.,0.));
#15936=DIRECTION('',(1.,0.,0.));
#15937=DIRECTION('',(0.,1.,0.));
#15938=DIRECTION('',(2.28253088944317E-16,0.,1.));
#15939=DIRECTION('',(1.,0.,0.));
#15940=DIRECTION('',(6.36595771000663E-16,-1.,-1.45304951139791E-31));
#15941=DIRECTION('',(1.,0.,-2.28253088944317E-16));
#15942=DIRECTION('',(-1.,0.,0.));
#15943=DIRECTION('',(-1.,0.,-3.52586072353007E-16));
#15944=DIRECTION('',(7.74529420095071E-32,-1.,-6.32451267283211E-16));
#15945=DIRECTION('',(1.,0.,0.));
#15946=DIRECTION('',(7.74529420095071E-32,-1.,-6.32451267283211E-16));
#15947=DIRECTION('',(7.74529420095071E-32,-1.,-6.32451267283211E-16));
#15948=DIRECTION('',(1.,0.,0.));
#15949=DIRECTION('',(7.74529420095071E-32,-1.,-6.32451267283211E-16));
#15950=DIRECTION('',(7.74529420095071E-32,-1.,-6.32451267283211E-16));
#15951=DIRECTION('',(1.,0.,0.));
#15952=DIRECTION('',(7.74529420095071E-32,-1.,-6.32451267283211E-16));
#15953=DIRECTION('',(7.74529420095071E-32,-1.,-6.32451267283211E-16));
#15954=DIRECTION('',(1.,0.,0.));
#15955=DIRECTION('',(7.74529420095071E-32,-1.,-6.32451267283211E-16));
#15956=DIRECTION('',(7.74529420095071E-32,-1.,-6.32451267283211E-16));
#15957=DIRECTION('',(1.,0.,0.));
#15958=DIRECTION('',(7.74529420095071E-32,-1.,-6.32451267283211E-16));
#15959=DIRECTION('',(7.74529420095071E-32,-1.,-6.32451267283211E-16));
#15960=DIRECTION('',(1.,0.,0.));
#15961=DIRECTION('',(7.74529420095071E-32,-1.,-6.32451267283211E-16));
#15962=DIRECTION('',(7.74529420095071E-32,-1.,-6.32451267283211E-16));
#15963=DIRECTION('',(1.,0.,0.));
#15964=DIRECTION('',(7.74529420095071E-32,-1.,-6.32451267283211E-16));
#15965=DIRECTION('',(7.74529420095071E-32,-1.,-6.32451267283211E-16));
#15966=DIRECTION('',(1.,0.,0.));
#15967=DIRECTION('',(7.74529420095071E-32,-1.,-6.32451267283211E-16));
#15968=DIRECTION('',(7.74529420095071E-32,-1.,-6.32451267283211E-16));
#15969=DIRECTION('',(1.,0.,0.));
#15970=DIRECTION('',(7.74529420095071E-32,-1.,-6.32451267283211E-16));
#15971=DIRECTION('',(7.74529420095071E-32,-1.,-6.32451267283211E-16));
#15972=DIRECTION('',(1.,0.,0.));
#15973=DIRECTION('',(7.74529420095071E-32,-1.,-6.32451267283211E-16));
#15974=DIRECTION('',(7.74529420095071E-32,-1.,-6.32451267283211E-16));
#15975=DIRECTION('',(1.,0.,0.));
#15976=DIRECTION('',(7.74529420095071E-32,-1.,-6.32451267283211E-16));
#15977=DIRECTION('',(7.74529420095071E-32,-1.,-6.32451267283211E-16));
#15978=DIRECTION('',(1.,0.,0.));
#15979=DIRECTION('',(7.74529420095071E-32,-1.,-6.32451267283211E-16));
#15980=DIRECTION('',(7.74529420095071E-32,-1.,-6.32451267283211E-16));
#15981=DIRECTION('',(1.,0.,0.));
#15982=DIRECTION('',(7.74529420095071E-32,-1.,-6.32451267283211E-16));
#15983=DIRECTION('',(7.74529420095071E-32,-1.,-6.32451267283211E-16));
#15984=DIRECTION('',(1.,0.,0.));
#15985=DIRECTION('',(7.74529420095071E-32,-1.,-6.32451267283211E-16));
#15986=DIRECTION('',(7.74529420095071E-32,-1.,-6.32451267283211E-16));
#15987=DIRECTION('',(1.,0.,0.));
#15988=DIRECTION('',(7.74529420095071E-32,-1.,-6.32451267283211E-16));
#15989=DIRECTION('',(7.74529420095071E-32,-1.,-6.32451267283211E-16));
#15990=DIRECTION('',(1.,0.,0.));
#15991=DIRECTION('',(7.74529420095071E-32,-1.,-6.32451267283211E-16));
#15992=DIRECTION('',(7.74529420095071E-32,-1.,-6.32451267283211E-16));
#15993=DIRECTION('',(1.,0.,0.));
#15994=DIRECTION('',(7.74529420095071E-32,-1.,-6.32451267283211E-16));
#15995=DIRECTION('',(7.74529420095071E-32,-1.,-6.32451267283211E-16));
#15996=DIRECTION('',(1.,0.,0.));
#15997=DIRECTION('',(7.74529420095071E-32,-1.,-6.32451267283211E-16));
#15998=DIRECTION('',(7.74529420095071E-32,-1.,-6.32451267283211E-16));
#15999=DIRECTION('',(1.,0.,0.));
#16000=DIRECTION('',(7.74529420095071E-32,-1.,-6.32451267283211E-16));
#16001=DIRECTION('',(7.74529420095071E-32,-1.,-6.32451267283211E-16));
#16002=DIRECTION('',(1.,0.,0.));
#16003=DIRECTION('',(7.74529420095071E-32,-1.,-6.32451267283211E-16));
#16004=DIRECTION('',(7.74529420095071E-32,-1.,-6.32451267283211E-16));
#16005=DIRECTION('',(1.,0.,0.));
#16006=DIRECTION('',(7.74529420095071E-32,-1.,-6.32451267283211E-16));
#16007=DIRECTION('',(7.74529420095071E-32,-1.,-6.32451267283211E-16));
#16008=DIRECTION('',(1.,0.,0.));
#16009=DIRECTION('',(7.74529420095071E-32,-1.,-6.32451267283211E-16));
#16010=DIRECTION('',(7.74529420095071E-32,-1.,-6.32451267283211E-16));
#16011=DIRECTION('',(1.,0.,0.));
#16012=DIRECTION('',(7.74529420095071E-32,-1.,-6.32451267283211E-16));
#16013=DIRECTION('',(7.74529420095071E-32,-1.,-6.32451267283211E-16));
#16014=DIRECTION('',(1.,0.,0.));
#16015=DIRECTION('',(7.74529420095071E-32,-1.,-6.32451267283211E-16));
#16016=DIRECTION('',(7.74529420095071E-32,-1.,-6.32451267283211E-16));
#16017=DIRECTION('',(1.,0.,0.));
#16018=DIRECTION('',(7.74529420095071E-32,-1.,-6.32451267283211E-16));
#16019=DIRECTION('',(7.74529420095071E-32,-1.,-6.32451267283211E-16));
#16020=DIRECTION('',(1.,0.,0.));
#16021=DIRECTION('',(0.,6.32451267283211E-16,-1.));
#16022=DIRECTION('',(0.,1.,6.32523547428043E-16));
#16023=DIRECTION('',(0.,0.,1.));
#16024=DIRECTION('',(0.,0.,-1.));
#16025=DIRECTION('',(1.,6.36595771000663E-16,0.));
#16026=DIRECTION('',(-6.36643515683488E-16,1.,0.));
#16027=DIRECTION('',(0.,0.,-1.));
#16028=DIRECTION('',(0.,0.,1.));
#16029=DIRECTION('',(-1.,0.,0.));
#16030=DIRECTION('',(0.,0.,1.));
#16031=DIRECTION('',(0.,0.,-1.));
#16032=DIRECTION('',(-1.,0.,0.));
#16033=DIRECTION('',(0.,0.,1.));
#16034=DIRECTION('',(0.,0.,-1.));
#16035=DIRECTION('',(1.,0.,0.));
#16036=DIRECTION('',(0.,0.,-1.));
#16037=DIRECTION('',(0.,0.,-1.));
#16038=DIRECTION('',(0.,0.,1.));
#16039=DIRECTION('',(-1.,6.36595771000663E-16,0.));
#16040=DIRECTION('',(-6.36643515683488E-16,-1.,0.));
#16041=DIRECTION('',(0.,0.,-1.));
#16042=DIRECTION('',(-1.,0.,0.));
#16043=DIRECTION('',(0.,0.,1.));
#16044=DIRECTION('',(0.,-1.,0.));
#16045=DIRECTION('',(1.27553196763001E-15,0.,-1.));
#16046=DIRECTION('',(-1.,0.,-1.27553196763001E-15));
#16047=DIRECTION('',(-1.27588911658094E-15,0.,1.));
#16048=DIRECTION('',(0.,-1.,0.));
#16049=DIRECTION('',(1.,0.,0.));
#16050=DIRECTION('',(0.,1.,0.));
#16051=DIRECTION('',(0.,0.,-1.));
#16052=DIRECTION('',(-1.,0.,0.));
#16053=DIRECTION('',(-2.55106393526001E-15,0.,1.));
#16054=DIRECTION('',(1.,0.,2.55106393526001E-15));
#16055=DIRECTION('',(2.55177823316188E-15,0.,-1.));
#16056=DIRECTION('',(1.,0.,3.52586072353007E-16));
#16057=DIRECTION('',(-1.,0.,-3.52586072353007E-16));
#16058=DIRECTION('',(3.52586072353007E-16,0.,-1.));
#16059=DIRECTION('',(-1.,0.,-3.52582546492286E-16));
#16060=DIRECTION('',(0.,-1.,0.));
#16061=DIRECTION('',(0.,0.,-1.));
#16062=DIRECTION('',(1.,0.,-3.52586072353007E-16));
#16063=DIRECTION('',(-1.,0.,3.52586072353007E-16));
#16064=DIRECTION('',(-3.52586072353007E-16,0.,-1.));
#16065=DIRECTION('',(-1.,0.,3.52582546492286E-16));
#16066=DIRECTION('',(0.,-1.,0.));
#16067=DIRECTION('',(0.,0.,-1.));
#16068=DIRECTION('',(1.,0.,0.));
#16069=DIRECTION('',(0.,1.,1.10257848049373E-16));
#16070=DIRECTION('',(-1.,0.,0.));
#16071=DIRECTION('',(1.,0.,0.));
#16072=DIRECTION('',(0.,-1.10257848049373E-16,1.));
#16073=DIRECTION('',(0.,-1.,-1.10263360941776E-16));
#16074=DIRECTION('',(-1.,0.,0.));
#16075=DIRECTION('',(0.,2.4093381610789E-16,-1.));
#16076=DIRECTION('',(0.,1.,2.4093381610789E-16));
#16077=DIRECTION('',(0.,-2.40909722726279E-16,1.));
#16078=DIRECTION('',(0.,0.,1.));
#16079=DIRECTION('',(-1.,0.,0.));
#16080=DIRECTION('',(0.,0.,1.));
#16081=DIRECTION('',(0.,0.,-1.));
#16082=DIRECTION('',(1.,0.,0.));
#16083=DIRECTION('',(0.,0.,-1.));
#16084=DIRECTION('',(1.,0.,0.));
#16085=DIRECTION('',(0.,1.,0.));
#16086=DIRECTION('',(0.,0.,1.));
#16087=DIRECTION('',(-1.,0.,0.));
#16088=DIRECTION('',(0.,-1.,0.));
#16089=DIRECTION('',(0.,0.,-1.));
#16090=DIRECTION('',(0.,0.,-1.));
#16091=DIRECTION('',(-1.,0.,0.));
#16092=DIRECTION('',(-1.,0.,0.));
#16093=DIRECTION('',(0.,1.,0.));
#16094=DIRECTION('',(0.,0.,1.));
#16095=DIRECTION('',(1.,0.,0.));
#16096=DIRECTION('',(0.,-1.,0.));
#16097=DIRECTION('',(0.,0.,-1.));
#16098=DIRECTION('',(0.,0.,-1.));
#16099=DIRECTION('',(-1.,0.,0.));
#16100=DIRECTION('',(0.,1.,0.));
#16101=DIRECTION('',(1.,0.,0.));
#16102=DIRECTION('',(0.,1.,0.));
#16103=DIRECTION('',(1.,0.,1.22464679914735E-16));
#16104=DIRECTION('',(1.22298005056365E-16,0.,-1.));
#16105=DIRECTION('',(0.,1.,0.));
#16106=DIRECTION('',(1.,0.,0.));
#16107=DIRECTION('',(0.,1.,0.));
#16108=DIRECTION('',(1.,0.,1.22464679914735E-16));
#16109=DIRECTION('',(1.22298005056365E-16,0.,-1.));
#16110=DIRECTION('',(-1.,0.,0.));
#16111=DIRECTION('',(-1.,0.,0.));
#16112=DIRECTION('',(0.,0.,1.));
#16113=DIRECTION('',(0.,6.41245931788569E-15,1.));
#16114=DIRECTION('',(-1.,0.,0.));
#16115=DIRECTION('',(0.,6.41245931788569E-15,1.));
#16116=DIRECTION('',(-1.,0.,0.));
#16117=DIRECTION('',(0.,-1.,6.41245931788569E-15));
#16118=DIRECTION('',(0.,-6.41245953905689E-15,-1.));
#16119=DIRECTION('',(1.,0.,0.));
#16120=DIRECTION('',(0.,0.,0.999999999999999));
#16121=DIRECTION('',(-1.,0.,0.));
#16122=DIRECTION('',(1.,0.,0.));
#16123=DIRECTION('',(0.,0.,0.999999999999999));
#16124=DIRECTION('',(-1.,0.,0.));
#16125=DIRECTION('',(0.,0.,0.999999999999999));
#16126=DIRECTION('',(0.,-0.828289987882627,-0.560299648378791));
#16127=DIRECTION('',(-1.,0.,0.));
#16128=DIRECTION('',(0.,-0.828289987882627,-0.560299648378791));
#16129=DIRECTION('',(0.,0.560299648378791,-0.828289987882627));
#16130=DIRECTION('',(0.,0.828289987882627,0.560299648378791));
#16131=DIRECTION('',(1.,0.,1.22464679914735E-16));
#16132=DIRECTION('',(0.,-1.,0.));
#16133=DIRECTION('',(0.,-0.997670082571637,0.0682232096980365));
#16134=DIRECTION('',(1.,0.,1.22464679914735E-16));
#16135=DIRECTION('',(1.22298005056365E-16,0.,-1.));
#16136=DIRECTION('',(1.,0.,1.22464679914735E-16));
#16137=DIRECTION('',(0.,-1.,0.));
#16138=DIRECTION('',(0.,-0.997670082571637,0.0682232096980365));
#16139=DIRECTION('',(1.,0.,1.22464679914735E-16));
#16140=DIRECTION('',(1.22298005056365E-16,0.,-1.));
#16141=DIRECTION('',(0.,-0.0682232096980365,-0.997670082571637));
#16142=DIRECTION('',(0.,0.997670082571637,-0.0682232096980365));
#16143=DIRECTION('',(-1.,0.,0.));
#16144=DIRECTION('',(0.,0.,1.));
#16145=DIRECTION('',(0.,-1.,1.54886024640787E-15));
#16146=DIRECTION('',(0.,-1.,1.54886024640787E-15));
#16147=DIRECTION('',(-1.,0.,0.));
#16148=DIRECTION('',(0.,-1.54886024640787E-15,-1.));
#16149=DIRECTION('',(0.,1.,-1.54889122361279E-15));
#16150=DIRECTION('',(0.,0.,-1.));
#16151=DIRECTION('',(0.,1.,1.83357720346813E-16));
#16152=DIRECTION('',(0.,0.,1.));
#16153=DIRECTION('',(0.,-1.,-1.62630325872826E-16));
#16154=DIRECTION('',(0.,0.,1.));
#16155=DIRECTION('',(1.,0.,1.22464679914735E-16));
#16156=DIRECTION('',(1.22298005056365E-16,0.,-1.));
#16157=DIRECTION('',(0.,0.,1.));
#16158=DIRECTION('',(0.,-1.,-1.62630325872826E-16));
#16159=DIRECTION('',(0.,0.,1.));
#16160=DIRECTION('',(0.,1.,1.83357720346813E-16));
#16161=DIRECTION('',(0.,0.,-1.));
#16162=DIRECTION('',(1.,0.,1.22464679914735E-16));
#16163=DIRECTION('',(1.22298005056365E-16,0.,-1.));
#16164=DIRECTION('',(-1.,0.,0.));
#16165=DIRECTION('',(0.,1.,0.));
#16166=DIRECTION('',(0.,0.,1.));
#16167=DIRECTION('',(-1.,0.,0.));
#16168=DIRECTION('',(0.,-1.83357720346813E-16,1.));
#16169=DIRECTION('',(0.,-1.,-1.83358916158033E-16));
#16170=DIRECTION('',(-1.,0.,0.));
#16171=DIRECTION('',(0.,-1.,0.));
#16172=DIRECTION('',(0.,0.,-1.));
#16173=DIRECTION('',(-1.,0.,0.));
#16174=DIRECTION('',(0.,1.62630325872826E-16,-1.));
#16175=DIRECTION('',(0.,1.,1.62630325872826E-16));
#16176=DIRECTION('',(0.,-1.,0.));
#16177=DIRECTION('',(0.,0.,-1.));
#16178=DIRECTION('',(0.,1.,0.));
#16179=DIRECTION('',(1.,0.,0.));
#16180=DIRECTION('',(0.,1.,0.));
#16181=DIRECTION('',(1.,0.,1.22464679914735E-16));
#16182=DIRECTION('',(1.22298005056365E-16,0.,-1.));
#16183=DIRECTION('',(0.,1.,0.));
#16184=DIRECTION('',(1.,0.,0.));
#16185=DIRECTION('',(0.,1.,0.));
#16186=DIRECTION('',(1.,0.,1.22464679914735E-16));
#16187=DIRECTION('',(1.22298005056365E-16,0.,-1.));
#16188=DIRECTION('',(-1.,0.,0.));
#16189=DIRECTION('',(-1.,0.,0.));
#16190=DIRECTION('',(0.,0.,1.));
#16191=DIRECTION('',(0.,1.,0.));
#16192=DIRECTION('',(1.,0.,0.));
#16193=DIRECTION('',(0.,1.,0.));
#16194=DIRECTION('',(1.,0.,1.22464679914735E-16));
#16195=DIRECTION('',(1.22298005056365E-16,0.,-1.));
#16196=DIRECTION('',(0.,1.,0.));
#16197=DIRECTION('',(1.,0.,0.));
#16198=DIRECTION('',(0.,1.,0.));
#16199=DIRECTION('',(1.,0.,1.22464679914735E-16));
#16200=DIRECTION('',(1.22298005056365E-16,0.,-1.));
#16201=DIRECTION('',(-1.,0.,0.));
#16202=DIRECTION('',(-1.,0.,0.));
#16203=DIRECTION('',(0.,0.,1.));
#16204=DIRECTION('',(0.,1.,0.));
#16205=DIRECTION('',(1.,0.,0.));
#16206=DIRECTION('',(0.,1.,0.));
#16207=DIRECTION('',(1.,0.,1.22464679914735E-16));
#16208=DIRECTION('',(1.22298005056365E-16,0.,-1.));
#16209=DIRECTION('',(0.,1.,0.));
#16210=DIRECTION('',(1.,0.,0.));
#16211=DIRECTION('',(0.,1.,0.));
#16212=DIRECTION('',(1.,0.,1.22464679914735E-16));
#16213=DIRECTION('',(1.22298005056365E-16,0.,-1.));
#16214=DIRECTION('',(-1.,0.,0.));
#16215=DIRECTION('',(-1.,0.,0.));
#16216=DIRECTION('',(0.,0.,1.));
#16217=DIRECTION('',(0.,1.,0.));
#16218=DIRECTION('',(1.,0.,0.));
#16219=DIRECTION('',(0.,1.,0.));
#16220=DIRECTION('',(1.,0.,1.22464679914735E-16));
#16221=DIRECTION('',(1.22298005056365E-16,0.,-1.));
#16222=DIRECTION('',(0.,1.,0.));
#16223=DIRECTION('',(1.,0.,0.));
#16224=DIRECTION('',(0.,1.,0.));
#16225=DIRECTION('',(1.,0.,1.22464679914735E-16));
#16226=DIRECTION('',(1.22298005056365E-16,0.,-1.));
#16227=DIRECTION('',(-1.,0.,0.));
#16228=DIRECTION('',(-1.,0.,0.));
#16229=DIRECTION('',(0.,0.,1.));
#16230=DIRECTION('',(0.,1.,0.));
#16231=DIRECTION('',(1.,0.,0.));
#16232=DIRECTION('',(0.,1.,0.));
#16233=DIRECTION('',(1.,0.,1.22464679914735E-16));
#16234=DIRECTION('',(1.22298005056365E-16,0.,-1.));
#16235=DIRECTION('',(0.,1.,0.));
#16236=DIRECTION('',(1.,0.,0.));
#16237=DIRECTION('',(0.,1.,0.));
#16238=DIRECTION('',(1.,0.,1.22464679914735E-16));
#16239=DIRECTION('',(1.22298005056365E-16,0.,-1.));
#16240=DIRECTION('',(-1.,0.,0.));
#16241=DIRECTION('',(-1.,0.,0.));
#16242=DIRECTION('',(0.,0.,1.));
#16243=DIRECTION('',(0.,1.,0.));
#16244=DIRECTION('',(1.,0.,0.));
#16245=DIRECTION('',(0.,1.,0.));
#16246=DIRECTION('',(1.,0.,1.22464679914735E-16));
#16247=DIRECTION('',(1.22298005056365E-16,0.,-1.));
#16248=DIRECTION('',(0.,1.,0.));
#16249=DIRECTION('',(1.,0.,0.));
#16250=DIRECTION('',(0.,1.,0.));
#16251=DIRECTION('',(1.,0.,1.22464679914735E-16));
#16252=DIRECTION('',(1.22298005056365E-16,0.,-1.));
#16253=DIRECTION('',(-1.,0.,0.));
#16254=DIRECTION('',(-1.,0.,0.));
#16255=DIRECTION('',(0.,0.,1.));
#16256=DIRECTION('',(0.,1.,0.));
#16257=DIRECTION('',(1.,0.,0.));
#16258=DIRECTION('',(0.,1.,0.));
#16259=DIRECTION('',(1.,0.,1.22464679914735E-16));
#16260=DIRECTION('',(1.22298005056365E-16,0.,-1.));
#16261=DIRECTION('',(0.,1.,0.));
#16262=DIRECTION('',(1.,0.,0.));
#16263=DIRECTION('',(0.,1.,0.));
#16264=DIRECTION('',(1.,0.,1.22464679914735E-16));
#16265=DIRECTION('',(1.22298005056365E-16,0.,-1.));
#16266=DIRECTION('',(-1.,0.,0.));
#16267=DIRECTION('',(-1.,0.,0.));
#16268=DIRECTION('',(0.,0.,1.));
#16269=DIRECTION('',(0.,1.,0.));
#16270=DIRECTION('',(1.,0.,0.));
#16271=DIRECTION('',(0.,1.,0.));
#16272=DIRECTION('',(1.,0.,1.22464679914735E-16));
#16273=DIRECTION('',(1.22298005056365E-16,0.,-1.));
#16274=DIRECTION('',(0.,1.,0.));
#16275=DIRECTION('',(1.,0.,0.));
#16276=DIRECTION('',(0.,1.,0.));
#16277=DIRECTION('',(1.,0.,1.22464679914735E-16));
#16278=DIRECTION('',(1.22298005056365E-16,0.,-1.));
#16279=DIRECTION('',(-1.,0.,0.));
#16280=DIRECTION('',(-1.,0.,0.));
#16281=DIRECTION('',(0.,0.,1.));
#16282=DIRECTION('',(0.,1.,0.));
#16283=DIRECTION('',(1.,0.,0.));
#16284=DIRECTION('',(0.,1.,0.));
#16285=DIRECTION('',(1.,0.,1.22464679914735E-16));
#16286=DIRECTION('',(1.22298005056365E-16,0.,-1.));
#16287=DIRECTION('',(0.,1.,0.));
#16288=DIRECTION('',(1.,0.,0.));
#16289=DIRECTION('',(0.,1.,0.));
#16290=DIRECTION('',(1.,0.,1.22464679914735E-16));
#16291=DIRECTION('',(1.22298005056365E-16,0.,-1.));
#16292=DIRECTION('',(-1.,0.,0.));
#16293=DIRECTION('',(-1.,0.,0.));
#16294=DIRECTION('',(0.,0.,1.));
#16295=DIRECTION('',(0.,1.,0.));
#16296=DIRECTION('',(1.,0.,0.));
#16297=DIRECTION('',(0.,1.,0.));
#16298=DIRECTION('',(1.,0.,1.22464679914735E-16));
#16299=DIRECTION('',(1.22514845490862E-16,0.,-1.));
#16300=DIRECTION('',(0.,1.,0.));
#16301=DIRECTION('',(1.,0.,0.));
#16302=DIRECTION('',(0.,1.,0.));
#16303=DIRECTION('',(1.,0.,1.22464679914735E-16));
#16304=DIRECTION('',(1.22298005056365E-16,0.,-1.));
#16305=DIRECTION('',(-1.,0.,0.));
#16306=DIRECTION('',(-1.,0.,0.));
#16307=DIRECTION('',(0.,0.,1.));
#16308=DIRECTION('',(0.,1.,0.));
#16309=DIRECTION('',(1.,0.,0.));
#16310=DIRECTION('',(0.,1.,0.));
#16311=DIRECTION('',(1.,0.,1.22464679914735E-16));
#16312=DIRECTION('',(1.22514845490862E-16,0.,-1.));
#16313=DIRECTION('',(0.,1.,0.));
#16314=DIRECTION('',(1.,0.,0.));
#16315=DIRECTION('',(0.,1.,0.));
#16316=DIRECTION('',(1.,0.,1.22464679914735E-16));
#16317=DIRECTION('',(1.22514845490862E-16,0.,-1.));
#16318=DIRECTION('',(-1.,0.,0.));
#16319=DIRECTION('',(-1.,0.,0.));
#16320=DIRECTION('',(0.,0.,1.));
#16321=DIRECTION('',(0.,1.,0.));
#16322=DIRECTION('',(1.,0.,0.));
#16323=DIRECTION('',(0.,1.,0.));
#16324=DIRECTION('',(1.,0.,1.22464679914735E-16));
#16325=DIRECTION('',(1.22514845490862E-16,0.,-1.));
#16326=DIRECTION('',(0.,1.,0.));
#16327=DIRECTION('',(1.,0.,0.));
#16328=DIRECTION('',(0.,1.,0.));
#16329=DIRECTION('',(1.,0.,1.22464679914735E-16));
#16330=DIRECTION('',(1.22514845490862E-16,0.,-1.));
#16331=DIRECTION('',(-1.,0.,0.));
#16332=DIRECTION('',(-1.,0.,0.));
#16333=DIRECTION('',(0.,0.,1.));
#16334=DIRECTION('',(0.,1.,0.));
#16335=DIRECTION('',(1.,0.,0.));
#16336=DIRECTION('',(0.,1.,0.));
#16337=DIRECTION('',(1.,0.,1.22464679914735E-16));
#16338=DIRECTION('',(1.22460635382238E-16,0.,-1.));
#16339=DIRECTION('',(0.,1.,0.));
#16340=DIRECTION('',(1.,0.,0.));
#16341=DIRECTION('',(0.,1.,0.));
#16342=DIRECTION('',(1.,0.,1.22464679914735E-16));
#16343=DIRECTION('',(1.22514845490862E-16,0.,-1.));
#16344=DIRECTION('',(-1.,0.,0.));
#16345=DIRECTION('',(-1.,0.,0.));
#16346=DIRECTION('',(0.,0.,1.));
#16347=DIRECTION('',(0.,1.,0.));
#16348=DIRECTION('',(1.,0.,0.));
#16349=DIRECTION('',(0.,1.,0.));
#16350=DIRECTION('',(1.,0.,1.22464679914735E-16));
#16351=DIRECTION('',(1.22460635382238E-16,0.,-1.));
#16352=DIRECTION('',(0.,1.,0.));
#16353=DIRECTION('',(1.,0.,0.));
#16354=DIRECTION('',(0.,1.,0.));
#16355=DIRECTION('',(1.,0.,1.22464679914735E-16));
#16356=DIRECTION('',(1.22460635382238E-16,0.,-1.));
#16357=DIRECTION('',(-1.,0.,0.));
#16358=DIRECTION('',(-1.,0.,0.));
#16359=DIRECTION('',(0.,0.,1.));
#16360=DIRECTION('',(0.,1.,0.));
#16361=DIRECTION('',(1.,0.,0.));
#16362=DIRECTION('',(0.,1.,0.));
#16363=DIRECTION('',(1.,0.,1.22464679914735E-16));
#16364=DIRECTION('',(1.22514845490862E-16,0.,-1.));
#16365=DIRECTION('',(0.,1.,0.));
#16366=DIRECTION('',(1.,0.,0.));
#16367=DIRECTION('',(0.,1.,0.));
#16368=DIRECTION('',(1.,0.,1.22464679914735E-16));
#16369=DIRECTION('',(1.22460635382238E-16,0.,-1.));
#16370=DIRECTION('',(-1.,0.,0.));
#16371=DIRECTION('',(-1.,0.,0.));
#16372=DIRECTION('',(0.,0.,1.));
#16373=DIRECTION('',(0.,1.,0.));
#16374=DIRECTION('',(1.,0.,0.));
#16375=DIRECTION('',(0.,1.,0.));
#16376=DIRECTION('',(1.,0.,1.22464679914735E-16));
#16377=DIRECTION('',(1.22514845490862E-16,0.,-1.));
#16378=DIRECTION('',(0.,1.,0.));
#16379=DIRECTION('',(1.,0.,0.));
#16380=DIRECTION('',(0.,1.,0.));
#16381=DIRECTION('',(1.,0.,1.22464679914735E-16));
#16382=DIRECTION('',(1.22514845490862E-16,0.,-1.));
#16383=DIRECTION('',(-1.,0.,0.));
#16384=DIRECTION('',(-1.,0.,0.));
#16385=DIRECTION('',(0.,0.,1.));
#16386=DIRECTION('',(0.,1.,0.));
#16387=DIRECTION('',(1.,0.,0.));
#16388=DIRECTION('',(0.,1.,0.));
#16389=DIRECTION('',(1.,0.,1.22464679914735E-16));
#16390=DIRECTION('',(1.22514845490862E-16,0.,-1.));
#16391=DIRECTION('',(0.,1.,0.));
#16392=DIRECTION('',(1.,0.,0.));
#16393=DIRECTION('',(0.,1.,0.));
#16394=DIRECTION('',(1.,0.,1.22464679914735E-16));
#16395=DIRECTION('',(1.22514845490862E-16,0.,-1.));
#16396=DIRECTION('',(-1.,0.,0.));
#16397=DIRECTION('',(-1.,0.,0.));
#16398=DIRECTION('',(0.,0.,1.));
#16399=DIRECTION('',(0.,1.,0.));
#16400=DIRECTION('',(1.,0.,0.));
#16401=DIRECTION('',(0.,1.,0.));
#16402=DIRECTION('',(1.,0.,1.22464679914735E-16));
#16403=DIRECTION('',(1.22298005056365E-16,0.,-1.));
#16404=DIRECTION('',(0.,1.,0.));
#16405=DIRECTION('',(1.,0.,0.));
#16406=DIRECTION('',(0.,1.,0.));
#16407=DIRECTION('',(1.,0.,1.22464679914735E-16));
#16408=DIRECTION('',(1.22514845490862E-16,0.,-1.));
#16409=DIRECTION('',(-1.,0.,0.));
#16410=DIRECTION('',(-1.,0.,0.));
#16411=DIRECTION('',(0.,0.,1.));
#16412=DIRECTION('',(0.,1.,0.));
#16413=DIRECTION('',(1.,0.,0.));
#16414=DIRECTION('',(0.,1.,0.));
#16415=DIRECTION('',(1.,0.,1.22464679914735E-16));
#16416=DIRECTION('',(1.22298005056365E-16,0.,-1.));
#16417=DIRECTION('',(0.,1.,0.));
#16418=DIRECTION('',(1.,0.,0.));
#16419=DIRECTION('',(0.,1.,0.));
#16420=DIRECTION('',(1.,0.,1.22464679914735E-16));
#16421=DIRECTION('',(1.22298005056365E-16,0.,-1.));
#16422=DIRECTION('',(-1.,0.,0.));
#16423=DIRECTION('',(-1.,0.,0.));
#16424=DIRECTION('',(0.,0.,1.));
#16425=DIRECTION('',(0.,1.,0.));
#16426=DIRECTION('',(1.,0.,0.));
#16427=DIRECTION('',(0.,1.,0.));
#16428=DIRECTION('',(1.,0.,1.22464679914735E-16));
#16429=DIRECTION('',(1.22298005056365E-16,0.,-1.));
#16430=DIRECTION('',(0.,1.,0.));
#16431=DIRECTION('',(1.,0.,0.));
#16432=DIRECTION('',(0.,1.,0.));
#16433=DIRECTION('',(1.,0.,1.22464679914735E-16));
#16434=DIRECTION('',(1.22298005056365E-16,0.,-1.));
#16435=DIRECTION('',(-1.,0.,0.));
#16436=DIRECTION('',(-1.,0.,0.));
#16437=DIRECTION('',(0.,0.,1.));
#16438=DIRECTION('',(0.,1.,0.));
#16439=DIRECTION('',(1.,0.,0.));
#16440=DIRECTION('',(0.,1.,0.));
#16441=DIRECTION('',(1.,0.,1.22464679914735E-16));
#16442=DIRECTION('',(1.22298005056365E-16,0.,-1.));
#16443=DIRECTION('',(0.,1.,0.));
#16444=DIRECTION('',(1.,0.,0.));
#16445=DIRECTION('',(0.,1.,0.));
#16446=DIRECTION('',(1.,0.,1.22464679914735E-16));
#16447=DIRECTION('',(1.22298005056365E-16,0.,-1.));
#16448=DIRECTION('',(-1.,0.,0.));
#16449=DIRECTION('',(-1.,0.,0.));
#16450=DIRECTION('',(0.,0.,1.));
#16451=DIRECTION('',(0.,1.,0.));
#16452=DIRECTION('',(1.,0.,0.));
#16453=DIRECTION('',(0.,1.,0.));
#16454=DIRECTION('',(1.,0.,1.22464679914735E-16));
#16455=DIRECTION('',(1.22298005056365E-16,0.,-1.));
#16456=DIRECTION('',(0.,1.,0.));
#16457=DIRECTION('',(1.,0.,0.));
#16458=DIRECTION('',(0.,1.,0.));
#16459=DIRECTION('',(1.,0.,1.22464679914735E-16));
#16460=DIRECTION('',(1.22298005056365E-16,0.,-1.));
#16461=DIRECTION('',(-1.,0.,0.));
#16462=DIRECTION('',(-1.,0.,0.));
#16463=DIRECTION('',(0.,0.,1.));
#16464=DIRECTION('',(0.,1.,0.));
#16465=DIRECTION('',(1.,0.,0.));
#16466=DIRECTION('',(0.,1.,0.));
#16467=DIRECTION('',(1.,0.,1.22464679914735E-16));
#16468=DIRECTION('',(1.22298005056365E-16,0.,-1.));
#16469=DIRECTION('',(0.,1.,0.));
#16470=DIRECTION('',(1.,0.,0.));
#16471=DIRECTION('',(0.,1.,0.));
#16472=DIRECTION('',(1.,0.,1.22464679914735E-16));
#16473=DIRECTION('',(1.22298005056365E-16,0.,-1.));
#16474=DIRECTION('',(-1.,0.,0.));
#16475=DIRECTION('',(-1.,0.,0.));
#16476=DIRECTION('',(0.,0.,1.));
#16477=DIRECTION('',(0.,1.,0.));
#16478=DIRECTION('',(1.,0.,0.));
#16479=DIRECTION('',(0.,1.,0.));
#16480=DIRECTION('',(1.,0.,1.22464679914735E-16));
#16481=DIRECTION('',(1.22298005056365E-16,0.,-1.));
#16482=DIRECTION('',(0.,1.,0.));
#16483=DIRECTION('',(1.,0.,0.));
#16484=DIRECTION('',(0.,1.,0.));
#16485=DIRECTION('',(1.,0.,1.22464679914735E-16));
#16486=DIRECTION('',(1.22298005056365E-16,0.,-1.));
#16487=DIRECTION('',(-1.,0.,0.));
#16488=DIRECTION('',(-1.,0.,0.));
#16489=DIRECTION('',(0.,0.,1.));
#16490=DIRECTION('',(0.,1.,0.));
#16491=DIRECTION('',(1.,0.,0.));
#16492=DIRECTION('',(0.,1.,0.));
#16493=DIRECTION('',(1.,0.,1.22464679914735E-16));
#16494=DIRECTION('',(1.22298005056365E-16,0.,-1.));
#16495=DIRECTION('',(0.,1.,0.));
#16496=DIRECTION('',(1.,0.,0.));
#16497=DIRECTION('',(0.,1.,0.));
#16498=DIRECTION('',(1.,0.,1.22464679914735E-16));
#16499=DIRECTION('',(1.22298005056365E-16,0.,-1.));
#16500=DIRECTION('',(-1.,0.,0.));
#16501=DIRECTION('',(-1.,0.,0.));
#16502=DIRECTION('',(0.,0.,1.));
#16503=DIRECTION('',(0.,1.,0.));
#16504=DIRECTION('',(1.,0.,0.));
#16505=DIRECTION('',(0.,1.,0.));
#16506=DIRECTION('',(1.,0.,1.22464679914735E-16));
#16507=DIRECTION('',(1.22298005056365E-16,0.,-1.));
#16508=DIRECTION('',(0.,1.,0.));
#16509=DIRECTION('',(1.,0.,0.));
#16510=DIRECTION('',(0.,1.,0.));
#16511=DIRECTION('',(1.,0.,1.22464679914735E-16));
#16512=DIRECTION('',(1.22298005056365E-16,0.,-1.));
#16513=DIRECTION('',(-1.,0.,0.));
#16514=DIRECTION('',(-1.,0.,0.));
#16515=DIRECTION('',(0.,0.,1.));
#16516=DIRECTION('',(0.,6.41245931788569E-15,1.));
#16517=DIRECTION('',(-1.,0.,0.));
#16518=DIRECTION('',(0.,6.41245931788569E-15,1.));
#16519=DIRECTION('',(-1.,0.,0.));
#16520=DIRECTION('',(0.,-1.,6.41245931788569E-15));
#16521=DIRECTION('',(0.,-6.41245953905689E-15,-1.));
#16522=DIRECTION('',(1.,0.,0.));
#16523=DIRECTION('',(0.,0.,0.999999999999999));
#16524=DIRECTION('',(-1.,0.,0.));
#16525=DIRECTION('',(1.,0.,0.));
#16526=DIRECTION('',(0.,0.,0.999999999999999));
#16527=DIRECTION('',(-1.,0.,0.));
#16528=DIRECTION('',(0.,0.,0.999999999999999));
#16529=DIRECTION('',(0.,-0.828289987882627,-0.560299648378791));
#16530=DIRECTION('',(-1.,0.,0.));
#16531=DIRECTION('',(0.,-0.828289987882627,-0.560299648378791));
#16532=DIRECTION('',(0.,0.560299648378791,-0.828289987882627));
#16533=DIRECTION('',(0.,0.828289987882627,0.560299648378791));
#16534=DIRECTION('',(1.,0.,1.22464679914735E-16));
#16535=DIRECTION('',(0.,-1.,0.));
#16536=DIRECTION('',(0.,-0.997670082571637,0.0682232096980365));
#16537=DIRECTION('',(1.,0.,1.22464679914735E-16));
#16538=DIRECTION('',(1.22298005056365E-16,0.,-1.));
#16539=DIRECTION('',(1.,0.,1.22464679914735E-16));
#16540=DIRECTION('',(0.,-1.,0.));
#16541=DIRECTION('',(0.,-0.997670082571637,0.0682232096980365));
#16542=DIRECTION('',(1.,0.,1.22464679914735E-16));
#16543=DIRECTION('',(1.22298005056365E-16,0.,-1.));
#16544=DIRECTION('',(0.,-0.0682232096980365,-0.997670082571637));
#16545=DIRECTION('',(0.,0.997670082571637,-0.0682232096980365));
#16546=DIRECTION('',(-1.,0.,0.));
#16547=DIRECTION('',(0.,0.,1.));
#16548=DIRECTION('',(0.,6.41245931788569E-15,1.));
#16549=DIRECTION('',(-1.,0.,0.));
#16550=DIRECTION('',(0.,6.41245931788569E-15,1.));
#16551=DIRECTION('',(-1.,0.,0.));
#16552=DIRECTION('',(0.,-1.,6.41245931788569E-15));
#16553=DIRECTION('',(0.,-6.41245953905689E-15,-1.));
#16554=DIRECTION('',(1.,0.,0.));
#16555=DIRECTION('',(0.,0.,0.999999999999999));
#16556=DIRECTION('',(-1.,0.,0.));
#16557=DIRECTION('',(1.,0.,0.));
#16558=DIRECTION('',(0.,0.,0.999999999999999));
#16559=DIRECTION('',(-1.,0.,0.));
#16560=DIRECTION('',(0.,0.,0.999999999999999));
#16561=DIRECTION('',(0.,-0.828289987882627,-0.560299648378791));
#16562=DIRECTION('',(-1.,0.,0.));
#16563=DIRECTION('',(0.,-0.828289987882627,-0.560299648378791));
#16564=DIRECTION('',(0.,0.560299648378791,-0.828289987882627));
#16565=DIRECTION('',(0.,0.828289987882627,0.560299648378791));
#16566=DIRECTION('',(1.,0.,1.22464679914735E-16));
#16567=DIRECTION('',(0.,-1.,0.));
#16568=DIRECTION('',(0.,-0.997670082571637,0.0682232096980365));
#16569=DIRECTION('',(1.,0.,1.22464679914735E-16));
#16570=DIRECTION('',(1.22298005056365E-16,0.,-1.));
#16571=DIRECTION('',(1.,0.,1.22464679914735E-16));
#16572=DIRECTION('',(0.,-1.,0.));
#16573=DIRECTION('',(0.,-0.997670082571637,0.0682232096980365));
#16574=DIRECTION('',(1.,0.,1.22464679914735E-16));
#16575=DIRECTION('',(1.22298005056365E-16,0.,-1.));
#16576=DIRECTION('',(0.,-0.0682232096980365,-0.997670082571637));
#16577=DIRECTION('',(0.,0.997670082571637,-0.0682232096980365));
#16578=DIRECTION('',(-1.,0.,0.));
#16579=DIRECTION('',(0.,0.,1.));
#16580=DIRECTION('',(0.,6.41245931788569E-15,1.));
#16581=DIRECTION('',(-1.,0.,0.));
#16582=DIRECTION('',(0.,6.41245931788569E-15,1.));
#16583=DIRECTION('',(-1.,0.,0.));
#16584=DIRECTION('',(0.,-1.,6.41245931788569E-15));
#16585=DIRECTION('',(0.,-6.41245953905689E-15,-1.));
#16586=DIRECTION('',(1.,0.,0.));
#16587=DIRECTION('',(0.,0.,0.999999999999999));
#16588=DIRECTION('',(-1.,0.,0.));
#16589=DIRECTION('',(1.,0.,0.));
#16590=DIRECTION('',(0.,0.,0.999999999999999));
#16591=DIRECTION('',(-1.,0.,0.));
#16592=DIRECTION('',(0.,0.,0.999999999999999));
#16593=DIRECTION('',(0.,-0.828289987882627,-0.560299648378791));
#16594=DIRECTION('',(-1.,0.,0.));
#16595=DIRECTION('',(0.,-0.828289987882627,-0.560299648378791));
#16596=DIRECTION('',(0.,0.560299648378791,-0.828289987882627));
#16597=DIRECTION('',(0.,0.828289987882627,0.560299648378791));
#16598=DIRECTION('',(1.,0.,1.22464679914735E-16));
#16599=DIRECTION('',(0.,-1.,0.));
#16600=DIRECTION('',(0.,-0.997670082571637,0.0682232096980365));
#16601=DIRECTION('',(1.,0.,1.22464679914735E-16));
#16602=DIRECTION('',(1.22298005056365E-16,0.,-1.));
#16603=DIRECTION('',(1.,0.,1.22464679914735E-16));
#16604=DIRECTION('',(0.,-1.,0.));
#16605=DIRECTION('',(0.,-0.997670082571637,0.0682232096980365));
#16606=DIRECTION('',(1.,0.,1.22464679914735E-16));
#16607=DIRECTION('',(1.22298005056365E-16,0.,-1.));
#16608=DIRECTION('',(0.,-0.0682232096980365,-0.997670082571637));
#16609=DIRECTION('',(0.,0.997670082571637,-0.0682232096980365));
#16610=DIRECTION('',(-1.,0.,0.));
#16611=DIRECTION('',(0.,0.,1.));
#16612=DIRECTION('',(0.,6.41245931788569E-15,1.));
#16613=DIRECTION('',(-1.,0.,0.));
#16614=DIRECTION('',(0.,6.41245931788569E-15,1.));
#16615=DIRECTION('',(-1.,0.,0.));
#16616=DIRECTION('',(0.,-1.,6.41245931788569E-15));
#16617=DIRECTION('',(0.,-6.41245953905689E-15,-1.));
#16618=DIRECTION('',(1.,0.,0.));
#16619=DIRECTION('',(0.,0.,0.999999999999999));
#16620=DIRECTION('',(-1.,0.,0.));
#16621=DIRECTION('',(1.,0.,0.));
#16622=DIRECTION('',(0.,0.,0.999999999999999));
#16623=DIRECTION('',(-1.,0.,0.));
#16624=DIRECTION('',(0.,0.,0.999999999999999));
#16625=DIRECTION('',(0.,-0.828289987882627,-0.560299648378791));
#16626=DIRECTION('',(-1.,0.,0.));
#16627=DIRECTION('',(0.,-0.828289987882627,-0.560299648378791));
#16628=DIRECTION('',(0.,0.560299648378791,-0.828289987882627));
#16629=DIRECTION('',(0.,0.828289987882627,0.560299648378791));
#16630=DIRECTION('',(1.,0.,1.22464679914735E-16));
#16631=DIRECTION('',(0.,-1.,0.));
#16632=DIRECTION('',(0.,-0.997670082571637,0.0682232096980365));
#16633=DIRECTION('',(1.,0.,1.22464679914735E-16));
#16634=DIRECTION('',(1.22298005056365E-16,0.,-1.));
#16635=DIRECTION('',(1.,0.,1.22464679914735E-16));
#16636=DIRECTION('',(0.,-1.,0.));
#16637=DIRECTION('',(0.,-0.997670082571637,0.0682232096980365));
#16638=DIRECTION('',(1.,0.,1.22464679914735E-16));
#16639=DIRECTION('',(1.22298005056365E-16,0.,-1.));
#16640=DIRECTION('',(0.,-0.0682232096980365,-0.997670082571637));
#16641=DIRECTION('',(0.,0.997670082571637,-0.0682232096980365));
#16642=DIRECTION('',(-1.,0.,0.));
#16643=DIRECTION('',(0.,0.,1.));
#16644=DIRECTION('',(0.,6.41245931788569E-15,1.));
#16645=DIRECTION('',(-1.,0.,0.));
#16646=DIRECTION('',(0.,6.41245931788569E-15,1.));
#16647=DIRECTION('',(-1.,0.,0.));
#16648=DIRECTION('',(0.,-1.,6.41245931788569E-15));
#16649=DIRECTION('',(0.,-6.41245953905689E-15,-1.));
#16650=DIRECTION('',(1.,0.,0.));
#16651=DIRECTION('',(0.,0.,0.999999999999999));
#16652=DIRECTION('',(-1.,0.,0.));
#16653=DIRECTION('',(1.,0.,0.));
#16654=DIRECTION('',(0.,0.,0.999999999999999));
#16655=DIRECTION('',(-1.,0.,0.));
#16656=DIRECTION('',(0.,0.,0.999999999999999));
#16657=DIRECTION('',(0.,-0.828289987882627,-0.560299648378791));
#16658=DIRECTION('',(-1.,0.,0.));
#16659=DIRECTION('',(0.,-0.828289987882627,-0.560299648378791));
#16660=DIRECTION('',(0.,0.560299648378791,-0.828289987882627));
#16661=DIRECTION('',(0.,0.828289987882627,0.560299648378791));
#16662=DIRECTION('',(1.,0.,1.22464679914735E-16));
#16663=DIRECTION('',(0.,-1.,0.));
#16664=DIRECTION('',(0.,-0.997670082571637,0.0682232096980365));
#16665=DIRECTION('',(1.,0.,1.22464679914735E-16));
#16666=DIRECTION('',(1.22298005056365E-16,0.,-1.));
#16667=DIRECTION('',(1.,0.,1.22464679914735E-16));
#16668=DIRECTION('',(0.,-1.,0.));
#16669=DIRECTION('',(0.,-0.997670082571637,0.0682232096980365));
#16670=DIRECTION('',(1.,0.,1.22464679914735E-16));
#16671=DIRECTION('',(1.22298005056365E-16,0.,-1.));
#16672=DIRECTION('',(0.,-0.0682232096980365,-0.997670082571637));
#16673=DIRECTION('',(0.,0.997670082571637,-0.0682232096980365));
#16674=DIRECTION('',(-1.,0.,0.));
#16675=DIRECTION('',(0.,0.,1.));
#16676=DIRECTION('',(0.,6.41245931788569E-15,1.));
#16677=DIRECTION('',(-1.,0.,0.));
#16678=DIRECTION('',(0.,6.41245931788569E-15,1.));
#16679=DIRECTION('',(-1.,0.,0.));
#16680=DIRECTION('',(0.,-1.,6.41245931788569E-15));
#16681=DIRECTION('',(0.,-6.41245953905689E-15,-1.));
#16682=DIRECTION('',(1.,0.,0.));
#16683=DIRECTION('',(0.,0.,0.999999999999999));
#16684=DIRECTION('',(-1.,0.,0.));
#16685=DIRECTION('',(1.,0.,0.));
#16686=DIRECTION('',(0.,0.,0.999999999999999));
#16687=DIRECTION('',(-1.,0.,0.));
#16688=DIRECTION('',(0.,0.,0.999999999999999));
#16689=DIRECTION('',(0.,-0.828289987882627,-0.560299648378791));
#16690=DIRECTION('',(-1.,0.,0.));
#16691=DIRECTION('',(0.,-0.828289987882627,-0.560299648378791));
#16692=DIRECTION('',(0.,0.560299648378791,-0.828289987882627));
#16693=DIRECTION('',(0.,0.828289987882627,0.560299648378791));
#16694=DIRECTION('',(1.,0.,1.22464679914735E-16));
#16695=DIRECTION('',(0.,-1.,0.));
#16696=DIRECTION('',(0.,-0.997670082571637,0.0682232096980365));
#16697=DIRECTION('',(1.,0.,1.22464679914735E-16));
#16698=DIRECTION('',(1.22298005056365E-16,0.,-1.));
#16699=DIRECTION('',(1.,0.,1.22464679914735E-16));
#16700=DIRECTION('',(0.,-1.,0.));
#16701=DIRECTION('',(0.,-0.997670082571637,0.0682232096980365));
#16702=DIRECTION('',(1.,0.,1.22464679914735E-16));
#16703=DIRECTION('',(1.22298005056365E-16,0.,-1.));
#16704=DIRECTION('',(0.,-0.0682232096980365,-0.997670082571637));
#16705=DIRECTION('',(0.,0.997670082571637,-0.0682232096980365));
#16706=DIRECTION('',(-1.,0.,0.));
#16707=DIRECTION('',(0.,0.,1.));
#16708=DIRECTION('',(0.,6.41245931788569E-15,1.));
#16709=DIRECTION('',(-1.,0.,0.));
#16710=DIRECTION('',(0.,6.41245931788569E-15,1.));
#16711=DIRECTION('',(-1.,0.,0.));
#16712=DIRECTION('',(0.,-1.,6.41245931788569E-15));
#16713=DIRECTION('',(0.,-6.41245953905689E-15,-1.));
#16714=DIRECTION('',(1.,0.,0.));
#16715=DIRECTION('',(0.,0.,0.999999999999999));
#16716=DIRECTION('',(-1.,0.,0.));
#16717=DIRECTION('',(1.,0.,0.));
#16718=DIRECTION('',(0.,0.,0.999999999999999));
#16719=DIRECTION('',(-1.,0.,0.));
#16720=DIRECTION('',(0.,0.,0.999999999999999));
#16721=DIRECTION('',(0.,-0.828289987882627,-0.560299648378791));
#16722=DIRECTION('',(-1.,0.,0.));
#16723=DIRECTION('',(0.,-0.828289987882627,-0.560299648378791));
#16724=DIRECTION('',(0.,0.560299648378791,-0.828289987882627));
#16725=DIRECTION('',(0.,0.828289987882627,0.560299648378791));
#16726=DIRECTION('',(1.,0.,1.22464679914735E-16));
#16727=DIRECTION('',(0.,-1.,0.));
#16728=DIRECTION('',(0.,-0.997670082571637,0.0682232096980365));
#16729=DIRECTION('',(1.,0.,1.22464679914735E-16));
#16730=DIRECTION('',(1.22298005056365E-16,0.,-1.));
#16731=DIRECTION('',(1.,0.,1.22464679914735E-16));
#16732=DIRECTION('',(0.,-1.,0.));
#16733=DIRECTION('',(0.,-0.997670082571637,0.0682232096980365));
#16734=DIRECTION('',(1.,0.,1.22464679914735E-16));
#16735=DIRECTION('',(1.22298005056365E-16,0.,-1.));
#16736=DIRECTION('',(0.,-0.0682232096980365,-0.997670082571637));
#16737=DIRECTION('',(0.,0.997670082571637,-0.0682232096980365));
#16738=DIRECTION('',(-1.,0.,0.));
#16739=DIRECTION('',(0.,0.,1.));
#16740=DIRECTION('',(0.,6.41245931788569E-15,1.));
#16741=DIRECTION('',(-1.,0.,0.));
#16742=DIRECTION('',(0.,6.41245931788569E-15,1.));
#16743=DIRECTION('',(-1.,0.,0.));
#16744=DIRECTION('',(0.,-1.,6.41245931788569E-15));
#16745=DIRECTION('',(0.,-6.41245953905689E-15,-1.));
#16746=DIRECTION('',(1.,0.,0.));
#16747=DIRECTION('',(0.,0.,0.999999999999999));
#16748=DIRECTION('',(-1.,0.,0.));
#16749=DIRECTION('',(1.,0.,0.));
#16750=DIRECTION('',(0.,0.,0.999999999999999));
#16751=DIRECTION('',(-1.,0.,0.));
#16752=DIRECTION('',(0.,0.,0.999999999999999));
#16753=DIRECTION('',(0.,-0.828289987882627,-0.560299648378791));
#16754=DIRECTION('',(-1.,0.,0.));
#16755=DIRECTION('',(0.,-0.828289987882627,-0.560299648378791));
#16756=DIRECTION('',(0.,0.560299648378791,-0.828289987882627));
#16757=DIRECTION('',(0.,0.828289987882627,0.560299648378791));
#16758=DIRECTION('',(1.,0.,1.22464679914735E-16));
#16759=DIRECTION('',(0.,-1.,0.));
#16760=DIRECTION('',(0.,-0.997670082571637,0.0682232096980365));
#16761=DIRECTION('',(1.,0.,1.22464679914735E-16));
#16762=DIRECTION('',(1.22298005056365E-16,0.,-1.));
#16763=DIRECTION('',(1.,0.,1.22464679914735E-16));
#16764=DIRECTION('',(0.,-1.,0.));
#16765=DIRECTION('',(0.,-0.997670082571637,0.0682232096980365));
#16766=DIRECTION('',(1.,0.,1.22464679914735E-16));
#16767=DIRECTION('',(1.22298005056365E-16,0.,-1.));
#16768=DIRECTION('',(0.,-0.0682232096980365,-0.997670082571637));
#16769=DIRECTION('',(0.,0.997670082571637,-0.0682232096980365));
#16770=DIRECTION('',(-1.,0.,0.));
#16771=DIRECTION('',(0.,0.,1.));
#16772=DIRECTION('',(0.,6.41245931788569E-15,1.));
#16773=DIRECTION('',(-1.,0.,0.));
#16774=DIRECTION('',(0.,6.41245931788569E-15,1.));
#16775=DIRECTION('',(-1.,0.,0.));
#16776=DIRECTION('',(0.,-1.,6.41245931788569E-15));
#16777=DIRECTION('',(0.,-6.41245953905689E-15,-1.));
#16778=DIRECTION('',(1.,0.,0.));
#16779=DIRECTION('',(0.,0.,0.999999999999999));
#16780=DIRECTION('',(-1.,0.,0.));
#16781=DIRECTION('',(1.,0.,0.));
#16782=DIRECTION('',(0.,0.,0.999999999999999));
#16783=DIRECTION('',(-1.,0.,0.));
#16784=DIRECTION('',(0.,0.,0.999999999999999));
#16785=DIRECTION('',(0.,-0.828289987882627,-0.560299648378791));
#16786=DIRECTION('',(-1.,0.,0.));
#16787=DIRECTION('',(0.,-0.828289987882627,-0.560299648378791));
#16788=DIRECTION('',(0.,0.560299648378791,-0.828289987882627));
#16789=DIRECTION('',(0.,0.828289987882627,0.560299648378791));
#16790=DIRECTION('',(1.,0.,1.22464679914735E-16));
#16791=DIRECTION('',(0.,-1.,0.));
#16792=DIRECTION('',(0.,-0.997670082571637,0.0682232096980365));
#16793=DIRECTION('',(1.,0.,1.22464679914735E-16));
#16794=DIRECTION('',(1.22298005056365E-16,0.,-1.));
#16795=DIRECTION('',(1.,0.,1.22464679914735E-16));
#16796=DIRECTION('',(0.,-1.,0.));
#16797=DIRECTION('',(0.,-0.997670082571637,0.0682232096980365));
#16798=DIRECTION('',(1.,0.,1.22464679914735E-16));
#16799=DIRECTION('',(1.22298005056365E-16,0.,-1.));
#16800=DIRECTION('',(0.,-0.0682232096980365,-0.997670082571637));
#16801=DIRECTION('',(0.,0.997670082571637,-0.0682232096980365));
#16802=DIRECTION('',(-1.,0.,0.));
#16803=DIRECTION('',(0.,0.,1.));
#16804=DIRECTION('',(0.,6.41245931788569E-15,1.));
#16805=DIRECTION('',(-1.,0.,0.));
#16806=DIRECTION('',(0.,6.41245931788569E-15,1.));
#16807=DIRECTION('',(-1.,0.,0.));
#16808=DIRECTION('',(0.,-1.,6.41245931788569E-15));
#16809=DIRECTION('',(0.,-6.41245953905689E-15,-1.));
#16810=DIRECTION('',(1.,0.,0.));
#16811=DIRECTION('',(0.,0.,0.999999999999999));
#16812=DIRECTION('',(-1.,0.,0.));
#16813=DIRECTION('',(1.,0.,0.));
#16814=DIRECTION('',(0.,0.,0.999999999999999));
#16815=DIRECTION('',(-1.,0.,0.));
#16816=DIRECTION('',(0.,0.,0.999999999999999));
#16817=DIRECTION('',(0.,-0.828289987882627,-0.560299648378791));
#16818=DIRECTION('',(-1.,0.,0.));
#16819=DIRECTION('',(0.,-0.828289987882627,-0.560299648378791));
#16820=DIRECTION('',(0.,0.560299648378791,-0.828289987882627));
#16821=DIRECTION('',(0.,0.828289987882627,0.560299648378791));
#16822=DIRECTION('',(1.,0.,1.22464679914735E-16));
#16823=DIRECTION('',(0.,-1.,0.));
#16824=DIRECTION('',(0.,-0.997670082571637,0.0682232096980365));
#16825=DIRECTION('',(1.,0.,1.22464679914735E-16));
#16826=DIRECTION('',(1.22514845490862E-16,0.,-1.));
#16827=DIRECTION('',(1.,0.,1.22464679914735E-16));
#16828=DIRECTION('',(0.,-1.,0.));
#16829=DIRECTION('',(0.,-0.997670082571637,0.0682232096980365));
#16830=DIRECTION('',(1.,0.,1.22464679914735E-16));
#16831=DIRECTION('',(1.22298005056365E-16,0.,-1.));
#16832=DIRECTION('',(0.,-0.0682232096980365,-0.997670082571637));
#16833=DIRECTION('',(0.,0.997670082571637,-0.0682232096980365));
#16834=DIRECTION('',(-1.,0.,0.));
#16835=DIRECTION('',(0.,0.,1.));
#16836=DIRECTION('',(0.,6.41245931788569E-15,1.));
#16837=DIRECTION('',(-1.,0.,0.));
#16838=DIRECTION('',(0.,6.41245931788569E-15,1.));
#16839=DIRECTION('',(-1.,0.,0.));
#16840=DIRECTION('',(0.,-1.,6.41245931788569E-15));
#16841=DIRECTION('',(0.,-6.41245953905689E-15,-1.));
#16842=DIRECTION('',(1.,0.,0.));
#16843=DIRECTION('',(0.,0.,0.999999999999999));
#16844=DIRECTION('',(-1.,0.,0.));
#16845=DIRECTION('',(1.,0.,0.));
#16846=DIRECTION('',(0.,0.,0.999999999999999));
#16847=DIRECTION('',(-1.,0.,0.));
#16848=DIRECTION('',(0.,0.,0.999999999999999));
#16849=DIRECTION('',(0.,-0.828289987882627,-0.560299648378791));
#16850=DIRECTION('',(-1.,0.,0.));
#16851=DIRECTION('',(0.,-0.828289987882627,-0.560299648378791));
#16852=DIRECTION('',(0.,0.560299648378791,-0.828289987882627));
#16853=DIRECTION('',(0.,0.828289987882627,0.560299648378791));
#16854=DIRECTION('',(1.,0.,1.22464679914735E-16));
#16855=DIRECTION('',(0.,-1.,0.));
#16856=DIRECTION('',(0.,-0.997670082571637,0.0682232096980365));
#16857=DIRECTION('',(1.,0.,1.22464679914735E-16));
#16858=DIRECTION('',(1.22514845490862E-16,0.,-1.));
#16859=DIRECTION('',(1.,0.,1.22464679914735E-16));
#16860=DIRECTION('',(0.,-1.,0.));
#16861=DIRECTION('',(0.,-0.997670082571637,0.0682232096980365));
#16862=DIRECTION('',(1.,0.,1.22464679914735E-16));
#16863=DIRECTION('',(1.22514845490862E-16,0.,-1.));
#16864=DIRECTION('',(0.,-0.0682232096980365,-0.997670082571637));
#16865=DIRECTION('',(0.,0.997670082571637,-0.0682232096980365));
#16866=DIRECTION('',(-1.,0.,0.));
#16867=DIRECTION('',(0.,0.,1.));
#16868=DIRECTION('',(0.,6.41245931788569E-15,1.));
#16869=DIRECTION('',(-1.,0.,0.));
#16870=DIRECTION('',(0.,6.41245931788569E-15,1.));
#16871=DIRECTION('',(-1.,0.,0.));
#16872=DIRECTION('',(0.,-1.,6.41245931788569E-15));
#16873=DIRECTION('',(0.,-6.41245953905689E-15,-1.));
#16874=DIRECTION('',(1.,0.,0.));
#16875=DIRECTION('',(0.,0.,0.999999999999999));
#16876=DIRECTION('',(-1.,0.,0.));
#16877=DIRECTION('',(1.,0.,0.));
#16878=DIRECTION('',(0.,0.,0.999999999999999));
#16879=DIRECTION('',(-1.,0.,0.));
#16880=DIRECTION('',(0.,0.,0.999999999999999));
#16881=DIRECTION('',(0.,-0.828289987882627,-0.560299648378791));
#16882=DIRECTION('',(-1.,0.,0.));
#16883=DIRECTION('',(0.,-0.828289987882627,-0.560299648378791));
#16884=DIRECTION('',(0.,0.560299648378791,-0.828289987882627));
#16885=DIRECTION('',(0.,0.828289987882627,0.560299648378791));
#16886=DIRECTION('',(1.,0.,1.22464679914735E-16));
#16887=DIRECTION('',(0.,-1.,0.));
#16888=DIRECTION('',(0.,-0.997670082571637,0.0682232096980365));
#16889=DIRECTION('',(1.,0.,1.22464679914735E-16));
#16890=DIRECTION('',(1.22514845490862E-16,0.,-1.));
#16891=DIRECTION('',(1.,0.,1.22464679914735E-16));
#16892=DIRECTION('',(0.,-1.,0.));
#16893=DIRECTION('',(0.,-0.997670082571637,0.0682232096980365));
#16894=DIRECTION('',(1.,0.,1.22464679914735E-16));
#16895=DIRECTION('',(1.22514845490862E-16,0.,-1.));
#16896=DIRECTION('',(0.,-0.0682232096980365,-0.997670082571637));
#16897=DIRECTION('',(0.,0.997670082571637,-0.0682232096980365));
#16898=DIRECTION('',(-1.,0.,0.));
#16899=DIRECTION('',(0.,0.,1.));
#16900=DIRECTION('',(0.,6.41245931788569E-15,1.));
#16901=DIRECTION('',(-1.,0.,0.));
#16902=DIRECTION('',(0.,6.41245931788569E-15,1.));
#16903=DIRECTION('',(-1.,0.,0.));
#16904=DIRECTION('',(0.,-1.,6.41245931788569E-15));
#16905=DIRECTION('',(0.,-6.41245953905689E-15,-1.));
#16906=DIRECTION('',(1.,0.,0.));
#16907=DIRECTION('',(0.,0.,0.999999999999999));
#16908=DIRECTION('',(-1.,0.,0.));
#16909=DIRECTION('',(1.,0.,0.));
#16910=DIRECTION('',(0.,0.,0.999999999999999));
#16911=DIRECTION('',(-1.,0.,0.));
#16912=DIRECTION('',(0.,0.,0.999999999999999));
#16913=DIRECTION('',(0.,-0.828289987882627,-0.560299648378791));
#16914=DIRECTION('',(-1.,0.,0.));
#16915=DIRECTION('',(0.,-0.828289987882627,-0.560299648378791));
#16916=DIRECTION('',(0.,0.560299648378791,-0.828289987882627));
#16917=DIRECTION('',(0.,0.828289987882627,0.560299648378791));
#16918=DIRECTION('',(1.,0.,1.22464679914735E-16));
#16919=DIRECTION('',(0.,-1.,0.));
#16920=DIRECTION('',(0.,-0.997670082571637,0.0682232096980365));
#16921=DIRECTION('',(1.,0.,1.22464679914735E-16));
#16922=DIRECTION('',(1.22460635382238E-16,0.,-1.));
#16923=DIRECTION('',(1.,0.,1.22464679914735E-16));
#16924=DIRECTION('',(0.,-1.,0.));
#16925=DIRECTION('',(0.,-0.997670082571637,0.0682232096980365));
#16926=DIRECTION('',(1.,0.,1.22464679914735E-16));
#16927=DIRECTION('',(1.22514845490862E-16,0.,-1.));
#16928=DIRECTION('',(0.,-0.0682232096980365,-0.997670082571637));
#16929=DIRECTION('',(0.,0.997670082571637,-0.0682232096980365));
#16930=DIRECTION('',(-1.,0.,0.));
#16931=DIRECTION('',(0.,0.,1.));
#16932=DIRECTION('',(0.,6.41245931788569E-15,1.));
#16933=DIRECTION('',(-1.,0.,0.));
#16934=DIRECTION('',(0.,6.41245931788569E-15,1.));
#16935=DIRECTION('',(-1.,0.,0.));
#16936=DIRECTION('',(0.,-1.,6.41245931788569E-15));
#16937=DIRECTION('',(0.,-6.41245953905689E-15,-1.));
#16938=DIRECTION('',(1.,0.,0.));
#16939=DIRECTION('',(0.,0.,0.999999999999999));
#16940=DIRECTION('',(-1.,0.,0.));
#16941=DIRECTION('',(1.,0.,0.));
#16942=DIRECTION('',(0.,0.,0.999999999999999));
#16943=DIRECTION('',(-1.,0.,0.));
#16944=DIRECTION('',(0.,0.,0.999999999999999));
#16945=DIRECTION('',(0.,-0.828289987882627,-0.560299648378791));
#16946=DIRECTION('',(-1.,0.,0.));
#16947=DIRECTION('',(0.,-0.828289987882627,-0.560299648378791));
#16948=DIRECTION('',(0.,0.560299648378791,-0.828289987882627));
#16949=DIRECTION('',(0.,0.828289987882627,0.560299648378791));
#16950=DIRECTION('',(1.,0.,1.22464679914735E-16));
#16951=DIRECTION('',(0.,-1.,0.));
#16952=DIRECTION('',(0.,-0.997670082571637,0.0682232096980365));
#16953=DIRECTION('',(1.,0.,1.22464679914735E-16));
#16954=DIRECTION('',(1.22460635382238E-16,0.,-1.));
#16955=DIRECTION('',(1.,0.,1.22464679914735E-16));
#16956=DIRECTION('',(0.,-1.,0.));
#16957=DIRECTION('',(0.,-0.997670082571637,0.0682232096980365));
#16958=DIRECTION('',(1.,0.,1.22464679914735E-16));
#16959=DIRECTION('',(1.22460635382238E-16,0.,-1.));
#16960=DIRECTION('',(0.,-0.0682232096980365,-0.997670082571637));
#16961=DIRECTION('',(0.,0.997670082571637,-0.0682232096980365));
#16962=DIRECTION('',(-1.,0.,0.));
#16963=DIRECTION('',(0.,0.,1.));
#16964=DIRECTION('',(0.,6.41245931788569E-15,1.));
#16965=DIRECTION('',(-1.,0.,0.));
#16966=DIRECTION('',(0.,6.41245931788569E-15,1.));
#16967=DIRECTION('',(-1.,0.,0.));
#16968=DIRECTION('',(0.,-1.,6.41245931788569E-15));
#16969=DIRECTION('',(0.,-6.41245953905689E-15,-1.));
#16970=DIRECTION('',(1.,0.,0.));
#16971=DIRECTION('',(0.,0.,0.999999999999999));
#16972=DIRECTION('',(-1.,0.,0.));
#16973=DIRECTION('',(1.,0.,0.));
#16974=DIRECTION('',(0.,0.,0.999999999999999));
#16975=DIRECTION('',(-1.,0.,0.));
#16976=DIRECTION('',(0.,0.,0.999999999999999));
#16977=DIRECTION('',(0.,-0.828289987882627,-0.560299648378791));
#16978=DIRECTION('',(-1.,0.,0.));
#16979=DIRECTION('',(0.,-0.828289987882627,-0.560299648378791));
#16980=DIRECTION('',(0.,0.560299648378791,-0.828289987882627));
#16981=DIRECTION('',(0.,0.828289987882627,0.560299648378791));
#16982=DIRECTION('',(1.,0.,1.22464679914735E-16));
#16983=DIRECTION('',(0.,-1.,0.));
#16984=DIRECTION('',(0.,-0.997670082571637,0.0682232096980365));
#16985=DIRECTION('',(1.,0.,1.22464679914735E-16));
#16986=DIRECTION('',(1.22514845490862E-16,0.,-1.));
#16987=DIRECTION('',(1.,0.,1.22464679914735E-16));
#16988=DIRECTION('',(0.,-1.,0.));
#16989=DIRECTION('',(0.,-0.997670082571637,0.0682232096980365));
#16990=DIRECTION('',(1.,0.,1.22464679914735E-16));
#16991=DIRECTION('',(1.22460635382238E-16,0.,-1.));
#16992=DIRECTION('',(0.,-0.0682232096980365,-0.997670082571637));
#16993=DIRECTION('',(0.,0.997670082571637,-0.0682232096980365));
#16994=DIRECTION('',(-1.,0.,0.));
#16995=DIRECTION('',(0.,0.,1.));
#16996=DIRECTION('',(0.,6.41245931788569E-15,1.));
#16997=DIRECTION('',(-1.,0.,0.));
#16998=DIRECTION('',(0.,6.41245931788569E-15,1.));
#16999=DIRECTION('',(-1.,0.,0.));
#17000=DIRECTION('',(0.,-1.,6.41245931788569E-15));
#17001=DIRECTION('',(0.,-6.41245953905689E-15,-1.));
#17002=DIRECTION('',(1.,0.,0.));
#17003=DIRECTION('',(0.,0.,0.999999999999999));
#17004=DIRECTION('',(-1.,0.,0.));
#17005=DIRECTION('',(1.,0.,0.));
#17006=DIRECTION('',(0.,0.,0.999999999999999));
#17007=DIRECTION('',(-1.,0.,0.));
#17008=DIRECTION('',(0.,0.,0.999999999999999));
#17009=DIRECTION('',(0.,-0.828289987882627,-0.560299648378791));
#17010=DIRECTION('',(-1.,0.,0.));
#17011=DIRECTION('',(0.,-0.828289987882627,-0.560299648378791));
#17012=DIRECTION('',(0.,0.560299648378791,-0.828289987882627));
#17013=DIRECTION('',(0.,0.828289987882627,0.560299648378791));
#17014=DIRECTION('',(1.,0.,1.22464679914735E-16));
#17015=DIRECTION('',(0.,-1.,0.));
#17016=DIRECTION('',(0.,-0.997670082571637,0.0682232096980365));
#17017=DIRECTION('',(1.,0.,1.22464679914735E-16));
#17018=DIRECTION('',(1.22514845490862E-16,0.,-1.));
#17019=DIRECTION('',(1.,0.,1.22464679914735E-16));
#17020=DIRECTION('',(0.,-1.,0.));
#17021=DIRECTION('',(0.,-0.997670082571637,0.0682232096980365));
#17022=DIRECTION('',(1.,0.,1.22464679914735E-16));
#17023=DIRECTION('',(1.22514845490862E-16,0.,-1.));
#17024=DIRECTION('',(0.,-0.0682232096980365,-0.997670082571637));
#17025=DIRECTION('',(0.,0.997670082571637,-0.0682232096980365));
#17026=DIRECTION('',(-1.,0.,0.));
#17027=DIRECTION('',(0.,0.,1.));
#17028=DIRECTION('',(0.,6.41245931788569E-15,1.));
#17029=DIRECTION('',(-1.,0.,0.));
#17030=DIRECTION('',(0.,6.41245931788569E-15,1.));
#17031=DIRECTION('',(-1.,0.,0.));
#17032=DIRECTION('',(0.,-1.,6.41245931788569E-15));
#17033=DIRECTION('',(0.,-6.41245953905689E-15,-1.));
#17034=DIRECTION('',(1.,0.,0.));
#17035=DIRECTION('',(0.,0.,0.999999999999999));
#17036=DIRECTION('',(-1.,0.,0.));
#17037=DIRECTION('',(1.,0.,0.));
#17038=DIRECTION('',(0.,0.,0.999999999999999));
#17039=DIRECTION('',(-1.,0.,0.));
#17040=DIRECTION('',(0.,0.,0.999999999999999));
#17041=DIRECTION('',(0.,-0.828289987882627,-0.560299648378791));
#17042=DIRECTION('',(-1.,0.,0.));
#17043=DIRECTION('',(0.,-0.828289987882627,-0.560299648378791));
#17044=DIRECTION('',(0.,0.560299648378791,-0.828289987882627));
#17045=DIRECTION('',(0.,0.828289987882627,0.560299648378791));
#17046=DIRECTION('',(1.,0.,1.22464679914735E-16));
#17047=DIRECTION('',(0.,-1.,0.));
#17048=DIRECTION('',(0.,-0.997670082571637,0.0682232096980365));
#17049=DIRECTION('',(1.,0.,1.22464679914735E-16));
#17050=DIRECTION('',(1.22514845490862E-16,0.,-1.));
#17051=DIRECTION('',(1.,0.,1.22464679914735E-16));
#17052=DIRECTION('',(0.,-1.,0.));
#17053=DIRECTION('',(0.,-0.997670082571637,0.0682232096980365));
#17054=DIRECTION('',(1.,0.,1.22464679914735E-16));
#17055=DIRECTION('',(1.22514845490862E-16,0.,-1.));
#17056=DIRECTION('',(0.,-0.0682232096980365,-0.997670082571637));
#17057=DIRECTION('',(0.,0.997670082571637,-0.0682232096980365));
#17058=DIRECTION('',(-1.,0.,0.));
#17059=DIRECTION('',(0.,0.,1.));
#17060=DIRECTION('',(0.,6.41245931788569E-15,1.));
#17061=DIRECTION('',(-1.,0.,0.));
#17062=DIRECTION('',(0.,6.41245931788569E-15,1.));
#17063=DIRECTION('',(-1.,0.,0.));
#17064=DIRECTION('',(0.,-1.,6.41245931788569E-15));
#17065=DIRECTION('',(0.,-6.41245953905689E-15,-1.));
#17066=DIRECTION('',(1.,0.,0.));
#17067=DIRECTION('',(0.,0.,0.999999999999999));
#17068=DIRECTION('',(-1.,0.,0.));
#17069=DIRECTION('',(1.,0.,0.));
#17070=DIRECTION('',(0.,0.,0.999999999999999));
#17071=DIRECTION('',(-1.,0.,0.));
#17072=DIRECTION('',(0.,0.,0.999999999999999));
#17073=DIRECTION('',(0.,-0.828289987882627,-0.560299648378791));
#17074=DIRECTION('',(-1.,0.,0.));
#17075=DIRECTION('',(0.,-0.828289987882627,-0.560299648378791));
#17076=DIRECTION('',(0.,0.560299648378791,-0.828289987882627));
#17077=DIRECTION('',(0.,0.828289987882627,0.560299648378791));
#17078=DIRECTION('',(1.,0.,1.22464679914735E-16));
#17079=DIRECTION('',(0.,-1.,0.));
#17080=DIRECTION('',(0.,-0.997670082571637,0.0682232096980365));
#17081=DIRECTION('',(1.,0.,1.22464679914735E-16));
#17082=DIRECTION('',(1.22298005056365E-16,0.,-1.));
#17083=DIRECTION('',(1.,0.,1.22464679914735E-16));
#17084=DIRECTION('',(0.,-1.,0.));
#17085=DIRECTION('',(0.,-0.997670082571637,0.0682232096980365));
#17086=DIRECTION('',(1.,0.,1.22464679914735E-16));
#17087=DIRECTION('',(1.22514845490862E-16,0.,-1.));
#17088=DIRECTION('',(0.,-0.0682232096980365,-0.997670082571637));
#17089=DIRECTION('',(0.,0.997670082571637,-0.0682232096980365));
#17090=DIRECTION('',(-1.,0.,0.));
#17091=DIRECTION('',(0.,0.,1.));
#17092=DIRECTION('',(0.,6.41245931788569E-15,1.));
#17093=DIRECTION('',(-1.,0.,0.));
#17094=DIRECTION('',(0.,6.41245931788569E-15,1.));
#17095=DIRECTION('',(-1.,0.,0.));
#17096=DIRECTION('',(0.,-1.,6.41245931788569E-15));
#17097=DIRECTION('',(0.,-6.41245953905689E-15,-1.));
#17098=DIRECTION('',(1.,0.,0.));
#17099=DIRECTION('',(0.,0.,0.999999999999999));
#17100=DIRECTION('',(-1.,0.,0.));
#17101=DIRECTION('',(1.,0.,0.));
#17102=DIRECTION('',(0.,0.,0.999999999999999));
#17103=DIRECTION('',(-1.,0.,0.));
#17104=DIRECTION('',(0.,0.,0.999999999999999));
#17105=DIRECTION('',(0.,-0.828289987882627,-0.560299648378791));
#17106=DIRECTION('',(-1.,0.,0.));
#17107=DIRECTION('',(0.,-0.828289987882627,-0.560299648378791));
#17108=DIRECTION('',(0.,0.560299648378791,-0.828289987882627));
#17109=DIRECTION('',(0.,0.828289987882627,0.560299648378791));
#17110=DIRECTION('',(1.,0.,1.22464679914735E-16));
#17111=DIRECTION('',(0.,-1.,0.));
#17112=DIRECTION('',(0.,-0.997670082571637,0.0682232096980365));
#17113=DIRECTION('',(1.,0.,1.22464679914735E-16));
#17114=DIRECTION('',(1.22298005056365E-16,0.,-1.));
#17115=DIRECTION('',(1.,0.,1.22464679914735E-16));
#17116=DIRECTION('',(0.,-1.,0.));
#17117=DIRECTION('',(0.,-0.997670082571637,0.0682232096980365));
#17118=DIRECTION('',(1.,0.,1.22464679914735E-16));
#17119=DIRECTION('',(1.22298005056365E-16,0.,-1.));
#17120=DIRECTION('',(0.,-0.0682232096980365,-0.997670082571637));
#17121=DIRECTION('',(0.,0.997670082571637,-0.0682232096980365));
#17122=DIRECTION('',(-1.,0.,0.));
#17123=DIRECTION('',(0.,0.,1.));
#17124=DIRECTION('',(0.,6.41245931788569E-15,1.));
#17125=DIRECTION('',(-1.,0.,0.));
#17126=DIRECTION('',(0.,6.41245931788569E-15,1.));
#17127=DIRECTION('',(-1.,0.,0.));
#17128=DIRECTION('',(0.,-1.,6.41245931788569E-15));
#17129=DIRECTION('',(0.,-6.41245953905689E-15,-1.));
#17130=DIRECTION('',(1.,0.,0.));
#17131=DIRECTION('',(0.,0.,0.999999999999999));
#17132=DIRECTION('',(-1.,0.,0.));
#17133=DIRECTION('',(1.,0.,0.));
#17134=DIRECTION('',(0.,0.,0.999999999999999));
#17135=DIRECTION('',(-1.,0.,0.));
#17136=DIRECTION('',(0.,0.,0.999999999999999));
#17137=DIRECTION('',(0.,-0.828289987882627,-0.560299648378791));
#17138=DIRECTION('',(-1.,0.,0.));
#17139=DIRECTION('',(0.,-0.828289987882627,-0.560299648378791));
#17140=DIRECTION('',(0.,0.560299648378791,-0.828289987882627));
#17141=DIRECTION('',(0.,0.828289987882627,0.560299648378791));
#17142=DIRECTION('',(1.,0.,1.22464679914735E-16));
#17143=DIRECTION('',(0.,-1.,0.));
#17144=DIRECTION('',(0.,-0.997670082571637,0.0682232096980365));
#17145=DIRECTION('',(1.,0.,1.22464679914735E-16));
#17146=DIRECTION('',(1.22298005056365E-16,0.,-1.));
#17147=DIRECTION('',(1.,0.,1.22464679914735E-16));
#17148=DIRECTION('',(0.,-1.,0.));
#17149=DIRECTION('',(0.,-0.997670082571637,0.0682232096980365));
#17150=DIRECTION('',(1.,0.,1.22464679914735E-16));
#17151=DIRECTION('',(1.22298005056365E-16,0.,-1.));
#17152=DIRECTION('',(0.,-0.0682232096980365,-0.997670082571637));
#17153=DIRECTION('',(0.,0.997670082571637,-0.0682232096980365));
#17154=DIRECTION('',(-1.,0.,0.));
#17155=DIRECTION('',(0.,0.,1.));
#17156=DIRECTION('',(0.,6.41245931788569E-15,1.));
#17157=DIRECTION('',(-1.,0.,0.));
#17158=DIRECTION('',(0.,6.41245931788569E-15,1.));
#17159=DIRECTION('',(-1.,0.,0.));
#17160=DIRECTION('',(0.,-1.,6.41245931788569E-15));
#17161=DIRECTION('',(0.,-6.41245953905689E-15,-1.));
#17162=DIRECTION('',(1.,0.,0.));
#17163=DIRECTION('',(0.,0.,0.999999999999999));
#17164=DIRECTION('',(-1.,0.,0.));
#17165=DIRECTION('',(1.,0.,0.));
#17166=DIRECTION('',(0.,0.,0.999999999999999));
#17167=DIRECTION('',(-1.,0.,0.));
#17168=DIRECTION('',(0.,0.,0.999999999999999));
#17169=DIRECTION('',(0.,-0.828289987882627,-0.560299648378791));
#17170=DIRECTION('',(-1.,0.,0.));
#17171=DIRECTION('',(0.,-0.828289987882627,-0.560299648378791));
#17172=DIRECTION('',(0.,0.560299648378791,-0.828289987882627));
#17173=DIRECTION('',(0.,0.828289987882627,0.560299648378791));
#17174=DIRECTION('',(1.,0.,1.22464679914735E-16));
#17175=DIRECTION('',(0.,-1.,0.));
#17176=DIRECTION('',(0.,-0.997670082571637,0.0682232096980365));
#17177=DIRECTION('',(1.,0.,1.22464679914735E-16));
#17178=DIRECTION('',(1.22298005056365E-16,0.,-1.));
#17179=DIRECTION('',(1.,0.,1.22464679914735E-16));
#17180=DIRECTION('',(0.,-1.,0.));
#17181=DIRECTION('',(0.,-0.997670082571637,0.0682232096980365));
#17182=DIRECTION('',(1.,0.,1.22464679914735E-16));
#17183=DIRECTION('',(1.22298005056365E-16,0.,-1.));
#17184=DIRECTION('',(0.,-0.0682232096980365,-0.997670082571637));
#17185=DIRECTION('',(0.,0.997670082571637,-0.0682232096980365));
#17186=DIRECTION('',(-1.,0.,0.));
#17187=DIRECTION('',(0.,0.,1.));
#17188=DIRECTION('',(0.,6.41245931788569E-15,1.));
#17189=DIRECTION('',(-1.,0.,0.));
#17190=DIRECTION('',(0.,6.41245931788569E-15,1.));
#17191=DIRECTION('',(-1.,0.,0.));
#17192=DIRECTION('',(0.,-1.,6.41245931788569E-15));
#17193=DIRECTION('',(0.,-6.41245953905689E-15,-1.));
#17194=DIRECTION('',(1.,0.,0.));
#17195=DIRECTION('',(0.,0.,0.999999999999999));
#17196=DIRECTION('',(-1.,0.,0.));
#17197=DIRECTION('',(1.,0.,0.));
#17198=DIRECTION('',(0.,0.,0.999999999999999));
#17199=DIRECTION('',(-1.,0.,0.));
#17200=DIRECTION('',(0.,0.,0.999999999999999));
#17201=DIRECTION('',(0.,-0.828289987882627,-0.560299648378791));
#17202=DIRECTION('',(-1.,0.,0.));
#17203=DIRECTION('',(0.,-0.828289987882627,-0.560299648378791));
#17204=DIRECTION('',(0.,0.560299648378791,-0.828289987882627));
#17205=DIRECTION('',(0.,0.828289987882627,0.560299648378791));
#17206=DIRECTION('',(1.,0.,1.22464679914735E-16));
#17207=DIRECTION('',(0.,-1.,0.));
#17208=DIRECTION('',(0.,-0.997670082571637,0.0682232096980365));
#17209=DIRECTION('',(1.,0.,1.22464679914735E-16));
#17210=DIRECTION('',(1.22298005056365E-16,0.,-1.));
#17211=DIRECTION('',(1.,0.,1.22464679914735E-16));
#17212=DIRECTION('',(0.,-1.,0.));
#17213=DIRECTION('',(0.,-0.997670082571637,0.0682232096980365));
#17214=DIRECTION('',(1.,0.,1.22464679914735E-16));
#17215=DIRECTION('',(1.22298005056365E-16,0.,-1.));
#17216=DIRECTION('',(0.,-0.0682232096980365,-0.997670082571637));
#17217=DIRECTION('',(0.,0.997670082571637,-0.0682232096980365));
#17218=DIRECTION('',(-1.,0.,0.));
#17219=DIRECTION('',(0.,0.,1.));
#17220=DIRECTION('',(0.,6.41245931788569E-15,1.));
#17221=DIRECTION('',(-1.,0.,0.));
#17222=DIRECTION('',(0.,6.41245931788569E-15,1.));
#17223=DIRECTION('',(-1.,0.,0.));
#17224=DIRECTION('',(0.,-1.,6.41245931788569E-15));
#17225=DIRECTION('',(0.,-6.41245953905689E-15,-1.));
#17226=DIRECTION('',(1.,0.,0.));
#17227=DIRECTION('',(0.,0.,0.999999999999999));
#17228=DIRECTION('',(-1.,0.,0.));
#17229=DIRECTION('',(1.,0.,0.));
#17230=DIRECTION('',(0.,0.,0.999999999999999));
#17231=DIRECTION('',(-1.,0.,0.));
#17232=DIRECTION('',(0.,0.,0.999999999999999));
#17233=DIRECTION('',(0.,-0.828289987882627,-0.560299648378791));
#17234=DIRECTION('',(-1.,0.,0.));
#17235=DIRECTION('',(0.,-0.828289987882627,-0.560299648378791));
#17236=DIRECTION('',(0.,0.560299648378791,-0.828289987882627));
#17237=DIRECTION('',(0.,0.828289987882627,0.560299648378791));
#17238=DIRECTION('',(1.,0.,1.22464679914735E-16));
#17239=DIRECTION('',(0.,-1.,0.));
#17240=DIRECTION('',(0.,-0.997670082571637,0.0682232096980365));
#17241=DIRECTION('',(1.,0.,1.22464679914735E-16));
#17242=DIRECTION('',(1.22298005056365E-16,0.,-1.));
#17243=DIRECTION('',(1.,0.,1.22464679914735E-16));
#17244=DIRECTION('',(0.,-1.,0.));
#17245=DIRECTION('',(0.,-0.997670082571637,0.0682232096980365));
#17246=DIRECTION('',(1.,0.,1.22464679914735E-16));
#17247=DIRECTION('',(1.22298005056365E-16,0.,-1.));
#17248=DIRECTION('',(0.,-0.0682232096980365,-0.997670082571637));
#17249=DIRECTION('',(0.,0.997670082571637,-0.0682232096980365));
#17250=DIRECTION('',(-1.,0.,0.));
#17251=DIRECTION('',(0.,0.,1.));
#17252=DIRECTION('',(0.,6.41245931788569E-15,1.));
#17253=DIRECTION('',(-1.,0.,0.));
#17254=DIRECTION('',(0.,6.41245931788569E-15,1.));
#17255=DIRECTION('',(-1.,0.,0.));
#17256=DIRECTION('',(0.,-1.,6.41245931788569E-15));
#17257=DIRECTION('',(0.,-6.41245953905689E-15,-1.));
#17258=DIRECTION('',(1.,0.,0.));
#17259=DIRECTION('',(0.,0.,0.999999999999999));
#17260=DIRECTION('',(-1.,0.,0.));
#17261=DIRECTION('',(1.,0.,0.));
#17262=DIRECTION('',(0.,0.,0.999999999999999));
#17263=DIRECTION('',(-1.,0.,0.));
#17264=DIRECTION('',(0.,0.,0.999999999999999));
#17265=DIRECTION('',(0.,-0.828289987882627,-0.560299648378791));
#17266=DIRECTION('',(-1.,0.,0.));
#17267=DIRECTION('',(0.,-0.828289987882627,-0.560299648378791));
#17268=DIRECTION('',(0.,0.560299648378791,-0.828289987882627));
#17269=DIRECTION('',(0.,0.828289987882627,0.560299648378791));
#17270=DIRECTION('',(1.,0.,1.22464679914735E-16));
#17271=DIRECTION('',(0.,-1.,0.));
#17272=DIRECTION('',(0.,-0.997670082571637,0.0682232096980365));
#17273=DIRECTION('',(1.,0.,1.22464679914735E-16));
#17274=DIRECTION('',(1.22298005056365E-16,0.,-1.));
#17275=DIRECTION('',(1.,0.,1.22464679914735E-16));
#17276=DIRECTION('',(0.,-1.,0.));
#17277=DIRECTION('',(0.,-0.997670082571637,0.0682232096980365));
#17278=DIRECTION('',(1.,0.,1.22464679914735E-16));
#17279=DIRECTION('',(1.22298005056365E-16,0.,-1.));
#17280=DIRECTION('',(0.,-0.0682232096980365,-0.997670082571637));
#17281=DIRECTION('',(0.,0.997670082571637,-0.0682232096980365));
#17282=DIRECTION('',(-1.,0.,0.));
#17283=DIRECTION('',(0.,0.,1.));
#17284=DIRECTION('',(0.,6.41245931788569E-15,1.));
#17285=DIRECTION('',(-1.,0.,0.));
#17286=DIRECTION('',(0.,6.41245931788569E-15,1.));
#17287=DIRECTION('',(-1.,0.,0.));
#17288=DIRECTION('',(0.,-1.,6.41245931788569E-15));
#17289=DIRECTION('',(0.,-6.41245953905689E-15,-1.));
#17290=DIRECTION('',(1.,0.,0.));
#17291=DIRECTION('',(0.,0.,0.999999999999999));
#17292=DIRECTION('',(-1.,0.,0.));
#17293=DIRECTION('',(1.,0.,0.));
#17294=DIRECTION('',(0.,0.,0.999999999999999));
#17295=DIRECTION('',(-1.,0.,0.));
#17296=DIRECTION('',(0.,0.,0.999999999999999));
#17297=DIRECTION('',(0.,-0.828289987882627,-0.560299648378791));
#17298=DIRECTION('',(-1.,0.,0.));
#17299=DIRECTION('',(0.,-0.828289987882627,-0.560299648378791));
#17300=DIRECTION('',(0.,0.560299648378791,-0.828289987882627));
#17301=DIRECTION('',(0.,0.828289987882627,0.560299648378791));
#17302=DIRECTION('',(1.,0.,1.22464679914735E-16));
#17303=DIRECTION('',(0.,-1.,0.));
#17304=DIRECTION('',(0.,-0.997670082571637,0.0682232096980365));
#17305=DIRECTION('',(1.,0.,1.22464679914735E-16));
#17306=DIRECTION('',(1.22298005056365E-16,0.,-1.));
#17307=DIRECTION('',(1.,0.,1.22464679914735E-16));
#17308=DIRECTION('',(0.,-1.,0.));
#17309=DIRECTION('',(0.,-0.997670082571637,0.0682232096980365));
#17310=DIRECTION('',(1.,0.,1.22464679914735E-16));
#17311=DIRECTION('',(1.22298005056365E-16,0.,-1.));
#17312=DIRECTION('',(0.,-0.0682232096980365,-0.997670082571637));
#17313=DIRECTION('',(0.,0.997670082571637,-0.0682232096980365));
#17314=DIRECTION('',(-1.,0.,0.));
#17315=DIRECTION('',(0.,0.,1.));
#17316=DIRECTION('',(0.,6.41245931788569E-15,1.));
#17317=DIRECTION('',(-1.,0.,0.));
#17318=DIRECTION('',(0.,6.41245931788569E-15,1.));
#17319=DIRECTION('',(-1.,0.,0.));
#17320=DIRECTION('',(0.,-1.,6.41245931788569E-15));
#17321=DIRECTION('',(0.,-6.41245953905689E-15,-1.));
#17322=DIRECTION('',(1.,0.,0.));
#17323=DIRECTION('',(0.,0.,0.999999999999999));
#17324=DIRECTION('',(-1.,0.,0.));
#17325=DIRECTION('',(1.,0.,0.));
#17326=DIRECTION('',(0.,0.,0.999999999999999));
#17327=DIRECTION('',(-1.,0.,0.));
#17328=DIRECTION('',(0.,0.,0.999999999999999));
#17329=DIRECTION('',(0.,-0.828289987882627,-0.560299648378791));
#17330=DIRECTION('',(-1.,0.,0.));
#17331=DIRECTION('',(0.,-0.828289987882627,-0.560299648378791));
#17332=DIRECTION('',(0.,0.560299648378791,-0.828289987882627));
#17333=DIRECTION('',(0.,0.828289987882627,0.560299648378791));
#17334=DIRECTION('',(1.,0.,1.22464679914735E-16));
#17335=DIRECTION('',(0.,-1.,0.));
#17336=DIRECTION('',(0.,-0.997670082571637,0.0682232096980365));
#17337=DIRECTION('',(1.,0.,1.22464679914735E-16));
#17338=DIRECTION('',(1.22298005056365E-16,0.,-1.));
#17339=DIRECTION('',(1.,0.,1.22464679914735E-16));
#17340=DIRECTION('',(0.,-1.,0.));
#17341=DIRECTION('',(0.,-0.997670082571637,0.0682232096980365));
#17342=DIRECTION('',(1.,0.,1.22464679914735E-16));
#17343=DIRECTION('',(1.22298005056365E-16,0.,-1.));
#17344=DIRECTION('',(0.,-0.0682232096980365,-0.997670082571637));
#17345=DIRECTION('',(0.,0.997670082571637,-0.0682232096980365));
#17346=DIRECTION('',(-1.,0.,0.));
#17347=DIRECTION('',(0.,0.,1.));
#17348=DIRECTION('',(0.,-1.,1.54886024640787E-15));
#17349=DIRECTION('',(0.,-1.,1.54886024640787E-15));
#17350=DIRECTION('',(-1.,0.,0.));
#17351=DIRECTION('',(0.,-1.54886024640787E-15,-1.));
#17352=DIRECTION('',(0.,1.,-1.54889122361279E-15));
#17353=DIRECTION('',(0.,0.,-1.));
#17354=DIRECTION('',(0.,1.,1.83357720346813E-16));
#17355=DIRECTION('',(0.,0.,1.));
#17356=DIRECTION('',(0.,-1.,-1.62630325872826E-16));
#17357=DIRECTION('',(0.,0.,1.));
#17358=DIRECTION('',(1.,0.,1.22464679914735E-16));
#17359=DIRECTION('',(1.22298005056365E-16,0.,-1.));
#17360=DIRECTION('',(0.,0.,1.));
#17361=DIRECTION('',(0.,-1.,-1.62630325872826E-16));
#17362=DIRECTION('',(0.,0.,1.));
#17363=DIRECTION('',(0.,1.,1.83357720346813E-16));
#17364=DIRECTION('',(0.,0.,-1.));
#17365=DIRECTION('',(1.,0.,1.22464679914735E-16));
#17366=DIRECTION('',(1.22298005056365E-16,0.,-1.));
#17367=DIRECTION('',(-1.,0.,0.));
#17368=DIRECTION('',(0.,1.,0.));
#17369=DIRECTION('',(0.,0.,1.));
#17370=DIRECTION('',(-1.,0.,0.));
#17371=DIRECTION('',(0.,-1.83357720346813E-16,1.));
#17372=DIRECTION('',(0.,-1.,-1.83358916158033E-16));
#17373=DIRECTION('',(-1.,0.,0.));
#17374=DIRECTION('',(0.,-1.,0.));
#17375=DIRECTION('',(0.,0.,-1.));
#17376=DIRECTION('',(-1.,0.,0.));
#17377=DIRECTION('',(0.,1.62630325872826E-16,-1.));
#17378=DIRECTION('',(0.,1.,1.62630325872826E-16));
#17379=DIRECTION('',(0.,-1.,0.));
#17380=DIRECTION('',(0.,0.,-1.));
#17381=DIRECTION('',(0.,-1.,1.54886024640787E-15));
#17382=DIRECTION('',(0.,-1.,1.54886024640787E-15));
#17383=DIRECTION('',(-1.,0.,0.));
#17384=DIRECTION('',(0.,-1.54886024640787E-15,-1.));
#17385=DIRECTION('',(0.,1.,-1.54889122361279E-15));
#17386=DIRECTION('',(0.,0.,-1.));
#17387=DIRECTION('',(0.,1.,1.83357720346813E-16));
#17388=DIRECTION('',(0.,0.,1.));
#17389=DIRECTION('',(0.,-1.,-1.62630325872826E-16));
#17390=DIRECTION('',(0.,0.,1.));
#17391=DIRECTION('',(1.,0.,1.22464679914735E-16));
#17392=DIRECTION('',(1.22298005056365E-16,0.,-1.));
#17393=DIRECTION('',(0.,0.,1.));
#17394=DIRECTION('',(0.,-1.,-1.62630325872826E-16));
#17395=DIRECTION('',(0.,0.,1.));
#17396=DIRECTION('',(0.,1.,1.83357720346813E-16));
#17397=DIRECTION('',(0.,0.,-1.));
#17398=DIRECTION('',(1.,0.,1.22464679914735E-16));
#17399=DIRECTION('',(1.22298005056365E-16,0.,-1.));
#17400=DIRECTION('',(-1.,0.,0.));
#17401=DIRECTION('',(0.,1.,0.));
#17402=DIRECTION('',(0.,0.,1.));
#17403=DIRECTION('',(-1.,0.,0.));
#17404=DIRECTION('',(0.,-1.83357720346813E-16,1.));
#17405=DIRECTION('',(0.,-1.,-1.83358916158033E-16));
#17406=DIRECTION('',(-1.,0.,0.));
#17407=DIRECTION('',(0.,-1.,0.));
#17408=DIRECTION('',(0.,0.,-1.));
#17409=DIRECTION('',(-1.,0.,0.));
#17410=DIRECTION('',(0.,1.62630325872826E-16,-1.));
#17411=DIRECTION('',(0.,1.,1.62630325872826E-16));
#17412=DIRECTION('',(0.,-1.,0.));
#17413=DIRECTION('',(0.,0.,-1.));
#17414=DIRECTION('',(0.,-1.,1.54886024640787E-15));
#17415=DIRECTION('',(0.,-1.,1.54886024640787E-15));
#17416=DIRECTION('',(-1.,0.,0.));
#17417=DIRECTION('',(0.,-1.54886024640787E-15,-1.));
#17418=DIRECTION('',(0.,1.,-1.54889122361279E-15));
#17419=DIRECTION('',(0.,0.,-1.));
#17420=DIRECTION('',(0.,1.,1.83357720346813E-16));
#17421=DIRECTION('',(0.,0.,1.));
#17422=DIRECTION('',(0.,-1.,-1.62630325872826E-16));
#17423=DIRECTION('',(0.,0.,1.));
#17424=DIRECTION('',(1.,0.,1.22464679914735E-16));
#17425=DIRECTION('',(1.22298005056365E-16,0.,-1.));
#17426=DIRECTION('',(0.,0.,1.));
#17427=DIRECTION('',(0.,-1.,-1.62630325872826E-16));
#17428=DIRECTION('',(0.,0.,1.));
#17429=DIRECTION('',(0.,1.,1.83357720346813E-16));
#17430=DIRECTION('',(0.,0.,-1.));
#17431=DIRECTION('',(1.,0.,1.22464679914735E-16));
#17432=DIRECTION('',(1.22298005056365E-16,0.,-1.));
#17433=DIRECTION('',(-1.,0.,0.));
#17434=DIRECTION('',(0.,1.,0.));
#17435=DIRECTION('',(0.,0.,1.));
#17436=DIRECTION('',(-1.,0.,0.));
#17437=DIRECTION('',(0.,-1.83357720346813E-16,1.));
#17438=DIRECTION('',(0.,-1.,-1.83358916158033E-16));
#17439=DIRECTION('',(-1.,0.,0.));
#17440=DIRECTION('',(0.,-1.,0.));
#17441=DIRECTION('',(0.,0.,-1.));
#17442=DIRECTION('',(-1.,0.,0.));
#17443=DIRECTION('',(0.,1.62630325872826E-16,-1.));
#17444=DIRECTION('',(0.,1.,1.62630325872826E-16));
#17445=DIRECTION('',(0.,-1.,0.));
#17446=DIRECTION('',(0.,0.,-1.));
#17447=DIRECTION('',(0.,-1.,1.54886024640787E-15));
#17448=DIRECTION('',(0.,-1.,1.54886024640787E-15));
#17449=DIRECTION('',(-1.,0.,0.));
#17450=DIRECTION('',(0.,-1.54886024640787E-15,-1.));
#17451=DIRECTION('',(0.,1.,-1.54889122361279E-15));
#17452=DIRECTION('',(0.,0.,-1.));
#17453=DIRECTION('',(0.,1.,1.83357720346813E-16));
#17454=DIRECTION('',(0.,0.,1.));
#17455=DIRECTION('',(0.,-1.,-1.62630325872826E-16));
#17456=DIRECTION('',(0.,0.,1.));
#17457=DIRECTION('',(1.,0.,1.22464679914735E-16));
#17458=DIRECTION('',(1.22298005056365E-16,0.,-1.));
#17459=DIRECTION('',(0.,0.,1.));
#17460=DIRECTION('',(0.,-1.,-1.62630325872826E-16));
#17461=DIRECTION('',(0.,0.,1.));
#17462=DIRECTION('',(0.,1.,1.83357720346813E-16));
#17463=DIRECTION('',(0.,0.,-1.));
#17464=DIRECTION('',(1.,0.,1.22464679914735E-16));
#17465=DIRECTION('',(1.22298005056365E-16,0.,-1.));
#17466=DIRECTION('',(-1.,0.,0.));
#17467=DIRECTION('',(0.,1.,0.));
#17468=DIRECTION('',(0.,0.,1.));
#17469=DIRECTION('',(-1.,0.,0.));
#17470=DIRECTION('',(0.,-1.83357720346813E-16,1.));
#17471=DIRECTION('',(0.,-1.,-1.83358916158033E-16));
#17472=DIRECTION('',(-1.,0.,0.));
#17473=DIRECTION('',(0.,-1.,0.));
#17474=DIRECTION('',(0.,0.,-1.));
#17475=DIRECTION('',(-1.,0.,0.));
#17476=DIRECTION('',(0.,1.62630325872826E-16,-1.));
#17477=DIRECTION('',(0.,1.,1.62630325872826E-16));
#17478=DIRECTION('',(0.,-1.,0.));
#17479=DIRECTION('',(0.,0.,-1.));
#17480=DIRECTION('',(0.,-1.,1.54886024640787E-15));
#17481=DIRECTION('',(0.,-1.,1.54886024640787E-15));
#17482=DIRECTION('',(-1.,0.,0.));
#17483=DIRECTION('',(0.,-1.54886024640787E-15,-1.));
#17484=DIRECTION('',(0.,1.,-1.54889122361279E-15));
#17485=DIRECTION('',(0.,0.,-1.));
#17486=DIRECTION('',(0.,1.,1.83357720346813E-16));
#17487=DIRECTION('',(0.,0.,1.));
#17488=DIRECTION('',(0.,-1.,-1.62630325872826E-16));
#17489=DIRECTION('',(0.,0.,1.));
#17490=DIRECTION('',(1.,0.,1.22464679914735E-16));
#17491=DIRECTION('',(1.22298005056365E-16,0.,-1.));
#17492=DIRECTION('',(0.,0.,1.));
#17493=DIRECTION('',(0.,-1.,-1.62630325872826E-16));
#17494=DIRECTION('',(0.,0.,1.));
#17495=DIRECTION('',(0.,1.,1.83357720346813E-16));
#17496=DIRECTION('',(0.,0.,-1.));
#17497=DIRECTION('',(1.,0.,1.22464679914735E-16));
#17498=DIRECTION('',(1.22298005056365E-16,0.,-1.));
#17499=DIRECTION('',(-1.,0.,0.));
#17500=DIRECTION('',(0.,1.,0.));
#17501=DIRECTION('',(0.,0.,1.));
#17502=DIRECTION('',(-1.,0.,0.));
#17503=DIRECTION('',(0.,-1.83357720346813E-16,1.));
#17504=DIRECTION('',(0.,-1.,-1.83358916158033E-16));
#17505=DIRECTION('',(-1.,0.,0.));
#17506=DIRECTION('',(0.,-1.,0.));
#17507=DIRECTION('',(0.,0.,-1.));
#17508=DIRECTION('',(-1.,0.,0.));
#17509=DIRECTION('',(0.,1.62630325872826E-16,-1.));
#17510=DIRECTION('',(0.,1.,1.62630325872826E-16));
#17511=DIRECTION('',(0.,-1.,0.));
#17512=DIRECTION('',(0.,0.,-1.));
#17513=DIRECTION('',(0.,-1.,1.54886024640787E-15));
#17514=DIRECTION('',(0.,-1.,1.54886024640787E-15));
#17515=DIRECTION('',(-1.,0.,0.));
#17516=DIRECTION('',(0.,-1.54886024640787E-15,-1.));
#17517=DIRECTION('',(0.,1.,-1.54889122361279E-15));
#17518=DIRECTION('',(0.,0.,-1.));
#17519=DIRECTION('',(0.,1.,1.83357720346813E-16));
#17520=DIRECTION('',(0.,0.,1.));
#17521=DIRECTION('',(0.,-1.,-1.62630325872826E-16));
#17522=DIRECTION('',(0.,0.,1.));
#17523=DIRECTION('',(1.,0.,1.22464679914735E-16));
#17524=DIRECTION('',(1.22298005056365E-16,0.,-1.));
#17525=DIRECTION('',(0.,0.,1.));
#17526=DIRECTION('',(0.,-1.,-1.62630325872826E-16));
#17527=DIRECTION('',(0.,0.,1.));
#17528=DIRECTION('',(0.,1.,1.83357720346813E-16));
#17529=DIRECTION('',(0.,0.,-1.));
#17530=DIRECTION('',(1.,0.,1.22464679914735E-16));
#17531=DIRECTION('',(1.22298005056365E-16,0.,-1.));
#17532=DIRECTION('',(-1.,0.,0.));
#17533=DIRECTION('',(0.,1.,0.));
#17534=DIRECTION('',(0.,0.,1.));
#17535=DIRECTION('',(-1.,0.,0.));
#17536=DIRECTION('',(0.,-1.83357720346813E-16,1.));
#17537=DIRECTION('',(0.,-1.,-1.83358916158033E-16));
#17538=DIRECTION('',(-1.,0.,0.));
#17539=DIRECTION('',(0.,-1.,0.));
#17540=DIRECTION('',(0.,0.,-1.));
#17541=DIRECTION('',(-1.,0.,0.));
#17542=DIRECTION('',(0.,1.62630325872826E-16,-1.));
#17543=DIRECTION('',(0.,1.,1.62630325872826E-16));
#17544=DIRECTION('',(0.,-1.,0.));
#17545=DIRECTION('',(0.,0.,-1.));
#17546=DIRECTION('',(0.,-1.,1.54886024640787E-15));
#17547=DIRECTION('',(0.,-1.,1.54886024640787E-15));
#17548=DIRECTION('',(-1.,0.,0.));
#17549=DIRECTION('',(0.,-1.54886024640787E-15,-1.));
#17550=DIRECTION('',(0.,1.,-1.54889122361279E-15));
#17551=DIRECTION('',(0.,0.,-1.));
#17552=DIRECTION('',(0.,1.,1.83357720346813E-16));
#17553=DIRECTION('',(0.,0.,1.));
#17554=DIRECTION('',(0.,-1.,-1.62630325872826E-16));
#17555=DIRECTION('',(0.,0.,1.));
#17556=DIRECTION('',(1.,0.,1.22464679914735E-16));
#17557=DIRECTION('',(1.22298005056365E-16,0.,-1.));
#17558=DIRECTION('',(0.,0.,1.));
#17559=DIRECTION('',(0.,-1.,-1.62630325872826E-16));
#17560=DIRECTION('',(0.,0.,1.));
#17561=DIRECTION('',(0.,1.,1.83357720346813E-16));
#17562=DIRECTION('',(0.,0.,-1.));
#17563=DIRECTION('',(1.,0.,1.22464679914735E-16));
#17564=DIRECTION('',(1.22298005056365E-16,0.,-1.));
#17565=DIRECTION('',(-1.,0.,0.));
#17566=DIRECTION('',(0.,1.,0.));
#17567=DIRECTION('',(0.,0.,1.));
#17568=DIRECTION('',(-1.,0.,0.));
#17569=DIRECTION('',(0.,-1.83357720346813E-16,1.));
#17570=DIRECTION('',(0.,-1.,-1.83358916158033E-16));
#17571=DIRECTION('',(-1.,0.,0.));
#17572=DIRECTION('',(0.,-1.,0.));
#17573=DIRECTION('',(0.,0.,-1.));
#17574=DIRECTION('',(-1.,0.,0.));
#17575=DIRECTION('',(0.,1.62630325872826E-16,-1.));
#17576=DIRECTION('',(0.,1.,1.62630325872826E-16));
#17577=DIRECTION('',(0.,-1.,0.));
#17578=DIRECTION('',(0.,0.,-1.));
#17579=DIRECTION('',(0.,-1.,1.54886024640787E-15));
#17580=DIRECTION('',(0.,-1.,1.54886024640787E-15));
#17581=DIRECTION('',(-1.,0.,0.));
#17582=DIRECTION('',(0.,-1.54886024640787E-15,-1.));
#17583=DIRECTION('',(0.,1.,-1.54889122361279E-15));
#17584=DIRECTION('',(0.,0.,-1.));
#17585=DIRECTION('',(0.,1.,1.83357720346813E-16));
#17586=DIRECTION('',(0.,0.,1.));
#17587=DIRECTION('',(0.,-1.,-1.62630325872826E-16));
#17588=DIRECTION('',(0.,0.,1.));
#17589=DIRECTION('',(1.,0.,1.22464679914735E-16));
#17590=DIRECTION('',(1.22298005056365E-16,0.,-1.));
#17591=DIRECTION('',(0.,0.,1.));
#17592=DIRECTION('',(0.,-1.,-1.62630325872826E-16));
#17593=DIRECTION('',(0.,0.,1.));
#17594=DIRECTION('',(0.,1.,1.83357720346813E-16));
#17595=DIRECTION('',(0.,0.,-1.));
#17596=DIRECTION('',(1.,0.,1.22464679914735E-16));
#17597=DIRECTION('',(1.22298005056365E-16,0.,-1.));
#17598=DIRECTION('',(-1.,0.,0.));
#17599=DIRECTION('',(0.,1.,0.));
#17600=DIRECTION('',(0.,0.,1.));
#17601=DIRECTION('',(-1.,0.,0.));
#17602=DIRECTION('',(0.,-1.83357720346813E-16,1.));
#17603=DIRECTION('',(0.,-1.,-1.83358916158033E-16));
#17604=DIRECTION('',(-1.,0.,0.));
#17605=DIRECTION('',(0.,-1.,0.));
#17606=DIRECTION('',(0.,0.,-1.));
#17607=DIRECTION('',(-1.,0.,0.));
#17608=DIRECTION('',(0.,1.62630325872826E-16,-1.));
#17609=DIRECTION('',(0.,1.,1.62630325872826E-16));
#17610=DIRECTION('',(0.,-1.,0.));
#17611=DIRECTION('',(0.,0.,-1.));
#17612=DIRECTION('',(0.,-1.,1.54886024640787E-15));
#17613=DIRECTION('',(0.,-1.,1.54886024640787E-15));
#17614=DIRECTION('',(-1.,0.,0.));
#17615=DIRECTION('',(0.,-1.54886024640787E-15,-1.));
#17616=DIRECTION('',(0.,1.,-1.54889122361279E-15));
#17617=DIRECTION('',(0.,0.,-1.));
#17618=DIRECTION('',(0.,1.,1.83357720346813E-16));
#17619=DIRECTION('',(0.,0.,1.));
#17620=DIRECTION('',(0.,-1.,-1.62630325872826E-16));
#17621=DIRECTION('',(0.,0.,1.));
#17622=DIRECTION('',(1.,0.,1.22464679914735E-16));
#17623=DIRECTION('',(1.22298005056365E-16,0.,-1.));
#17624=DIRECTION('',(0.,0.,1.));
#17625=DIRECTION('',(0.,-1.,-1.62630325872826E-16));
#17626=DIRECTION('',(0.,0.,1.));
#17627=DIRECTION('',(0.,1.,1.83357720346813E-16));
#17628=DIRECTION('',(0.,0.,-1.));
#17629=DIRECTION('',(1.,0.,1.22464679914735E-16));
#17630=DIRECTION('',(1.22298005056365E-16,0.,-1.));
#17631=DIRECTION('',(-1.,0.,0.));
#17632=DIRECTION('',(0.,1.,0.));
#17633=DIRECTION('',(0.,0.,1.));
#17634=DIRECTION('',(-1.,0.,0.));
#17635=DIRECTION('',(0.,-1.83357720346813E-16,1.));
#17636=DIRECTION('',(0.,-1.,-1.83358916158033E-16));
#17637=DIRECTION('',(-1.,0.,0.));
#17638=DIRECTION('',(0.,-1.,0.));
#17639=DIRECTION('',(0.,0.,-1.));
#17640=DIRECTION('',(-1.,0.,0.));
#17641=DIRECTION('',(0.,1.62630325872826E-16,-1.));
#17642=DIRECTION('',(0.,1.,1.62630325872826E-16));
#17643=DIRECTION('',(0.,-1.,0.));
#17644=DIRECTION('',(0.,0.,-1.));
#17645=DIRECTION('',(0.,-1.,1.54886024640787E-15));
#17646=DIRECTION('',(0.,-1.,1.54886024640787E-15));
#17647=DIRECTION('',(-1.,0.,0.));
#17648=DIRECTION('',(0.,-1.54886024640787E-15,-1.));
#17649=DIRECTION('',(0.,1.,-1.54889122361279E-15));
#17650=DIRECTION('',(0.,0.,-1.));
#17651=DIRECTION('',(0.,1.,1.83357720346813E-16));
#17652=DIRECTION('',(0.,0.,1.));
#17653=DIRECTION('',(0.,-1.,-1.62630325872826E-16));
#17654=DIRECTION('',(0.,0.,1.));
#17655=DIRECTION('',(1.,0.,1.22464679914735E-16));
#17656=DIRECTION('',(1.22514845490862E-16,0.,-1.));
#17657=DIRECTION('',(0.,0.,1.));
#17658=DIRECTION('',(0.,-1.,-1.62630325872826E-16));
#17659=DIRECTION('',(0.,0.,1.));
#17660=DIRECTION('',(0.,1.,1.83357720346813E-16));
#17661=DIRECTION('',(0.,0.,-1.));
#17662=DIRECTION('',(1.,0.,1.22464679914735E-16));
#17663=DIRECTION('',(1.22298005056365E-16,0.,-1.));
#17664=DIRECTION('',(-1.,0.,0.));
#17665=DIRECTION('',(0.,1.,0.));
#17666=DIRECTION('',(0.,0.,1.));
#17667=DIRECTION('',(-1.,0.,0.));
#17668=DIRECTION('',(0.,-1.83357720346813E-16,1.));
#17669=DIRECTION('',(0.,-1.,-1.83358916158033E-16));
#17670=DIRECTION('',(-1.,0.,0.));
#17671=DIRECTION('',(0.,-1.,0.));
#17672=DIRECTION('',(0.,0.,-1.));
#17673=DIRECTION('',(-1.,0.,0.));
#17674=DIRECTION('',(0.,1.62630325872826E-16,-1.));
#17675=DIRECTION('',(0.,1.,1.62630325872826E-16));
#17676=DIRECTION('',(0.,-1.,0.));
#17677=DIRECTION('',(0.,0.,-1.));
#17678=DIRECTION('',(0.,-1.,1.54886024640787E-15));
#17679=DIRECTION('',(0.,-1.,1.54886024640787E-15));
#17680=DIRECTION('',(-1.,0.,0.));
#17681=DIRECTION('',(0.,-1.54886024640787E-15,-1.));
#17682=DIRECTION('',(0.,1.,-1.54889122361279E-15));
#17683=DIRECTION('',(0.,0.,-1.));
#17684=DIRECTION('',(0.,1.,1.83357720346813E-16));
#17685=DIRECTION('',(0.,0.,1.));
#17686=DIRECTION('',(0.,-1.,-1.62630325872826E-16));
#17687=DIRECTION('',(0.,0.,1.));
#17688=DIRECTION('',(1.,0.,1.22464679914735E-16));
#17689=DIRECTION('',(1.22514845490862E-16,0.,-1.));
#17690=DIRECTION('',(0.,0.,1.));
#17691=DIRECTION('',(0.,-1.,-1.62630325872826E-16));
#17692=DIRECTION('',(0.,0.,1.));
#17693=DIRECTION('',(0.,1.,1.83357720346813E-16));
#17694=DIRECTION('',(0.,0.,-1.));
#17695=DIRECTION('',(1.,0.,1.22464679914735E-16));
#17696=DIRECTION('',(1.22514845490862E-16,0.,-1.));
#17697=DIRECTION('',(-1.,0.,0.));
#17698=DIRECTION('',(0.,1.,0.));
#17699=DIRECTION('',(0.,0.,1.));
#17700=DIRECTION('',(-1.,0.,0.));
#17701=DIRECTION('',(0.,-1.83357720346813E-16,1.));
#17702=DIRECTION('',(0.,-1.,-1.83358916158033E-16));
#17703=DIRECTION('',(-1.,0.,0.));
#17704=DIRECTION('',(0.,-1.,0.));
#17705=DIRECTION('',(0.,0.,-1.));
#17706=DIRECTION('',(-1.,0.,0.));
#17707=DIRECTION('',(0.,1.62630325872826E-16,-1.));
#17708=DIRECTION('',(0.,1.,1.62630325872826E-16));
#17709=DIRECTION('',(0.,-1.,0.));
#17710=DIRECTION('',(0.,0.,-1.));
#17711=DIRECTION('',(0.,-1.,1.54886024640787E-15));
#17712=DIRECTION('',(0.,-1.,1.54886024640787E-15));
#17713=DIRECTION('',(-1.,0.,0.));
#17714=DIRECTION('',(0.,-1.54886024640787E-15,-1.));
#17715=DIRECTION('',(0.,1.,-1.54889122361279E-15));
#17716=DIRECTION('',(0.,0.,-1.));
#17717=DIRECTION('',(0.,1.,1.83357720346813E-16));
#17718=DIRECTION('',(0.,0.,1.));
#17719=DIRECTION('',(0.,-1.,-1.62630325872826E-16));
#17720=DIRECTION('',(0.,0.,1.));
#17721=DIRECTION('',(1.,0.,1.22464679914735E-16));
#17722=DIRECTION('',(1.22514845490862E-16,0.,-1.));
#17723=DIRECTION('',(0.,0.,1.));
#17724=DIRECTION('',(0.,-1.,-1.62630325872826E-16));
#17725=DIRECTION('',(0.,0.,1.));
#17726=DIRECTION('',(0.,1.,1.83357720346813E-16));
#17727=DIRECTION('',(0.,0.,-1.));
#17728=DIRECTION('',(1.,0.,1.22464679914735E-16));
#17729=DIRECTION('',(1.22514845490862E-16,0.,-1.));
#17730=DIRECTION('',(-1.,0.,0.));
#17731=DIRECTION('',(0.,1.,0.));
#17732=DIRECTION('',(0.,0.,1.));
#17733=DIRECTION('',(-1.,0.,0.));
#17734=DIRECTION('',(0.,-1.83357720346813E-16,1.));
#17735=DIRECTION('',(0.,-1.,-1.83358916158033E-16));
#17736=DIRECTION('',(-1.,0.,0.));
#17737=DIRECTION('',(0.,-1.,0.));
#17738=DIRECTION('',(0.,0.,-1.));
#17739=DIRECTION('',(-1.,0.,0.));
#17740=DIRECTION('',(0.,1.62630325872826E-16,-1.));
#17741=DIRECTION('',(0.,1.,1.62630325872826E-16));
#17742=DIRECTION('',(0.,-1.,0.));
#17743=DIRECTION('',(0.,0.,-1.));
#17744=DIRECTION('',(0.,-1.,1.54886024640787E-15));
#17745=DIRECTION('',(0.,-1.,1.54886024640787E-15));
#17746=DIRECTION('',(-1.,0.,0.));
#17747=DIRECTION('',(0.,-1.54886024640787E-15,-1.));
#17748=DIRECTION('',(0.,1.,-1.54889122361279E-15));
#17749=DIRECTION('',(0.,0.,-1.));
#17750=DIRECTION('',(0.,1.,1.83357720346813E-16));
#17751=DIRECTION('',(0.,0.,1.));
#17752=DIRECTION('',(0.,-1.,-1.62630325872826E-16));
#17753=DIRECTION('',(0.,0.,1.));
#17754=DIRECTION('',(1.,0.,1.22464679914735E-16));
#17755=DIRECTION('',(1.22460635382238E-16,0.,-1.));
#17756=DIRECTION('',(0.,0.,1.));
#17757=DIRECTION('',(0.,-1.,-1.62630325872826E-16));
#17758=DIRECTION('',(0.,0.,1.));
#17759=DIRECTION('',(0.,1.,1.83357720346813E-16));
#17760=DIRECTION('',(0.,0.,-1.));
#17761=DIRECTION('',(1.,0.,1.22464679914735E-16));
#17762=DIRECTION('',(1.22514845490862E-16,0.,-1.));
#17763=DIRECTION('',(-1.,0.,0.));
#17764=DIRECTION('',(0.,1.,0.));
#17765=DIRECTION('',(0.,0.,1.));
#17766=DIRECTION('',(-1.,0.,0.));
#17767=DIRECTION('',(0.,-1.83357720346813E-16,1.));
#17768=DIRECTION('',(0.,-1.,-1.83358916158033E-16));
#17769=DIRECTION('',(-1.,0.,0.));
#17770=DIRECTION('',(0.,-1.,0.));
#17771=DIRECTION('',(0.,0.,-1.));
#17772=DIRECTION('',(-1.,0.,0.));
#17773=DIRECTION('',(0.,1.62630325872826E-16,-1.));
#17774=DIRECTION('',(0.,1.,1.62630325872826E-16));
#17775=DIRECTION('',(0.,-1.,0.));
#17776=DIRECTION('',(0.,0.,-1.));
#17777=DIRECTION('',(0.,-1.,1.54886024640787E-15));
#17778=DIRECTION('',(0.,-1.,1.54886024640787E-15));
#17779=DIRECTION('',(-1.,0.,0.));
#17780=DIRECTION('',(0.,-1.54886024640787E-15,-1.));
#17781=DIRECTION('',(0.,1.,-1.54889122361279E-15));
#17782=DIRECTION('',(0.,0.,-1.));
#17783=DIRECTION('',(0.,1.,1.83357720346813E-16));
#17784=DIRECTION('',(0.,0.,1.));
#17785=DIRECTION('',(0.,-1.,-1.62630325872826E-16));
#17786=DIRECTION('',(0.,0.,1.));
#17787=DIRECTION('',(1.,0.,1.22464679914735E-16));
#17788=DIRECTION('',(1.22460635382238E-16,0.,-1.));
#17789=DIRECTION('',(0.,0.,1.));
#17790=DIRECTION('',(0.,-1.,-1.62630325872826E-16));
#17791=DIRECTION('',(0.,0.,1.));
#17792=DIRECTION('',(0.,1.,1.83357720346813E-16));
#17793=DIRECTION('',(0.,0.,-1.));
#17794=DIRECTION('',(1.,0.,1.22464679914735E-16));
#17795=DIRECTION('',(1.22460635382238E-16,0.,-1.));
#17796=DIRECTION('',(-1.,0.,0.));
#17797=DIRECTION('',(0.,1.,0.));
#17798=DIRECTION('',(0.,0.,1.));
#17799=DIRECTION('',(-1.,0.,0.));
#17800=DIRECTION('',(0.,-1.83357720346813E-16,1.));
#17801=DIRECTION('',(0.,-1.,-1.83358916158033E-16));
#17802=DIRECTION('',(-1.,0.,0.));
#17803=DIRECTION('',(0.,-1.,0.));
#17804=DIRECTION('',(0.,0.,-1.));
#17805=DIRECTION('',(-1.,0.,0.));
#17806=DIRECTION('',(0.,1.62630325872826E-16,-1.));
#17807=DIRECTION('',(0.,1.,1.62630325872826E-16));
#17808=DIRECTION('',(0.,-1.,0.));
#17809=DIRECTION('',(0.,0.,-1.));
#17810=DIRECTION('',(0.,-1.,1.54886024640787E-15));
#17811=DIRECTION('',(0.,-1.,1.54886024640787E-15));
#17812=DIRECTION('',(-1.,0.,0.));
#17813=DIRECTION('',(0.,-1.54886024640787E-15,-1.));
#17814=DIRECTION('',(0.,1.,-1.54889122361279E-15));
#17815=DIRECTION('',(0.,0.,-1.));
#17816=DIRECTION('',(0.,1.,1.83357720346813E-16));
#17817=DIRECTION('',(0.,0.,1.));
#17818=DIRECTION('',(0.,-1.,-1.62630325872826E-16));
#17819=DIRECTION('',(0.,0.,1.));
#17820=DIRECTION('',(1.,0.,1.22464679914735E-16));
#17821=DIRECTION('',(1.22514845490862E-16,0.,-1.));
#17822=DIRECTION('',(0.,0.,1.));
#17823=DIRECTION('',(0.,-1.,-1.62630325872826E-16));
#17824=DIRECTION('',(0.,0.,1.));
#17825=DIRECTION('',(0.,1.,1.83357720346813E-16));
#17826=DIRECTION('',(0.,0.,-1.));
#17827=DIRECTION('',(1.,0.,1.22464679914735E-16));
#17828=DIRECTION('',(1.22460635382238E-16,0.,-1.));
#17829=DIRECTION('',(-1.,0.,0.));
#17830=DIRECTION('',(0.,1.,0.));
#17831=DIRECTION('',(0.,0.,1.));
#17832=DIRECTION('',(-1.,0.,0.));
#17833=DIRECTION('',(0.,-1.83357720346813E-16,1.));
#17834=DIRECTION('',(0.,-1.,-1.83358916158033E-16));
#17835=DIRECTION('',(-1.,0.,0.));
#17836=DIRECTION('',(0.,-1.,0.));
#17837=DIRECTION('',(0.,0.,-1.));
#17838=DIRECTION('',(-1.,0.,0.));
#17839=DIRECTION('',(0.,1.62630325872826E-16,-1.));
#17840=DIRECTION('',(0.,1.,1.62630325872826E-16));
#17841=DIRECTION('',(0.,-1.,0.));
#17842=DIRECTION('',(0.,0.,-1.));
#17843=DIRECTION('',(0.,-1.,1.54886024640787E-15));
#17844=DIRECTION('',(0.,-1.,1.54886024640787E-15));
#17845=DIRECTION('',(-1.,0.,0.));
#17846=DIRECTION('',(0.,-1.54886024640787E-15,-1.));
#17847=DIRECTION('',(0.,1.,-1.54889122361279E-15));
#17848=DIRECTION('',(0.,0.,-1.));
#17849=DIRECTION('',(0.,1.,1.83357720346813E-16));
#17850=DIRECTION('',(0.,0.,1.));
#17851=DIRECTION('',(0.,-1.,-1.62630325872826E-16));
#17852=DIRECTION('',(0.,0.,1.));
#17853=DIRECTION('',(1.,0.,1.22464679914735E-16));
#17854=DIRECTION('',(1.22514845490862E-16,0.,-1.));
#17855=DIRECTION('',(0.,0.,1.));
#17856=DIRECTION('',(0.,-1.,-1.62630325872826E-16));
#17857=DIRECTION('',(0.,0.,1.));
#17858=DIRECTION('',(0.,1.,1.83357720346813E-16));
#17859=DIRECTION('',(0.,0.,-1.));
#17860=DIRECTION('',(1.,0.,1.22464679914735E-16));
#17861=DIRECTION('',(1.22514845490862E-16,0.,-1.));
#17862=DIRECTION('',(-1.,0.,0.));
#17863=DIRECTION('',(0.,1.,0.));
#17864=DIRECTION('',(0.,0.,1.));
#17865=DIRECTION('',(-1.,0.,0.));
#17866=DIRECTION('',(0.,-1.83357720346813E-16,1.));
#17867=DIRECTION('',(0.,-1.,-1.83358916158033E-16));
#17868=DIRECTION('',(-1.,0.,0.));
#17869=DIRECTION('',(0.,-1.,0.));
#17870=DIRECTION('',(0.,0.,-1.));
#17871=DIRECTION('',(-1.,0.,0.));
#17872=DIRECTION('',(0.,1.62630325872826E-16,-1.));
#17873=DIRECTION('',(0.,1.,1.62630325872826E-16));
#17874=DIRECTION('',(0.,-1.,0.));
#17875=DIRECTION('',(0.,0.,-1.));
#17876=DIRECTION('',(0.,-1.,1.54886024640787E-15));
#17877=DIRECTION('',(0.,-1.,1.54886024640787E-15));
#17878=DIRECTION('',(-1.,0.,0.));
#17879=DIRECTION('',(0.,-1.54886024640787E-15,-1.));
#17880=DIRECTION('',(0.,1.,-1.54889122361279E-15));
#17881=DIRECTION('',(0.,0.,-1.));
#17882=DIRECTION('',(0.,1.,1.83357720346813E-16));
#17883=DIRECTION('',(0.,0.,1.));
#17884=DIRECTION('',(0.,-1.,-1.62630325872826E-16));
#17885=DIRECTION('',(0.,0.,1.));
#17886=DIRECTION('',(1.,0.,1.22464679914735E-16));
#17887=DIRECTION('',(1.22514845490862E-16,0.,-1.));
#17888=DIRECTION('',(0.,0.,1.));
#17889=DIRECTION('',(0.,-1.,-1.62630325872826E-16));
#17890=DIRECTION('',(0.,0.,1.));
#17891=DIRECTION('',(0.,1.,1.83357720346813E-16));
#17892=DIRECTION('',(0.,0.,-1.));
#17893=DIRECTION('',(1.,0.,1.22464679914735E-16));
#17894=DIRECTION('',(1.22514845490862E-16,0.,-1.));
#17895=DIRECTION('',(-1.,0.,0.));
#17896=DIRECTION('',(0.,1.,0.));
#17897=DIRECTION('',(0.,0.,1.));
#17898=DIRECTION('',(-1.,0.,0.));
#17899=DIRECTION('',(0.,-1.83357720346813E-16,1.));
#17900=DIRECTION('',(0.,-1.,-1.83358916158033E-16));
#17901=DIRECTION('',(-1.,0.,0.));
#17902=DIRECTION('',(0.,-1.,0.));
#17903=DIRECTION('',(0.,0.,-1.));
#17904=DIRECTION('',(-1.,0.,0.));
#17905=DIRECTION('',(0.,1.62630325872826E-16,-1.));
#17906=DIRECTION('',(0.,1.,1.62630325872826E-16));
#17907=DIRECTION('',(0.,-1.,0.));
#17908=DIRECTION('',(0.,0.,-1.));
#17909=DIRECTION('',(0.,-1.,1.54886024640787E-15));
#17910=DIRECTION('',(0.,-1.,1.54886024640787E-15));
#17911=DIRECTION('',(-1.,0.,0.));
#17912=DIRECTION('',(0.,-1.54886024640787E-15,-1.));
#17913=DIRECTION('',(0.,1.,-1.54889122361279E-15));
#17914=DIRECTION('',(0.,0.,-1.));
#17915=DIRECTION('',(0.,1.,1.83357720346813E-16));
#17916=DIRECTION('',(0.,0.,1.));
#17917=DIRECTION('',(0.,-1.,-1.62630325872826E-16));
#17918=DIRECTION('',(0.,0.,1.));
#17919=DIRECTION('',(1.,0.,1.22464679914735E-16));
#17920=DIRECTION('',(1.22298005056365E-16,0.,-1.));
#17921=DIRECTION('',(0.,0.,1.));
#17922=DIRECTION('',(0.,-1.,-1.62630325872826E-16));
#17923=DIRECTION('',(0.,0.,1.));
#17924=DIRECTION('',(0.,1.,1.83357720346813E-16));
#17925=DIRECTION('',(0.,0.,-1.));
#17926=DIRECTION('',(1.,0.,1.22464679914735E-16));
#17927=DIRECTION('',(1.22514845490862E-16,0.,-1.));
#17928=DIRECTION('',(-1.,0.,0.));
#17929=DIRECTION('',(0.,1.,0.));
#17930=DIRECTION('',(0.,0.,1.));
#17931=DIRECTION('',(-1.,0.,0.));
#17932=DIRECTION('',(0.,-1.83357720346813E-16,1.));
#17933=DIRECTION('',(0.,-1.,-1.83358916158033E-16));
#17934=DIRECTION('',(-1.,0.,0.));
#17935=DIRECTION('',(0.,-1.,0.));
#17936=DIRECTION('',(0.,0.,-1.));
#17937=DIRECTION('',(-1.,0.,0.));
#17938=DIRECTION('',(0.,1.62630325872826E-16,-1.));
#17939=DIRECTION('',(0.,1.,1.62630325872826E-16));
#17940=DIRECTION('',(0.,-1.,0.));
#17941=DIRECTION('',(0.,0.,-1.));
#17942=DIRECTION('',(0.,-1.,1.54886024640787E-15));
#17943=DIRECTION('',(0.,-1.,1.54886024640787E-15));
#17944=DIRECTION('',(-1.,0.,0.));
#17945=DIRECTION('',(0.,-1.54886024640787E-15,-1.));
#17946=DIRECTION('',(0.,1.,-1.54889122361279E-15));
#17947=DIRECTION('',(0.,0.,-1.));
#17948=DIRECTION('',(0.,1.,1.83357720346813E-16));
#17949=DIRECTION('',(0.,0.,1.));
#17950=DIRECTION('',(0.,-1.,-1.62630325872826E-16));
#17951=DIRECTION('',(0.,0.,1.));
#17952=DIRECTION('',(1.,0.,1.22464679914735E-16));
#17953=DIRECTION('',(1.22298005056365E-16,0.,-1.));
#17954=DIRECTION('',(0.,0.,1.));
#17955=DIRECTION('',(0.,-1.,-1.62630325872826E-16));
#17956=DIRECTION('',(0.,0.,1.));
#17957=DIRECTION('',(0.,1.,1.83357720346813E-16));
#17958=DIRECTION('',(0.,0.,-1.));
#17959=DIRECTION('',(1.,0.,1.22464679914735E-16));
#17960=DIRECTION('',(1.22298005056365E-16,0.,-1.));
#17961=DIRECTION('',(-1.,0.,0.));
#17962=DIRECTION('',(0.,1.,0.));
#17963=DIRECTION('',(0.,0.,1.));
#17964=DIRECTION('',(-1.,0.,0.));
#17965=DIRECTION('',(0.,-1.83357720346813E-16,1.));
#17966=DIRECTION('',(0.,-1.,-1.83358916158033E-16));
#17967=DIRECTION('',(-1.,0.,0.));
#17968=DIRECTION('',(0.,-1.,0.));
#17969=DIRECTION('',(0.,0.,-1.));
#17970=DIRECTION('',(-1.,0.,0.));
#17971=DIRECTION('',(0.,1.62630325872826E-16,-1.));
#17972=DIRECTION('',(0.,1.,1.62630325872826E-16));
#17973=DIRECTION('',(0.,-1.,0.));
#17974=DIRECTION('',(0.,0.,-1.));
#17975=DIRECTION('',(0.,-1.,1.54886024640787E-15));
#17976=DIRECTION('',(0.,-1.,1.54886024640787E-15));
#17977=DIRECTION('',(-1.,0.,0.));
#17978=DIRECTION('',(0.,-1.54886024640787E-15,-1.));
#17979=DIRECTION('',(0.,1.,-1.54889122361279E-15));
#17980=DIRECTION('',(0.,0.,-1.));
#17981=DIRECTION('',(0.,1.,1.83357720346813E-16));
#17982=DIRECTION('',(0.,0.,1.));
#17983=DIRECTION('',(0.,-1.,-1.62630325872826E-16));
#17984=DIRECTION('',(0.,0.,1.));
#17985=DIRECTION('',(1.,0.,1.22464679914735E-16));
#17986=DIRECTION('',(1.22298005056365E-16,0.,-1.));
#17987=DIRECTION('',(0.,0.,1.));
#17988=DIRECTION('',(0.,-1.,-1.62630325872826E-16));
#17989=DIRECTION('',(0.,0.,1.));
#17990=DIRECTION('',(0.,1.,1.83357720346813E-16));
#17991=DIRECTION('',(0.,0.,-1.));
#17992=DIRECTION('',(1.,0.,1.22464679914735E-16));
#17993=DIRECTION('',(1.22298005056365E-16,0.,-1.));
#17994=DIRECTION('',(-1.,0.,0.));
#17995=DIRECTION('',(0.,1.,0.));
#17996=DIRECTION('',(0.,0.,1.));
#17997=DIRECTION('',(-1.,0.,0.));
#17998=DIRECTION('',(0.,-1.83357720346813E-16,1.));
#17999=DIRECTION('',(0.,-1.,-1.83358916158033E-16));
#18000=DIRECTION('',(-1.,0.,0.));
#18001=DIRECTION('',(0.,-1.,0.));
#18002=DIRECTION('',(0.,0.,-1.));
#18003=DIRECTION('',(-1.,0.,0.));
#18004=DIRECTION('',(0.,1.62630325872826E-16,-1.));
#18005=DIRECTION('',(0.,1.,1.62630325872826E-16));
#18006=DIRECTION('',(0.,-1.,0.));
#18007=DIRECTION('',(0.,0.,-1.));
#18008=DIRECTION('',(0.,-1.,1.54886024640787E-15));
#18009=DIRECTION('',(0.,-1.,1.54886024640787E-15));
#18010=DIRECTION('',(-1.,0.,0.));
#18011=DIRECTION('',(0.,-1.54886024640787E-15,-1.));
#18012=DIRECTION('',(0.,1.,-1.54889122361279E-15));
#18013=DIRECTION('',(0.,0.,-1.));
#18014=DIRECTION('',(0.,1.,1.83357720346813E-16));
#18015=DIRECTION('',(0.,0.,1.));
#18016=DIRECTION('',(0.,-1.,-1.62630325872826E-16));
#18017=DIRECTION('',(0.,0.,1.));
#18018=DIRECTION('',(1.,0.,1.22464679914735E-16));
#18019=DIRECTION('',(1.22298005056365E-16,0.,-1.));
#18020=DIRECTION('',(0.,0.,1.));
#18021=DIRECTION('',(0.,-1.,-1.62630325872826E-16));
#18022=DIRECTION('',(0.,0.,1.));
#18023=DIRECTION('',(0.,1.,1.83357720346813E-16));
#18024=DIRECTION('',(0.,0.,-1.));
#18025=DIRECTION('',(1.,0.,1.22464679914735E-16));
#18026=DIRECTION('',(1.22298005056365E-16,0.,-1.));
#18027=DIRECTION('',(-1.,0.,0.));
#18028=DIRECTION('',(0.,1.,0.));
#18029=DIRECTION('',(0.,0.,1.));
#18030=DIRECTION('',(-1.,0.,0.));
#18031=DIRECTION('',(0.,-1.83357720346813E-16,1.));
#18032=DIRECTION('',(0.,-1.,-1.83358916158033E-16));
#18033=DIRECTION('',(-1.,0.,0.));
#18034=DIRECTION('',(0.,-1.,0.));
#18035=DIRECTION('',(0.,0.,-1.));
#18036=DIRECTION('',(-1.,0.,0.));
#18037=DIRECTION('',(0.,1.62630325872826E-16,-1.));
#18038=DIRECTION('',(0.,1.,1.62630325872826E-16));
#18039=DIRECTION('',(0.,-1.,0.));
#18040=DIRECTION('',(0.,0.,-1.));
#18041=DIRECTION('',(0.,-1.,1.54886024640787E-15));
#18042=DIRECTION('',(0.,-1.,1.54886024640787E-15));
#18043=DIRECTION('',(-1.,0.,0.));
#18044=DIRECTION('',(0.,-1.54886024640787E-15,-1.));
#18045=DIRECTION('',(0.,1.,-1.54889122361279E-15));
#18046=DIRECTION('',(0.,0.,-1.));
#18047=DIRECTION('',(0.,1.,1.83357720346813E-16));
#18048=DIRECTION('',(0.,0.,1.));
#18049=DIRECTION('',(0.,-1.,-1.62630325872826E-16));
#18050=DIRECTION('',(0.,0.,1.));
#18051=DIRECTION('',(1.,0.,1.22464679914735E-16));
#18052=DIRECTION('',(1.22298005056365E-16,0.,-1.));
#18053=DIRECTION('',(0.,0.,1.));
#18054=DIRECTION('',(0.,-1.,-1.62630325872826E-16));
#18055=DIRECTION('',(0.,0.,1.));
#18056=DIRECTION('',(0.,1.,1.83357720346813E-16));
#18057=DIRECTION('',(0.,0.,-1.));
#18058=DIRECTION('',(1.,0.,1.22464679914735E-16));
#18059=DIRECTION('',(1.22298005056365E-16,0.,-1.));
#18060=DIRECTION('',(-1.,0.,0.));
#18061=DIRECTION('',(0.,1.,0.));
#18062=DIRECTION('',(0.,0.,1.));
#18063=DIRECTION('',(-1.,0.,0.));
#18064=DIRECTION('',(0.,-1.83357720346813E-16,1.));
#18065=DIRECTION('',(0.,-1.,-1.83358916158033E-16));
#18066=DIRECTION('',(-1.,0.,0.));
#18067=DIRECTION('',(0.,-1.,0.));
#18068=DIRECTION('',(0.,0.,-1.));
#18069=DIRECTION('',(-1.,0.,0.));
#18070=DIRECTION('',(0.,1.62630325872826E-16,-1.));
#18071=DIRECTION('',(0.,1.,1.62630325872826E-16));
#18072=DIRECTION('',(0.,-1.,0.));
#18073=DIRECTION('',(0.,0.,-1.));
#18074=DIRECTION('',(0.,-1.,1.54886024640787E-15));
#18075=DIRECTION('',(0.,-1.,1.54886024640787E-15));
#18076=DIRECTION('',(-1.,0.,0.));
#18077=DIRECTION('',(0.,-1.54886024640787E-15,-1.));
#18078=DIRECTION('',(0.,1.,-1.54889122361279E-15));
#18079=DIRECTION('',(0.,0.,-1.));
#18080=DIRECTION('',(0.,1.,1.83357720346813E-16));
#18081=DIRECTION('',(0.,0.,1.));
#18082=DIRECTION('',(0.,-1.,-1.62630325872826E-16));
#18083=DIRECTION('',(0.,0.,1.));
#18084=DIRECTION('',(1.,0.,1.22464679914735E-16));
#18085=DIRECTION('',(1.22298005056365E-16,0.,-1.));
#18086=DIRECTION('',(0.,0.,1.));
#18087=DIRECTION('',(0.,-1.,-1.62630325872826E-16));
#18088=DIRECTION('',(0.,0.,1.));
#18089=DIRECTION('',(0.,1.,1.83357720346813E-16));
#18090=DIRECTION('',(0.,0.,-1.));
#18091=DIRECTION('',(1.,0.,1.22464679914735E-16));
#18092=DIRECTION('',(1.22298005056365E-16,0.,-1.));
#18093=DIRECTION('',(-1.,0.,0.));
#18094=DIRECTION('',(0.,1.,0.));
#18095=DIRECTION('',(0.,0.,1.));
#18096=DIRECTION('',(-1.,0.,0.));
#18097=DIRECTION('',(0.,-1.83357720346813E-16,1.));
#18098=DIRECTION('',(0.,-1.,-1.83358916158033E-16));
#18099=DIRECTION('',(-1.,0.,0.));
#18100=DIRECTION('',(0.,-1.,0.));
#18101=DIRECTION('',(0.,0.,-1.));
#18102=DIRECTION('',(-1.,0.,0.));
#18103=DIRECTION('',(0.,1.62630325872826E-16,-1.));
#18104=DIRECTION('',(0.,1.,1.62630325872826E-16));
#18105=DIRECTION('',(0.,-1.,0.));
#18106=DIRECTION('',(0.,0.,-1.));
#18107=DIRECTION('',(0.,-1.,1.54886024640787E-15));
#18108=DIRECTION('',(0.,-1.,1.54886024640787E-15));
#18109=DIRECTION('',(-1.,0.,0.));
#18110=DIRECTION('',(0.,-1.54886024640787E-15,-1.));
#18111=DIRECTION('',(0.,1.,-1.54889122361279E-15));
#18112=DIRECTION('',(0.,0.,-1.));
#18113=DIRECTION('',(0.,1.,1.83357720346813E-16));
#18114=DIRECTION('',(0.,0.,1.));
#18115=DIRECTION('',(0.,-1.,-1.62630325872826E-16));
#18116=DIRECTION('',(0.,0.,1.));
#18117=DIRECTION('',(1.,0.,1.22464679914735E-16));
#18118=DIRECTION('',(1.22298005056365E-16,0.,-1.));
#18119=DIRECTION('',(0.,0.,1.));
#18120=DIRECTION('',(0.,-1.,-1.62630325872826E-16));
#18121=DIRECTION('',(0.,0.,1.));
#18122=DIRECTION('',(0.,1.,1.83357720346813E-16));
#18123=DIRECTION('',(0.,0.,-1.));
#18124=DIRECTION('',(1.,0.,1.22464679914735E-16));
#18125=DIRECTION('',(1.22298005056365E-16,0.,-1.));
#18126=DIRECTION('',(-1.,0.,0.));
#18127=DIRECTION('',(0.,1.,0.));
#18128=DIRECTION('',(0.,0.,1.));
#18129=DIRECTION('',(-1.,0.,0.));
#18130=DIRECTION('',(0.,-1.83357720346813E-16,1.));
#18131=DIRECTION('',(0.,-1.,-1.83358916158033E-16));
#18132=DIRECTION('',(-1.,0.,0.));
#18133=DIRECTION('',(0.,-1.,0.));
#18134=DIRECTION('',(0.,0.,-1.));
#18135=DIRECTION('',(-1.,0.,0.));
#18136=DIRECTION('',(0.,1.62630325872826E-16,-1.));
#18137=DIRECTION('',(0.,1.,1.62630325872826E-16));
#18138=DIRECTION('',(0.,-1.,0.));
#18139=DIRECTION('',(0.,0.,-1.));
#18140=DIRECTION('',(0.,-1.,1.54886024640787E-15));
#18141=DIRECTION('',(0.,-1.,1.54886024640787E-15));
#18142=DIRECTION('',(-1.,0.,0.));
#18143=DIRECTION('',(0.,-1.54886024640787E-15,-1.));
#18144=DIRECTION('',(0.,1.,-1.54889122361279E-15));
#18145=DIRECTION('',(0.,0.,-1.));
#18146=DIRECTION('',(0.,1.,1.83357720346813E-16));
#18147=DIRECTION('',(0.,0.,1.));
#18148=DIRECTION('',(0.,-1.,-1.62630325872826E-16));
#18149=DIRECTION('',(0.,0.,1.));
#18150=DIRECTION('',(1.,0.,1.22464679914735E-16));
#18151=DIRECTION('',(1.22298005056365E-16,0.,-1.));
#18152=DIRECTION('',(0.,0.,1.));
#18153=DIRECTION('',(0.,-1.,-1.62630325872826E-16));
#18154=DIRECTION('',(0.,0.,1.));
#18155=DIRECTION('',(0.,1.,1.83357720346813E-16));
#18156=DIRECTION('',(0.,0.,-1.));
#18157=DIRECTION('',(1.,0.,1.22464679914735E-16));
#18158=DIRECTION('',(1.22298005056365E-16,0.,-1.));
#18159=DIRECTION('',(-1.,0.,0.));
#18160=DIRECTION('',(0.,1.,0.));
#18161=DIRECTION('',(0.,0.,1.));
#18162=DIRECTION('',(-1.,0.,0.));
#18163=DIRECTION('',(0.,-1.83357720346813E-16,1.));
#18164=DIRECTION('',(0.,-1.,-1.83358916158033E-16));
#18165=DIRECTION('',(-1.,0.,0.));
#18166=DIRECTION('',(0.,-1.,0.));
#18167=DIRECTION('',(0.,0.,-1.));
#18168=DIRECTION('',(-1.,0.,0.));
#18169=DIRECTION('',(0.,1.62630325872826E-16,-1.));
#18170=DIRECTION('',(0.,1.,1.62630325872826E-16));
#18171=DIRECTION('',(0.,-1.,0.));
#18172=DIRECTION('',(0.,0.,-1.));
#18173=DIRECTION('',(0.,-1.,1.54886024640787E-15));
#18174=DIRECTION('',(0.,-1.,1.54886024640787E-15));
#18175=DIRECTION('',(-1.,0.,0.));
#18176=DIRECTION('',(0.,-1.54886024640787E-15,-1.));
#18177=DIRECTION('',(0.,1.,-1.54889122361279E-15));
#18178=DIRECTION('',(0.,0.,-1.));
#18179=DIRECTION('',(0.,1.,1.83357720346813E-16));
#18180=DIRECTION('',(0.,0.,1.));
#18181=DIRECTION('',(0.,-1.,-1.62630325872826E-16));
#18182=DIRECTION('',(0.,0.,1.));
#18183=DIRECTION('',(1.,0.,1.22464679914735E-16));
#18184=DIRECTION('',(1.22298005056365E-16,0.,-1.));
#18185=DIRECTION('',(0.,0.,1.));
#18186=DIRECTION('',(0.,-1.,-1.62630325872826E-16));
#18187=DIRECTION('',(0.,0.,1.));
#18188=DIRECTION('',(0.,1.,1.83357720346813E-16));
#18189=DIRECTION('',(0.,0.,-1.));
#18190=DIRECTION('',(1.,0.,1.22464679914735E-16));
#18191=DIRECTION('',(1.22298005056365E-16,0.,-1.));
#18192=DIRECTION('',(-1.,0.,0.));
#18193=DIRECTION('',(0.,1.,0.));
#18194=DIRECTION('',(0.,0.,1.));
#18195=DIRECTION('',(-1.,0.,0.));
#18196=DIRECTION('',(0.,-1.83357720346813E-16,1.));
#18197=DIRECTION('',(0.,-1.,-1.83358916158033E-16));
#18198=DIRECTION('',(-1.,0.,0.));
#18199=DIRECTION('',(0.,-1.,0.));
#18200=DIRECTION('',(0.,0.,-1.));
#18201=DIRECTION('',(-1.,0.,0.));
#18202=DIRECTION('',(0.,1.62630325872826E-16,-1.));
#18203=DIRECTION('',(0.,1.,1.62630325872826E-16));
#18204=DIRECTION('',(0.,-1.,0.));
#18205=DIRECTION('',(0.,0.,-1.));
#18206=DIRECTION('',(1.,0.,0.));
#18207=DIRECTION('',(-1.,0.,0.));
#18208=DIRECTION('',(1.,0.,0.));
#18209=DIRECTION('',(0.,-3.33600668457078E-16,1.));
#18210=DIRECTION('',(-1.,0.,0.));
#18211=DIRECTION('',(0.,2.96059473233375E-16,-1.));
#18212=DIRECTION('',(-1.,0.,0.));
#18213=DIRECTION('',(0.,0.,-1.));
#18214=DIRECTION('',(0.,-1.,-4.67462326157961E-16));
#18215=DIRECTION('',(0.,4.67462326157961E-16,-1.));
#18216=DIRECTION('',(-1.,0.,0.));
#18217=DIRECTION('',(0.,-4.67462326157961E-16,1.));
#18218=DIRECTION('',(0.,-1.,-4.67462326157961E-16));
#18219=DIRECTION('',(0.,4.67462326157961E-16,-1.));
#18220=DIRECTION('',(0.,2.96059473233375E-16,-1.));
#18221=DIRECTION('',(-1.,0.,0.));
#18222=DIRECTION('',(0.,2.96059473233375E-16,-1.));
#18223=DIRECTION('',(0.,-1.,-4.67462326157961E-16));
#18224=DIRECTION('',(0.,4.67462326157961E-16,-1.));
#18225=DIRECTION('',(1.,0.,0.));
#18226=DIRECTION('',(0.,0.,-1.));
#18227=DIRECTION('',(-1.,0.,0.));
#18228=DIRECTION('',(0.,2.96059473233375E-16,-1.));
#18229=DIRECTION('',(-1.,0.,0.));
#18230=DIRECTION('',(0.,3.33600668457078E-16,-1.));
#18231=DIRECTION('',(-1.,0.,0.));
#18232=DIRECTION('',(-1.,0.,0.));
#18233=DIRECTION('',(0.,-1.,-4.67462326157961E-16));
#18234=DIRECTION('',(0.,4.67462326157961E-16,-1.));
#18235=DIRECTION('',(-1.,0.,0.));
#18236=DIRECTION('',(0.,-4.67462326157961E-16,1.));
#18237=DIRECTION('',(0.,-1.,-4.67462326157961E-16));
#18238=DIRECTION('',(0.,4.67462326157961E-16,-1.));
#18239=DIRECTION('',(1.22464679914735E-16,0.,1.));
#18240=DIRECTION('',(0.,-1.,-1.88556899562696E-16));
#18241=DIRECTION('',(1.22464679914735E-16,0.,1.));
#18242=DIRECTION('',(0.,-1.,-1.88556899562696E-16));
#18243=DIRECTION('',(0.,1.,1.04922790885694E-16));
#18244=DIRECTION('',(0.,0.,-1.));
#18245=DIRECTION('',(0.,-1.,-1.44560289664734E-15));
#18246=DIRECTION('',(0.,-0.707106781186549,0.707106781186547));
#18247=DIRECTION('',(0.,0.,1.));
#18248=DIRECTION('',(0.,0.97780241407741,0.209529088730874));
#18249=DIRECTION('',(0.,-1.,-6.29536745314164E-16));
#18250=DIRECTION('',(1.,0.,0.));
#18251=DIRECTION('',(0.,0.,-1.));
#18252=DIRECTION('',(-1.,0.,0.));
#18253=DIRECTION('',(0.,0.,1.));
#18254=DIRECTION('',(1.,0.,0.));
#18255=DIRECTION('',(-1.,0.,0.));
#18256=DIRECTION('',(-1.,0.,0.));
#18257=DIRECTION('',(0.,0.,1.));
#18258=DIRECTION('',(1.,0.,0.));
#18259=DIRECTION('',(1.,0.,0.));
#18260=DIRECTION('',(-1.,0.,0.));
#18261=DIRECTION('',(0.,0.,1.));
#18262=DIRECTION('',(-1.,0.,0.));
#18263=DIRECTION('',(0.,0.,1.));
#18264=DIRECTION('',(0.,1.97127667724637E-15,-1.));
#18265=DIRECTION('',(0.,0.838670567945424,0.544639035015028));
#18266=DIRECTION('',(0.,1.,0.));
#18267=DIRECTION('',(0.,0.707106781186549,-0.707106781186546));
#18268=DIRECTION('',(0.,1.,1.44560289664734E-15));
#18269=DIRECTION('',(0.,0.,1.));
#18270=DIRECTION('',(1.,0.,0.));
#18271=DIRECTION('',(0.,0.,-1.));
#18272=DIRECTION('',(-1.22464679914735E-16,0.,1.));
#18273=DIRECTION('',(0.,-1.,1.88556899562696E-16));
#18274=DIRECTION('',(-1.22464679914735E-16,0.,1.));
#18275=DIRECTION('',(0.,-1.,1.88556899562696E-16));
#18276=DIRECTION('',(0.,-1.,-6.29536745314164E-16));
#18277=DIRECTION('',(0.,0.97780241407741,0.209529088730874));
#18278=DIRECTION('',(0.,0.,1.));
#18279=DIRECTION('',(0.,-0.707106781186549,0.707106781186547));
#18280=DIRECTION('',(0.,-1.,-1.44560289664734E-15));
#18281=DIRECTION('',(0.,0.,-1.));
#18282=DIRECTION('',(0.,1.,1.04922790885694E-16));
#18283=DIRECTION('',(1.,0.,0.));
#18284=DIRECTION('',(0.,0.,-1.));
#18285=DIRECTION('',(0.,-1.,0.));
#18286=DIRECTION('',(-1.,0.,0.));
#18287=DIRECTION('',(0.,-1.,-6.29536745314164E-16));
#18288=DIRECTION('',(1.,0.,0.));
#18289=DIRECTION('',(0.,1.,8.67361737988403E-16));
#18290=DIRECTION('',(1.,0.,0.));
#18291=DIRECTION('',(-1.,0.,0.));
#18292=DIRECTION('',(0.,1.,8.67361737988403E-16));
#18293=DIRECTION('',(-1.,0.,0.));
#18294=DIRECTION('',(0.,-1.,-6.29536745314164E-16));
#18295=DIRECTION('',(-1.,0.,0.));
#18296=DIRECTION('',(0.,-1.,0.));
#18297=DIRECTION('',(0.,0.,-1.));
#18298=DIRECTION('',(-1.,0.,0.));
#18299=DIRECTION('',(0.,-1.,-8.39382327085552E-16));
#18300=DIRECTION('',(0.,-1.04922790885694E-16,1.));
#18301=DIRECTION('',(0.,-1.,-1.04950770296597E-16));
#18302=DIRECTION('',(0.,1.,8.39382327085552E-16));
#18303=DIRECTION('',(-1.,0.,0.));
#18304=DIRECTION('',(0.,1.,1.04922790885694E-16));
#18305=DIRECTION('',(0.,-1.04922790885694E-16,1.));
#18306=DIRECTION('',(0.,-1.,-1.04950770296597E-16));
#18307=DIRECTION('',(0.,-0.838670567945424,-0.544639035015028));
#18308=DIRECTION('',(0.,-1.97127667724637E-15,1.));
#18309=DIRECTION('',(0.,-5.78241158658934E-16,1.));
#18310=DIRECTION('',(1.,0.,0.));
#18311=DIRECTION('',(0.,0.,-1.));
#18312=DIRECTION('',(1.,0.,0.));
#18313=DIRECTION('',(-1.,0.,0.));
#18314=DIRECTION('',(0.,-0.838670567945424,-0.544639035015028));
#18315=DIRECTION('',(-1.,0.,0.));
#18316=DIRECTION('',(0.,0.544639035015028,-0.838670567945424));
#18317=DIRECTION('',(0.,0.838670567945424,0.544639035015028));
#18318=DIRECTION('',(-1.,0.,0.));
#18319=DIRECTION('',(-1.,0.,0.));
#18320=DIRECTION('',(0.,-0.707106781186549,0.707106781186547));
#18321=DIRECTION('',(-1.,0.,0.));
#18322=DIRECTION('',(0.,-0.707106781186546,-0.707106781186549));
#18323=DIRECTION('',(0.,0.707106781186549,-0.707106781186546));
#18324=DIRECTION('',(1.,0.,0.));
#18325=DIRECTION('',(0.,-5.78241158658934E-16,1.));
#18326=DIRECTION('',(0.,0.,-1.));
#18327=DIRECTION('',(0.,0.,-1.));
#18328=DIRECTION('',(0.,-1.,-5.78241158658934E-16));
#18329=DIRECTION('',(0.,5.78096598369271E-16,-1.));
#18330=DIRECTION('',(1.,0.,0.));
#18331=DIRECTION('',(0.,-1.,-8.39382327085552E-16));
#18332=DIRECTION('',(0.,1.04922790885694E-16,-1.));
#18333=DIRECTION('',(0.,1.,1.04950770296597E-16));
#18334=DIRECTION('',(0.,1.,1.04922790885694E-16));
#18335=DIRECTION('',(0.,-1.97127667724637E-15,1.));
#18336=DIRECTION('',(0.,-0.838670567945424,-0.544639035015028));
#18337=DIRECTION('',(0.,-5.78241158658934E-16,1.));
#18338=DIRECTION('',(1.,0.,0.));
#18339=DIRECTION('',(0.,0.,-1.));
#18340=DIRECTION('',(0.,1.,0.));
#18341=DIRECTION('',(1.,0.,0.));
#18342=DIRECTION('',(0.,-1.,0.));
#18343=DIRECTION('',(1.,0.,0.));
#18344=DIRECTION('',(0.,0.,1.));
#18345=DIRECTION('',(1.,0.,0.));
#18346=DIRECTION('',(0.,1.,9.09330854342681E-16));
#18347=DIRECTION('',(0.,-5.78241158658934E-16,1.));
#18348=DIRECTION('',(0.,0.,1.));
#18349=DIRECTION('',(0.,1.,3.33600668457078E-16));
#18350=DIRECTION('',(1.,0.,0.));
#18351=DIRECTION('',(0.,0.,-1.));
#18352=DIRECTION('',(-1.,0.,0.));
#18353=DIRECTION('',(1.,0.,0.));
#18354=DIRECTION('',(0.,-1.,-8.39382327085552E-16));
#18355=DIRECTION('',(0.,1.04922790885694E-16,-1.));
#18356=DIRECTION('',(0.,1.,1.04950770296597E-16));
#18357=DIRECTION('',(-1.,0.,0.));
#18358=DIRECTION('',(0.,0.,-1.));
#18359=DIRECTION('',(1.,0.,0.));
#18360=DIRECTION('',(0.,0.,-1.));
#18361=DIRECTION('',(0.,1.,5.78241158658934E-16));
#18362=DIRECTION('',(0.,-5.78096598369271E-16,1.));
#18363=DIRECTION('',(0.,-8.18265790555099E-16,1.));
#18364=DIRECTION('',(0.,0.,-1.));
#18365=DIRECTION('',(0.,-1.,-3.33600668457078E-16));
#18366=DIRECTION('',(0.,1.,2.89120579329468E-16));
#18367=DIRECTION('',(1.,0.,0.));
#18368=DIRECTION('',(0.,0.,-1.));
#18369=DIRECTION('',(0.,-8.18265790555099E-16,1.));
#18370=DIRECTION('',(0.,1.,2.89120579329468E-16));
#18371=DIRECTION('',(0.,-1.,-3.33600668457078E-16));
#18372=DIRECTION('',(0.,0.,-1.));
#18373=DIRECTION('',(1.,0.,0.));
#18374=DIRECTION('',(0.,0.,-1.));
#18375=DIRECTION('',(0.,-1.,0.));
#18376=DIRECTION('',(0.,1.,2.98155597433514E-16));
#18377=DIRECTION('',(-1.,0.,0.));
#18378=DIRECTION('',(0.,-2.98155597433514E-16,1.));
#18379=DIRECTION('',(0.,-1.,-2.98155597433514E-16));
#18380=DIRECTION('',(-1.08420217248551E-15,4.87890977618479E-15,-1.));
#18381=DIRECTION('',(-1.,0.,0.));
#18382=DIRECTION('',(0.,-4.87890977618479E-15,1.));
#18383=DIRECTION('',(0.,3.42379633416475E-16,-1.));
#18384=DIRECTION('',(0.,3.42379633416475E-16,-1.));
#18385=DIRECTION('',(-1.,0.,0.));
#18386=DIRECTION('',(0.,1.,3.42379633416475E-16));
#18387=DIRECTION('',(0.,-3.42391046070922E-16,1.));
#18388=DIRECTION('',(0.,-1.,0.));
#18389=DIRECTION('',(0.,1.,2.98155597433514E-16));
#18390=DIRECTION('',(0.,-2.98155597433514E-16,1.));
#18391=DIRECTION('',(0.,-1.,-2.98155597433514E-16));
#18392=DIRECTION('',(1.,0.,0.));
#18393=DIRECTION('',(0.,0.,-1.));
#18394=DIRECTION('',(1.,0.,0.));
#18395=DIRECTION('',(0.,0.,-1.));
#18396=DIRECTION('',(0.,1.,0.));
#18397=DIRECTION('',(-1.,0.,1.08420217248551E-15));
#18398=DIRECTION('',(1.0842021724855E-15,0.,1.));
#18399=DIRECTION('',(0.,1.,0.));
#18400=DIRECTION('',(1.,0.,0.));
#18401=DIRECTION('',(0.,0.,-1.));
#18402=DIRECTION('',(-1.,0.,0.));
#18403=DIRECTION('',(0.,0.,1.));
#18404=DIRECTION('',(1.,0.,0.));
#18405=DIRECTION('',(0.,-1.,-8.18265790555099E-16));
#18406=DIRECTION('',(0.,8.18355799792059E-16,-1.));
#18407=DIRECTION('',(-1.,0.,0.));
#18408=DIRECTION('',(0.,-1.,0.));
#18409=DIRECTION('',(0.,0.,-1.));
#18410=DIRECTION('',(0.,-3.33600668457078E-16,1.));
#18411=DIRECTION('',(0.,-1.,-3.33500588256541E-16));
#18412=DIRECTION('',(-1.,0.,0.));
#18413=DIRECTION('',(0.,1.,3.33600668457078E-16));
#18414=DIRECTION('',(0.,-3.33600668457078E-16,1.));
#18415=DIRECTION('',(0.,-1.,-3.33500588256541E-16));
#18416=DIRECTION('',(0.,0.,1.));
#18417=DIRECTION('',(0.,-1.,0.));
#18418=DIRECTION('',(0.,0.,-1.));
#18419=DIRECTION('',(1.,0.,0.));
#18420=DIRECTION('',(0.,0.,1.));
#18421=DIRECTION('',(1.,0.,0.));
#18422=DIRECTION('',(0.,1.,0.));
#18423=DIRECTION('',(0.,0.,1.));
#18424=DIRECTION('',(0.,0.97780241407741,0.209529088730874));
#18425=DIRECTION('',(0.,0.209529088730874,-0.97780241407741));
#18426=DIRECTION('',(0.,0.977802414077409,0.209529088730874));
#18427=DIRECTION('',(-1.,0.,0.));
#18428=DIRECTION('',(0.,0.838670567945424,0.544639035015028));
#18429=DIRECTION('',(0.,-0.838670567945424,-0.544639035015028));
#18430=DIRECTION('',(0.,-0.544639035015028,0.838670567945424));
#18431=DIRECTION('',(0.,-0.838670567945424,-0.544639035015028));
#18432=DIRECTION('',(0.,0.707106781186549,-0.707106781186546));
#18433=DIRECTION('',(1.,0.,0.));
#18434=DIRECTION('',(0.,-0.707106781186549,0.707106781186547));
#18435=DIRECTION('',(0.,0.707106781186546,0.707106781186549));
#18436=DIRECTION('',(0.,-0.707106781186549,0.707106781186546));
#18437=DIRECTION('',(-1.,0.,0.));
#18438=DIRECTION('',(0.,0.,1.));
#18439=DIRECTION('',(0.,1.,0.));
#18440=DIRECTION('',(-1.22464679914735E-16,0.,1.));
#18441=DIRECTION('',(0.,1.,0.));
#18442=DIRECTION('',(-1.22464679914735E-16,0.,1.));
#18443=DIRECTION('',(-1.,0.,-1.22464679914735E-16));
#18444=DIRECTION('',(-1.23165366794353E-16,0.,1.));
#18445=DIRECTION('',(-0.5,0.866025403784439,-6.37765983815002E-16));
#18446=DIRECTION('',(-0.5,0.866025403784439,-6.37765983815002E-16));
#18447=DIRECTION('',(-0.866025403784439,-0.5,-1.06057523872491E-16));
#18448=DIRECTION('',(0.5,-0.866025403784439,0.));
#18449=DIRECTION('',(0.707106781186548,0.707106781186547,0.));
#18450=DIRECTION('',(0.707106781186548,0.707106781186547,0.));
#18451=DIRECTION('',(-0.707106781186547,0.707106781186548,-8.65956056235493E-17));
#18452=DIRECTION('',(-0.707106781186548,-0.707106781186547,0.));
#18453=DIRECTION('',(0.,0.,-1.));
#18454=DIRECTION('',(-1.,0.,0.));
#18455=DIRECTION('',(0.,0.,-1.));
#18456=DIRECTION('',(-1.,0.,0.));
#18457=DIRECTION('',(0.,-1.,-9.09330854342681E-16));
#18458=DIRECTION('',(0.,-9.09330854342681E-16,1.));
#18459=DIRECTION('',(0.,-1.,-9.09428782280841E-16));
#18460=DIRECTION('',(-1.,0.,0.));
#18461=DIRECTION('',(0.,0.,1.));
#18462=DIRECTION('',(1.,0.,0.));
#18463=DIRECTION('',(0.,0.,-1.));
#18464=DIRECTION('',(-1.,0.,0.));
#18465=DIRECTION('',(0.,0.,1.));
#18466=DIRECTION('',(-1.,0.,0.));
#18467=DIRECTION('',(0.,-1.,0.));
#18468=DIRECTION('',(0.,0.,-1.));
#18469=DIRECTION('',(-1.,0.,0.));
#18470=DIRECTION('',(0.,1.97127667724637E-15,-1.));
#18471=DIRECTION('',(0.,1.,1.97127667724637E-15));
#18472=DIRECTION('',(0.,-1.97107954957865E-15,1.));
#18473=DIRECTION('',(0.,1.,1.44560289664734E-15));
#18474=DIRECTION('',(0.,-1.44560289664734E-15,1.));
#18475=DIRECTION('',(0.,-1.,-1.44567517679217E-15));
#18476=DIRECTION('',(-1.,0.,0.));
#18477=DIRECTION('',(0.,0.,1.));
#18478=DIRECTION('',(-1.,0.,0.));
#18479=DIRECTION('',(0.,0.,1.));
#18480=DIRECTION('',(1.,0.,0.));
#18481=DIRECTION('',(0.,0.,-1.));
#18482=DIRECTION('',(1.,0.,0.));
#18483=DIRECTION('',(0.,0.,-1.));
#18484=DIRECTION('',(0.,1.,9.09330854342681E-16));
#18485=DIRECTION('',(-1.,0.,0.));
#18486=DIRECTION('',(0.,0.,-1.));
#18487=DIRECTION('',(0.,0.,1.));
#18488=DIRECTION('',(-1.,0.,0.));
#18489=DIRECTION('',(0.,-1.,0.));
#18490=DIRECTION('',(0.,0.,-1.));
#18491=DIRECTION('',(0.,0.97780241407741,0.209529088730874));
#18492=DIRECTION('',(0.,-0.209529088730874,0.97780241407741));
#18493=DIRECTION('',(0.,-0.977802414077409,-0.209529088730874));
#18494=DIRECTION('',(0.,-1.,0.));
#18495=DIRECTION('',(0.,0.,-1.));
#18496=DIRECTION('',(-1.,0.,0.));
#18497=DIRECTION('',(-1.,0.,0.));
#18498=DIRECTION('',(0.,0.,1.));
#18499=DIRECTION('',(0.,1.,0.));
#18500=DIRECTION('',(1.22464679914735E-16,0.,1.));
#18501=DIRECTION('',(0.,1.,0.));
#18502=DIRECTION('',(1.22464679914735E-16,0.,1.));
#18503=DIRECTION('',(-1.,0.,1.22464679914735E-16));
#18504=DIRECTION('',(1.23165366794353E-16,0.,1.));
#18505=DIRECTION('',(0.5,0.866025403784439,0.));
#18506=DIRECTION('',(0.5,0.866025403784439,0.));
#18507=DIRECTION('',(-0.866025403784439,0.5,1.06057523872491E-16));
#18508=DIRECTION('',(-0.5,-0.866025403784439,0.));
#18509=DIRECTION('',(-0.707106781186548,0.707106781186547,9.01937303931397E-16));
#18510=DIRECTION('',(-0.707106781186548,0.707106781186547,9.01937303931397E-16));
#18511=DIRECTION('',(-0.707106781186547,-0.707106781186548,8.65956056235493E-17));
#18512=DIRECTION('',(0.707106781186548,-0.707106781186547,0.));
#18513=DIRECTION('',(1.27553196763E-15,0.,1.));
#18514=DIRECTION('',(1.,0.,-1.2755638559292E-15));
#18515=DIRECTION('',(1.27553196763E-15,0.,1.));
#18516=DIRECTION('',(1.,0.,-1.27545543571195E-15));
#18517=DIRECTION('',(0.,-1.,-9.09330854342681E-16));
#18518=DIRECTION('',(0.,9.09330854342681E-16,-1.));
#18519=DIRECTION('',(0.,1.,9.09428782280841E-16));
#18520=DIRECTION('',(1.,0.,0.));
#18521=DIRECTION('',(0.,0.,-1.));
#18522=DIRECTION('',(1.,0.,0.));
#18523=DIRECTION('',(0.,1.,0.));
#18524=DIRECTION('',(0.,0.,1.));
#18525=DIRECTION('',(0.,-1.,-1.97127667724637E-15));
#18526=DIRECTION('',(0.,1.97107954957865E-15,-1.));
#18527=DIRECTION('',(0.,1.44560289664734E-15,-1.));
#18528=DIRECTION('',(0.,1.,1.44567517679217E-15));
#18529=DIRECTION('',(0.,0.,-1.));
#18530=DIRECTION('',(-0.68231825036001,0.73105526824287,0.));
#18531=DIRECTION('',(0.,0.,-1.));
#18532=DIRECTION('',(-0.73105526824287,-0.68231825036001,0.));
#18533=DIRECTION('',(0.68231825036001,-0.73105526824287,0.));
#18534=DIRECTION('',(0.,0.,-1.));
#18535=DIRECTION('',(-0.682318250360012,-0.731055268242868,0.));
#18536=DIRECTION('',(0.731055268242868,-0.682318250360012,0.));
#18537=DIRECTION('',(0.682318250360012,0.731055268242868,0.));
#18538=DIRECTION('',(1.,0.,0.));
#18539=DIRECTION('',(0.,1.,0.));
#18540=DIRECTION('',(0.,0.,1.));
#18541=DIRECTION('',(0.,0.,1.));
#18542=DIRECTION('',(1.,0.,0.));
#18543=DIRECTION('',(0.,0.,-1.));
#18544=DIRECTION('',(0.,0.,1.));
#18545=DIRECTION('',(0.,1.,0.));
#18546=DIRECTION('',(-1.,0.,0.));
#18547=DIRECTION('',(0.,0.,1.));
#18548=DIRECTION('',(0.,0.,-1.));
#18549=DIRECTION('',(0.,0.,-1.));
#18550=DIRECTION('',(0.,-1.,0.));
#18551=DIRECTION('',(1.,0.,0.));
#18552=DIRECTION('',(0.,0.,-1.));
#18553=DIRECTION('',(0.,0.,1.));
#18554=DIRECTION('',(0.,0.,-1.));
#18555=DIRECTION('',(0.,1.,0.));
#18556=DIRECTION('',(-1.,0.,0.));
#18557=DIRECTION('',(0.,0.,1.));
#18558=DIRECTION('',(0.,0.,-1.));
#18559=DIRECTION('',(-1.,0.,0.));
#18560=DIRECTION('',(0.,-1.,0.));
#18561=DIRECTION('',(0.,0.,-1.));
#18562=DIRECTION('',(0.,0.,-1.));
#18563=DIRECTION('',(0.,-1.,0.));
#18564=DIRECTION('',(1.,0.,0.));
#18565=DIRECTION('',(0.,0.,-1.));
#18566=DIRECTION('',(1.,1.92747052886311E-15,0.));
#18567=DIRECTION('',(-1.,9.63735264431556E-16,0.));
#18568=DIRECTION('',(0.,-1.,0.));
#18569=DIRECTION('',(1.,1.64798730217795E-14,0.));
#18570=DIRECTION('',(0.,-1.,0.));
#18571=DIRECTION('',(-1.,1.47451495458027E-14,0.));
#18572=DIRECTION('',(0.,-1.,0.));
#18573=DIRECTION('',(0.,0.,1.));
#18574=DIRECTION('',(1.,0.,0.));
#18575=DIRECTION('',(1.,0.,-8.28900743490442E-17));
#18576=DIRECTION('',(0.,1.,0.));
#18577=DIRECTION('',(1.,0.,-8.28900743490442E-17));
#18578=DIRECTION('',(0.,0.,1.));
#18579=DIRECTION('',(1.,0.,0.));
#18580=DIRECTION('',(0.,-1.,0.));
#18581=DIRECTION('',(-0.999999999999997,0.,0.));
#18582=DIRECTION('',(0.,0.,1.));
#18583=DIRECTION('',(1.,0.,-2.67044870070321E-16));
#18584=DIRECTION('',(0.,1.,0.));
#18585=DIRECTION('',(-1.,0.,1.78911249585068E-16));
#18586=DIRECTION('',(-1.,0.,-1.69758872266843E-15));
#18587=DIRECTION('',(0.,-1.,0.));
#18588=DIRECTION('',(0.,0.,-1.));
#18589=DIRECTION('',(-1.,0.,-1.69758872266843E-15));
#18590=DIRECTION('',(0.,1.,0.));
#18591=DIRECTION('',(-1.,0.,1.78911249585068E-16));
#18592=DIRECTION('',(1.,0.,-2.67044870070321E-16));
#18593=DIRECTION('',(0.,0.,1.));
#18594=DIRECTION('',(0.,-1.,0.));
#18595=DIRECTION('',(-0.999999999999997,0.,0.));
#18596=DIRECTION('',(0.,-1.,0.));
#18597=DIRECTION('',(0.,0.,-1.));
#18598=DIRECTION('',(0.,-1.,0.));
#18599=DIRECTION('',(0.,0.,-1.));
#18600=DIRECTION('',(0.,0.,-1.));
#18601=DIRECTION('',(1.,0.,0.));
#18602=DIRECTION('',(0.,0.,-1.));
#18603=DIRECTION('',(1.,1.92747052886311E-15,0.));
#18604=DIRECTION('',(-1.92747052886311E-15,1.,0.));
#18605=DIRECTION('',(-1.,-1.92727778181023E-15,0.));
#18606=DIRECTION('',(1.,0.,0.));
#18607=DIRECTION('',(1.,0.,0.));
#18608=DIRECTION('',(0.,1.,0.));
#18609=DIRECTION('',(0.,0.,1.));
#18610=DIRECTION('',(-1.,9.63735264431556E-16,0.));
#18611=DIRECTION('',(0.,0.,-1.));
#18612=DIRECTION('',(-9.63735264431556E-16,-1.,0.));
#18613=DIRECTION('',(1.,-9.63638890905116E-16,0.));
#18614=DIRECTION('',(0.,-1.,0.));
#18615=DIRECTION('',(0.,0.,-1.));
#18616=DIRECTION('',(1.,0.,0.));
#18617=DIRECTION('',(0.,0.,-1.));
#18618=DIRECTION('',(1.,1.64798730217795E-14,0.));
#18619=DIRECTION('',(0.,0.,-1.));
#18620=DIRECTION('',(-1.64798730217795E-14,1.,0.));
#18621=DIRECTION('',(-1.,-1.64798730217797E-14,0.));
#18622=DIRECTION('',(0.,-1.,0.));
#18623=DIRECTION('',(0.,0.,-1.));
#18624=DIRECTION('',(1.,0.,0.));
#18625=DIRECTION('',(0.,0.,-1.));
#18626=DIRECTION('',(-1.,1.47451495458027E-14,0.));
#18627=DIRECTION('',(-1.47451495458027E-14,-1.,0.));
#18628=DIRECTION('',(1.,-1.47451495458029E-14,0.));
#18629=DIRECTION('',(0.,0.,1.));
#18630=DIRECTION('',(1.,0.,0.));
#18631=DIRECTION('',(0.,1.,0.));
#18632=DIRECTION('',(0.,0.,1.));
#18633=DIRECTION('',(1.,0.,0.));
#18634=DIRECTION('',(0.,-1.,0.));
#18635=DIRECTION('',(0.,0.,-1.));
#18636=DIRECTION('',(0.,1.,0.));
#18637=DIRECTION('',(2.67044870070321E-16,0.,1.));
#18638=DIRECTION('',(1.,0.,-2.6703899508318E-16));
#18639=DIRECTION('',(0.,1.,0.));
#18640=DIRECTION('',(-1.,0.,0.));
#18641=DIRECTION('',(0.,0.,1.));
#18642=DIRECTION('',(0.,-1.,0.));
#18643=DIRECTION('',(0.,0.,-1.));
#18644=DIRECTION('',(0.,0.,-1.));
#18645=DIRECTION('',(0.,0.,-1.));
#18646=DIRECTION('',(0.,-1.,0.));
#18647=DIRECTION('',(1.,0.,0.));
#18648=DIRECTION('',(0.,0.,-1.));
#18649=DIRECTION('',(0.,0.,-1.));
#18650=DIRECTION('',(0.,0.,-1.));
#18651=DIRECTION('',(0.,1.,0.));
#18652=DIRECTION('',(-1.,0.,0.));
#18653=DIRECTION('',(0.,0.,1.));
#18654=DIRECTION('',(0.,0.,-1.));
#18655=DIRECTION('',(0.,0.,-1.));
#18656=DIRECTION('',(0.,1.,0.));
#18657=DIRECTION('',(-1.,0.,0.));
#18658=DIRECTION('',(0.,0.,1.));
#18659=DIRECTION('',(-1.,0.,0.));
#18660=DIRECTION('',(0.,-1.,0.));
#18661=DIRECTION('',(0.,0.,-1.));
#18662=DIRECTION('',(0.,0.,-1.));
#18663=DIRECTION('',(0.,0.,-1.));
#18664=DIRECTION('',(0.,-1.,0.));
#18665=DIRECTION('',(1.,0.,0.));
#18666=DIRECTION('',(0.,0.,-1.));
#18667=DIRECTION('',(1.,0.,0.));
#18668=DIRECTION('',(0.,0.,1.));
#18669=DIRECTION('',(1.,0.,0.));
#18670=DIRECTION('',(1.,0.,1.65780148698088E-16));
#18671=DIRECTION('',(0.,1.,0.));
#18672=DIRECTION('',(1.,0.,1.65780148698088E-16));
#18673=DIRECTION('',(0.,0.,1.));
#18674=DIRECTION('',(1.,0.,0.));
#18675=DIRECTION('',(-1.,0.,1.69758872266843E-15));
#18676=DIRECTION('',(0.,1.,0.));
#18677=DIRECTION('',(0.999999999999999,0.,0.));
#18678=DIRECTION('',(1.,0.,2.67044870070321E-16));
#18679=DIRECTION('',(0.,0.,-1.));
#18680=DIRECTION('',(0.,-1.,0.));
#18681=DIRECTION('',(0.999999999999997,0.,0.));
#18682=DIRECTION('',(0.,-1.,0.));
#18683=DIRECTION('',(0.,0.,-1.));
#18684=DIRECTION('',(0.,-1.,0.));
#18685=DIRECTION('',(0.999999999999997,0.,0.));
#18686=DIRECTION('',(0.,0.,-1.));
#18687=DIRECTION('',(1.,0.,2.67044870070321E-16));
#18688=DIRECTION('',(0.,1.,0.));
#18689=DIRECTION('',(0.999999999999999,0.,0.));
#18690=DIRECTION('',(-1.,0.,1.69758872266843E-15));
#18691=DIRECTION('',(0.,-1.,0.));
#18692=DIRECTION('',(0.,0.,-1.));
#18693=DIRECTION('',(1.,0.,0.));
#18694=DIRECTION('',(0.,1.,0.));
#18695=DIRECTION('',(0.,0.,1.));
#18696=DIRECTION('',(1.,-4.81867632215778E-16,0.));
#18697=DIRECTION('',(0.,0.,-1.));
#18698=DIRECTION('',(1.,-4.81867632215778E-16,0.));
#18699=DIRECTION('',(4.81867632215778E-16,1.,0.));
#18700=DIRECTION('',(-1.,4.81819445452558E-16,0.));
#18701=DIRECTION('',(-1.73472347597681E-14,1.,0.));
#18702=DIRECTION('',(0.,0.,-1.));
#18703=DIRECTION('',(-1.73472347597681E-14,1.,0.));
#18704=DIRECTION('',(-1.,-1.73472347597681E-14,0.));
#18705=DIRECTION('',(1.73472347597681E-14,-1.,0.));
#18706=DIRECTION('',(-1.,0.,0.));
#18707=DIRECTION('',(0.,0.,-1.));
#18708=DIRECTION('',(-1.,0.,0.));
#18709=DIRECTION('',(0.,-1.,0.));
#18710=DIRECTION('',(0.,0.,-1.));
#18711=DIRECTION('',(0.,1.,0.));
#18712=DIRECTION('',(0.,0.,-1.));
#18713=DIRECTION('',(0.,1.,0.));
#18714=DIRECTION('',(-1.,0.,0.));
#18715=DIRECTION('',(0.,0.,1.));
#18716=DIRECTION('',(1.,0.,0.));
#18717=DIRECTION('',(0.,0.,-1.));
#18718=DIRECTION('',(1.,0.,0.));
#18719=DIRECTION('',(0.,1.,0.));
#18720=DIRECTION('',(0.,0.,1.));
#18721=DIRECTION('',(1.73472347597681E-14,1.,0.));
#18722=DIRECTION('',(0.,0.,-1.));
#18723=DIRECTION('',(1.73472347597681E-14,1.,0.));
#18724=DIRECTION('',(-1.,1.73472347597681E-14,0.));
#18725=DIRECTION('',(-1.73472347597681E-14,-1.,0.));
#18726=DIRECTION('',(-1.,-9.63735264431556E-16,0.));
#18727=DIRECTION('',(-1.,-9.63735264431556E-16,0.));
#18728=DIRECTION('',(9.63735264431556E-16,-1.,0.));
#18729=DIRECTION('',(1.,9.63638890905116E-16,0.));
#18730=DIRECTION('',(0.,0.,1.));
#18731=DIRECTION('',(1.,0.,0.));
#18732=DIRECTION('',(0.,1.,0.));
#18733=DIRECTION('',(0.,0.,1.));
#18734=DIRECTION('',(1.,0.,0.));
#18735=DIRECTION('',(0.,-1.,0.));
#18736=DIRECTION('',(0.,0.,-1.));
#18737=DIRECTION('',(0.,1.,0.));
#18738=DIRECTION('',(0.,-1.,0.));
#18739=DIRECTION('',(0.,0.,-1.));
#18740=DIRECTION('',(0.,1.,0.));
#18741=DIRECTION('',(1.,0.,0.));
#18742=DIRECTION('',(0.,0.,-1.));
#18743=DIRECTION('',(-2.67044870070321E-16,0.,1.));
#18744=DIRECTION('',(1.,0.,2.6703899508318E-16));
#18745=CARTESIAN_POINT('',(0.,0.,0.));
#18746=CARTESIAN_POINT('',(8.05,2.725,0.190000000000003));
#18747=CARTESIAN_POINT('',(8.05,0.850000000000004,0.189999999999999));
#18748=CARTESIAN_POINT('',(8.05,0.,0.189999999999999));
#18749=CARTESIAN_POINT('',(8.05,0.850000000000001,20.988));
#18750=CARTESIAN_POINT('',(8.05,0.850000000000001,0.203));
#18751=CARTESIAN_POINT('',(8.05,2.725,0.202999999999998));
#18752=CARTESIAN_POINT('',(8.05,2.725,0.202999999999998));
#18753=CARTESIAN_POINT('',(8.05,2.725,20.988));
#18754=CARTESIAN_POINT('',(8.05,2.725,0.699999999999996));
#18755=CARTESIAN_POINT('',(8.05,0.55,0.699999999999997));
#18756=CARTESIAN_POINT('',(8.05,3.5,0.699999999999998));
#18757=CARTESIAN_POINT('',(8.05,3.5,0.699999999999998));
#18758=CARTESIAN_POINT('',(8.05,3.5,0.919999999999999));
#18759=CARTESIAN_POINT('',(8.05,2.725,0.920000000000001));
#18760=CARTESIAN_POINT('',(8.05,0.,0.919999999999999));
#18761=CARTESIAN_POINT('',(8.05,8.67361737988404E-16,20.988));
#18762=CARTESIAN_POINT('',(8.05,8.67361737988404E-16,0.219999999999999));
#18763=CARTESIAN_POINT('',(8.05,8.67361737988404E-16,20.988));
#18764=CARTESIAN_POINT('',(8.05,2.725,20.988));
#18765=CARTESIAN_POINT('',(8.4,8.88178419700125E-16,0.202999999999998));
#18766=CARTESIAN_POINT('',(8.4,0.850000000000001,0.203));
#18767=CARTESIAN_POINT('',(8.4,2.725,0.202999999999998));
#18768=CARTESIAN_POINT('',(8.4,0.850000000000001,20.988));
#18769=CARTESIAN_POINT('',(8.4,0.850000000000004,0.189999999999999));
#18770=CARTESIAN_POINT('',(8.4,8.88178419700101E-16,0.189999999999999));
#18771=CARTESIAN_POINT('',(8.4,0.,0.189999999999999));
#18772=CARTESIAN_POINT('',(8.4,9.04707822870107E-16,20.988));
#18773=CARTESIAN_POINT('',(8.4,8.67361737988404E-16,0.219999999999999));
#18774=CARTESIAN_POINT('',(8.4,9.04707822870107E-16,20.988));
#18775=CARTESIAN_POINT('',(8.4,4.44089209850063E-16,0.799999999999997));
#18776=CARTESIAN_POINT('',(8.4,3.00635972210052E-15,0.799999999999999));
#18777=CARTESIAN_POINT('',(8.4,0.55,0.799999999999998));
#18778=CARTESIAN_POINT('',(8.4,0.549999999999995,20.988));
#18779=CARTESIAN_POINT('',(8.4,0.55,0.699999999999997));
#18780=CARTESIAN_POINT('',(8.4,3.12508964092581E-15,0.699999999999996));
#18781=CARTESIAN_POINT('',(8.4,2.38819660112502,0.699999999999996));
#18782=CARTESIAN_POINT('',(8.4,2.5,0.799999999999999));
#18783=CARTESIAN_POINT('',(8.4,2.61180339887499,0.699999999999998));
#18784=CARTESIAN_POINT('',(8.4,3.12508964092581E-15,0.699999999999996));
#18785=CARTESIAN_POINT('',(8.4,2.725,0.699999999999996));
#18786=CARTESIAN_POINT('',(8.4,2.725,20.988));
#18787=CARTESIAN_POINT('',(8.4,8.88178419700125E-16,20.988));
#18788=CARTESIAN_POINT('',(9.05,34.65,0.189999999999998));
#18789=CARTESIAN_POINT('',(9.05,2.3,0.189999999999998));
#18790=CARTESIAN_POINT('',(9.05,0.,0.189999999999998));
#18791=CARTESIAN_POINT('',(9.05,2.3,-4.44089209850063E-16));
#18792=CARTESIAN_POINT('',(9.05,2.3,0.203));
#18793=CARTESIAN_POINT('',(9.05,3.5,0.203));
#18794=CARTESIAN_POINT('',(9.05,3.,0.203));
#18795=CARTESIAN_POINT('',(9.05,3.,-4.44089209850063E-16));
#18796=CARTESIAN_POINT('',(9.05,3.,0.189999999999998));
#18797=CARTESIAN_POINT('',(9.05,34.65,0.189999999999998));
#18798=CARTESIAN_POINT('',(9.05,3.5,0.189999999999998));
#18799=CARTESIAN_POINT('',(9.05,3.5,-4.44089209850063E-16));
#18800=CARTESIAN_POINT('',(9.05,3.5,0.699999999999998));
#18801=CARTESIAN_POINT('',(9.05,0.55,0.699999999999997));
#18802=CARTESIAN_POINT('',(9.05,0.55,0.699999999999997));
#18803=CARTESIAN_POINT('',(9.05,0.55,1.6));
#18804=CARTESIAN_POINT('',(9.05,0.55,1.6));
#18805=CARTESIAN_POINT('',(9.05,3.5,1.6));
#18806=CARTESIAN_POINT('',(9.05,3.5,1.6));
#18807=CARTESIAN_POINT('',(9.05,3.5,-4.44089209850063E-16));
#18808=CARTESIAN_POINT('',(9.05,3.5,2.12));
#18809=CARTESIAN_POINT('',(9.05,3.5,2.12));
#18810=CARTESIAN_POINT('',(9.05,0.,2.12));
#18811=CARTESIAN_POINT('',(9.05,0.,-4.44089209850063E-16));
#18812=CARTESIAN_POINT('',(9.05,8.67361737988404E-16,0.219999999999999));
#18813=CARTESIAN_POINT('',(9.05,0.,-4.44089209850063E-16));
#18814=CARTESIAN_POINT('',(9.05,3.5,-4.44089209850063E-16));
#18815=CARTESIAN_POINT('',(9.05,0.850000000000004,0.189999999999998));
#18816=CARTESIAN_POINT('',(8.85,0.850000000000001,0.189999999999998));
#18817=CARTESIAN_POINT('',(8.85,34.65,0.189999999999998));
#18818=CARTESIAN_POINT('',(8.85,2.3,0.189999999999998));
#18819=CARTESIAN_POINT('',(9.04999999999998,2.3,0.189999999999998));
#18820=CARTESIAN_POINT('',(9.05,0.,0.189999999999998));
#18821=CARTESIAN_POINT('',(9.05,34.65,0.189999999999998));
#18822=CARTESIAN_POINT('',(9.05000000000003,3.,0.189999999999998));
#18823=CARTESIAN_POINT('',(8.85,3.,0.189999999999998));
#18824=CARTESIAN_POINT('',(8.85,34.65,0.189999999999998));
#18825=CARTESIAN_POINT('',(8.85,3.15,0.189999999999999));
#18826=CARTESIAN_POINT('',(9.05,3.15,0.189999999999998));
#18827=CARTESIAN_POINT('',(7.775,3.15,0.189999999999999));
#18828=CARTESIAN_POINT('',(7.775,34.65,0.19));
#18829=CARTESIAN_POINT('',(7.775,2.85,0.19));
#18830=CARTESIAN_POINT('',(9.05,2.85,0.189999999999998));
#18831=CARTESIAN_POINT('',(7.595,2.85,0.189999999999999));
#18832=CARTESIAN_POINT('',(7.595,34.65,0.19));
#18833=CARTESIAN_POINT('',(7.595,2.87,0.189999999999999));
#18834=CARTESIAN_POINT('',(7.595,34.65,0.19));
#18835=CARTESIAN_POINT('',(7.595,3.5,0.19));
#18836=CARTESIAN_POINT('',(9.05,3.5,0.189999999999998));
#18837=CARTESIAN_POINT('',(9.05,34.65,0.189999999999998));
#18838=CARTESIAN_POINT('',(9.05,0.850000000000004,0.189999999999998));
#18839=CARTESIAN_POINT('',(7.775,0.850000000000001,0.19));
#18840=CARTESIAN_POINT('',(9.05,0.,0.189999999999998));
#18841=CARTESIAN_POINT('',(7.595,0.,0.19));
#18842=CARTESIAN_POINT('',(7.595,34.65,0.19));
#18843=CARTESIAN_POINT('',(7.595,2.13,0.189999999999999));
#18844=CARTESIAN_POINT('',(7.595,34.65,0.19));
#18845=CARTESIAN_POINT('',(7.595,2.15,0.19));
#18846=CARTESIAN_POINT('',(9.05,2.15,0.189999999999998));
#18847=CARTESIAN_POINT('',(7.775,2.15,0.19));
#18848=CARTESIAN_POINT('',(7.775,34.65,0.19));
#18849=CARTESIAN_POINT('',(9.05,34.65,0.189999999999998));
#18850=CARTESIAN_POINT('',(7.595,2.85,0.5));
#18851=CARTESIAN_POINT('',(7.595,2.85,0.203000000000001));
#18852=CARTESIAN_POINT('',(7.595,2.87,0.203));
#18853=CARTESIAN_POINT('',(7.595,2.15,0.203000000000001));
#18854=CARTESIAN_POINT('',(7.595,2.15,0.5));
#18855=CARTESIAN_POINT('',(7.595,2.13,0.5));
#18856=CARTESIAN_POINT('',(7.595,2.13,0.5));
#18857=CARTESIAN_POINT('',(7.595,2.87,0.5));
#18858=CARTESIAN_POINT('',(7.595,2.87,0.5));
#18859=CARTESIAN_POINT('',(7.595,2.87,0.5));
#18860=CARTESIAN_POINT('',(7.595,2.87,0.5));
#18861=CARTESIAN_POINT('',(7.145,2.13,-2.63299061816681E-16));
#18862=CARTESIAN_POINT('',(7.145,2.87,-2.63299061816681E-16));
#18863=CARTESIAN_POINT('',(7.145,2.13,-5.54152676614177E-16));
#18864=CARTESIAN_POINT('',(7.145,2.87,0.5));
#18865=CARTESIAN_POINT('',(7.145,2.87,0.5));
#18866=CARTESIAN_POINT('',(7.145,2.13,0.5));
#18867=CARTESIAN_POINT('',(7.145,2.13,0.5));
#18868=CARTESIAN_POINT('',(7.145,2.13,0.5));
#18869=CARTESIAN_POINT('',(7.145,2.85,0.4));
#18870=CARTESIAN_POINT('',(7.145,2.85,0.303000000000001));
#18871=CARTESIAN_POINT('',(7.145,2.85,0.4));
#18872=CARTESIAN_POINT('',(7.145,2.85,0.303000000000001));
#18873=CARTESIAN_POINT('',(7.145,2.15,0.303000000000001));
#18874=CARTESIAN_POINT('',(7.145,2.15,0.4));
#18875=CARTESIAN_POINT('',(7.145,2.15,0.4));
#18876=CARTESIAN_POINT('',(7.145,2.85,0.4));
#18877=CARTESIAN_POINT('',(7.145,2.13,0.5));
#18878=CARTESIAN_POINT('',(-9.05,3.5,0.203));
#18879=CARTESIAN_POINT('',(-9.05,2.29999999999999,0.203));
#18880=CARTESIAN_POINT('',(-9.05,3.,0.203));
#18881=CARTESIAN_POINT('',(-9.05,2.29999999999999,2.12));
#18882=CARTESIAN_POINT('',(-9.05,2.3,0.189999999999998));
#18883=CARTESIAN_POINT('',(-9.05,34.65,0.189999999999998));
#18884=CARTESIAN_POINT('',(-9.05,0.,0.189999999999998));
#18885=CARTESIAN_POINT('',(-9.05,0.,2.12));
#18886=CARTESIAN_POINT('',(-9.04999999999999,8.67361737988404E-16,0.219999999999999));
#18887=CARTESIAN_POINT('',(-9.05,0.,2.12));
#18888=CARTESIAN_POINT('',(-9.04999999999999,0.,2.12));
#18889=CARTESIAN_POINT('',(-9.05,3.5,2.12));
#18890=CARTESIAN_POINT('',(-9.05,3.5,2.12));
#18891=CARTESIAN_POINT('',(-9.05,3.5,2.12));
#18892=CARTESIAN_POINT('',(-9.05,3.5,1.6));
#18893=CARTESIAN_POINT('',(-9.05,3.5,1.6));
#18894=CARTESIAN_POINT('',(-9.05,0.55,1.6));
#18895=CARTESIAN_POINT('',(-9.05,0.55,1.6));
#18896=CARTESIAN_POINT('',(-9.05,0.55,0.699999999999997));
#18897=CARTESIAN_POINT('',(-9.05,0.55,0.699999999999997));
#18898=CARTESIAN_POINT('',(-9.05,3.5,0.699999999999998));
#18899=CARTESIAN_POINT('',(-9.05,3.5,2.12));
#18900=CARTESIAN_POINT('',(-9.05,3.5,0.189999999999998));
#18901=CARTESIAN_POINT('',(-9.05,34.65,0.189999999999998));
#18902=CARTESIAN_POINT('',(-9.05,3.,0.189999999999998));
#18903=CARTESIAN_POINT('',(-9.05,3.,2.12));
#18904=CARTESIAN_POINT('',(-9.05,3.5,2.12));
#18905=CARTESIAN_POINT('',(-8.4,2.725,0.189999999999999));
#18906=CARTESIAN_POINT('',(-8.4,0.850000000000004,0.189999999999999));
#18907=CARTESIAN_POINT('',(-8.4,0.,0.189999999999999));
#18908=CARTESIAN_POINT('',(-8.4,0.850000000000001,20.988));
#18909=CARTESIAN_POINT('',(-8.4,0.850000000000001,0.203));
#18910=CARTESIAN_POINT('',(-8.4,2.725,0.202999999999998));
#18911=CARTESIAN_POINT('',(-8.4,2.725,0.202999999999998));
#18912=CARTESIAN_POINT('',(-8.4,2.725,20.988));
#18913=CARTESIAN_POINT('',(-8.4,2.725,0.699999999999996));
#18914=CARTESIAN_POINT('',(-8.4,2.725,0.699999999999996));
#18915=CARTESIAN_POINT('',(-8.4,2.61180339887499,0.699999999999996));
#18916=CARTESIAN_POINT('',(-8.4,2.5,0.799999999999999));
#18917=CARTESIAN_POINT('',(-8.4,2.38819660112501,0.699999999999996));
#18918=CARTESIAN_POINT('',(-8.4,2.725,0.699999999999996));
#18919=CARTESIAN_POINT('',(-8.4,0.55,0.699999999999997));
#18920=CARTESIAN_POINT('',(-8.4,0.549999999999995,20.988));
#18921=CARTESIAN_POINT('',(-8.4,0.55,0.799999999999998));
#18922=CARTESIAN_POINT('',(-8.4,2.725,0.799999999999999));
#18923=CARTESIAN_POINT('',(-8.4,4.44089209850063E-16,0.799999999999997));
#18924=CARTESIAN_POINT('',(-8.4,8.67361737988404E-16,20.988));
#18925=CARTESIAN_POINT('',(-8.4,8.67361737988404E-16,0.219999999999999));
#18926=CARTESIAN_POINT('',(-8.4,8.67361737988404E-16,20.988));
#18927=CARTESIAN_POINT('',(-8.4,2.725,20.988));
#18928=CARTESIAN_POINT('',(-8.05,8.88178419700125E-16,0.202999999999998));
#18929=CARTESIAN_POINT('',(-8.05,0.850000000000001,0.203));
#18930=CARTESIAN_POINT('',(-8.05,2.725,0.202999999999998));
#18931=CARTESIAN_POINT('',(-8.05,0.850000000000001,20.988));
#18932=CARTESIAN_POINT('',(-8.05,0.850000000000004,0.189999999999999));
#18933=CARTESIAN_POINT('',(-8.05,8.88178419700125E-16,0.189999999999999));
#18934=CARTESIAN_POINT('',(-8.05,8.88178419700125E-16,0.190000000000006));
#18935=CARTESIAN_POINT('',(-8.05,8.88178419700125E-16,20.988));
#18936=CARTESIAN_POINT('',(-8.05,8.67361737988404E-16,0.219999999999999));
#18937=CARTESIAN_POINT('',(-8.05,8.88178419700125E-16,20.988));
#18938=CARTESIAN_POINT('',(-8.05,0.,0.919999999999999));
#18939=CARTESIAN_POINT('',(-8.05,8.88178419700125E-16,0.920000000000001));
#18940=CARTESIAN_POINT('',(-8.05,3.5,0.919999999999999));
#18941=CARTESIAN_POINT('',(-8.05,3.5,0.699999999999998));
#18942=CARTESIAN_POINT('',(-8.05,3.5,0.699999999999998));
#18943=CARTESIAN_POINT('',(-8.05,0.55,0.699999999999997));
#18944=CARTESIAN_POINT('',(-8.05,2.725,0.699999999999996));
#18945=CARTESIAN_POINT('',(-8.05,2.725,20.988));
#18946=CARTESIAN_POINT('',(-8.05,8.88178419700125E-16,20.988));
#18947=CARTESIAN_POINT('',(-7.59499999999994,2.3,0.19));
#18948=CARTESIAN_POINT('',(-8.85,2.29999999999999,0.189999999999998));
#18949=CARTESIAN_POINT('',(-8.85,34.65,0.189999999999998));
#18950=CARTESIAN_POINT('',(-8.85,0.850000000000001,0.189999999999999));
#18951=CARTESIAN_POINT('',(-7.595,0.850000000000004,0.19));
#18952=CARTESIAN_POINT('',(-7.595,0.,0.19));
#18953=CARTESIAN_POINT('',(-7.595,34.65,0.19));
#18954=CARTESIAN_POINT('',(-7.59500000000003,3.,0.19));
#18955=CARTESIAN_POINT('',(-8.85,3.,0.189999999999998));
#18956=CARTESIAN_POINT('',(-7.595,3.5,0.19));
#18957=CARTESIAN_POINT('',(-7.595,3.5,0.19));
#18958=CARTESIAN_POINT('',(-7.595,34.65,0.19));
#18959=CARTESIAN_POINT('',(-7.595,2.87,0.189999999999999));
#18960=CARTESIAN_POINT('',(-7.595,34.65,0.19));
#18961=CARTESIAN_POINT('',(-7.595,2.85,0.189999999999999));
#18962=CARTESIAN_POINT('',(-7.595,2.85,0.19));
#18963=CARTESIAN_POINT('',(-7.775,2.85,0.19));
#18964=CARTESIAN_POINT('',(-7.775,34.65,0.19));
#18965=CARTESIAN_POINT('',(-7.775,3.15,0.189999999999999));
#18966=CARTESIAN_POINT('',(-7.595,3.15,0.19));
#18967=CARTESIAN_POINT('',(-8.85,3.15,0.189999999999998));
#18968=CARTESIAN_POINT('',(-8.85,34.65,0.189999999999998));
#18969=CARTESIAN_POINT('',(-7.595,34.65,0.19));
#18970=CARTESIAN_POINT('',(-7.595,0.850000000000004,0.19));
#18971=CARTESIAN_POINT('',(-7.775,0.850000000000001,0.19));
#18972=CARTESIAN_POINT('',(-7.775,34.65,0.19));
#18973=CARTESIAN_POINT('',(-7.775,2.15,0.19));
#18974=CARTESIAN_POINT('',(-7.595,2.15,0.19));
#18975=CARTESIAN_POINT('',(-7.595,2.15,0.189999999999999));
#18976=CARTESIAN_POINT('',(-7.595,34.65,0.19));
#18977=CARTESIAN_POINT('',(-7.595,2.13,0.189999999999999));
#18978=CARTESIAN_POINT('',(-7.595,34.65,0.19));
#18979=CARTESIAN_POINT('',(-7.595,0.,0.19));
#18980=CARTESIAN_POINT('',(-7.595,0.,0.19));
#18981=CARTESIAN_POINT('',(-7.595,34.65,0.19));
#18982=CARTESIAN_POINT('',(-7.595,2.85,0.499999999999997));
#18983=CARTESIAN_POINT('',(-7.595,2.85,0.203000000000001));
#18984=CARTESIAN_POINT('',(-7.595,2.87,0.499999999999997));
#18985=CARTESIAN_POINT('',(-7.595,2.87,0.499999999999997));
#18986=CARTESIAN_POINT('',(-7.595,2.13,0.499999999999997));
#18987=CARTESIAN_POINT('',(-7.595,2.13,0.499999999999997));
#18988=CARTESIAN_POINT('',(-7.595,2.13,0.499999999999997));
#18989=CARTESIAN_POINT('',(-7.595,2.15,0.499999999999997));
#18990=CARTESIAN_POINT('',(-7.595,2.15,0.203000000000001));
#18991=CARTESIAN_POINT('',(-7.595,2.13,0.203));
#18992=CARTESIAN_POINT('',(-7.595,2.13,0.499999999999997));
#18993=CARTESIAN_POINT('',(-7.145,2.87,-2.63299061816681E-16));
#18994=CARTESIAN_POINT('',(-7.145,2.87,-5.54152676614177E-16));
#18995=CARTESIAN_POINT('',(-7.145,2.13,-2.63299061816681E-16));
#18996=CARTESIAN_POINT('',(-7.145,2.13,0.5));
#18997=CARTESIAN_POINT('',(-7.145,2.13,0.5));
#18998=CARTESIAN_POINT('',(-7.145,2.87,0.5));
#18999=CARTESIAN_POINT('',(-7.145,2.87,0.5));
#19000=CARTESIAN_POINT('',(-7.145,2.87,0.5));
#19001=CARTESIAN_POINT('',(-7.145,2.85,0.303000000000001));
#19002=CARTESIAN_POINT('',(-7.145,2.85,0.4));
#19003=CARTESIAN_POINT('',(-7.145,2.85,0.303));
#19004=CARTESIAN_POINT('',(-7.145,2.85,0.4));
#19005=CARTESIAN_POINT('',(-7.145,2.15,0.4));
#19006=CARTESIAN_POINT('',(-7.145,2.15,0.303000000000001));
#19007=CARTESIAN_POINT('',(-7.145,2.15,0.303));
#19008=CARTESIAN_POINT('',(-7.145,2.85,0.303));
#19009=CARTESIAN_POINT('',(-7.145,2.87,0.5));
#19010=CARTESIAN_POINT('',(-8.55000000000001,34.65,0.919999999999999));
#19011=CARTESIAN_POINT('',(-8.55000000000001,0.55,0.92));
#19012=CARTESIAN_POINT('',(-8.55000000000001,4.08562073062057E-16,0.919999999999999));
#19013=CARTESIAN_POINT('',(-8.576,0.550000000000002,0.919999999999999));
#19014=CARTESIAN_POINT('',(-8.576,0.550000000000002,0.919999999999999));
#19015=CARTESIAN_POINT('',(-8.576,34.65,0.919999999999999));
#19016=CARTESIAN_POINT('',(-8.576,3.17874381787406E-16,0.919999999999999));
#19017=CARTESIAN_POINT('',(-8.576,0.,0.919999999999999));
#19018=CARTESIAN_POINT('',(-8.576,34.65,0.919999999999999));
#19019=CARTESIAN_POINT('',(-7.075,1.73472347597681E-15,1.01999999999999));
#19020=CARTESIAN_POINT('',(-7.075,1.73472347597681E-15,0.220000000000002));
#19021=CARTESIAN_POINT('',(-7.075,5.14208558773757E-16,1.02));
#19022=CARTESIAN_POINT('',(10.05,8.67361737988404E-16,0.219999999999999));
#19023=CARTESIAN_POINT('',(-7.595,0.,-3.49720252756924E-15));
#19024=CARTESIAN_POINT('',(-7.595,0.,-3.49116186266932E-15));
#19025=CARTESIAN_POINT('',(-9.05,0.,-5.54152676614177E-16));
#19026=CARTESIAN_POINT('',(-6.95,0.,-5.54152676614177E-16));
#19027=CARTESIAN_POINT('',(-6.95,1.06238109826033E-16,-2.22044604925031E-16));
#19028=CARTESIAN_POINT('',(-6.95,1.01334086033686E-17,0.654761904761902));
#19029=CARTESIAN_POINT('',(0.,0.,0.654761904761902));
#19030=CARTESIAN_POINT('',(-7.011,0.,0.654761904761902));
#19031=CARTESIAN_POINT('',(-7.011,0.,0.));
#19032=CARTESIAN_POINT('',(-7.011,1.73472347597681E-15,1.02));
#19033=CARTESIAN_POINT('',(7.075,1.73472347597681E-15,1.02));
#19034=CARTESIAN_POINT('',(0.,0.,0.));
#19035=CARTESIAN_POINT('',(10.05,8.67361737988404E-16,0.219999999999999));
#19036=CARTESIAN_POINT('',(7.075,1.73472347597681E-15,0.220000000000002));
#19037=CARTESIAN_POINT('',(7.075,1.73472347597681E-15,0.219999999999998));
#19038=CARTESIAN_POINT('',(7.075,1.73472347597681E-15,1.02));
#19039=CARTESIAN_POINT('',(7.075,1.73472347597681E-15,1.02));
#19040=CARTESIAN_POINT('',(7.011,1.73472347597681E-15,1.02));
#19041=CARTESIAN_POINT('',(7.011,0.,0.));
#19042=CARTESIAN_POINT('',(7.011,0.,0.654761904761902));
#19043=CARTESIAN_POINT('',(0.,0.,0.654761904761902));
#19044=CARTESIAN_POINT('',(6.95,2.10064170919066E-16,0.654761904761902));
#19045=CARTESIAN_POINT('',(6.95,1.06238109826033E-16,-2.22044604925031E-16));
#19046=CARTESIAN_POINT('',(6.95,0.,-5.54152676614177E-16));
#19047=CARTESIAN_POINT('',(-9.05,0.,-5.54152676614177E-16));
#19048=CARTESIAN_POINT('',(7.595,0.,-3.49655200626575E-15));
#19049=CARTESIAN_POINT('',(7.595,0.,0.19));
#19050=CARTESIAN_POINT('',(0.,0.,0.));
#19051=CARTESIAN_POINT('',(10.05,8.67361737988404E-16,0.219999999999999));
#19052=CARTESIAN_POINT('',(0.,0.,0.));
#19053=CARTESIAN_POINT('',(10.05,8.67361737988404E-16,0.219999999999999));
#19054=CARTESIAN_POINT('',(0.,0.,0.));
#19055=CARTESIAN_POINT('',(-6.4,2.,1.1));
#19056=CARTESIAN_POINT('',(-6.4,1.45999999999999,1.55000000000001));
#19057=CARTESIAN_POINT('',(-6.4,1.4,1.6));
#19058=CARTESIAN_POINT('',(7.011,1.46,1.55));
#19059=CARTESIAN_POINT('',(-6.1,1.45999999999999,1.55000000000001));
#19060=CARTESIAN_POINT('',(-6.1,2.,1.1));
#19061=CARTESIAN_POINT('',(-6.1,1.4,1.6));
#19062=CARTESIAN_POINT('',(7.011,1.4,1.6));
#19063=CARTESIAN_POINT('',(7.011,2.,1.1));
#19064=CARTESIAN_POINT('',(-5.9,2.,1.1));
#19065=CARTESIAN_POINT('',(-5.9,1.45999999999999,1.55000000000001));
#19066=CARTESIAN_POINT('',(-5.9,1.4,1.6));
#19067=CARTESIAN_POINT('',(7.011,1.46,1.55));
#19068=CARTESIAN_POINT('',(-5.6,1.45999999999999,1.55000000000001));
#19069=CARTESIAN_POINT('',(-5.6,2.,1.1));
#19070=CARTESIAN_POINT('',(-5.6,1.4,1.6));
#19071=CARTESIAN_POINT('',(7.011,1.4,1.6));
#19072=CARTESIAN_POINT('',(7.011,2.,1.1));
#19073=CARTESIAN_POINT('',(-5.4,2.,1.1));
#19074=CARTESIAN_POINT('',(-5.4,1.45999999999999,1.55000000000001));
#19075=CARTESIAN_POINT('',(-5.4,1.4,1.6));
#19076=CARTESIAN_POINT('',(7.011,1.46,1.55));
#19077=CARTESIAN_POINT('',(-5.1,1.45999999999999,1.55000000000001));
#19078=CARTESIAN_POINT('',(-5.1,2.,1.1));
#19079=CARTESIAN_POINT('',(-5.1,1.4,1.6));
#19080=CARTESIAN_POINT('',(7.011,1.4,1.6));
#19081=CARTESIAN_POINT('',(7.011,2.,1.1));
#19082=CARTESIAN_POINT('',(-4.9,2.,1.1));
#19083=CARTESIAN_POINT('',(-4.9,1.45999999999999,1.55000000000001));
#19084=CARTESIAN_POINT('',(-4.9,1.4,1.6));
#19085=CARTESIAN_POINT('',(7.011,1.46,1.55));
#19086=CARTESIAN_POINT('',(-4.6,1.45999999999999,1.55000000000001));
#19087=CARTESIAN_POINT('',(-4.6,2.,1.1));
#19088=CARTESIAN_POINT('',(-4.6,1.4,1.6));
#19089=CARTESIAN_POINT('',(7.011,1.4,1.6));
#19090=CARTESIAN_POINT('',(7.011,2.,1.1));
#19091=CARTESIAN_POINT('',(-4.4,2.,1.1));
#19092=CARTESIAN_POINT('',(-4.4,1.45999999999999,1.55000000000001));
#19093=CARTESIAN_POINT('',(-4.4,1.4,1.6));
#19094=CARTESIAN_POINT('',(7.011,1.46,1.55));
#19095=CARTESIAN_POINT('',(-4.1,1.45999999999999,1.55000000000001));
#19096=CARTESIAN_POINT('',(-4.1,2.,1.1));
#19097=CARTESIAN_POINT('',(-4.1,1.4,1.6));
#19098=CARTESIAN_POINT('',(7.011,1.4,1.6));
#19099=CARTESIAN_POINT('',(7.011,2.,1.1));
#19100=CARTESIAN_POINT('',(-3.9,2.,1.1));
#19101=CARTESIAN_POINT('',(-3.9,1.45999999999999,1.55000000000001));
#19102=CARTESIAN_POINT('',(-3.9,1.4,1.6));
#19103=CARTESIAN_POINT('',(7.011,1.46,1.55));
#19104=CARTESIAN_POINT('',(-3.6,1.45999999999999,1.55000000000001));
#19105=CARTESIAN_POINT('',(-3.6,2.,1.1));
#19106=CARTESIAN_POINT('',(-3.6,1.4,1.6));
#19107=CARTESIAN_POINT('',(7.011,1.4,1.6));
#19108=CARTESIAN_POINT('',(7.011,2.,1.1));
#19109=CARTESIAN_POINT('',(-3.4,2.,1.1));
#19110=CARTESIAN_POINT('',(-3.4,1.45999999999999,1.55000000000001));
#19111=CARTESIAN_POINT('',(-3.4,1.4,1.6));
#19112=CARTESIAN_POINT('',(7.011,1.46,1.55));
#19113=CARTESIAN_POINT('',(-3.1,1.45999999999999,1.55000000000001));
#19114=CARTESIAN_POINT('',(-3.1,2.,1.1));
#19115=CARTESIAN_POINT('',(-3.1,1.4,1.6));
#19116=CARTESIAN_POINT('',(7.011,1.4,1.6));
#19117=CARTESIAN_POINT('',(7.011,2.,1.1));
#19118=CARTESIAN_POINT('',(-2.9,2.,1.1));
#19119=CARTESIAN_POINT('',(-2.9,1.45999999999999,1.55000000000001));
#19120=CARTESIAN_POINT('',(-2.9,1.4,1.6));
#19121=CARTESIAN_POINT('',(7.011,1.46,1.55));
#19122=CARTESIAN_POINT('',(-2.6,1.45999999999999,1.55000000000001));
#19123=CARTESIAN_POINT('',(-2.6,2.,1.1));
#19124=CARTESIAN_POINT('',(-2.6,1.4,1.6));
#19125=CARTESIAN_POINT('',(7.011,1.4,1.6));
#19126=CARTESIAN_POINT('',(7.011,2.,1.1));
#19127=CARTESIAN_POINT('',(-2.4,2.,1.1));
#19128=CARTESIAN_POINT('',(-2.4,1.45999999999999,1.55000000000001));
#19129=CARTESIAN_POINT('',(-2.4,1.4,1.6));
#19130=CARTESIAN_POINT('',(7.011,1.46,1.55));
#19131=CARTESIAN_POINT('',(-2.1,1.45999999999999,1.55000000000001));
#19132=CARTESIAN_POINT('',(-2.1,2.,1.1));
#19133=CARTESIAN_POINT('',(-2.1,1.4,1.6));
#19134=CARTESIAN_POINT('',(7.011,1.4,1.6));
#19135=CARTESIAN_POINT('',(7.011,2.,1.1));
#19136=CARTESIAN_POINT('',(-1.9,2.,1.1));
#19137=CARTESIAN_POINT('',(-1.9,1.45999999999999,1.55000000000001));
#19138=CARTESIAN_POINT('',(-1.9,1.4,1.6));
#19139=CARTESIAN_POINT('',(7.011,1.46,1.55));
#19140=CARTESIAN_POINT('',(-1.6,1.45999999999999,1.55000000000001));
#19141=CARTESIAN_POINT('',(-1.6,2.,1.1));
#19142=CARTESIAN_POINT('',(-1.6,1.4,1.6));
#19143=CARTESIAN_POINT('',(7.011,1.4,1.6));
#19144=CARTESIAN_POINT('',(7.011,2.,1.1));
#19145=CARTESIAN_POINT('',(-1.4,2.,1.1));
#19146=CARTESIAN_POINT('',(-1.4,1.45999999999999,1.55000000000001));
#19147=CARTESIAN_POINT('',(-1.4,1.4,1.6));
#19148=CARTESIAN_POINT('',(7.011,1.46,1.55));
#19149=CARTESIAN_POINT('',(-1.1,1.45999999999999,1.55000000000001));
#19150=CARTESIAN_POINT('',(-1.1,2.,1.1));
#19151=CARTESIAN_POINT('',(-1.1,1.4,1.6));
#19152=CARTESIAN_POINT('',(7.011,1.4,1.6));
#19153=CARTESIAN_POINT('',(7.011,2.,1.1));
#19154=CARTESIAN_POINT('',(-0.9,2.,1.1));
#19155=CARTESIAN_POINT('',(-0.9,1.45999999999999,1.55000000000001));
#19156=CARTESIAN_POINT('',(-0.9,1.4,1.6));
#19157=CARTESIAN_POINT('',(7.011,1.46,1.55));
#19158=CARTESIAN_POINT('',(-0.6,1.45999999999999,1.55000000000001));
#19159=CARTESIAN_POINT('',(-0.6,2.,1.1));
#19160=CARTESIAN_POINT('',(-0.6,1.4,1.6));
#19161=CARTESIAN_POINT('',(7.011,1.4,1.6));
#19162=CARTESIAN_POINT('',(7.011,2.,1.1));
#19163=CARTESIAN_POINT('',(-0.4,2.,1.1));
#19164=CARTESIAN_POINT('',(-0.4,1.45999999999999,1.55000000000001));
#19165=CARTESIAN_POINT('',(-0.4,1.4,1.6));
#19166=CARTESIAN_POINT('',(7.011,1.46,1.55));
#19167=CARTESIAN_POINT('',(-0.1,1.45999999999999,1.55000000000001));
#19168=CARTESIAN_POINT('',(-0.1,2.,1.1));
#19169=CARTESIAN_POINT('',(-0.1,1.4,1.6));
#19170=CARTESIAN_POINT('',(7.011,1.4,1.6));
#19171=CARTESIAN_POINT('',(7.011,2.,1.1));
#19172=CARTESIAN_POINT('',(0.0999999999999994,2.,1.1));
#19173=CARTESIAN_POINT('',(0.0999999999999994,1.45999999999999,1.55000000000001));
#19174=CARTESIAN_POINT('',(0.0999999999999994,1.4,1.6));
#19175=CARTESIAN_POINT('',(7.011,1.46,1.55));
#19176=CARTESIAN_POINT('',(0.4,1.45999999999999,1.55000000000001));
#19177=CARTESIAN_POINT('',(0.4,2.,1.1));
#19178=CARTESIAN_POINT('',(0.4,1.4,1.6));
#19179=CARTESIAN_POINT('',(7.011,1.4,1.6));
#19180=CARTESIAN_POINT('',(7.011,2.,1.1));
#19181=CARTESIAN_POINT('',(0.6,2.,1.1));
#19182=CARTESIAN_POINT('',(0.6,1.45999999999999,1.55000000000001));
#19183=CARTESIAN_POINT('',(0.6,1.4,1.6));
#19184=CARTESIAN_POINT('',(7.011,1.46,1.55));
#19185=CARTESIAN_POINT('',(0.900000000000001,1.45999999999999,1.55000000000001));
#19186=CARTESIAN_POINT('',(0.900000000000001,2.,1.1));
#19187=CARTESIAN_POINT('',(0.900000000000001,1.4,1.6));
#19188=CARTESIAN_POINT('',(7.011,1.4,1.6));
#19189=CARTESIAN_POINT('',(7.011,2.,1.1));
#19190=CARTESIAN_POINT('',(1.1,2.,1.1));
#19191=CARTESIAN_POINT('',(1.1,1.45999999999999,1.55000000000001));
#19192=CARTESIAN_POINT('',(1.1,1.4,1.6));
#19193=CARTESIAN_POINT('',(7.011,1.46,1.55));
#19194=CARTESIAN_POINT('',(1.4,1.45999999999999,1.55000000000001));
#19195=CARTESIAN_POINT('',(1.4,2.,1.1));
#19196=CARTESIAN_POINT('',(1.4,1.4,1.6));
#19197=CARTESIAN_POINT('',(7.011,1.4,1.6));
#19198=CARTESIAN_POINT('',(7.011,2.,1.1));
#19199=CARTESIAN_POINT('',(1.6,2.,1.1));
#19200=CARTESIAN_POINT('',(1.6,1.45999999999999,1.55000000000001));
#19201=CARTESIAN_POINT('',(1.6,1.4,1.6));
#19202=CARTESIAN_POINT('',(7.011,1.46,1.55));
#19203=CARTESIAN_POINT('',(1.9,1.45999999999999,1.55000000000001));
#19204=CARTESIAN_POINT('',(1.9,2.,1.1));
#19205=CARTESIAN_POINT('',(1.9,1.4,1.6));
#19206=CARTESIAN_POINT('',(7.011,1.4,1.6));
#19207=CARTESIAN_POINT('',(7.011,2.,1.1));
#19208=CARTESIAN_POINT('',(2.1,2.,1.1));
#19209=CARTESIAN_POINT('',(2.1,1.45999999999999,1.55000000000001));
#19210=CARTESIAN_POINT('',(2.1,1.4,1.6));
#19211=CARTESIAN_POINT('',(7.011,1.46,1.55));
#19212=CARTESIAN_POINT('',(2.4,1.45999999999999,1.55000000000001));
#19213=CARTESIAN_POINT('',(2.4,2.,1.1));
#19214=CARTESIAN_POINT('',(2.4,1.4,1.6));
#19215=CARTESIAN_POINT('',(7.011,1.4,1.6));
#19216=CARTESIAN_POINT('',(7.011,2.,1.1));
#19217=CARTESIAN_POINT('',(2.6,2.,1.1));
#19218=CARTESIAN_POINT('',(2.6,1.45999999999999,1.55000000000001));
#19219=CARTESIAN_POINT('',(2.6,1.4,1.6));
#19220=CARTESIAN_POINT('',(7.011,1.46,1.55));
#19221=CARTESIAN_POINT('',(2.9,1.45999999999999,1.55000000000001));
#19222=CARTESIAN_POINT('',(2.9,2.,1.1));
#19223=CARTESIAN_POINT('',(2.9,1.4,1.6));
#19224=CARTESIAN_POINT('',(7.011,1.4,1.6));
#19225=CARTESIAN_POINT('',(7.011,2.,1.1));
#19226=CARTESIAN_POINT('',(3.1,2.,1.1));
#19227=CARTESIAN_POINT('',(3.1,1.45999999999999,1.55000000000001));
#19228=CARTESIAN_POINT('',(3.1,1.4,1.6));
#19229=CARTESIAN_POINT('',(7.011,1.46,1.55));
#19230=CARTESIAN_POINT('',(3.4,1.45999999999999,1.55000000000001));
#19231=CARTESIAN_POINT('',(3.4,2.,1.1));
#19232=CARTESIAN_POINT('',(3.4,1.4,1.6));
#19233=CARTESIAN_POINT('',(7.011,1.4,1.6));
#19234=CARTESIAN_POINT('',(7.011,2.,1.1));
#19235=CARTESIAN_POINT('',(3.6,2.,1.1));
#19236=CARTESIAN_POINT('',(3.6,1.45999999999998,1.55000000000001));
#19237=CARTESIAN_POINT('',(3.6,1.4,1.6));
#19238=CARTESIAN_POINT('',(7.011,1.46,1.55));
#19239=CARTESIAN_POINT('',(3.9,1.45999999999998,1.55000000000001));
#19240=CARTESIAN_POINT('',(3.9,2.,1.1));
#19241=CARTESIAN_POINT('',(3.9,1.4,1.6));
#19242=CARTESIAN_POINT('',(7.011,1.4,1.6));
#19243=CARTESIAN_POINT('',(7.011,2.,1.1));
#19244=CARTESIAN_POINT('',(4.1,2.,1.1));
#19245=CARTESIAN_POINT('',(4.1,1.45999999999998,1.55000000000001));
#19246=CARTESIAN_POINT('',(4.1,1.4,1.6));
#19247=CARTESIAN_POINT('',(7.011,1.46,1.55));
#19248=CARTESIAN_POINT('',(4.4,1.45999999999998,1.55000000000001));
#19249=CARTESIAN_POINT('',(4.4,2.,1.1));
#19250=CARTESIAN_POINT('',(4.4,1.4,1.6));
#19251=CARTESIAN_POINT('',(7.011,1.4,1.6));
#19252=CARTESIAN_POINT('',(7.011,2.,1.1));
#19253=CARTESIAN_POINT('',(4.6,2.,1.1));
#19254=CARTESIAN_POINT('',(4.6,1.45999999999998,1.55000000000001));
#19255=CARTESIAN_POINT('',(4.6,1.4,1.6));
#19256=CARTESIAN_POINT('',(7.011,1.46,1.55));
#19257=CARTESIAN_POINT('',(4.9,1.45999999999999,1.55000000000001));
#19258=CARTESIAN_POINT('',(4.9,2.,1.1));
#19259=CARTESIAN_POINT('',(4.9,1.4,1.6));
#19260=CARTESIAN_POINT('',(7.011,1.4,1.6));
#19261=CARTESIAN_POINT('',(7.011,2.,1.1));
#19262=CARTESIAN_POINT('',(5.1,2.,1.1));
#19263=CARTESIAN_POINT('',(5.1,1.45999999999999,1.55000000000001));
#19264=CARTESIAN_POINT('',(5.1,1.4,1.6));
#19265=CARTESIAN_POINT('',(7.011,1.46,1.55));
#19266=CARTESIAN_POINT('',(5.4,1.45999999999999,1.55000000000001));
#19267=CARTESIAN_POINT('',(5.4,2.,1.1));
#19268=CARTESIAN_POINT('',(5.4,1.4,1.6));
#19269=CARTESIAN_POINT('',(7.011,1.4,1.6));
#19270=CARTESIAN_POINT('',(7.011,2.,1.1));
#19271=CARTESIAN_POINT('',(5.6,2.,1.1));
#19272=CARTESIAN_POINT('',(5.6,1.45999999999999,1.55000000000001));
#19273=CARTESIAN_POINT('',(5.6,1.4,1.6));
#19274=CARTESIAN_POINT('',(7.011,1.46,1.55));
#19275=CARTESIAN_POINT('',(5.9,1.45999999999999,1.55));
#19276=CARTESIAN_POINT('',(5.9,2.,1.1));
#19277=CARTESIAN_POINT('',(5.9,1.4,1.6));
#19278=CARTESIAN_POINT('',(7.011,1.4,1.6));
#19279=CARTESIAN_POINT('',(7.011,2.,1.1));
#19280=CARTESIAN_POINT('',(6.1,2.,1.1));
#19281=CARTESIAN_POINT('',(6.1,1.45999999999999,1.55000000000001));
#19282=CARTESIAN_POINT('',(6.1,1.4,1.6));
#19283=CARTESIAN_POINT('',(7.011,1.46,1.55));
#19284=CARTESIAN_POINT('',(6.4,1.45999999999999,1.55000000000001));
#19285=CARTESIAN_POINT('',(6.4,2.,1.1));
#19286=CARTESIAN_POINT('',(6.4,1.4,1.6));
#19287=CARTESIAN_POINT('',(7.011,1.4,1.6));
#19288=CARTESIAN_POINT('',(7.011,2.,1.1));
#19289=CARTESIAN_POINT('',(-6.9,2.,1.1));
#19290=CARTESIAN_POINT('',(-6.9,1.5,1.51666666666667));
#19291=CARTESIAN_POINT('',(-6.9,1.46,1.55));
#19292=CARTESIAN_POINT('',(7.011,1.46,1.55));
#19293=CARTESIAN_POINT('',(-6.6,1.45999999999999,1.55000000000001));
#19294=CARTESIAN_POINT('',(-6.6,2.,1.1));
#19295=CARTESIAN_POINT('',(-6.6,1.4,1.6));
#19296=CARTESIAN_POINT('',(7.011,1.4,1.6));
#19297=CARTESIAN_POINT('',(-7.011,1.4,1.6));
#19298=CARTESIAN_POINT('',(-7.011,2.,1.1));
#19299=CARTESIAN_POINT('',(-7.011,2.,1.1));
#19300=CARTESIAN_POINT('',(7.011,2.,1.1));
#19301=CARTESIAN_POINT('',(7.011,2.,1.1));
#19302=CARTESIAN_POINT('',(7.011,2.,1.1));
#19303=CARTESIAN_POINT('',(7.011,1.4,1.6));
#19304=CARTESIAN_POINT('',(7.011,1.4,1.6));
#19305=CARTESIAN_POINT('',(6.6,1.4,1.6));
#19306=CARTESIAN_POINT('',(6.6,2.,1.1));
#19307=CARTESIAN_POINT('',(6.6,1.45999999999999,1.55000000000001));
#19308=CARTESIAN_POINT('',(7.011,1.46,1.55));
#19309=CARTESIAN_POINT('',(6.9,1.46,1.55));
#19310=CARTESIAN_POINT('',(6.9,2.,1.1));
#19311=CARTESIAN_POINT('',(6.9,1.5,1.51666666666666));
#19312=CARTESIAN_POINT('',(7.011,1.5,1.51666666666667));
#19313=CARTESIAN_POINT('',(7.011,2.,1.1));
#19314=CARTESIAN_POINT('',(-0.849999999999972,0.55,0.799999999999998));
#19315=CARTESIAN_POINT('',(8.55000000000001,0.55,0.799999999999998));
#19316=CARTESIAN_POINT('',(8.55000000000001,0.55,1.6));
#19317=CARTESIAN_POINT('',(8.55000000000001,0.550000000000002,0.919999999999999));
#19318=CARTESIAN_POINT('',(7.626,0.550000000000002,0.919999999999999));
#19319=CARTESIAN_POINT('',(8.576,0.550000000000002,0.919999999999999));
#19320=CARTESIAN_POINT('',(8.576,0.550000000000002,0.919999999999991));
#19321=CARTESIAN_POINT('',(8.576,0.55,1.6));
#19322=CARTESIAN_POINT('',(-0.849999999999972,0.55,1.6));
#19323=CARTESIAN_POINT('',(-0.849999999999972,0.55,0.699999999999997));
#19324=CARTESIAN_POINT('',(-0.849999999999972,0.55,1.6));
#19325=CARTESIAN_POINT('',(8.59999999999999,2.38819660112501,0.699999999999998));
#19326=CARTESIAN_POINT('',(8.59999999999999,2.38819660112501,0.699999999999998));
#19327=CARTESIAN_POINT('',(-0.849999999999972,3.5,0.699999999999998));
#19328=CARTESIAN_POINT('',(8.225,2.725,0.699999999999996));
#19329=CARTESIAN_POINT('',(8.59999999999999,2.61180339887499,0.699999999999998));
#19330=CARTESIAN_POINT('',(8.59999999999999,2.61180339887499,0.699999999999998));
#19331=CARTESIAN_POINT('',(8.59999999999999,0.55,0.699999999999997));
#19332=CARTESIAN_POINT('',(-0.849999999999972,0.55,0.699999999999997));
#19333=CARTESIAN_POINT('',(7.595,2.87,0.5));
#19334=CARTESIAN_POINT('',(7.595,2.87,-2.63299061816681E-16));
#19335=CARTESIAN_POINT('',(7.595,34.65,-3.49655200626575E-15));
#19336=CARTESIAN_POINT('',(7.595,3.5,-3.49655200626575E-15));
#19337=CARTESIAN_POINT('',(7.595,3.5,0.19));
#19338=CARTESIAN_POINT('',(7.595,34.65,0.19));
#19339=CARTESIAN_POINT('',(-7.595,2.87,0.499999999999997));
#19340=CARTESIAN_POINT('',(-7.595,2.87,-3.49116186266932E-15));
#19341=CARTESIAN_POINT('',(-7.595,3.5,-3.49720252756924E-15));
#19342=CARTESIAN_POINT('',(-7.595,3.5,-3.49116186266932E-15));
#19343=CARTESIAN_POINT('',(-7.595,34.65,-3.49116186266932E-15));
#19344=CARTESIAN_POINT('',(-7.595,34.65,-3.49720252756924E-15));
#19345=CARTESIAN_POINT('',(6.1,3.5,-5.54152676614177E-16));
#19346=CARTESIAN_POINT('',(6.1,3.5,-5.54152676614177E-16));
#19347=CARTESIAN_POINT('',(6.1,3.35,-5.54152676614177E-16));
#19348=CARTESIAN_POINT('',(-9.05,3.5,-5.54152676614177E-16));
#19349=CARTESIAN_POINT('',(6.4,3.5,-5.54152676614177E-16));
#19350=CARTESIAN_POINT('',(6.4,3.5,-5.54152676614177E-16));
#19351=CARTESIAN_POINT('',(6.4,3.35,-5.54152676614177E-16));
#19352=CARTESIAN_POINT('',(-9.05,3.35,-5.54152676614177E-16));
#19353=CARTESIAN_POINT('',(6.6,3.35,-5.54152676614177E-16));
#19354=CARTESIAN_POINT('',(6.6,3.5,-5.54152676614177E-16));
#19355=CARTESIAN_POINT('',(6.6,3.5,-5.54152676614177E-16));
#19356=CARTESIAN_POINT('',(-9.05,3.5,-5.54152676614177E-16));
#19357=CARTESIAN_POINT('',(7.145,2.87,-2.63299061816681E-16));
#19358=CARTESIAN_POINT('',(7.595,2.13,-2.63299061816681E-16));
#19359=CARTESIAN_POINT('',(7.595,2.13,-2.63299061816681E-16));
#19360=CARTESIAN_POINT('',(7.595,34.65,-3.49655200626575E-15));
#19361=CARTESIAN_POINT('',(6.95,-1.,-2.22044604925031E-16));
#19362=CARTESIAN_POINT('',(6.95,-1.,-2.16840434497101E-16));
#19363=CARTESIAN_POINT('',(6.95,-1.,-2.16840434497101E-16));
#19364=CARTESIAN_POINT('',(-6.95,-1.,-2.16840434497101E-16));
#19365=CARTESIAN_POINT('',(-6.95,-1.,-2.22044604925031E-16));
#19366=CARTESIAN_POINT('',(-7.595,34.65,-3.49116186266932E-15));
#19367=CARTESIAN_POINT('',(-7.595,2.13,-3.49116186266932E-15));
#19368=CARTESIAN_POINT('',(-7.145,2.13,-2.63299061816681E-16));
#19369=CARTESIAN_POINT('',(-7.595,2.87,-2.63299061816681E-16));
#19370=CARTESIAN_POINT('',(-9.05,3.5,-5.54152676614177E-16));
#19371=CARTESIAN_POINT('',(-6.6,3.5,-5.54152676614177E-16));
#19372=CARTESIAN_POINT('',(-6.6,3.5,-5.54152676614177E-16));
#19373=CARTESIAN_POINT('',(-6.6,3.35,-5.54152676614177E-16));
#19374=CARTESIAN_POINT('',(-9.05,3.35,-5.54152676614177E-16));
#19375=CARTESIAN_POINT('',(-6.4,3.35,-5.54152676614177E-16));
#19376=CARTESIAN_POINT('',(-6.4,3.5,-5.54152676614177E-16));
#19377=CARTESIAN_POINT('',(-6.4,3.5,-5.54152676614177E-16));
#19378=CARTESIAN_POINT('',(-9.05,3.5,-5.54152676614177E-16));
#19379=CARTESIAN_POINT('',(-6.1,3.5,-5.54152676614177E-16));
#19380=CARTESIAN_POINT('',(-6.1,3.5,-5.54152676614177E-16));
#19381=CARTESIAN_POINT('',(-6.1,3.35,-5.54152676614177E-16));
#19382=CARTESIAN_POINT('',(-9.05,3.35,-5.54152676614177E-16));
#19383=CARTESIAN_POINT('',(-5.9,3.35,-5.54152676614177E-16));
#19384=CARTESIAN_POINT('',(-5.9,3.5,-5.54152676614177E-16));
#19385=CARTESIAN_POINT('',(-5.9,3.5,-5.54152676614177E-16));
#19386=CARTESIAN_POINT('',(-9.05,3.5,-5.54152676614177E-16));
#19387=CARTESIAN_POINT('',(-5.6,3.5,-5.54152676614177E-16));
#19388=CARTESIAN_POINT('',(-5.6,3.5,-5.54152676614177E-16));
#19389=CARTESIAN_POINT('',(-5.6,3.35,-5.54152676614177E-16));
#19390=CARTESIAN_POINT('',(-9.05,3.35,-5.54152676614177E-16));
#19391=CARTESIAN_POINT('',(-5.4,3.35,-5.54152676614177E-16));
#19392=CARTESIAN_POINT('',(-5.4,3.5,-5.54152676614177E-16));
#19393=CARTESIAN_POINT('',(-5.4,3.5,-5.54152676614177E-16));
#19394=CARTESIAN_POINT('',(-9.05,3.5,-5.54152676614177E-16));
#19395=CARTESIAN_POINT('',(-5.1,3.5,-5.54152676614177E-16));
#19396=CARTESIAN_POINT('',(-5.1,3.5,-5.54152676614177E-16));
#19397=CARTESIAN_POINT('',(-5.1,3.35,-5.54152676614177E-16));
#19398=CARTESIAN_POINT('',(-9.05,3.35,-5.54152676614177E-16));
#19399=CARTESIAN_POINT('',(-4.9,3.35,-5.54152676614177E-16));
#19400=CARTESIAN_POINT('',(-4.9,3.5,-5.54152676614177E-16));
#19401=CARTESIAN_POINT('',(-4.9,3.5,-5.54152676614177E-16));
#19402=CARTESIAN_POINT('',(-9.05,3.5,-5.54152676614177E-16));
#19403=CARTESIAN_POINT('',(-4.6,3.5,-5.54152676614177E-16));
#19404=CARTESIAN_POINT('',(-4.6,3.5,-5.54152676614177E-16));
#19405=CARTESIAN_POINT('',(-4.6,3.35,-5.54152676614177E-16));
#19406=CARTESIAN_POINT('',(-9.05,3.35,-5.54152676614177E-16));
#19407=CARTESIAN_POINT('',(-4.4,3.35,-5.54152676614177E-16));
#19408=CARTESIAN_POINT('',(-4.4,3.5,-5.54152676614177E-16));
#19409=CARTESIAN_POINT('',(-4.4,3.5,-5.54152676614177E-16));
#19410=CARTESIAN_POINT('',(-9.05,3.5,-5.54152676614177E-16));
#19411=CARTESIAN_POINT('',(-4.1,3.5,-5.54152676614177E-16));
#19412=CARTESIAN_POINT('',(-4.1,3.5,-5.54152676614177E-16));
#19413=CARTESIAN_POINT('',(-4.1,3.35,-5.54152676614177E-16));
#19414=CARTESIAN_POINT('',(-9.05,3.35,-5.54152676614177E-16));
#19415=CARTESIAN_POINT('',(-3.9,3.35,-5.54152676614177E-16));
#19416=CARTESIAN_POINT('',(-3.9,3.5,-5.54152676614177E-16));
#19417=CARTESIAN_POINT('',(-3.9,3.5,-5.54152676614177E-16));
#19418=CARTESIAN_POINT('',(-9.05,3.5,-5.54152676614177E-16));
#19419=CARTESIAN_POINT('',(-3.6,3.5,-5.54152676614177E-16));
#19420=CARTESIAN_POINT('',(-3.6,3.5,-5.54152676614177E-16));
#19421=CARTESIAN_POINT('',(-3.6,3.35,-5.54152676614177E-16));
#19422=CARTESIAN_POINT('',(-9.05,3.35,-5.54152676614177E-16));
#19423=CARTESIAN_POINT('',(-3.4,3.35,-5.54152676614177E-16));
#19424=CARTESIAN_POINT('',(-3.4,3.5,-5.54152676614177E-16));
#19425=CARTESIAN_POINT('',(-3.4,3.5,-5.54152676614177E-16));
#19426=CARTESIAN_POINT('',(-9.05,3.5,-5.54152676614177E-16));
#19427=CARTESIAN_POINT('',(-3.1,3.5,-5.54152676614177E-16));
#19428=CARTESIAN_POINT('',(-3.1,3.5,-5.54152676614177E-16));
#19429=CARTESIAN_POINT('',(-3.1,3.35,-5.54152676614177E-16));
#19430=CARTESIAN_POINT('',(-9.05,3.35,-5.54152676614177E-16));
#19431=CARTESIAN_POINT('',(-2.9,3.35,-5.54152676614177E-16));
#19432=CARTESIAN_POINT('',(-2.9,3.5,-5.54152676614177E-16));
#19433=CARTESIAN_POINT('',(-2.9,3.5,-5.54152676614177E-16));
#19434=CARTESIAN_POINT('',(-9.05,3.5,-5.54152676614177E-16));
#19435=CARTESIAN_POINT('',(-2.6,3.5,-5.54152676614177E-16));
#19436=CARTESIAN_POINT('',(-2.6,3.5,-5.54152676614177E-16));
#19437=CARTESIAN_POINT('',(-2.6,3.35,-5.54152676614177E-16));
#19438=CARTESIAN_POINT('',(-9.05,3.35,-5.54152676614177E-16));
#19439=CARTESIAN_POINT('',(-2.4,3.35,-5.54152676614177E-16));
#19440=CARTESIAN_POINT('',(-2.4,3.5,-5.54152676614177E-16));
#19441=CARTESIAN_POINT('',(-2.4,3.5,-5.54152676614177E-16));
#19442=CARTESIAN_POINT('',(-9.05,3.5,-5.54152676614177E-16));
#19443=CARTESIAN_POINT('',(-2.1,3.5,-5.54152676614177E-16));
#19444=CARTESIAN_POINT('',(-2.1,3.5,-5.54152676614177E-16));
#19445=CARTESIAN_POINT('',(-2.1,3.35,-5.54152676614177E-16));
#19446=CARTESIAN_POINT('',(-9.05,3.35,-5.54152676614177E-16));
#19447=CARTESIAN_POINT('',(-1.9,3.35,-5.54152676614177E-16));
#19448=CARTESIAN_POINT('',(-1.9,3.5,-5.54152676614177E-16));
#19449=CARTESIAN_POINT('',(-1.9,3.5,-5.54152676614177E-16));
#19450=CARTESIAN_POINT('',(-9.05,3.5,-5.54152676614177E-16));
#19451=CARTESIAN_POINT('',(-1.6,3.5,-5.54152676614177E-16));
#19452=CARTESIAN_POINT('',(-1.6,3.5,-5.54152676614177E-16));
#19453=CARTESIAN_POINT('',(-1.6,3.35,-5.54152676614177E-16));
#19454=CARTESIAN_POINT('',(-9.05,3.35,-5.54152676614177E-16));
#19455=CARTESIAN_POINT('',(-1.4,3.35,-5.54152676614177E-16));
#19456=CARTESIAN_POINT('',(-1.4,3.5,-5.54152676614177E-16));
#19457=CARTESIAN_POINT('',(-1.4,3.5,-5.54152676614177E-16));
#19458=CARTESIAN_POINT('',(-9.05,3.5,-5.54152676614177E-16));
#19459=CARTESIAN_POINT('',(-1.1,3.5,-5.54152676614177E-16));
#19460=CARTESIAN_POINT('',(-1.1,3.5,-5.54152676614177E-16));
#19461=CARTESIAN_POINT('',(-1.1,3.35,-5.54152676614177E-16));
#19462=CARTESIAN_POINT('',(-9.05,3.35,-5.54152676614177E-16));
#19463=CARTESIAN_POINT('',(-0.9,3.35,-5.54152676614177E-16));
#19464=CARTESIAN_POINT('',(-0.9,3.5,-5.54152676614177E-16));
#19465=CARTESIAN_POINT('',(-0.9,3.5,-5.54152676614177E-16));
#19466=CARTESIAN_POINT('',(-9.05,3.5,-5.54152676614177E-16));
#19467=CARTESIAN_POINT('',(-0.6,3.5,-5.54152676614177E-16));
#19468=CARTESIAN_POINT('',(-0.6,3.5,-5.54152676614177E-16));
#19469=CARTESIAN_POINT('',(-0.6,3.35,-5.54152676614177E-16));
#19470=CARTESIAN_POINT('',(-9.05,3.35,-5.54152676614177E-16));
#19471=CARTESIAN_POINT('',(-0.399999999999999,3.35,-5.54152676614177E-16));
#19472=CARTESIAN_POINT('',(-0.399999999999999,3.5,-5.54152676614177E-16));
#19473=CARTESIAN_POINT('',(-0.400000000000001,3.5,-5.54152676614177E-16));
#19474=CARTESIAN_POINT('',(-9.05,3.5,-5.54152676614177E-16));
#19475=CARTESIAN_POINT('',(-0.100000000000001,3.5,-5.54152676614177E-16));
#19476=CARTESIAN_POINT('',(-0.100000000000001,3.5,-5.54152676614177E-16));
#19477=CARTESIAN_POINT('',(-0.100000000000001,3.35,-5.54152676614177E-16));
#19478=CARTESIAN_POINT('',(-9.05,3.35,-5.54152676614177E-16));
#19479=CARTESIAN_POINT('',(0.0999999999999994,3.35,-5.54152676614177E-16));
#19480=CARTESIAN_POINT('',(0.0999999999999994,3.5,-5.54152676614177E-16));
#19481=CARTESIAN_POINT('',(0.0999999999999994,3.5,-5.54152676614177E-16));
#19482=CARTESIAN_POINT('',(-9.05,3.5,-5.54152676614177E-16));
#19483=CARTESIAN_POINT('',(0.399999999999999,3.5,-5.54152676614177E-16));
#19484=CARTESIAN_POINT('',(0.399999999999999,3.5,-5.54152676614177E-16));
#19485=CARTESIAN_POINT('',(0.399999999999999,3.35,-5.54152676614177E-16));
#19486=CARTESIAN_POINT('',(-9.05,3.35,-5.54152676614177E-16));
#19487=CARTESIAN_POINT('',(0.6,3.35,-5.54152676614177E-16));
#19488=CARTESIAN_POINT('',(0.6,3.5,-5.54152676614177E-16));
#19489=CARTESIAN_POINT('',(0.6,3.5,-5.54152676614177E-16));
#19490=CARTESIAN_POINT('',(-9.05,3.5,-5.54152676614177E-16));
#19491=CARTESIAN_POINT('',(0.9,3.5,-5.54152676614177E-16));
#19492=CARTESIAN_POINT('',(0.9,3.5,-5.54152676614177E-16));
#19493=CARTESIAN_POINT('',(0.9,3.35,-5.54152676614177E-16));
#19494=CARTESIAN_POINT('',(-9.05,3.35,-5.54152676614177E-16));
#19495=CARTESIAN_POINT('',(1.1,3.35,-5.54152676614177E-16));
#19496=CARTESIAN_POINT('',(1.1,3.5,-5.54152676614177E-16));
#19497=CARTESIAN_POINT('',(1.1,3.5,-5.54152676614177E-16));
#19498=CARTESIAN_POINT('',(-9.05,3.5,-5.54152676614177E-16));
#19499=CARTESIAN_POINT('',(1.4,3.5,-5.54152676614177E-16));
#19500=CARTESIAN_POINT('',(1.4,3.5,-5.54152676614177E-16));
#19501=CARTESIAN_POINT('',(1.4,3.35,-5.54152676614177E-16));
#19502=CARTESIAN_POINT('',(-9.05,3.35,-5.54152676614177E-16));
#19503=CARTESIAN_POINT('',(1.6,3.35,-5.54152676614177E-16));
#19504=CARTESIAN_POINT('',(1.6,3.5,-5.54152676614177E-16));
#19505=CARTESIAN_POINT('',(1.6,3.5,-5.54152676614177E-16));
#19506=CARTESIAN_POINT('',(-9.05,3.5,-5.54152676614177E-16));
#19507=CARTESIAN_POINT('',(1.9,3.5,-5.54152676614177E-16));
#19508=CARTESIAN_POINT('',(1.9,3.5,-5.54152676614177E-16));
#19509=CARTESIAN_POINT('',(1.9,3.35,-5.54152676614177E-16));
#19510=CARTESIAN_POINT('',(-9.05,3.35,-5.54152676614177E-16));
#19511=CARTESIAN_POINT('',(2.1,3.35,-5.54152676614177E-16));
#19512=CARTESIAN_POINT('',(2.1,3.5,-5.54152676614177E-16));
#19513=CARTESIAN_POINT('',(2.1,3.5,-5.54152676614177E-16));
#19514=CARTESIAN_POINT('',(-9.05,3.5,-5.54152676614177E-16));
#19515=CARTESIAN_POINT('',(2.4,3.5,-5.54152676614177E-16));
#19516=CARTESIAN_POINT('',(2.4,3.5,-5.54152676614177E-16));
#19517=CARTESIAN_POINT('',(2.4,3.35,-5.54152676614177E-16));
#19518=CARTESIAN_POINT('',(-9.05,3.35,-5.54152676614177E-16));
#19519=CARTESIAN_POINT('',(2.6,3.35,-5.54152676614177E-16));
#19520=CARTESIAN_POINT('',(2.6,3.5,-5.54152676614177E-16));
#19521=CARTESIAN_POINT('',(2.6,3.5,-5.54152676614177E-16));
#19522=CARTESIAN_POINT('',(-9.05,3.5,-5.54152676614177E-16));
#19523=CARTESIAN_POINT('',(2.9,3.5,-5.54152676614177E-16));
#19524=CARTESIAN_POINT('',(2.9,3.5,-5.54152676614177E-16));
#19525=CARTESIAN_POINT('',(2.9,3.35,-5.54152676614177E-16));
#19526=CARTESIAN_POINT('',(-9.05,3.35,-5.54152676614177E-16));
#19527=CARTESIAN_POINT('',(3.1,3.35,-5.54152676614177E-16));
#19528=CARTESIAN_POINT('',(3.1,3.5,-5.54152676614177E-16));
#19529=CARTESIAN_POINT('',(3.1,3.5,-5.54152676614177E-16));
#19530=CARTESIAN_POINT('',(-9.05,3.5,-5.54152676614177E-16));
#19531=CARTESIAN_POINT('',(3.4,3.5,-5.54152676614177E-16));
#19532=CARTESIAN_POINT('',(3.4,3.5,-5.54152676614177E-16));
#19533=CARTESIAN_POINT('',(3.4,3.35,-5.54152676614177E-16));
#19534=CARTESIAN_POINT('',(-9.05,3.35,-5.54152676614177E-16));
#19535=CARTESIAN_POINT('',(3.6,3.35,-5.54152676614177E-16));
#19536=CARTESIAN_POINT('',(3.6,3.5,-5.54152676614177E-16));
#19537=CARTESIAN_POINT('',(3.6,3.5,-5.54152676614177E-16));
#19538=CARTESIAN_POINT('',(-9.05,3.5,-5.54152676614177E-16));
#19539=CARTESIAN_POINT('',(3.9,3.5,-5.54152676614177E-16));
#19540=CARTESIAN_POINT('',(3.9,3.5,-5.54152676614177E-16));
#19541=CARTESIAN_POINT('',(3.9,3.35,-5.54152676614177E-16));
#19542=CARTESIAN_POINT('',(-9.05,3.35,-5.54152676614177E-16));
#19543=CARTESIAN_POINT('',(4.1,3.35,-5.54152676614177E-16));
#19544=CARTESIAN_POINT('',(4.1,3.5,-5.54152676614177E-16));
#19545=CARTESIAN_POINT('',(4.1,3.5,-5.54152676614177E-16));
#19546=CARTESIAN_POINT('',(-9.05,3.5,-5.54152676614177E-16));
#19547=CARTESIAN_POINT('',(4.4,3.5,-5.54152676614177E-16));
#19548=CARTESIAN_POINT('',(4.4,3.5,-5.54152676614177E-16));
#19549=CARTESIAN_POINT('',(4.4,3.35,-5.54152676614177E-16));
#19550=CARTESIAN_POINT('',(-9.05,3.35,-5.54152676614177E-16));
#19551=CARTESIAN_POINT('',(4.6,3.35,-5.54152676614177E-16));
#19552=CARTESIAN_POINT('',(4.6,3.5,-5.54152676614177E-16));
#19553=CARTESIAN_POINT('',(4.6,3.5,-5.54152676614177E-16));
#19554=CARTESIAN_POINT('',(-9.05,3.5,-5.54152676614177E-16));
#19555=CARTESIAN_POINT('',(4.9,3.5,-5.54152676614177E-16));
#19556=CARTESIAN_POINT('',(4.9,3.5,-5.54152676614177E-16));
#19557=CARTESIAN_POINT('',(4.9,3.35,-5.54152676614177E-16));
#19558=CARTESIAN_POINT('',(-9.05,3.35,-5.54152676614177E-16));
#19559=CARTESIAN_POINT('',(5.1,3.35,-5.54152676614177E-16));
#19560=CARTESIAN_POINT('',(5.1,3.5,-5.54152676614177E-16));
#19561=CARTESIAN_POINT('',(5.1,3.5,-5.54152676614177E-16));
#19562=CARTESIAN_POINT('',(-9.05,3.5,-5.54152676614177E-16));
#19563=CARTESIAN_POINT('',(5.4,3.5,-5.54152676614177E-16));
#19564=CARTESIAN_POINT('',(5.4,3.5,-5.54152676614177E-16));
#19565=CARTESIAN_POINT('',(5.4,3.35,-5.54152676614177E-16));
#19566=CARTESIAN_POINT('',(-9.05,3.35,-5.54152676614177E-16));
#19567=CARTESIAN_POINT('',(5.6,3.35,-5.54152676614177E-16));
#19568=CARTESIAN_POINT('',(5.6,3.5,-5.54152676614177E-16));
#19569=CARTESIAN_POINT('',(5.6,3.5,-5.54152676614177E-16));
#19570=CARTESIAN_POINT('',(-9.05,3.5,-5.54152676614177E-16));
#19571=CARTESIAN_POINT('',(5.9,3.5,-5.54152676614177E-16));
#19572=CARTESIAN_POINT('',(5.9,3.5,-5.54152676614177E-16));
#19573=CARTESIAN_POINT('',(5.9,3.35,-5.54152676614177E-16));
#19574=CARTESIAN_POINT('',(-9.05,3.35,-5.54152676614177E-16));
#19575=CARTESIAN_POINT('',(-9.05,3.5,-5.54152676614177E-16));
#19576=CARTESIAN_POINT('',(6.1,3.5,7.47034547479885E-16));
#19577=CARTESIAN_POINT('',(6.1,3.5,0.78000000000001));
#19578=CARTESIAN_POINT('',(0.,3.5,0.78000000000001));
#19579=CARTESIAN_POINT('',(5.9,3.5,0.78000000000001));
#19580=CARTESIAN_POINT('',(5.9,3.5,7.22541611496938E-16));
#19581=CARTESIAN_POINT('',(5.6,3.5,6.85802207522518E-16));
#19582=CARTESIAN_POINT('',(5.6,3.5,0.78000000000001));
#19583=CARTESIAN_POINT('',(0.,3.5,0.78000000000001));
#19584=CARTESIAN_POINT('',(5.4,3.5,0.78000000000001));
#19585=CARTESIAN_POINT('',(5.4,3.5,6.61309271539571E-16));
#19586=CARTESIAN_POINT('',(5.1,3.5,6.2456986756515E-16));
#19587=CARTESIAN_POINT('',(5.1,3.5,0.78000000000001));
#19588=CARTESIAN_POINT('',(0.,3.5,0.78000000000001));
#19589=CARTESIAN_POINT('',(4.9,3.5,0.78000000000001));
#19590=CARTESIAN_POINT('',(4.9,3.5,6.00076931582203E-16));
#19591=CARTESIAN_POINT('',(4.6,3.5,5.63337527607782E-16));
#19592=CARTESIAN_POINT('',(4.6,3.5,0.78000000000001));
#19593=CARTESIAN_POINT('',(0.,3.5,0.78000000000001));
#19594=CARTESIAN_POINT('',(4.4,3.5,0.78000000000001));
#19595=CARTESIAN_POINT('',(4.4,3.5,5.38844591624835E-16));
#19596=CARTESIAN_POINT('',(4.1,3.5,5.02105187650415E-16));
#19597=CARTESIAN_POINT('',(4.1,3.5,0.78000000000001));
#19598=CARTESIAN_POINT('',(0.,3.5,0.78000000000001));
#19599=CARTESIAN_POINT('',(3.9,3.5,0.78000000000001));
#19600=CARTESIAN_POINT('',(3.9,3.5,4.77612251667468E-16));
#19601=CARTESIAN_POINT('',(3.6,3.5,4.40872847693047E-16));
#19602=CARTESIAN_POINT('',(3.6,3.5,0.78000000000001));
#19603=CARTESIAN_POINT('',(0.,3.5,0.78000000000001));
#19604=CARTESIAN_POINT('',(3.4,3.5,0.78000000000001));
#19605=CARTESIAN_POINT('',(3.4,3.5,4.163799117101E-16));
#19606=CARTESIAN_POINT('',(3.1,3.5,3.79640507735679E-16));
#19607=CARTESIAN_POINT('',(3.1,3.5,0.78000000000001));
#19608=CARTESIAN_POINT('',(0.,3.5,0.78000000000001));
#19609=CARTESIAN_POINT('',(2.9,3.5,0.78000000000001));
#19610=CARTESIAN_POINT('',(2.9,3.5,3.55147571752732E-16));
#19611=CARTESIAN_POINT('',(2.6,3.5,3.18408167778312E-16));
#19612=CARTESIAN_POINT('',(2.6,3.5,0.78000000000001));
#19613=CARTESIAN_POINT('',(0.,3.5,0.78000000000001));
#19614=CARTESIAN_POINT('',(2.4,3.5,0.78000000000001));
#19615=CARTESIAN_POINT('',(2.4,3.5,2.93915231795365E-16));
#19616=CARTESIAN_POINT('',(2.1,3.5,2.57175827820944E-16));
#19617=CARTESIAN_POINT('',(2.1,3.5,0.78000000000001));
#19618=CARTESIAN_POINT('',(0.,3.5,0.78000000000001));
#19619=CARTESIAN_POINT('',(1.9,3.5,0.78000000000001));
#19620=CARTESIAN_POINT('',(1.9,3.5,2.32682891837997E-16));
#19621=CARTESIAN_POINT('',(1.6,3.5,1.95943487863576E-16));
#19622=CARTESIAN_POINT('',(1.6,3.5,0.78000000000001));
#19623=CARTESIAN_POINT('',(0.,3.5,0.78000000000001));
#19624=CARTESIAN_POINT('',(1.4,3.5,0.78000000000001));
#19625=CARTESIAN_POINT('',(1.4,3.5,1.71450551880629E-16));
#19626=CARTESIAN_POINT('',(1.1,3.5,1.34711147906209E-16));
#19627=CARTESIAN_POINT('',(1.1,3.5,0.78000000000001));
#19628=CARTESIAN_POINT('',(0.,3.5,0.78000000000001));
#19629=CARTESIAN_POINT('',(0.900000000000001,3.5,0.78000000000001));
#19630=CARTESIAN_POINT('',(0.900000000000001,3.5,1.10218211923262E-16));
#19631=CARTESIAN_POINT('',(0.6,3.5,7.34788079488412E-17));
#19632=CARTESIAN_POINT('',(0.6,3.5,0.78000000000001));
#19633=CARTESIAN_POINT('',(0.,3.5,0.78000000000001));
#19634=CARTESIAN_POINT('',(0.4,3.5,0.78000000000001));
#19635=CARTESIAN_POINT('',(0.4,3.5,4.89858719658942E-17));
#19636=CARTESIAN_POINT('',(0.0999999999999995,3.5,1.22464679914735E-17));
#19637=CARTESIAN_POINT('',(0.0999999999999994,3.5,0.78000000000001));
#19638=CARTESIAN_POINT('',(0.,3.5,0.78000000000001));
#19639=CARTESIAN_POINT('',(-0.1,3.5,0.78000000000001));
#19640=CARTESIAN_POINT('',(-0.1,3.5,-1.22464679914736E-17));
#19641=CARTESIAN_POINT('',(-0.4,3.5,-4.89858719658941E-17));
#19642=CARTESIAN_POINT('',(-0.4,3.5,0.78000000000001));
#19643=CARTESIAN_POINT('',(0.,3.5,0.78000000000001));
#19644=CARTESIAN_POINT('',(-0.6,3.5,0.78000000000001));
#19645=CARTESIAN_POINT('',(-0.6,3.5,-7.34788079488412E-17));
#19646=CARTESIAN_POINT('',(-0.9,3.5,-1.10218211923262E-16));
#19647=CARTESIAN_POINT('',(-0.9,3.5,0.78000000000001));
#19648=CARTESIAN_POINT('',(0.,3.5,0.78000000000001));
#19649=CARTESIAN_POINT('',(-1.1,3.5,0.78000000000001));
#19650=CARTESIAN_POINT('',(-1.1,3.5,-1.34711147906209E-16));
#19651=CARTESIAN_POINT('',(-1.4,3.5,-1.71450551880629E-16));
#19652=CARTESIAN_POINT('',(-1.4,3.5,0.78000000000001));
#19653=CARTESIAN_POINT('',(0.,3.5,0.78000000000001));
#19654=CARTESIAN_POINT('',(-1.6,3.5,0.78000000000001));
#19655=CARTESIAN_POINT('',(-1.6,3.5,-1.95943487863576E-16));
#19656=CARTESIAN_POINT('',(-1.9,3.5,-2.32682891837997E-16));
#19657=CARTESIAN_POINT('',(-1.9,3.5,0.78000000000001));
#19658=CARTESIAN_POINT('',(0.,3.5,0.78000000000001));
#19659=CARTESIAN_POINT('',(-2.1,3.5,0.78000000000001));
#19660=CARTESIAN_POINT('',(-2.1,3.5,-2.57175827820944E-16));
#19661=CARTESIAN_POINT('',(-2.4,3.5,-2.93915231795365E-16));
#19662=CARTESIAN_POINT('',(-2.4,3.5,0.78000000000001));
#19663=CARTESIAN_POINT('',(0.,3.5,0.78000000000001));
#19664=CARTESIAN_POINT('',(-2.6,3.5,0.78000000000001));
#19665=CARTESIAN_POINT('',(-2.6,3.5,-3.18408167778312E-16));
#19666=CARTESIAN_POINT('',(-2.9,3.5,-3.55147571752732E-16));
#19667=CARTESIAN_POINT('',(-2.9,3.5,0.78000000000001));
#19668=CARTESIAN_POINT('',(0.,3.5,0.78000000000001));
#19669=CARTESIAN_POINT('',(-3.1,3.5,0.78000000000001));
#19670=CARTESIAN_POINT('',(-3.1,3.5,-3.79640507735679E-16));
#19671=CARTESIAN_POINT('',(-3.4,3.5,-4.163799117101E-16));
#19672=CARTESIAN_POINT('',(-3.4,3.5,0.78000000000001));
#19673=CARTESIAN_POINT('',(0.,3.5,0.78000000000001));
#19674=CARTESIAN_POINT('',(-3.6,3.5,0.78000000000001));
#19675=CARTESIAN_POINT('',(-3.6,3.5,-4.40872847693047E-16));
#19676=CARTESIAN_POINT('',(-3.9,3.5,-4.77612251667468E-16));
#19677=CARTESIAN_POINT('',(-3.9,3.5,0.78000000000001));
#19678=CARTESIAN_POINT('',(0.,3.5,0.78000000000001));
#19679=CARTESIAN_POINT('',(-4.1,3.5,0.78000000000001));
#19680=CARTESIAN_POINT('',(-4.1,3.5,-5.02105187650415E-16));
#19681=CARTESIAN_POINT('',(-4.4,3.5,-5.38844591624835E-16));
#19682=CARTESIAN_POINT('',(-4.4,3.5,0.78000000000001));
#19683=CARTESIAN_POINT('',(0.,3.5,0.78000000000001));
#19684=CARTESIAN_POINT('',(-4.6,3.5,0.78000000000001));
#19685=CARTESIAN_POINT('',(-4.6,3.5,-5.63337527607782E-16));
#19686=CARTESIAN_POINT('',(-4.9,3.5,-6.00076931582203E-16));
#19687=CARTESIAN_POINT('',(-4.9,3.5,0.78000000000001));
#19688=CARTESIAN_POINT('',(0.,3.5,0.78000000000001));
#19689=CARTESIAN_POINT('',(-5.1,3.5,0.78000000000001));
#19690=CARTESIAN_POINT('',(-5.1,3.5,-6.2456986756515E-16));
#19691=CARTESIAN_POINT('',(-5.4,3.5,-6.61309271539571E-16));
#19692=CARTESIAN_POINT('',(-5.4,3.5,0.78000000000001));
#19693=CARTESIAN_POINT('',(0.,3.5,0.78000000000001));
#19694=CARTESIAN_POINT('',(-5.6,3.5,0.78000000000001));
#19695=CARTESIAN_POINT('',(-5.6,3.5,-6.85802207522518E-16));
#19696=CARTESIAN_POINT('',(-5.9,3.5,-7.22541611496938E-16));
#19697=CARTESIAN_POINT('',(-5.9,3.5,0.78000000000001));
#19698=CARTESIAN_POINT('',(0.,3.5,0.78000000000001));
#19699=CARTESIAN_POINT('',(-6.1,3.5,0.78000000000001));
#19700=CARTESIAN_POINT('',(-6.1,3.5,-7.47034547479886E-16));
#19701=CARTESIAN_POINT('',(-6.4,3.5,-7.83773951454306E-16));
#19702=CARTESIAN_POINT('',(-6.4,3.5,0.78000000000001));
#19703=CARTESIAN_POINT('',(0.,3.5,0.78000000000001));
#19704=CARTESIAN_POINT('',(-6.6,3.5,0.78000000000001));
#19705=CARTESIAN_POINT('',(-6.6,3.5,-8.08266887437253E-16));
#19706=CARTESIAN_POINT('',(0.849999999999972,3.5,0.699999999999998));
#19707=CARTESIAN_POINT('',(-8.576,3.5,0.919999999999999));
#19708=CARTESIAN_POINT('',(-7.626,3.5,0.919999999999999));
#19709=CARTESIAN_POINT('',(-7.626,3.5,0.919999999999999));
#19710=CARTESIAN_POINT('',(-7.626,3.5,1.6));
#19711=CARTESIAN_POINT('',(-7.626,3.5,1.6));
#19712=CARTESIAN_POINT('',(9.05,3.5,2.12));
#19713=CARTESIAN_POINT('',(8.576,3.5,1.6));
#19714=CARTESIAN_POINT('',(7.626,3.5,1.6));
#19715=CARTESIAN_POINT('',(7.626,3.5,1.6));
#19716=CARTESIAN_POINT('',(7.626,3.5,0.919999999999999));
#19717=CARTESIAN_POINT('',(7.626,3.5,0.919999999999999));
#19718=CARTESIAN_POINT('',(6.6,3.5,8.08266887437253E-16));
#19719=CARTESIAN_POINT('',(6.6,3.5,0.78000000000001));
#19720=CARTESIAN_POINT('',(0.,3.5,0.78000000000001));
#19721=CARTESIAN_POINT('',(6.4,3.5,0.78000000000001));
#19722=CARTESIAN_POINT('',(6.4,3.5,7.83773951454306E-16));
#19723=CARTESIAN_POINT('',(0.,3.5,0.));
#19724=CARTESIAN_POINT('',(-8.225,2.725,0.202999999999998));
#19725=CARTESIAN_POINT('',(-8.225,2.725,0.699999999999996));
#19726=CARTESIAN_POINT('',(-8.225,2.725,20.988));
#19727=CARTESIAN_POINT('',(-8.576,0.550000000000002,1.59999999999999));
#19728=CARTESIAN_POINT('',(-8.576,0.55,1.6));
#19729=CARTESIAN_POINT('',(-8.576,34.65,1.6));
#19730=CARTESIAN_POINT('',(-8.576,2.16840434497101E-16,1.6));
#19731=CARTESIAN_POINT('',(-8.576,0.,1.6));
#19732=CARTESIAN_POINT('',(-8.576,34.65,1.6));
#19733=CARTESIAN_POINT('',(-8.576,0.,0.919999999999999));
#19734=CARTESIAN_POINT('',(-7.626,-7.53843289819859E-30,0.919999999999999));
#19735=CARTESIAN_POINT('',(-7.626,34.65,0.919999999999999));
#19736=CARTESIAN_POINT('',(-8.576,34.65,0.919999999999999));
#19737=CARTESIAN_POINT('',(7.626,34.65,0.919999999999999));
#19738=CARTESIAN_POINT('',(7.626,3.17874381787406E-16,0.919999999999999));
#19739=CARTESIAN_POINT('',(7.626,0.,0.919999999999999));
#19740=CARTESIAN_POINT('',(7.626,34.65,0.919999999999999));
#19741=CARTESIAN_POINT('',(7.011,0.8,1.6));
#19742=CARTESIAN_POINT('',(7.011,0.8,1.6));
#19743=CARTESIAN_POINT('',(7.011,0.8,1.11999999999999));
#19744=CARTESIAN_POINT('',(7.011,1.4,1.6));
#19745=CARTESIAN_POINT('',(7.011,2.,0.749999999999998));
#19746=CARTESIAN_POINT('',(7.011,2.,0.749999999999998));
#19747=CARTESIAN_POINT('',(7.011,-0.1,0.649999999999997));
#19748=CARTESIAN_POINT('',(7.011,0.,0.));
#19749=CARTESIAN_POINT('',(7.011,4.33680868994202E-16,1.11999999999999));
#19750=CARTESIAN_POINT('',(7.011,0.8,1.11999999999999));
#19751=CARTESIAN_POINT('',(7.011,0.,0.));
#19752=CARTESIAN_POINT('',(-7.011,0.8,1.11999999999999));
#19753=CARTESIAN_POINT('',(-7.011,0.8,1.11999999999999));
#19754=CARTESIAN_POINT('',(-7.011,0.8,1.6));
#19755=CARTESIAN_POINT('',(-7.011,0.8,1.11999999999999));
#19756=CARTESIAN_POINT('',(-7.011,0.,1.11999999999999));
#19757=CARTESIAN_POINT('',(-7.011,0.,0.));
#19758=CARTESIAN_POINT('',(-7.011,-0.1,0.649999999999997));
#19759=CARTESIAN_POINT('',(-7.011,2.,0.749999999999998));
#19760=CARTESIAN_POINT('',(-7.011,2.,0.749999999999998));
#19761=CARTESIAN_POINT('',(-7.011,1.4,1.6));
#19762=CARTESIAN_POINT('',(-7.011,0.,0.));
#19763=CARTESIAN_POINT('',(-7.626,0.8,1.6));
#19764=CARTESIAN_POINT('',(-7.626,0.8,1.6));
#19765=CARTESIAN_POINT('',(-7.626,0.8,1.11999999999999));
#19766=CARTESIAN_POINT('',(-7.626,34.65,1.6));
#19767=CARTESIAN_POINT('',(-7.626,0.,0.919999999999999));
#19768=CARTESIAN_POINT('',(-7.626,4.33680868994202E-16,1.11999999999999));
#19769=CARTESIAN_POINT('',(-7.626,0.8,1.11999999999999));
#19770=CARTESIAN_POINT('',(-7.626,34.65,0.919999999999999));
#19771=CARTESIAN_POINT('',(8.225,2.725,0.202999999999998));
#19772=CARTESIAN_POINT('',(8.225,2.725,20.988));
#19773=CARTESIAN_POINT('',(8.4,8.88178419700125E-16,2.12));
#19774=CARTESIAN_POINT('',(8.4,0.,2.12));
#19775=CARTESIAN_POINT('',(8.4,2.725,2.12));
#19776=CARTESIAN_POINT('',(10.05,0.,2.12));
#19777=CARTESIAN_POINT('',(8.05,8.67361737988404E-16,2.12000000000001));
#19778=CARTESIAN_POINT('',(8.05,2.725,2.12));
#19779=CARTESIAN_POINT('',(8.05,2.725,2.12000000000001));
#19780=CARTESIAN_POINT('',(8.225,2.725,2.12));
#19781=CARTESIAN_POINT('',(-8.05,8.88178419700125E-16,2.12));
#19782=CARTESIAN_POINT('',(-8.05,8.88178419700125E-16,2.12000000000001));
#19783=CARTESIAN_POINT('',(-8.05,2.725,2.12));
#19784=CARTESIAN_POINT('',(10.05,0.,2.12));
#19785=CARTESIAN_POINT('',(-8.39999999999999,0.,2.12));
#19786=CARTESIAN_POINT('',(-8.4,2.725,2.12));
#19787=CARTESIAN_POINT('',(-8.4,2.725,2.12));
#19788=CARTESIAN_POINT('',(-8.225,2.725,2.12));
#19789=CARTESIAN_POINT('',(10.05,0.,2.12));
#19790=CARTESIAN_POINT('',(10.05,0.,2.12));
#19791=CARTESIAN_POINT('',(10.05,0.,2.12));
#19792=CARTESIAN_POINT('',(-10.05,0.,2.12));
#19793=CARTESIAN_POINT('',(-10.05,0.,2.12));
#19794=CARTESIAN_POINT('',(-10.05,-1.,2.12));
#19795=CARTESIAN_POINT('',(10.05,-1.,2.12));
#19796=CARTESIAN_POINT('',(10.05,-1.,2.12));
#19797=CARTESIAN_POINT('',(10.05,0.,2.12));
#19798=CARTESIAN_POINT('',(-8.14,-0.649999999999999,2.12));
#19799=CARTESIAN_POINT('',(-8.14,-0.649999999999999,2.12));
#19800=CARTESIAN_POINT('',(-7.86,-0.349999999999999,2.12));
#19801=CARTESIAN_POINT('',(-8.42,-0.349999999999999,2.12));
#19802=CARTESIAN_POINT('',(-8.42,-0.349999999999999,2.12));
#19803=CARTESIAN_POINT('',(-7.86,-0.349999999999999,2.12));
#19804=CARTESIAN_POINT('',(9.05,3.5,2.12));
#19805=CARTESIAN_POINT('',(6.95,-0.0311085972850681,0.653280542986423));
#19806=CARTESIAN_POINT('',(6.95,-0.1,0.649999999999997));
#19807=CARTESIAN_POINT('',(6.95,1.56606980470128E-16,0.649999999999997));
#19808=CARTESIAN_POINT('',(6.95,-1.,0.649999999999998));
#19809=CARTESIAN_POINT('',(6.95,-1.,0.749999999999998));
#19810=CARTESIAN_POINT('',(6.95,0.,0.));
#19811=CARTESIAN_POINT('',(-6.95,1.56606980470128E-16,0.649999999999997));
#19812=CARTESIAN_POINT('',(-6.95,-0.1,0.649999999999997));
#19813=CARTESIAN_POINT('',(-6.95,-1.,0.649999999999998));
#19814=CARTESIAN_POINT('',(-6.95,-0.0311085972850681,0.653280542986423));
#19815=CARTESIAN_POINT('',(-6.95,-1.,0.749999999999998));
#19816=CARTESIAN_POINT('',(-6.95,0.,0.));
#19817=CARTESIAN_POINT('',(7.011,-1.,0.649999999999998));
#19818=CARTESIAN_POINT('',(6.95,-1.,0.749999999999998));
#19819=CARTESIAN_POINT('',(7.011,-0.1,0.649999999999997));
#19820=CARTESIAN_POINT('',(7.011,-1.,0.649999999999998));
#19821=CARTESIAN_POINT('',(6.1,-0.1,0.649999999999997));
#19822=CARTESIAN_POINT('',(6.1,0.00212783846185587,0.654863230402943));
#19823=CARTESIAN_POINT('',(6.1,1.4254675789816,0.722641313284834));
#19824=CARTESIAN_POINT('',(6.1,0.00212783846185591,0.654863230402943));
#19825=CARTESIAN_POINT('',(5.9,0.00212783846185587,0.654863230402943));
#19826=CARTESIAN_POINT('',(5.9,-0.1,0.649999999999997));
#19827=CARTESIAN_POINT('',(5.9,1.4254675789816,0.722641313284834));
#19828=CARTESIAN_POINT('',(7.011,1.42546757898156,0.722641313284834));
#19829=CARTESIAN_POINT('',(5.6,-0.1,0.649999999999997));
#19830=CARTESIAN_POINT('',(5.6,0.00212783846185587,0.654863230402943));
#19831=CARTESIAN_POINT('',(5.6,1.4254675789816,0.722641313284834));
#19832=CARTESIAN_POINT('',(5.6,0.00212783846185591,0.654863230402943));
#19833=CARTESIAN_POINT('',(5.4,0.00212783846185587,0.654863230402943));
#19834=CARTESIAN_POINT('',(5.4,-0.1,0.649999999999997));
#19835=CARTESIAN_POINT('',(5.4,1.4254675789816,0.722641313284834));
#19836=CARTESIAN_POINT('',(7.011,1.42546757898156,0.722641313284834));
#19837=CARTESIAN_POINT('',(5.1,-0.1,0.649999999999997));
#19838=CARTESIAN_POINT('',(5.1,0.00212783846185587,0.654863230402943));
#19839=CARTESIAN_POINT('',(5.1,1.4254675789816,0.722641313284834));
#19840=CARTESIAN_POINT('',(5.1,0.00212783846185591,0.654863230402943));
#19841=CARTESIAN_POINT('',(4.9,0.00212783846185587,0.654863230402943));
#19842=CARTESIAN_POINT('',(4.9,-0.1,0.649999999999997));
#19843=CARTESIAN_POINT('',(4.9,1.4254675789816,0.722641313284834));
#19844=CARTESIAN_POINT('',(7.011,1.42546757898156,0.722641313284834));
#19845=CARTESIAN_POINT('',(4.6,-0.1,0.649999999999997));
#19846=CARTESIAN_POINT('',(4.6,0.00212783846185587,0.654863230402943));
#19847=CARTESIAN_POINT('',(4.6,1.4254675789816,0.722641313284834));
#19848=CARTESIAN_POINT('',(4.6,0.00212783846185591,0.654863230402943));
#19849=CARTESIAN_POINT('',(4.4,0.00212783846185587,0.654863230402943));
#19850=CARTESIAN_POINT('',(4.4,-0.1,0.649999999999997));
#19851=CARTESIAN_POINT('',(4.4,1.4254675789816,0.722641313284834));
#19852=CARTESIAN_POINT('',(7.011,1.42546757898156,0.722641313284834));
#19853=CARTESIAN_POINT('',(4.1,-0.1,0.649999999999997));
#19854=CARTESIAN_POINT('',(4.1,0.00212783846185587,0.654863230402943));
#19855=CARTESIAN_POINT('',(4.1,1.4254675789816,0.722641313284834));
#19856=CARTESIAN_POINT('',(4.1,0.00212783846185591,0.654863230402943));
#19857=CARTESIAN_POINT('',(3.9,0.00212783846185587,0.654863230402943));
#19858=CARTESIAN_POINT('',(3.9,-0.1,0.649999999999997));
#19859=CARTESIAN_POINT('',(3.9,1.4254675789816,0.722641313284834));
#19860=CARTESIAN_POINT('',(7.011,1.42546757898156,0.722641313284834));
#19861=CARTESIAN_POINT('',(3.6,-0.1,0.649999999999997));
#19862=CARTESIAN_POINT('',(3.6,0.00212783846185587,0.654863230402943));
#19863=CARTESIAN_POINT('',(3.6,1.4254675789816,0.722641313284834));
#19864=CARTESIAN_POINT('',(3.6,0.00212783846185591,0.654863230402943));
#19865=CARTESIAN_POINT('',(3.4,0.00212783846185587,0.654863230402943));
#19866=CARTESIAN_POINT('',(3.4,-0.1,0.649999999999997));
#19867=CARTESIAN_POINT('',(3.4,1.4254675789816,0.722641313284834));
#19868=CARTESIAN_POINT('',(7.011,1.42546757898156,0.722641313284834));
#19869=CARTESIAN_POINT('',(3.1,-0.1,0.649999999999997));
#19870=CARTESIAN_POINT('',(3.1,0.00212783846185587,0.654863230402943));
#19871=CARTESIAN_POINT('',(3.1,1.4254675789816,0.722641313284834));
#19872=CARTESIAN_POINT('',(3.1,0.00212783846185591,0.654863230402943));
#19873=CARTESIAN_POINT('',(2.9,0.00212783846185587,0.654863230402943));
#19874=CARTESIAN_POINT('',(2.9,-0.1,0.649999999999997));
#19875=CARTESIAN_POINT('',(2.9,1.4254675789816,0.722641313284834));
#19876=CARTESIAN_POINT('',(7.011,1.42546757898156,0.722641313284834));
#19877=CARTESIAN_POINT('',(2.6,-0.1,0.649999999999997));
#19878=CARTESIAN_POINT('',(2.6,0.00212783846185587,0.654863230402943));
#19879=CARTESIAN_POINT('',(2.6,1.4254675789816,0.722641313284834));
#19880=CARTESIAN_POINT('',(2.6,0.00212783846185591,0.654863230402943));
#19881=CARTESIAN_POINT('',(2.4,0.00212783846185587,0.654863230402943));
#19882=CARTESIAN_POINT('',(2.4,-0.1,0.649999999999997));
#19883=CARTESIAN_POINT('',(2.4,1.4254675789816,0.722641313284834));
#19884=CARTESIAN_POINT('',(7.011,1.42546757898156,0.722641313284834));
#19885=CARTESIAN_POINT('',(2.1,-0.1,0.649999999999997));
#19886=CARTESIAN_POINT('',(2.1,0.00212783846185587,0.654863230402943));
#19887=CARTESIAN_POINT('',(2.1,1.4254675789816,0.722641313284834));
#19888=CARTESIAN_POINT('',(2.1,0.00212783846185591,0.654863230402943));
#19889=CARTESIAN_POINT('',(1.9,0.00212783846185587,0.654863230402943));
#19890=CARTESIAN_POINT('',(1.9,-0.1,0.649999999999997));
#19891=CARTESIAN_POINT('',(1.9,1.4254675789816,0.722641313284834));
#19892=CARTESIAN_POINT('',(7.011,1.42546757898156,0.722641313284834));
#19893=CARTESIAN_POINT('',(1.6,-0.1,0.649999999999997));
#19894=CARTESIAN_POINT('',(1.6,0.00212783846185587,0.654863230402943));
#19895=CARTESIAN_POINT('',(1.6,1.4254675789816,0.722641313284834));
#19896=CARTESIAN_POINT('',(1.6,0.00212783846185591,0.654863230402943));
#19897=CARTESIAN_POINT('',(1.4,0.00212783846185587,0.654863230402943));
#19898=CARTESIAN_POINT('',(1.4,-0.1,0.649999999999997));
#19899=CARTESIAN_POINT('',(1.4,1.4254675789816,0.722641313284834));
#19900=CARTESIAN_POINT('',(7.011,1.42546757898156,0.722641313284834));
#19901=CARTESIAN_POINT('',(1.1,-0.1,0.649999999999997));
#19902=CARTESIAN_POINT('',(1.1,0.00212783846185587,0.654863230402943));
#19903=CARTESIAN_POINT('',(1.1,1.4254675789816,0.722641313284834));
#19904=CARTESIAN_POINT('',(1.1,0.00212783846185591,0.654863230402943));
#19905=CARTESIAN_POINT('',(0.900000000000001,0.00212783846185587,0.654863230402943));
#19906=CARTESIAN_POINT('',(0.900000000000001,-0.1,0.649999999999997));
#19907=CARTESIAN_POINT('',(0.900000000000001,1.4254675789816,0.722641313284834));
#19908=CARTESIAN_POINT('',(7.011,1.42546757898156,0.722641313284834));
#19909=CARTESIAN_POINT('',(0.6,-0.1,0.649999999999997));
#19910=CARTESIAN_POINT('',(0.6,0.00212783846185587,0.654863230402943));
#19911=CARTESIAN_POINT('',(0.6,1.4254675789816,0.722641313284834));
#19912=CARTESIAN_POINT('',(0.6,0.00212783846185591,0.654863230402943));
#19913=CARTESIAN_POINT('',(0.4,0.00212783846185587,0.654863230402943));
#19914=CARTESIAN_POINT('',(0.4,-0.1,0.649999999999997));
#19915=CARTESIAN_POINT('',(0.4,1.4254675789816,0.722641313284834));
#19916=CARTESIAN_POINT('',(7.011,1.42546757898156,0.722641313284834));
#19917=CARTESIAN_POINT('',(0.0999999999999994,-0.1,0.649999999999997));
#19918=CARTESIAN_POINT('',(0.0999999999999994,0.00212783846185587,0.654863230402943));
#19919=CARTESIAN_POINT('',(0.0999999999999994,1.4254675789816,0.722641313284834));
#19920=CARTESIAN_POINT('',(0.0999999999999994,0.00212783846185591,0.654863230402943));
#19921=CARTESIAN_POINT('',(-0.1,0.00212783846185587,0.654863230402943));
#19922=CARTESIAN_POINT('',(-0.1,-0.1,0.649999999999997));
#19923=CARTESIAN_POINT('',(-0.1,1.4254675789816,0.722641313284834));
#19924=CARTESIAN_POINT('',(7.011,1.42546757898156,0.722641313284834));
#19925=CARTESIAN_POINT('',(-0.4,-0.1,0.649999999999997));
#19926=CARTESIAN_POINT('',(-0.4,0.00212783846185587,0.654863230402943));
#19927=CARTESIAN_POINT('',(-0.4,1.4254675789816,0.722641313284834));
#19928=CARTESIAN_POINT('',(-0.4,0.00212783846185591,0.654863230402943));
#19929=CARTESIAN_POINT('',(-0.6,0.00212783846185587,0.654863230402943));
#19930=CARTESIAN_POINT('',(-0.6,-0.1,0.649999999999997));
#19931=CARTESIAN_POINT('',(-0.6,1.4254675789816,0.722641313284834));
#19932=CARTESIAN_POINT('',(7.011,1.42546757898156,0.722641313284834));
#19933=CARTESIAN_POINT('',(-0.9,-0.1,0.649999999999997));
#19934=CARTESIAN_POINT('',(-0.9,0.00212783846185587,0.654863230402943));
#19935=CARTESIAN_POINT('',(-0.9,1.4254675789816,0.722641313284834));
#19936=CARTESIAN_POINT('',(-0.9,0.00212783846185591,0.654863230402943));
#19937=CARTESIAN_POINT('',(-1.1,0.00212783846185587,0.654863230402943));
#19938=CARTESIAN_POINT('',(-1.1,-0.1,0.649999999999997));
#19939=CARTESIAN_POINT('',(-1.1,1.4254675789816,0.722641313284834));
#19940=CARTESIAN_POINT('',(7.011,1.42546757898156,0.722641313284834));
#19941=CARTESIAN_POINT('',(-1.4,-0.1,0.649999999999997));
#19942=CARTESIAN_POINT('',(-1.4,0.00212783846185587,0.654863230402943));
#19943=CARTESIAN_POINT('',(-1.4,1.4254675789816,0.722641313284834));
#19944=CARTESIAN_POINT('',(-1.4,0.00212783846185591,0.654863230402943));
#19945=CARTESIAN_POINT('',(-1.6,0.00212783846185587,0.654863230402943));
#19946=CARTESIAN_POINT('',(-1.6,-0.1,0.649999999999997));
#19947=CARTESIAN_POINT('',(-1.6,1.4254675789816,0.722641313284834));
#19948=CARTESIAN_POINT('',(7.011,1.42546757898156,0.722641313284834));
#19949=CARTESIAN_POINT('',(-1.9,-0.1,0.649999999999997));
#19950=CARTESIAN_POINT('',(-1.9,0.00212783846185587,0.654863230402943));
#19951=CARTESIAN_POINT('',(-1.9,1.4254675789816,0.722641313284834));
#19952=CARTESIAN_POINT('',(-1.9,0.00212783846185591,0.654863230402943));
#19953=CARTESIAN_POINT('',(-2.1,0.00212783846185587,0.654863230402943));
#19954=CARTESIAN_POINT('',(-2.1,-0.1,0.649999999999997));
#19955=CARTESIAN_POINT('',(-2.1,1.4254675789816,0.722641313284834));
#19956=CARTESIAN_POINT('',(7.011,1.42546757898156,0.722641313284834));
#19957=CARTESIAN_POINT('',(-2.4,-0.1,0.649999999999997));
#19958=CARTESIAN_POINT('',(-2.4,0.00212783846185587,0.654863230402943));
#19959=CARTESIAN_POINT('',(-2.4,1.4254675789816,0.722641313284834));
#19960=CARTESIAN_POINT('',(-2.4,0.00212783846185591,0.654863230402943));
#19961=CARTESIAN_POINT('',(-2.6,0.00212783846185587,0.654863230402943));
#19962=CARTESIAN_POINT('',(-2.6,-0.1,0.649999999999997));
#19963=CARTESIAN_POINT('',(-2.6,1.4254675789816,0.722641313284834));
#19964=CARTESIAN_POINT('',(7.011,1.42546757898156,0.722641313284834));
#19965=CARTESIAN_POINT('',(-2.9,-0.1,0.649999999999997));
#19966=CARTESIAN_POINT('',(-2.9,0.00212783846185587,0.654863230402943));
#19967=CARTESIAN_POINT('',(-2.9,1.4254675789816,0.722641313284834));
#19968=CARTESIAN_POINT('',(-2.9,0.00212783846185591,0.654863230402943));
#19969=CARTESIAN_POINT('',(-3.1,0.00212783846185587,0.654863230402943));
#19970=CARTESIAN_POINT('',(-3.1,-0.1,0.649999999999997));
#19971=CARTESIAN_POINT('',(-3.1,1.4254675789816,0.722641313284834));
#19972=CARTESIAN_POINT('',(7.011,1.42546757898156,0.722641313284834));
#19973=CARTESIAN_POINT('',(-3.4,-0.1,0.649999999999997));
#19974=CARTESIAN_POINT('',(-3.4,0.00212783846185587,0.654863230402943));
#19975=CARTESIAN_POINT('',(-3.4,1.4254675789816,0.722641313284834));
#19976=CARTESIAN_POINT('',(-3.4,0.00212783846185591,0.654863230402943));
#19977=CARTESIAN_POINT('',(-3.6,0.00212783846185587,0.654863230402943));
#19978=CARTESIAN_POINT('',(-3.6,-0.1,0.649999999999997));
#19979=CARTESIAN_POINT('',(-3.6,1.42546757898159,0.722641313284834));
#19980=CARTESIAN_POINT('',(7.011,1.42546757898156,0.722641313284834));
#19981=CARTESIAN_POINT('',(-3.9,-0.1,0.649999999999997));
#19982=CARTESIAN_POINT('',(-3.9,0.00212783846185587,0.654863230402943));
#19983=CARTESIAN_POINT('',(-3.9,1.42546757898159,0.722641313284834));
#19984=CARTESIAN_POINT('',(-3.9,0.00212783846185591,0.654863230402943));
#19985=CARTESIAN_POINT('',(-4.1,0.00212783846185587,0.654863230402943));
#19986=CARTESIAN_POINT('',(-4.1,-0.1,0.649999999999997));
#19987=CARTESIAN_POINT('',(-4.1,1.42546757898159,0.722641313284834));
#19988=CARTESIAN_POINT('',(7.011,1.42546757898156,0.722641313284834));
#19989=CARTESIAN_POINT('',(-4.4,-0.1,0.649999999999997));
#19990=CARTESIAN_POINT('',(-4.4,0.00212783846185587,0.654863230402943));
#19991=CARTESIAN_POINT('',(-4.4,1.42546757898159,0.722641313284834));
#19992=CARTESIAN_POINT('',(-4.4,0.00212783846185591,0.654863230402943));
#19993=CARTESIAN_POINT('',(-4.6,0.00212783846185587,0.654863230402943));
#19994=CARTESIAN_POINT('',(-4.6,-0.1,0.649999999999997));
#19995=CARTESIAN_POINT('',(-4.6,1.42546757898159,0.722641313284834));
#19996=CARTESIAN_POINT('',(7.011,1.42546757898156,0.722641313284834));
#19997=CARTESIAN_POINT('',(-4.9,-0.1,0.649999999999997));
#19998=CARTESIAN_POINT('',(-4.9,0.00212783846185587,0.654863230402943));
#19999=CARTESIAN_POINT('',(-4.9,1.42546757898159,0.722641313284834));
#20000=CARTESIAN_POINT('',(-4.9,0.00212783846185591,0.654863230402943));
#20001=CARTESIAN_POINT('',(-5.1,0.00212783846185587,0.654863230402943));
#20002=CARTESIAN_POINT('',(-5.1,-0.1,0.649999999999997));
#20003=CARTESIAN_POINT('',(-5.1,1.42546757898159,0.722641313284834));
#20004=CARTESIAN_POINT('',(7.011,1.42546757898156,0.722641313284834));
#20005=CARTESIAN_POINT('',(-5.4,-0.1,0.649999999999997));
#20006=CARTESIAN_POINT('',(-5.4,0.00212783846185587,0.654863230402943));
#20007=CARTESIAN_POINT('',(-5.4,1.42546757898159,0.722641313284834));
#20008=CARTESIAN_POINT('',(-5.4,0.00212783846185591,0.654863230402943));
#20009=CARTESIAN_POINT('',(-5.6,0.00212783846185587,0.654863230402943));
#20010=CARTESIAN_POINT('',(-5.6,-0.1,0.649999999999997));
#20011=CARTESIAN_POINT('',(-5.6,1.42546757898159,0.722641313284834));
#20012=CARTESIAN_POINT('',(7.011,1.42546757898156,0.722641313284834));
#20013=CARTESIAN_POINT('',(-5.9,-0.1,0.649999999999997));
#20014=CARTESIAN_POINT('',(-5.9,0.00212783846185587,0.654863230402943));
#20015=CARTESIAN_POINT('',(-5.9,1.4254675789816,0.722641313284834));
#20016=CARTESIAN_POINT('',(-5.9,0.00212783846185591,0.654863230402943));
#20017=CARTESIAN_POINT('',(-6.1,0.00212783846185587,0.654863230402943));
#20018=CARTESIAN_POINT('',(-6.1,-0.1,0.649999999999997));
#20019=CARTESIAN_POINT('',(-6.1,1.4254675789816,0.722641313284834));
#20020=CARTESIAN_POINT('',(7.011,1.42546757898156,0.722641313284834));
#20021=CARTESIAN_POINT('',(-6.4,-0.1,0.649999999999997));
#20022=CARTESIAN_POINT('',(-6.4,0.00212783846185587,0.654863230402943));
#20023=CARTESIAN_POINT('',(-6.4,1.4254675789816,0.722641313284834));
#20024=CARTESIAN_POINT('',(-6.4,0.00212783846185591,0.654863230402943));
#20025=CARTESIAN_POINT('',(-6.6,0.00212783846185587,0.654863230402943));
#20026=CARTESIAN_POINT('',(-6.6,-0.1,0.649999999999997));
#20027=CARTESIAN_POINT('',(-6.6,1.4254675789816,0.722641313284834));
#20028=CARTESIAN_POINT('',(7.011,1.42546757898156,0.722641313284834));
#20029=CARTESIAN_POINT('',(6.6,-0.1,0.649999999999997));
#20030=CARTESIAN_POINT('',(6.6,0.00212783846185587,0.654863230402943));
#20031=CARTESIAN_POINT('',(6.6,1.4254675789816,0.722641313284834));
#20032=CARTESIAN_POINT('',(6.6,0.00212783846185591,0.654863230402943));
#20033=CARTESIAN_POINT('',(6.4,0.00212783846185587,0.654863230402943));
#20034=CARTESIAN_POINT('',(6.4,-0.1,0.649999999999997));
#20035=CARTESIAN_POINT('',(6.4,1.4254675789816,0.722641313284834));
#20036=CARTESIAN_POINT('',(7.011,1.42546757898156,0.722641313284834));
#20037=CARTESIAN_POINT('',(7.011,2.,0.749999999999998));
#20038=CARTESIAN_POINT('',(7.011,-0.1,0.649999999999997));
#20039=CARTESIAN_POINT('',(7.011,2.,0.749999999999998));
#20040=CARTESIAN_POINT('',(6.1,1.4,1.6));
#20041=CARTESIAN_POINT('',(6.1,0.22500000000001,1.6));
#20042=CARTESIAN_POINT('',(6.4,1.4,1.6));
#20043=CARTESIAN_POINT('',(6.4,0.22500000000001,1.6));
#20044=CARTESIAN_POINT('',(6.6,0.22500000000001,1.6));
#20045=CARTESIAN_POINT('',(6.6,0.22500000000001,1.6));
#20046=CARTESIAN_POINT('',(6.6,1.4,1.6));
#20047=CARTESIAN_POINT('',(7.626,0.8,1.6));
#20048=CARTESIAN_POINT('',(7.626,0.8,1.6));
#20049=CARTESIAN_POINT('',(7.626,34.65,1.6));
#20050=CARTESIAN_POINT('',(8.576,34.65,1.6));
#20051=CARTESIAN_POINT('',(8.576,-3.17874381787421E-16,1.6));
#20052=CARTESIAN_POINT('',(8.576,0.,1.6));
#20053=CARTESIAN_POINT('',(8.4,2.16840434497101E-16,1.6));
#20054=CARTESIAN_POINT('',(8.4,8.88178419700128E-16,1.6));
#20055=CARTESIAN_POINT('',(8.4,2.725,1.6));
#20056=CARTESIAN_POINT('',(8.225,2.725,1.6));
#20057=CARTESIAN_POINT('',(8.05,2.725,1.6));
#20058=CARTESIAN_POINT('',(8.05,2.725,1.6));
#20059=CARTESIAN_POINT('',(8.05,2.16840434497101E-16,1.6));
#20060=CARTESIAN_POINT('',(0.,0.,1.6));
#20061=CARTESIAN_POINT('',(-8.05,0.,1.6));
#20062=CARTESIAN_POINT('',(-8.05,8.88178419700125E-16,1.6));
#20063=CARTESIAN_POINT('',(-8.05,2.725,1.6));
#20064=CARTESIAN_POINT('',(-8.225,2.725,1.6));
#20065=CARTESIAN_POINT('',(-8.4,2.725,1.6));
#20066=CARTESIAN_POINT('',(-8.4,2.725,1.6));
#20067=CARTESIAN_POINT('',(-8.4,2.16840434497101E-16,1.6));
#20068=CARTESIAN_POINT('',(-7.626,0.,1.6));
#20069=CARTESIAN_POINT('',(0.849999999999972,0.55,1.6));
#20070=CARTESIAN_POINT('',(-7.011,0.8,1.6));
#20071=CARTESIAN_POINT('',(-6.6,1.4,1.6));
#20072=CARTESIAN_POINT('',(-6.6,0.22500000000001,1.6));
#20073=CARTESIAN_POINT('',(-6.4,0.22500000000001,1.6));
#20074=CARTESIAN_POINT('',(-6.4,0.22500000000001,1.6));
#20075=CARTESIAN_POINT('',(-6.4,1.4,1.6));
#20076=CARTESIAN_POINT('',(-6.1,1.4,1.6));
#20077=CARTESIAN_POINT('',(-6.1,0.22500000000001,1.6));
#20078=CARTESIAN_POINT('',(-5.9,0.22500000000001,1.6));
#20079=CARTESIAN_POINT('',(-5.9,0.22500000000001,1.6));
#20080=CARTESIAN_POINT('',(-5.9,1.4,1.6));
#20081=CARTESIAN_POINT('',(-5.6,1.4,1.6));
#20082=CARTESIAN_POINT('',(-5.6,0.22500000000001,1.6));
#20083=CARTESIAN_POINT('',(-5.4,0.22500000000001,1.6));
#20084=CARTESIAN_POINT('',(-5.4,0.22500000000001,1.6));
#20085=CARTESIAN_POINT('',(-5.4,1.4,1.6));
#20086=CARTESIAN_POINT('',(-5.1,1.4,1.6));
#20087=CARTESIAN_POINT('',(-5.1,0.22500000000001,1.6));
#20088=CARTESIAN_POINT('',(-4.9,0.22500000000001,1.6));
#20089=CARTESIAN_POINT('',(-4.9,0.22500000000001,1.6));
#20090=CARTESIAN_POINT('',(-4.9,1.4,1.6));
#20091=CARTESIAN_POINT('',(-4.6,1.4,1.6));
#20092=CARTESIAN_POINT('',(-4.6,0.22500000000001,1.6));
#20093=CARTESIAN_POINT('',(-4.4,0.22500000000001,1.6));
#20094=CARTESIAN_POINT('',(-4.4,0.22500000000001,1.6));
#20095=CARTESIAN_POINT('',(-4.4,1.4,1.6));
#20096=CARTESIAN_POINT('',(-4.1,1.4,1.6));
#20097=CARTESIAN_POINT('',(-4.1,0.22500000000001,1.6));
#20098=CARTESIAN_POINT('',(-3.9,0.22500000000001,1.6));
#20099=CARTESIAN_POINT('',(-3.9,0.22500000000001,1.6));
#20100=CARTESIAN_POINT('',(-3.9,1.4,1.6));
#20101=CARTESIAN_POINT('',(-3.6,1.4,1.6));
#20102=CARTESIAN_POINT('',(-3.6,0.22500000000001,1.6));
#20103=CARTESIAN_POINT('',(-3.4,0.22500000000001,1.6));
#20104=CARTESIAN_POINT('',(-3.4,0.22500000000001,1.6));
#20105=CARTESIAN_POINT('',(-3.4,1.4,1.6));
#20106=CARTESIAN_POINT('',(-3.1,1.4,1.6));
#20107=CARTESIAN_POINT('',(-3.1,0.22500000000001,1.6));
#20108=CARTESIAN_POINT('',(-2.9,0.22500000000001,1.6));
#20109=CARTESIAN_POINT('',(-2.9,0.22500000000001,1.6));
#20110=CARTESIAN_POINT('',(-2.9,1.4,1.6));
#20111=CARTESIAN_POINT('',(-2.6,1.4,1.6));
#20112=CARTESIAN_POINT('',(-2.6,0.22500000000001,1.6));
#20113=CARTESIAN_POINT('',(-2.4,0.22500000000001,1.6));
#20114=CARTESIAN_POINT('',(-2.4,0.22500000000001,1.6));
#20115=CARTESIAN_POINT('',(-2.4,1.4,1.6));
#20116=CARTESIAN_POINT('',(-2.1,1.4,1.6));
#20117=CARTESIAN_POINT('',(-2.1,0.22500000000001,1.6));
#20118=CARTESIAN_POINT('',(-1.9,0.22500000000001,1.6));
#20119=CARTESIAN_POINT('',(-1.9,0.22500000000001,1.6));
#20120=CARTESIAN_POINT('',(-1.9,1.4,1.6));
#20121=CARTESIAN_POINT('',(-1.6,1.4,1.6));
#20122=CARTESIAN_POINT('',(-1.6,0.22500000000001,1.6));
#20123=CARTESIAN_POINT('',(-1.4,0.22500000000001,1.6));
#20124=CARTESIAN_POINT('',(-1.4,0.22500000000001,1.6));
#20125=CARTESIAN_POINT('',(-1.4,1.4,1.6));
#20126=CARTESIAN_POINT('',(-1.1,1.4,1.6));
#20127=CARTESIAN_POINT('',(-1.1,0.22500000000001,1.6));
#20128=CARTESIAN_POINT('',(-0.9,0.22500000000001,1.6));
#20129=CARTESIAN_POINT('',(-0.9,0.22500000000001,1.6));
#20130=CARTESIAN_POINT('',(-0.9,1.4,1.6));
#20131=CARTESIAN_POINT('',(-0.6,1.4,1.6));
#20132=CARTESIAN_POINT('',(-0.6,0.22500000000001,1.6));
#20133=CARTESIAN_POINT('',(-0.4,0.22500000000001,1.6));
#20134=CARTESIAN_POINT('',(-0.4,0.22500000000001,1.6));
#20135=CARTESIAN_POINT('',(-0.4,1.4,1.6));
#20136=CARTESIAN_POINT('',(-0.1,1.4,1.6));
#20137=CARTESIAN_POINT('',(-0.1,0.22500000000001,1.6));
#20138=CARTESIAN_POINT('',(0.0999999999999994,0.22500000000001,1.6));
#20139=CARTESIAN_POINT('',(0.0999999999999994,0.22500000000001,1.6));
#20140=CARTESIAN_POINT('',(0.0999999999999994,1.4,1.6));
#20141=CARTESIAN_POINT('',(0.4,1.4,1.6));
#20142=CARTESIAN_POINT('',(0.4,0.22500000000001,1.6));
#20143=CARTESIAN_POINT('',(0.6,0.22500000000001,1.6));
#20144=CARTESIAN_POINT('',(0.6,0.22500000000001,1.6));
#20145=CARTESIAN_POINT('',(0.6,1.4,1.6));
#20146=CARTESIAN_POINT('',(0.900000000000001,1.4,1.6));
#20147=CARTESIAN_POINT('',(0.900000000000001,0.22500000000001,1.6));
#20148=CARTESIAN_POINT('',(1.1,0.22500000000001,1.6));
#20149=CARTESIAN_POINT('',(1.1,0.22500000000001,1.6));
#20150=CARTESIAN_POINT('',(1.1,1.4,1.6));
#20151=CARTESIAN_POINT('',(1.4,1.4,1.6));
#20152=CARTESIAN_POINT('',(1.4,0.22500000000001,1.6));
#20153=CARTESIAN_POINT('',(1.6,0.22500000000001,1.6));
#20154=CARTESIAN_POINT('',(1.6,0.22500000000001,1.6));
#20155=CARTESIAN_POINT('',(1.6,1.4,1.6));
#20156=CARTESIAN_POINT('',(1.9,1.4,1.6));
#20157=CARTESIAN_POINT('',(1.9,0.22500000000001,1.6));
#20158=CARTESIAN_POINT('',(2.1,0.22500000000001,1.6));
#20159=CARTESIAN_POINT('',(2.1,0.22500000000001,1.6));
#20160=CARTESIAN_POINT('',(2.1,1.4,1.6));
#20161=CARTESIAN_POINT('',(2.4,1.4,1.6));
#20162=CARTESIAN_POINT('',(2.4,0.22500000000001,1.6));
#20163=CARTESIAN_POINT('',(2.6,0.22500000000001,1.6));
#20164=CARTESIAN_POINT('',(2.6,0.22500000000001,1.6));
#20165=CARTESIAN_POINT('',(2.6,1.4,1.6));
#20166=CARTESIAN_POINT('',(2.9,1.4,1.6));
#20167=CARTESIAN_POINT('',(2.9,0.22500000000001,1.6));
#20168=CARTESIAN_POINT('',(3.1,0.22500000000001,1.6));
#20169=CARTESIAN_POINT('',(3.1,0.22500000000001,1.6));
#20170=CARTESIAN_POINT('',(3.1,1.4,1.6));
#20171=CARTESIAN_POINT('',(3.4,1.4,1.6));
#20172=CARTESIAN_POINT('',(3.4,0.22500000000001,1.6));
#20173=CARTESIAN_POINT('',(3.6,0.22500000000001,1.6));
#20174=CARTESIAN_POINT('',(3.6,0.22500000000001,1.6));
#20175=CARTESIAN_POINT('',(3.6,1.4,1.6));
#20176=CARTESIAN_POINT('',(3.9,1.4,1.6));
#20177=CARTESIAN_POINT('',(3.9,0.22500000000001,1.6));
#20178=CARTESIAN_POINT('',(4.1,0.22500000000001,1.6));
#20179=CARTESIAN_POINT('',(4.1,0.22500000000001,1.6));
#20180=CARTESIAN_POINT('',(4.1,1.4,1.6));
#20181=CARTESIAN_POINT('',(4.4,1.4,1.6));
#20182=CARTESIAN_POINT('',(4.4,0.22500000000001,1.6));
#20183=CARTESIAN_POINT('',(4.6,0.22500000000001,1.6));
#20184=CARTESIAN_POINT('',(4.6,0.22500000000001,1.6));
#20185=CARTESIAN_POINT('',(4.6,1.4,1.6));
#20186=CARTESIAN_POINT('',(4.9,1.4,1.6));
#20187=CARTESIAN_POINT('',(4.9,0.22500000000001,1.6));
#20188=CARTESIAN_POINT('',(5.1,0.22500000000001,1.6));
#20189=CARTESIAN_POINT('',(5.1,0.22500000000001,1.6));
#20190=CARTESIAN_POINT('',(5.1,1.4,1.6));
#20191=CARTESIAN_POINT('',(5.4,1.4,1.6));
#20192=CARTESIAN_POINT('',(5.4,0.22500000000001,1.6));
#20193=CARTESIAN_POINT('',(5.6,0.22500000000001,1.6));
#20194=CARTESIAN_POINT('',(5.6,0.22500000000001,1.6));
#20195=CARTESIAN_POINT('',(5.6,1.4,1.6));
#20196=CARTESIAN_POINT('',(5.9,1.4,1.6));
#20197=CARTESIAN_POINT('',(5.9,0.22500000000001,1.6));
#20198=CARTESIAN_POINT('',(6.1,0.22500000000001,1.6));
#20199=CARTESIAN_POINT('',(7.011,1.4,1.6));
#20200=CARTESIAN_POINT('',(-8.4,2.725,20.988));
#20201=CARTESIAN_POINT('',(-8.4,8.67361737988404E-16,20.988));
#20202=CARTESIAN_POINT('',(-8.4,2.725,20.988));
#20203=CARTESIAN_POINT('',(-8.05,8.88178419700125E-16,20.988));
#20204=CARTESIAN_POINT('',(-8.05,2.725,20.988));
#20205=CARTESIAN_POINT('',(-8.05,8.88178419700125E-16,20.988));
#20206=CARTESIAN_POINT('',(-8.225,2.725,20.988));
#20207=CARTESIAN_POINT('',(8.05,2.725,20.988));
#20208=CARTESIAN_POINT('',(8.05,8.67361737988404E-16,20.988));
#20209=CARTESIAN_POINT('',(8.05,2.725,20.988));
#20210=CARTESIAN_POINT('',(8.4,9.04707822870107E-16,20.988));
#20211=CARTESIAN_POINT('',(8.4,2.725,20.988));
#20212=CARTESIAN_POINT('',(8.4,8.88178419700125E-16,20.988));
#20213=CARTESIAN_POINT('',(8.225,2.725,20.988));
#20214=CARTESIAN_POINT('',(7.626,0.8,1.11999999999999));
#20215=CARTESIAN_POINT('',(7.626,0.8,1.11999999999999));
#20216=CARTESIAN_POINT('',(7.626,0.8,1.11999999999999));
#20217=CARTESIAN_POINT('',(7.626,0.,1.11999999999999));
#20218=CARTESIAN_POINT('',(7.626,0.,1.6));
#20219=CARTESIAN_POINT('',(7.626,34.65,1.6));
#20220=CARTESIAN_POINT('',(8.55000000000001,34.65,0.919999999999999));
#20221=CARTESIAN_POINT('',(8.55000000000001,4.08562073062057E-16,0.919999999999999));
#20222=CARTESIAN_POINT('',(7.626,0.,0.919999999999999));
#20223=CARTESIAN_POINT('',(8.576,-7.53843289819859E-30,0.919999999999999));
#20224=CARTESIAN_POINT('',(8.576,34.65,0.919999999999999));
#20225=CARTESIAN_POINT('',(7.626,34.65,0.919999999999999));
#20226=CARTESIAN_POINT('',(8.576,0.,0.919999999999999));
#20227=CARTESIAN_POINT('',(8.576,34.65,0.919999999999999));
#20228=CARTESIAN_POINT('',(-7.626,0.,1.11999999999999));
#20229=CARTESIAN_POINT('',(-7.626,0.8,1.11999999999999));
#20230=CARTESIAN_POINT('',(-7.626,0.8,1.11999999999999));
#20231=CARTESIAN_POINT('',(0.,0.8,0.));
#20232=CARTESIAN_POINT('',(7.011,0.,1.11999999999999));
#20233=CARTESIAN_POINT('',(7.011,0.8,1.11999999999999));
#20234=CARTESIAN_POINT('',(7.011,0.8,1.11999999999999));
#20235=CARTESIAN_POINT('',(0.,0.8,0.));
#20236=CARTESIAN_POINT('',(-8.60000000000002,2.38819660112501,0.699999999999998));
#20237=CARTESIAN_POINT('',(-8.60000000000002,2.38819660112501,0.699999999999998));
#20238=CARTESIAN_POINT('',(-8.60000000000002,0.55,0.699999999999997));
#20239=CARTESIAN_POINT('',(-8.60000000000002,2.61180339887499,0.699999999999997));
#20240=CARTESIAN_POINT('',(-8.60000000000002,2.61180339887499,0.699999999999998));
#20241=CARTESIAN_POINT('',(0.849999999999972,0.55,0.699999999999997));
#20242=CARTESIAN_POINT('',(0.849999999999972,0.55,0.699999999999997));
#20243=CARTESIAN_POINT('',(0.849999999999972,0.55,0.799999999999998));
#20244=CARTESIAN_POINT('',(-8.55000000000001,0.55,0.799999999999997));
#20245=CARTESIAN_POINT('',(-8.55000000000001,0.55,1.6));
#20246=CARTESIAN_POINT('',(0.849999999999972,0.55,1.6));
#20247=CARTESIAN_POINT('',(7.595,2.13,0.5));
#20248=CARTESIAN_POINT('',(7.595,34.65,0.19));
#20249=CARTESIAN_POINT('',(-7.595,2.13,0.499999999999997));
#20250=CARTESIAN_POINT('',(-7.595,34.65,-3.49720252756924E-15));
#20251=CARTESIAN_POINT('',(7.145,2.87,0.5));
#20252=CARTESIAN_POINT('',(7.145,2.87,0.5));
#20253=CARTESIAN_POINT('',(7.595,2.13,0.5));
#20254=CARTESIAN_POINT('',(7.595,2.13,0.5));
#20255=CARTESIAN_POINT('',(0.,0.,0.5));
#20256=CARTESIAN_POINT('',(-7.595,2.87,0.5));
#20257=CARTESIAN_POINT('',(-7.595,2.87,0.5));
#20258=CARTESIAN_POINT('',(-7.145,2.13,0.5));
#20259=CARTESIAN_POINT('',(-7.145,2.13,0.5));
#20260=CARTESIAN_POINT('',(0.,0.,0.5));
#20261=CARTESIAN_POINT('',(6.6,0.325000000000001,1.55000000000001));
#20262=CARTESIAN_POINT('',(6.6,0.325000000000001,1.55000000000001));
#20263=CARTESIAN_POINT('',(6.6,0.325000000000001,1.67500000000001));
#20264=CARTESIAN_POINT('',(6.6,0.100000000000001,0.634343971258149));
#20265=CARTESIAN_POINT('',(6.4,0.325000000000001,1.55000000000001));
#20266=CARTESIAN_POINT('',(6.4,0.325000000000001,1.55000000000001));
#20267=CARTESIAN_POINT('',(6.4,0.325000000000001,1.67500000000001));
#20268=CARTESIAN_POINT('',(6.4,0.100000000000001,0.634343971258149));
#20269=CARTESIAN_POINT('',(6.6,0.325000000000001,1.55000000000001));
#20270=CARTESIAN_POINT('',(6.6,0.325000000000001,1.67500000000001));
#20271=CARTESIAN_POINT('',(6.4,0.350000000000001,0.796184513031962));
#20272=CARTESIAN_POINT('',(6.4,0.350000000000001,0.796184513031962));
#20273=CARTESIAN_POINT('',(6.4,0.350000000000001,0.83000000000001));
#20274=CARTESIAN_POINT('',(6.6,0.350000000000001,0.83000000000001));
#20275=CARTESIAN_POINT('',(6.6,0.350000000000001,0.83000000000001));
#20276=CARTESIAN_POINT('',(6.6,0.350000000000001,0.796184513031962));
#20277=CARTESIAN_POINT('',(6.6,0.350000000000001,0.796184513031962));
#20278=CARTESIAN_POINT('',(6.6,0.350000000000001,0.796184513031962));
#20279=CARTESIAN_POINT('',(6.6,0.350000000000001,0.796184513031962));
#20280=CARTESIAN_POINT('',(6.4,0.300000000000001,0.83000000000001));
#20281=CARTESIAN_POINT('',(6.4,0.271985017581062,0.871414499394141));
#20282=CARTESIAN_POINT('',(6.6,0.271985017581062,0.871414499394141));
#20283=CARTESIAN_POINT('',(6.6,0.271985017581062,0.871414499394141));
#20284=CARTESIAN_POINT('',(6.6,0.300000000000001,0.83000000000001));
#20285=CARTESIAN_POINT('',(6.6,0.300000000000001,0.83000000000001));
#20286=CARTESIAN_POINT('',(6.4,0.271985017581062,0.871414499394141));
#20287=CARTESIAN_POINT('',(6.4,0.043970035162122,0.717172970046412));
#20288=CARTESIAN_POINT('',(6.6,0.043970035162122,0.717172970046412));
#20289=CARTESIAN_POINT('',(6.6,0.043970035162122,0.717172970046412));
#20290=CARTESIAN_POINT('',(6.6,0.271985017581062,0.871414499394141));
#20291=CARTESIAN_POINT('',(6.6,0.271985017581062,0.871414499394141));
#20292=CARTESIAN_POINT('',(6.6,0.100000000000001,0.634343971258149));
#20293=CARTESIAN_POINT('',(6.6,2.3415101468097,0.66000000000001));
#20294=CARTESIAN_POINT('',(6.6,0.100000000000001,0.634343971258149));
#20295=CARTESIAN_POINT('',(6.4,0.100000000000001,0.634343971258149));
#20296=CARTESIAN_POINT('',(6.4,2.3415101468097,0.66000000000001));
#20297=CARTESIAN_POINT('',(6.4,0.100000000000001,0.634343971258149));
#20298=CARTESIAN_POINT('',(6.6,2.3415101468097,0.66000000000001));
#20299=CARTESIAN_POINT('',(6.6,0.100000000000001,0.634343971258149));
#20300=CARTESIAN_POINT('',(6.4,3.7,0.78000000000001));
#20301=CARTESIAN_POINT('',(6.4,3.7,0.78000000000001));
#20302=CARTESIAN_POINT('',(6.6,3.7,0.78000000000001));
#20303=CARTESIAN_POINT('',(6.6,3.7,0.78000000000001));
#20304=CARTESIAN_POINT('',(6.6,3.7,0.78000000000001));
#20305=CARTESIAN_POINT('',(6.6,3.7,0.78000000000001));
#20306=CARTESIAN_POINT('',(6.6,3.35,0.32000000000001));
#20307=CARTESIAN_POINT('',(6.6,3.35,-0.0399999999999902));
#20308=CARTESIAN_POINT('',(6.6,3.35,-0.0399999999999903));
#20309=CARTESIAN_POINT('',(6.6,4.2,-0.0399999999999901));
#20310=CARTESIAN_POINT('',(6.6,4.2,-0.0399999999999901));
#20311=CARTESIAN_POINT('',(6.6,4.2,0.14000000000001));
#20312=CARTESIAN_POINT('',(6.6,4.2,0.14000000000001));
#20313=CARTESIAN_POINT('',(6.6,3.7,0.14000000000001));
#20314=CARTESIAN_POINT('',(6.6,3.7,0.14000000000001));
#20315=CARTESIAN_POINT('',(6.6,0.100000000000001,0.634343971258149));
#20316=CARTESIAN_POINT('',(6.4,3.7,0.14000000000001));
#20317=CARTESIAN_POINT('',(6.4,3.7,0.14000000000001));
#20318=CARTESIAN_POINT('',(6.4,4.2,0.14000000000001));
#20319=CARTESIAN_POINT('',(6.4,4.2,0.14000000000001));
#20320=CARTESIAN_POINT('',(6.4,4.2,-0.0399999999999901));
#20321=CARTESIAN_POINT('',(6.4,4.2,-0.0399999999999901));
#20322=CARTESIAN_POINT('',(6.4,3.35,-0.0399999999999903));
#20323=CARTESIAN_POINT('',(6.4,3.35,-0.0399999999999902));
#20324=CARTESIAN_POINT('',(6.4,3.35,0.32000000000001));
#20325=CARTESIAN_POINT('',(6.4,0.100000000000001,0.634343971258149));
#20326=CARTESIAN_POINT('',(6.6,3.35,-0.0399999999999902));
#20327=CARTESIAN_POINT('',(6.6,3.35,0.32000000000001));
#20328=CARTESIAN_POINT('',(6.6,4.2,-0.0399999999999901));
#20329=CARTESIAN_POINT('',(6.6,3.35,-0.0399999999999903));
#20330=CARTESIAN_POINT('',(6.6,4.2,0.14000000000001));
#20331=CARTESIAN_POINT('',(6.6,4.2,-0.0399999999999901));
#20332=CARTESIAN_POINT('',(6.6,3.7,0.14000000000001));
#20333=CARTESIAN_POINT('',(6.6,4.2,0.14000000000001));
#20334=CARTESIAN_POINT('',(6.6,3.7,0.14000000000001));
#20335=CARTESIAN_POINT('',(-6.4,0.325000000000001,1.55000000000001));
#20336=CARTESIAN_POINT('',(-6.4,0.325000000000001,1.55000000000001));
#20337=CARTESIAN_POINT('',(-6.4,0.325000000000001,1.67500000000001));
#20338=CARTESIAN_POINT('',(-6.4,0.100000000000001,0.634343971258149));
#20339=CARTESIAN_POINT('',(-6.6,0.325000000000001,1.55000000000001));
#20340=CARTESIAN_POINT('',(-6.6,0.325000000000001,1.55000000000001));
#20341=CARTESIAN_POINT('',(-6.6,0.325000000000001,1.67500000000001));
#20342=CARTESIAN_POINT('',(-6.6,0.100000000000001,0.634343971258149));
#20343=CARTESIAN_POINT('',(-6.4,0.325000000000001,1.55000000000001));
#20344=CARTESIAN_POINT('',(-6.4,0.325000000000001,1.67500000000001));
#20345=CARTESIAN_POINT('',(-5.9,0.325000000000001,1.55000000000001));
#20346=CARTESIAN_POINT('',(-5.9,0.325000000000001,1.55000000000001));
#20347=CARTESIAN_POINT('',(-5.9,0.325000000000001,1.67500000000001));
#20348=CARTESIAN_POINT('',(-5.9,0.100000000000001,0.634343971258149));
#20349=CARTESIAN_POINT('',(-6.1,0.325000000000001,1.55000000000001));
#20350=CARTESIAN_POINT('',(-6.1,0.325000000000001,1.55000000000001));
#20351=CARTESIAN_POINT('',(-6.1,0.325000000000001,1.67500000000001));
#20352=CARTESIAN_POINT('',(-6.1,0.100000000000001,0.634343971258149));
#20353=CARTESIAN_POINT('',(-5.9,0.325000000000001,1.55000000000001));
#20354=CARTESIAN_POINT('',(-5.9,0.325000000000001,1.67500000000001));
#20355=CARTESIAN_POINT('',(-5.4,0.325000000000001,1.55000000000001));
#20356=CARTESIAN_POINT('',(-5.4,0.325000000000001,1.55000000000001));
#20357=CARTESIAN_POINT('',(-5.4,0.325000000000001,1.67500000000001));
#20358=CARTESIAN_POINT('',(-5.4,0.100000000000001,0.634343971258149));
#20359=CARTESIAN_POINT('',(-5.6,0.325000000000001,1.55000000000001));
#20360=CARTESIAN_POINT('',(-5.6,0.325000000000001,1.55000000000001));
#20361=CARTESIAN_POINT('',(-5.6,0.325000000000001,1.67500000000001));
#20362=CARTESIAN_POINT('',(-5.6,0.100000000000001,0.634343971258149));
#20363=CARTESIAN_POINT('',(-5.4,0.325000000000001,1.55000000000001));
#20364=CARTESIAN_POINT('',(-5.4,0.325000000000001,1.67500000000001));
#20365=CARTESIAN_POINT('',(-4.9,0.325000000000001,1.55000000000001));
#20366=CARTESIAN_POINT('',(-4.9,0.325000000000001,1.55000000000001));
#20367=CARTESIAN_POINT('',(-4.9,0.325000000000001,1.67500000000001));
#20368=CARTESIAN_POINT('',(-4.9,0.100000000000001,0.634343971258149));
#20369=CARTESIAN_POINT('',(-5.1,0.325000000000001,1.55000000000001));
#20370=CARTESIAN_POINT('',(-5.1,0.325000000000001,1.55000000000001));
#20371=CARTESIAN_POINT('',(-5.1,0.325000000000001,1.67500000000001));
#20372=CARTESIAN_POINT('',(-5.1,0.100000000000001,0.634343971258149));
#20373=CARTESIAN_POINT('',(-4.9,0.325000000000001,1.55000000000001));
#20374=CARTESIAN_POINT('',(-4.9,0.325000000000001,1.67500000000001));
#20375=CARTESIAN_POINT('',(-4.4,0.325000000000001,1.55000000000001));
#20376=CARTESIAN_POINT('',(-4.4,0.325000000000001,1.55000000000001));
#20377=CARTESIAN_POINT('',(-4.4,0.325000000000001,1.67500000000001));
#20378=CARTESIAN_POINT('',(-4.4,0.100000000000001,0.634343971258149));
#20379=CARTESIAN_POINT('',(-4.6,0.325000000000001,1.55000000000001));
#20380=CARTESIAN_POINT('',(-4.6,0.325000000000001,1.55000000000001));
#20381=CARTESIAN_POINT('',(-4.6,0.325000000000001,1.67500000000001));
#20382=CARTESIAN_POINT('',(-4.6,0.100000000000001,0.634343971258149));
#20383=CARTESIAN_POINT('',(-4.4,0.325000000000001,1.55000000000001));
#20384=CARTESIAN_POINT('',(-4.4,0.325000000000001,1.67500000000001));
#20385=CARTESIAN_POINT('',(-3.9,0.325000000000001,1.55000000000001));
#20386=CARTESIAN_POINT('',(-3.9,0.325000000000001,1.55000000000001));
#20387=CARTESIAN_POINT('',(-3.9,0.325000000000001,1.67500000000001));
#20388=CARTESIAN_POINT('',(-3.9,0.100000000000001,0.634343971258149));
#20389=CARTESIAN_POINT('',(-4.1,0.325000000000001,1.55000000000001));
#20390=CARTESIAN_POINT('',(-4.1,0.325000000000001,1.55000000000001));
#20391=CARTESIAN_POINT('',(-4.1,0.325000000000001,1.67500000000001));
#20392=CARTESIAN_POINT('',(-4.1,0.100000000000001,0.634343971258149));
#20393=CARTESIAN_POINT('',(-3.9,0.325000000000001,1.55000000000001));
#20394=CARTESIAN_POINT('',(-3.9,0.325000000000001,1.67500000000001));
#20395=CARTESIAN_POINT('',(-3.4,0.325000000000001,1.55000000000001));
#20396=CARTESIAN_POINT('',(-3.4,0.325000000000001,1.55000000000001));
#20397=CARTESIAN_POINT('',(-3.4,0.325000000000001,1.67500000000001));
#20398=CARTESIAN_POINT('',(-3.4,0.100000000000001,0.634343971258149));
#20399=CARTESIAN_POINT('',(-3.6,0.325000000000001,1.55000000000001));
#20400=CARTESIAN_POINT('',(-3.6,0.325000000000001,1.55000000000001));
#20401=CARTESIAN_POINT('',(-3.6,0.325000000000001,1.67500000000001));
#20402=CARTESIAN_POINT('',(-3.6,0.100000000000001,0.634343971258149));
#20403=CARTESIAN_POINT('',(-3.4,0.325000000000001,1.55000000000001));
#20404=CARTESIAN_POINT('',(-3.4,0.325000000000001,1.67500000000001));
#20405=CARTESIAN_POINT('',(-2.9,0.325000000000001,1.55000000000001));
#20406=CARTESIAN_POINT('',(-2.9,0.325000000000001,1.55000000000001));
#20407=CARTESIAN_POINT('',(-2.9,0.325000000000001,1.67500000000001));
#20408=CARTESIAN_POINT('',(-2.9,0.100000000000001,0.634343971258149));
#20409=CARTESIAN_POINT('',(-3.1,0.325000000000001,1.55000000000001));
#20410=CARTESIAN_POINT('',(-3.1,0.325000000000001,1.55000000000001));
#20411=CARTESIAN_POINT('',(-3.1,0.325000000000001,1.67500000000001));
#20412=CARTESIAN_POINT('',(-3.1,0.100000000000001,0.634343971258149));
#20413=CARTESIAN_POINT('',(-2.9,0.325000000000001,1.55000000000001));
#20414=CARTESIAN_POINT('',(-2.9,0.325000000000001,1.67500000000001));
#20415=CARTESIAN_POINT('',(-2.4,0.325000000000001,1.55000000000001));
#20416=CARTESIAN_POINT('',(-2.4,0.325000000000001,1.55000000000001));
#20417=CARTESIAN_POINT('',(-2.4,0.325000000000001,1.67500000000001));
#20418=CARTESIAN_POINT('',(-2.4,0.100000000000001,0.634343971258149));
#20419=CARTESIAN_POINT('',(-2.6,0.325000000000001,1.55000000000001));
#20420=CARTESIAN_POINT('',(-2.6,0.325000000000001,1.55000000000001));
#20421=CARTESIAN_POINT('',(-2.6,0.325000000000001,1.67500000000001));
#20422=CARTESIAN_POINT('',(-2.6,0.100000000000001,0.634343971258149));
#20423=CARTESIAN_POINT('',(-2.4,0.325000000000001,1.55000000000001));
#20424=CARTESIAN_POINT('',(-2.4,0.325000000000001,1.67500000000001));
#20425=CARTESIAN_POINT('',(-1.9,0.325000000000001,1.55000000000001));
#20426=CARTESIAN_POINT('',(-1.9,0.325000000000001,1.55000000000001));
#20427=CARTESIAN_POINT('',(-1.9,0.325000000000001,1.67500000000001));
#20428=CARTESIAN_POINT('',(-1.9,0.100000000000001,0.634343971258149));
#20429=CARTESIAN_POINT('',(-2.1,0.325000000000001,1.55000000000001));
#20430=CARTESIAN_POINT('',(-2.1,0.325000000000001,1.55000000000001));
#20431=CARTESIAN_POINT('',(-2.1,0.325000000000001,1.67500000000001));
#20432=CARTESIAN_POINT('',(-2.1,0.100000000000001,0.634343971258149));
#20433=CARTESIAN_POINT('',(-1.9,0.325000000000001,1.55000000000001));
#20434=CARTESIAN_POINT('',(-1.9,0.325000000000001,1.67500000000001));
#20435=CARTESIAN_POINT('',(-1.4,0.325000000000001,1.55000000000001));
#20436=CARTESIAN_POINT('',(-1.4,0.325000000000001,1.55000000000001));
#20437=CARTESIAN_POINT('',(-1.4,0.325000000000001,1.67500000000001));
#20438=CARTESIAN_POINT('',(-1.4,0.100000000000001,0.634343971258149));
#20439=CARTESIAN_POINT('',(-1.6,0.325000000000001,1.55000000000001));
#20440=CARTESIAN_POINT('',(-1.6,0.325000000000001,1.55000000000001));
#20441=CARTESIAN_POINT('',(-1.6,0.325000000000001,1.67500000000001));
#20442=CARTESIAN_POINT('',(-1.6,0.100000000000001,0.634343971258149));
#20443=CARTESIAN_POINT('',(-1.4,0.325000000000001,1.55000000000001));
#20444=CARTESIAN_POINT('',(-1.4,0.325000000000001,1.67500000000001));
#20445=CARTESIAN_POINT('',(-0.9,0.325000000000001,1.55000000000001));
#20446=CARTESIAN_POINT('',(-0.9,0.325000000000001,1.55000000000001));
#20447=CARTESIAN_POINT('',(-0.9,0.325000000000001,1.67500000000001));
#20448=CARTESIAN_POINT('',(-0.9,0.100000000000001,0.634343971258149));
#20449=CARTESIAN_POINT('',(-1.1,0.325000000000001,1.55000000000001));
#20450=CARTESIAN_POINT('',(-1.1,0.325000000000001,1.55000000000001));
#20451=CARTESIAN_POINT('',(-1.1,0.325000000000001,1.67500000000001));
#20452=CARTESIAN_POINT('',(-1.1,0.100000000000001,0.634343971258149));
#20453=CARTESIAN_POINT('',(-0.9,0.325000000000001,1.55000000000001));
#20454=CARTESIAN_POINT('',(-0.9,0.325000000000001,1.67500000000001));
#20455=CARTESIAN_POINT('',(-0.4,0.325000000000001,1.55000000000001));
#20456=CARTESIAN_POINT('',(-0.4,0.325000000000001,1.55000000000001));
#20457=CARTESIAN_POINT('',(-0.4,0.325000000000001,1.67500000000001));
#20458=CARTESIAN_POINT('',(-0.4,0.100000000000001,0.634343971258149));
#20459=CARTESIAN_POINT('',(-0.6,0.325000000000001,1.55000000000001));
#20460=CARTESIAN_POINT('',(-0.6,0.325000000000001,1.55000000000001));
#20461=CARTESIAN_POINT('',(-0.6,0.325000000000001,1.67500000000001));
#20462=CARTESIAN_POINT('',(-0.6,0.100000000000001,0.634343971258149));
#20463=CARTESIAN_POINT('',(-0.4,0.325000000000001,1.55000000000001));
#20464=CARTESIAN_POINT('',(-0.4,0.325000000000001,1.67500000000001));
#20465=CARTESIAN_POINT('',(0.0999999999999994,0.325000000000001,1.55000000000001));
#20466=CARTESIAN_POINT('',(0.0999999999999994,0.325000000000001,1.55000000000001));
#20467=CARTESIAN_POINT('',(0.0999999999999994,0.325000000000001,1.67500000000001));
#20468=CARTESIAN_POINT('',(0.0999999999999994,0.100000000000001,0.634343971258149));
#20469=CARTESIAN_POINT('',(-0.1,0.325000000000001,1.55000000000001));
#20470=CARTESIAN_POINT('',(-0.1,0.325000000000001,1.55000000000001));
#20471=CARTESIAN_POINT('',(-0.1,0.325000000000001,1.67500000000001));
#20472=CARTESIAN_POINT('',(-0.1,0.100000000000001,0.634343971258149));
#20473=CARTESIAN_POINT('',(0.0999999999999994,0.325000000000001,1.55000000000001));
#20474=CARTESIAN_POINT('',(0.0999999999999994,0.325000000000001,1.67500000000001));
#20475=CARTESIAN_POINT('',(0.6,0.325000000000001,1.55000000000001));
#20476=CARTESIAN_POINT('',(0.6,0.325000000000001,1.55000000000001));
#20477=CARTESIAN_POINT('',(0.6,0.325000000000001,1.67500000000001));
#20478=CARTESIAN_POINT('',(0.6,0.100000000000001,0.634343971258149));
#20479=CARTESIAN_POINT('',(0.4,0.325000000000001,1.55000000000001));
#20480=CARTESIAN_POINT('',(0.4,0.325000000000001,1.55000000000001));
#20481=CARTESIAN_POINT('',(0.4,0.325000000000001,1.67500000000001));
#20482=CARTESIAN_POINT('',(0.4,0.100000000000001,0.634343971258149));
#20483=CARTESIAN_POINT('',(0.6,0.325000000000001,1.55000000000001));
#20484=CARTESIAN_POINT('',(0.6,0.325000000000001,1.67500000000001));
#20485=CARTESIAN_POINT('',(1.1,0.325000000000001,1.55000000000001));
#20486=CARTESIAN_POINT('',(1.1,0.325000000000001,1.55000000000001));
#20487=CARTESIAN_POINT('',(1.1,0.325000000000001,1.67500000000001));
#20488=CARTESIAN_POINT('',(1.1,0.100000000000001,0.634343971258149));
#20489=CARTESIAN_POINT('',(0.900000000000001,0.325000000000001,1.55000000000001));
#20490=CARTESIAN_POINT('',(0.900000000000001,0.325000000000001,1.55000000000001));
#20491=CARTESIAN_POINT('',(0.900000000000001,0.325000000000001,1.67500000000001));
#20492=CARTESIAN_POINT('',(0.900000000000001,0.100000000000001,0.634343971258149));
#20493=CARTESIAN_POINT('',(1.1,0.325000000000001,1.55000000000001));
#20494=CARTESIAN_POINT('',(1.1,0.325000000000001,1.67500000000001));
#20495=CARTESIAN_POINT('',(1.6,0.325000000000001,1.55000000000001));
#20496=CARTESIAN_POINT('',(1.6,0.325000000000001,1.55000000000001));
#20497=CARTESIAN_POINT('',(1.6,0.325000000000001,1.67500000000001));
#20498=CARTESIAN_POINT('',(1.6,0.100000000000001,0.634343971258149));
#20499=CARTESIAN_POINT('',(1.4,0.325000000000001,1.55000000000001));
#20500=CARTESIAN_POINT('',(1.4,0.325000000000001,1.55000000000001));
#20501=CARTESIAN_POINT('',(1.4,0.325000000000001,1.67500000000001));
#20502=CARTESIAN_POINT('',(1.4,0.100000000000001,0.634343971258149));
#20503=CARTESIAN_POINT('',(1.6,0.325000000000001,1.55000000000001));
#20504=CARTESIAN_POINT('',(1.6,0.325000000000001,1.67500000000001));
#20505=CARTESIAN_POINT('',(2.1,0.325000000000001,1.55000000000001));
#20506=CARTESIAN_POINT('',(2.1,0.325000000000001,1.55000000000001));
#20507=CARTESIAN_POINT('',(2.1,0.325000000000001,1.67500000000001));
#20508=CARTESIAN_POINT('',(2.1,0.100000000000001,0.634343971258149));
#20509=CARTESIAN_POINT('',(1.9,0.325000000000001,1.55000000000001));
#20510=CARTESIAN_POINT('',(1.9,0.325000000000001,1.55000000000001));
#20511=CARTESIAN_POINT('',(1.9,0.325000000000001,1.67500000000001));
#20512=CARTESIAN_POINT('',(1.9,0.100000000000001,0.634343971258149));
#20513=CARTESIAN_POINT('',(2.1,0.325000000000001,1.55000000000001));
#20514=CARTESIAN_POINT('',(2.1,0.325000000000001,1.67500000000001));
#20515=CARTESIAN_POINT('',(2.6,0.325000000000001,1.55000000000001));
#20516=CARTESIAN_POINT('',(2.6,0.325000000000001,1.55000000000001));
#20517=CARTESIAN_POINT('',(2.6,0.325000000000001,1.67500000000001));
#20518=CARTESIAN_POINT('',(2.6,0.100000000000001,0.634343971258149));
#20519=CARTESIAN_POINT('',(2.4,0.325000000000001,1.55000000000001));
#20520=CARTESIAN_POINT('',(2.4,0.325000000000001,1.55000000000001));
#20521=CARTESIAN_POINT('',(2.4,0.325000000000001,1.67500000000001));
#20522=CARTESIAN_POINT('',(2.4,0.100000000000001,0.634343971258149));
#20523=CARTESIAN_POINT('',(2.6,0.325000000000001,1.55000000000001));
#20524=CARTESIAN_POINT('',(2.6,0.325000000000001,1.67500000000001));
#20525=CARTESIAN_POINT('',(3.1,0.325000000000001,1.55000000000001));
#20526=CARTESIAN_POINT('',(3.1,0.325000000000001,1.55000000000001));
#20527=CARTESIAN_POINT('',(3.1,0.325000000000001,1.67500000000001));
#20528=CARTESIAN_POINT('',(3.1,0.100000000000001,0.634343971258149));
#20529=CARTESIAN_POINT('',(2.9,0.325000000000001,1.55000000000001));
#20530=CARTESIAN_POINT('',(2.9,0.325000000000001,1.55000000000001));
#20531=CARTESIAN_POINT('',(2.9,0.325000000000001,1.67500000000001));
#20532=CARTESIAN_POINT('',(2.9,0.100000000000001,0.634343971258149));
#20533=CARTESIAN_POINT('',(3.1,0.325000000000001,1.55000000000001));
#20534=CARTESIAN_POINT('',(3.1,0.325000000000001,1.67500000000001));
#20535=CARTESIAN_POINT('',(3.6,0.325000000000001,1.55000000000001));
#20536=CARTESIAN_POINT('',(3.6,0.325000000000001,1.55000000000001));
#20537=CARTESIAN_POINT('',(3.6,0.325000000000001,1.67500000000001));
#20538=CARTESIAN_POINT('',(3.6,0.100000000000001,0.634343971258149));
#20539=CARTESIAN_POINT('',(3.4,0.325000000000001,1.55000000000001));
#20540=CARTESIAN_POINT('',(3.4,0.325000000000001,1.55000000000001));
#20541=CARTESIAN_POINT('',(3.4,0.325000000000001,1.67500000000001));
#20542=CARTESIAN_POINT('',(3.4,0.100000000000001,0.634343971258149));
#20543=CARTESIAN_POINT('',(3.6,0.325000000000001,1.55000000000001));
#20544=CARTESIAN_POINT('',(3.6,0.325000000000001,1.67500000000001));
#20545=CARTESIAN_POINT('',(4.1,0.325000000000001,1.55000000000001));
#20546=CARTESIAN_POINT('',(4.1,0.325000000000001,1.55000000000001));
#20547=CARTESIAN_POINT('',(4.1,0.325000000000001,1.67500000000001));
#20548=CARTESIAN_POINT('',(4.1,0.100000000000001,0.634343971258149));
#20549=CARTESIAN_POINT('',(3.9,0.325000000000001,1.55000000000001));
#20550=CARTESIAN_POINT('',(3.9,0.325000000000001,1.55000000000001));
#20551=CARTESIAN_POINT('',(3.9,0.325000000000001,1.67500000000001));
#20552=CARTESIAN_POINT('',(3.9,0.100000000000001,0.634343971258149));
#20553=CARTESIAN_POINT('',(4.1,0.325000000000001,1.55000000000001));
#20554=CARTESIAN_POINT('',(4.1,0.325000000000001,1.67500000000001));
#20555=CARTESIAN_POINT('',(4.6,0.325000000000001,1.55000000000001));
#20556=CARTESIAN_POINT('',(4.6,0.325000000000001,1.55000000000001));
#20557=CARTESIAN_POINT('',(4.6,0.325000000000001,1.67500000000001));
#20558=CARTESIAN_POINT('',(4.6,0.100000000000001,0.634343971258149));
#20559=CARTESIAN_POINT('',(4.4,0.325000000000001,1.55000000000001));
#20560=CARTESIAN_POINT('',(4.4,0.325000000000001,1.55000000000001));
#20561=CARTESIAN_POINT('',(4.4,0.325000000000001,1.67500000000001));
#20562=CARTESIAN_POINT('',(4.4,0.100000000000001,0.634343971258149));
#20563=CARTESIAN_POINT('',(4.6,0.325000000000001,1.55000000000001));
#20564=CARTESIAN_POINT('',(4.6,0.325000000000001,1.67500000000001));
#20565=CARTESIAN_POINT('',(5.1,0.325000000000001,1.55000000000001));
#20566=CARTESIAN_POINT('',(5.1,0.325000000000001,1.55000000000001));
#20567=CARTESIAN_POINT('',(5.1,0.325000000000001,1.67500000000001));
#20568=CARTESIAN_POINT('',(5.1,0.100000000000001,0.634343971258149));
#20569=CARTESIAN_POINT('',(4.9,0.325000000000001,1.55000000000001));
#20570=CARTESIAN_POINT('',(4.9,0.325000000000001,1.55000000000001));
#20571=CARTESIAN_POINT('',(4.9,0.325000000000001,1.67500000000001));
#20572=CARTESIAN_POINT('',(4.9,0.100000000000001,0.634343971258149));
#20573=CARTESIAN_POINT('',(5.1,0.325000000000001,1.55000000000001));
#20574=CARTESIAN_POINT('',(5.1,0.325000000000001,1.67500000000001));
#20575=CARTESIAN_POINT('',(5.6,0.325000000000001,1.55000000000001));
#20576=CARTESIAN_POINT('',(5.6,0.325000000000001,1.55000000000001));
#20577=CARTESIAN_POINT('',(5.6,0.325000000000001,1.67500000000001));
#20578=CARTESIAN_POINT('',(5.6,0.100000000000001,0.634343971258149));
#20579=CARTESIAN_POINT('',(5.4,0.325000000000001,1.55000000000001));
#20580=CARTESIAN_POINT('',(5.4,0.325000000000001,1.55000000000001));
#20581=CARTESIAN_POINT('',(5.4,0.325000000000001,1.67500000000001));
#20582=CARTESIAN_POINT('',(5.4,0.100000000000001,0.634343971258149));
#20583=CARTESIAN_POINT('',(5.6,0.325000000000001,1.55000000000001));
#20584=CARTESIAN_POINT('',(5.6,0.325000000000001,1.67500000000001));
#20585=CARTESIAN_POINT('',(6.1,0.325000000000001,1.55000000000001));
#20586=CARTESIAN_POINT('',(6.1,0.325000000000001,1.55000000000001));
#20587=CARTESIAN_POINT('',(6.1,0.325000000000001,1.67500000000001));
#20588=CARTESIAN_POINT('',(6.1,0.100000000000001,0.634343971258149));
#20589=CARTESIAN_POINT('',(5.9,0.325000000000001,1.55000000000001));
#20590=CARTESIAN_POINT('',(5.9,0.325000000000001,1.55000000000001));
#20591=CARTESIAN_POINT('',(5.9,0.325000000000001,1.67500000000001));
#20592=CARTESIAN_POINT('',(5.9,0.100000000000001,0.634343971258149));
#20593=CARTESIAN_POINT('',(6.1,0.325000000000001,1.55000000000001));
#20594=CARTESIAN_POINT('',(6.1,0.325000000000001,1.67500000000001));
#20595=CARTESIAN_POINT('',(-6.6,0.350000000000001,0.796184513031962));
#20596=CARTESIAN_POINT('',(-6.6,0.350000000000001,0.796184513031962));
#20597=CARTESIAN_POINT('',(-6.6,0.350000000000001,0.83000000000001));
#20598=CARTESIAN_POINT('',(-6.4,0.350000000000001,0.83000000000001));
#20599=CARTESIAN_POINT('',(-6.4,0.350000000000001,0.83000000000001));
#20600=CARTESIAN_POINT('',(-6.4,0.350000000000001,0.796184513031962));
#20601=CARTESIAN_POINT('',(-6.4,0.350000000000001,0.796184513031962));
#20602=CARTESIAN_POINT('',(-6.4,0.350000000000001,0.796184513031962));
#20603=CARTESIAN_POINT('',(-6.4,0.350000000000001,0.796184513031962));
#20604=CARTESIAN_POINT('',(-6.6,0.300000000000001,0.83000000000001));
#20605=CARTESIAN_POINT('',(-6.6,0.271985017581062,0.871414499394141));
#20606=CARTESIAN_POINT('',(-6.4,0.271985017581062,0.871414499394141));
#20607=CARTESIAN_POINT('',(-6.4,0.271985017581062,0.871414499394141));
#20608=CARTESIAN_POINT('',(-6.4,0.300000000000001,0.83000000000001));
#20609=CARTESIAN_POINT('',(-6.4,0.300000000000001,0.83000000000001));
#20610=CARTESIAN_POINT('',(-6.6,0.271985017581062,0.871414499394141));
#20611=CARTESIAN_POINT('',(-6.6,0.043970035162122,0.717172970046412));
#20612=CARTESIAN_POINT('',(-6.4,0.043970035162122,0.717172970046412));
#20613=CARTESIAN_POINT('',(-6.4,0.043970035162122,0.717172970046412));
#20614=CARTESIAN_POINT('',(-6.4,0.271985017581062,0.871414499394141));
#20615=CARTESIAN_POINT('',(-6.4,0.271985017581062,0.871414499394141));
#20616=CARTESIAN_POINT('',(-6.4,0.100000000000001,0.634343971258149));
#20617=CARTESIAN_POINT('',(-6.4,2.3415101468097,0.66000000000001));
#20618=CARTESIAN_POINT('',(-6.4,0.100000000000001,0.634343971258149));
#20619=CARTESIAN_POINT('',(-6.6,0.100000000000001,0.634343971258149));
#20620=CARTESIAN_POINT('',(-6.6,2.3415101468097,0.66000000000001));
#20621=CARTESIAN_POINT('',(-6.6,0.100000000000001,0.634343971258149));
#20622=CARTESIAN_POINT('',(-6.4,2.3415101468097,0.66000000000001));
#20623=CARTESIAN_POINT('',(-6.4,0.100000000000001,0.634343971258149));
#20624=CARTESIAN_POINT('',(-6.1,0.350000000000001,0.796184513031962));
#20625=CARTESIAN_POINT('',(-6.1,0.350000000000001,0.796184513031962));
#20626=CARTESIAN_POINT('',(-6.1,0.350000000000001,0.83000000000001));
#20627=CARTESIAN_POINT('',(-5.9,0.350000000000001,0.83000000000001));
#20628=CARTESIAN_POINT('',(-5.9,0.350000000000001,0.83000000000001));
#20629=CARTESIAN_POINT('',(-5.9,0.350000000000001,0.796184513031962));
#20630=CARTESIAN_POINT('',(-5.9,0.350000000000001,0.796184513031962));
#20631=CARTESIAN_POINT('',(-5.9,0.350000000000001,0.796184513031962));
#20632=CARTESIAN_POINT('',(-5.9,0.350000000000001,0.796184513031962));
#20633=CARTESIAN_POINT('',(-6.1,0.300000000000001,0.83000000000001));
#20634=CARTESIAN_POINT('',(-6.1,0.271985017581062,0.871414499394141));
#20635=CARTESIAN_POINT('',(-5.9,0.271985017581062,0.871414499394141));
#20636=CARTESIAN_POINT('',(-5.9,0.271985017581062,0.871414499394141));
#20637=CARTESIAN_POINT('',(-5.9,0.300000000000001,0.83000000000001));
#20638=CARTESIAN_POINT('',(-5.9,0.300000000000001,0.83000000000001));
#20639=CARTESIAN_POINT('',(-6.1,0.271985017581062,0.871414499394141));
#20640=CARTESIAN_POINT('',(-6.1,0.043970035162122,0.717172970046412));
#20641=CARTESIAN_POINT('',(-5.9,0.043970035162122,0.717172970046412));
#20642=CARTESIAN_POINT('',(-5.9,0.043970035162122,0.717172970046412));
#20643=CARTESIAN_POINT('',(-5.9,0.271985017581062,0.871414499394141));
#20644=CARTESIAN_POINT('',(-5.9,0.271985017581062,0.871414499394141));
#20645=CARTESIAN_POINT('',(-5.9,0.100000000000001,0.634343971258149));
#20646=CARTESIAN_POINT('',(-5.9,2.3415101468097,0.66000000000001));
#20647=CARTESIAN_POINT('',(-5.9,0.100000000000001,0.634343971258149));
#20648=CARTESIAN_POINT('',(-6.1,0.100000000000001,0.634343971258149));
#20649=CARTESIAN_POINT('',(-6.1,2.3415101468097,0.66000000000001));
#20650=CARTESIAN_POINT('',(-6.1,0.100000000000001,0.634343971258149));
#20651=CARTESIAN_POINT('',(-5.9,2.3415101468097,0.66000000000001));
#20652=CARTESIAN_POINT('',(-5.9,0.100000000000001,0.634343971258149));
#20653=CARTESIAN_POINT('',(-5.6,0.350000000000001,0.796184513031962));
#20654=CARTESIAN_POINT('',(-5.6,0.350000000000001,0.796184513031962));
#20655=CARTESIAN_POINT('',(-5.6,0.350000000000001,0.83000000000001));
#20656=CARTESIAN_POINT('',(-5.4,0.350000000000001,0.83000000000001));
#20657=CARTESIAN_POINT('',(-5.4,0.350000000000001,0.83000000000001));
#20658=CARTESIAN_POINT('',(-5.4,0.350000000000001,0.796184513031962));
#20659=CARTESIAN_POINT('',(-5.4,0.350000000000001,0.796184513031962));
#20660=CARTESIAN_POINT('',(-5.4,0.350000000000001,0.796184513031962));
#20661=CARTESIAN_POINT('',(-5.4,0.350000000000001,0.796184513031962));
#20662=CARTESIAN_POINT('',(-5.6,0.300000000000001,0.83000000000001));
#20663=CARTESIAN_POINT('',(-5.6,0.271985017581062,0.871414499394141));
#20664=CARTESIAN_POINT('',(-5.4,0.271985017581062,0.871414499394141));
#20665=CARTESIAN_POINT('',(-5.4,0.271985017581062,0.871414499394141));
#20666=CARTESIAN_POINT('',(-5.4,0.300000000000001,0.83000000000001));
#20667=CARTESIAN_POINT('',(-5.4,0.300000000000001,0.83000000000001));
#20668=CARTESIAN_POINT('',(-5.6,0.271985017581062,0.871414499394141));
#20669=CARTESIAN_POINT('',(-5.6,0.043970035162122,0.717172970046412));
#20670=CARTESIAN_POINT('',(-5.4,0.043970035162122,0.717172970046412));
#20671=CARTESIAN_POINT('',(-5.4,0.043970035162122,0.717172970046412));
#20672=CARTESIAN_POINT('',(-5.4,0.271985017581062,0.871414499394141));
#20673=CARTESIAN_POINT('',(-5.4,0.271985017581062,0.871414499394141));
#20674=CARTESIAN_POINT('',(-5.4,0.100000000000001,0.634343971258149));
#20675=CARTESIAN_POINT('',(-5.4,2.3415101468097,0.66000000000001));
#20676=CARTESIAN_POINT('',(-5.4,0.100000000000001,0.634343971258149));
#20677=CARTESIAN_POINT('',(-5.6,0.100000000000001,0.634343971258149));
#20678=CARTESIAN_POINT('',(-5.6,2.3415101468097,0.66000000000001));
#20679=CARTESIAN_POINT('',(-5.6,0.100000000000001,0.634343971258149));
#20680=CARTESIAN_POINT('',(-5.4,2.3415101468097,0.66000000000001));
#20681=CARTESIAN_POINT('',(-5.4,0.100000000000001,0.634343971258149));
#20682=CARTESIAN_POINT('',(-5.1,0.350000000000001,0.796184513031962));
#20683=CARTESIAN_POINT('',(-5.1,0.350000000000001,0.796184513031962));
#20684=CARTESIAN_POINT('',(-5.1,0.350000000000001,0.83000000000001));
#20685=CARTESIAN_POINT('',(-4.9,0.350000000000001,0.83000000000001));
#20686=CARTESIAN_POINT('',(-4.9,0.350000000000001,0.83000000000001));
#20687=CARTESIAN_POINT('',(-4.9,0.350000000000001,0.796184513031962));
#20688=CARTESIAN_POINT('',(-4.9,0.350000000000001,0.796184513031962));
#20689=CARTESIAN_POINT('',(-4.9,0.350000000000001,0.796184513031962));
#20690=CARTESIAN_POINT('',(-4.9,0.350000000000001,0.796184513031962));
#20691=CARTESIAN_POINT('',(-5.1,0.300000000000001,0.83000000000001));
#20692=CARTESIAN_POINT('',(-5.1,0.271985017581062,0.871414499394141));
#20693=CARTESIAN_POINT('',(-4.9,0.271985017581062,0.871414499394141));
#20694=CARTESIAN_POINT('',(-4.9,0.271985017581062,0.871414499394141));
#20695=CARTESIAN_POINT('',(-4.9,0.300000000000001,0.83000000000001));
#20696=CARTESIAN_POINT('',(-4.9,0.300000000000001,0.83000000000001));
#20697=CARTESIAN_POINT('',(-5.1,0.271985017581062,0.871414499394141));
#20698=CARTESIAN_POINT('',(-5.1,0.043970035162122,0.717172970046412));
#20699=CARTESIAN_POINT('',(-4.9,0.043970035162122,0.717172970046412));
#20700=CARTESIAN_POINT('',(-4.9,0.043970035162122,0.717172970046412));
#20701=CARTESIAN_POINT('',(-4.9,0.271985017581062,0.871414499394141));
#20702=CARTESIAN_POINT('',(-4.9,0.271985017581062,0.871414499394141));
#20703=CARTESIAN_POINT('',(-4.9,0.100000000000001,0.634343971258149));
#20704=CARTESIAN_POINT('',(-4.9,2.3415101468097,0.66000000000001));
#20705=CARTESIAN_POINT('',(-4.9,0.100000000000001,0.634343971258149));
#20706=CARTESIAN_POINT('',(-5.1,0.100000000000001,0.634343971258149));
#20707=CARTESIAN_POINT('',(-5.1,2.3415101468097,0.66000000000001));
#20708=CARTESIAN_POINT('',(-5.1,0.100000000000001,0.634343971258149));
#20709=CARTESIAN_POINT('',(-4.9,2.3415101468097,0.66000000000001));
#20710=CARTESIAN_POINT('',(-4.9,0.100000000000001,0.634343971258149));
#20711=CARTESIAN_POINT('',(-4.6,0.350000000000001,0.796184513031962));
#20712=CARTESIAN_POINT('',(-4.6,0.350000000000001,0.796184513031962));
#20713=CARTESIAN_POINT('',(-4.6,0.350000000000001,0.83000000000001));
#20714=CARTESIAN_POINT('',(-4.4,0.350000000000001,0.83000000000001));
#20715=CARTESIAN_POINT('',(-4.4,0.350000000000001,0.83000000000001));
#20716=CARTESIAN_POINT('',(-4.4,0.350000000000001,0.796184513031962));
#20717=CARTESIAN_POINT('',(-4.4,0.350000000000001,0.796184513031962));
#20718=CARTESIAN_POINT('',(-4.4,0.350000000000001,0.796184513031962));
#20719=CARTESIAN_POINT('',(-4.4,0.350000000000001,0.796184513031962));
#20720=CARTESIAN_POINT('',(-4.6,0.300000000000001,0.83000000000001));
#20721=CARTESIAN_POINT('',(-4.6,0.271985017581062,0.871414499394141));
#20722=CARTESIAN_POINT('',(-4.4,0.271985017581062,0.871414499394141));
#20723=CARTESIAN_POINT('',(-4.4,0.271985017581062,0.871414499394141));
#20724=CARTESIAN_POINT('',(-4.4,0.300000000000001,0.83000000000001));
#20725=CARTESIAN_POINT('',(-4.4,0.300000000000001,0.83000000000001));
#20726=CARTESIAN_POINT('',(-4.6,0.271985017581062,0.871414499394141));
#20727=CARTESIAN_POINT('',(-4.6,0.043970035162122,0.717172970046412));
#20728=CARTESIAN_POINT('',(-4.4,0.043970035162122,0.717172970046412));
#20729=CARTESIAN_POINT('',(-4.4,0.043970035162122,0.717172970046412));
#20730=CARTESIAN_POINT('',(-4.4,0.271985017581062,0.871414499394141));
#20731=CARTESIAN_POINT('',(-4.4,0.271985017581062,0.871414499394141));
#20732=CARTESIAN_POINT('',(-4.4,0.100000000000001,0.634343971258149));
#20733=CARTESIAN_POINT('',(-4.4,2.3415101468097,0.66000000000001));
#20734=CARTESIAN_POINT('',(-4.4,0.100000000000001,0.634343971258149));
#20735=CARTESIAN_POINT('',(-4.6,0.100000000000001,0.634343971258149));
#20736=CARTESIAN_POINT('',(-4.6,2.3415101468097,0.66000000000001));
#20737=CARTESIAN_POINT('',(-4.6,0.100000000000001,0.634343971258149));
#20738=CARTESIAN_POINT('',(-4.4,2.3415101468097,0.66000000000001));
#20739=CARTESIAN_POINT('',(-4.4,0.100000000000001,0.634343971258149));
#20740=CARTESIAN_POINT('',(-4.1,0.350000000000001,0.796184513031962));
#20741=CARTESIAN_POINT('',(-4.1,0.350000000000001,0.796184513031962));
#20742=CARTESIAN_POINT('',(-4.1,0.350000000000001,0.83000000000001));
#20743=CARTESIAN_POINT('',(-3.9,0.350000000000001,0.83000000000001));
#20744=CARTESIAN_POINT('',(-3.9,0.350000000000001,0.83000000000001));
#20745=CARTESIAN_POINT('',(-3.9,0.350000000000001,0.796184513031962));
#20746=CARTESIAN_POINT('',(-3.9,0.350000000000001,0.796184513031962));
#20747=CARTESIAN_POINT('',(-3.9,0.350000000000001,0.796184513031962));
#20748=CARTESIAN_POINT('',(-3.9,0.350000000000001,0.796184513031962));
#20749=CARTESIAN_POINT('',(-4.1,0.300000000000001,0.83000000000001));
#20750=CARTESIAN_POINT('',(-4.1,0.271985017581062,0.871414499394141));
#20751=CARTESIAN_POINT('',(-3.9,0.271985017581062,0.871414499394141));
#20752=CARTESIAN_POINT('',(-3.9,0.271985017581062,0.871414499394141));
#20753=CARTESIAN_POINT('',(-3.9,0.300000000000001,0.83000000000001));
#20754=CARTESIAN_POINT('',(-3.9,0.300000000000001,0.83000000000001));
#20755=CARTESIAN_POINT('',(-4.1,0.271985017581062,0.871414499394141));
#20756=CARTESIAN_POINT('',(-4.1,0.043970035162122,0.717172970046412));
#20757=CARTESIAN_POINT('',(-3.9,0.043970035162122,0.717172970046412));
#20758=CARTESIAN_POINT('',(-3.9,0.043970035162122,0.717172970046412));
#20759=CARTESIAN_POINT('',(-3.9,0.271985017581062,0.871414499394141));
#20760=CARTESIAN_POINT('',(-3.9,0.271985017581062,0.871414499394141));
#20761=CARTESIAN_POINT('',(-3.9,0.100000000000001,0.634343971258149));
#20762=CARTESIAN_POINT('',(-3.9,2.3415101468097,0.66000000000001));
#20763=CARTESIAN_POINT('',(-3.9,0.100000000000001,0.634343971258149));
#20764=CARTESIAN_POINT('',(-4.1,0.100000000000001,0.634343971258149));
#20765=CARTESIAN_POINT('',(-4.1,2.3415101468097,0.66000000000001));
#20766=CARTESIAN_POINT('',(-4.1,0.100000000000001,0.634343971258149));
#20767=CARTESIAN_POINT('',(-3.9,2.3415101468097,0.66000000000001));
#20768=CARTESIAN_POINT('',(-3.9,0.100000000000001,0.634343971258149));
#20769=CARTESIAN_POINT('',(-3.6,0.350000000000001,0.796184513031962));
#20770=CARTESIAN_POINT('',(-3.6,0.350000000000001,0.796184513031962));
#20771=CARTESIAN_POINT('',(-3.6,0.350000000000001,0.83000000000001));
#20772=CARTESIAN_POINT('',(-3.4,0.350000000000001,0.83000000000001));
#20773=CARTESIAN_POINT('',(-3.4,0.350000000000001,0.83000000000001));
#20774=CARTESIAN_POINT('',(-3.4,0.350000000000001,0.796184513031962));
#20775=CARTESIAN_POINT('',(-3.4,0.350000000000001,0.796184513031962));
#20776=CARTESIAN_POINT('',(-3.4,0.350000000000001,0.796184513031962));
#20777=CARTESIAN_POINT('',(-3.4,0.350000000000001,0.796184513031962));
#20778=CARTESIAN_POINT('',(-3.6,0.300000000000001,0.83000000000001));
#20779=CARTESIAN_POINT('',(-3.6,0.271985017581062,0.871414499394141));
#20780=CARTESIAN_POINT('',(-3.4,0.271985017581062,0.871414499394141));
#20781=CARTESIAN_POINT('',(-3.4,0.271985017581062,0.871414499394141));
#20782=CARTESIAN_POINT('',(-3.4,0.300000000000001,0.83000000000001));
#20783=CARTESIAN_POINT('',(-3.4,0.300000000000001,0.83000000000001));
#20784=CARTESIAN_POINT('',(-3.6,0.271985017581062,0.871414499394141));
#20785=CARTESIAN_POINT('',(-3.6,0.043970035162122,0.717172970046412));
#20786=CARTESIAN_POINT('',(-3.4,0.043970035162122,0.717172970046412));
#20787=CARTESIAN_POINT('',(-3.4,0.043970035162122,0.717172970046412));
#20788=CARTESIAN_POINT('',(-3.4,0.271985017581062,0.871414499394141));
#20789=CARTESIAN_POINT('',(-3.4,0.271985017581062,0.871414499394141));
#20790=CARTESIAN_POINT('',(-3.4,0.100000000000001,0.634343971258149));
#20791=CARTESIAN_POINT('',(-3.4,2.3415101468097,0.66000000000001));
#20792=CARTESIAN_POINT('',(-3.4,0.100000000000001,0.634343971258149));
#20793=CARTESIAN_POINT('',(-3.6,0.100000000000001,0.634343971258149));
#20794=CARTESIAN_POINT('',(-3.6,2.3415101468097,0.66000000000001));
#20795=CARTESIAN_POINT('',(-3.6,0.100000000000001,0.634343971258149));
#20796=CARTESIAN_POINT('',(-3.4,2.3415101468097,0.66000000000001));
#20797=CARTESIAN_POINT('',(-3.4,0.100000000000001,0.634343971258149));
#20798=CARTESIAN_POINT('',(-3.1,0.350000000000001,0.796184513031962));
#20799=CARTESIAN_POINT('',(-3.1,0.350000000000001,0.796184513031962));
#20800=CARTESIAN_POINT('',(-3.1,0.350000000000001,0.83000000000001));
#20801=CARTESIAN_POINT('',(-2.9,0.350000000000001,0.83000000000001));
#20802=CARTESIAN_POINT('',(-2.9,0.350000000000001,0.83000000000001));
#20803=CARTESIAN_POINT('',(-2.9,0.350000000000001,0.796184513031962));
#20804=CARTESIAN_POINT('',(-2.9,0.350000000000001,0.796184513031962));
#20805=CARTESIAN_POINT('',(-2.9,0.350000000000001,0.796184513031962));
#20806=CARTESIAN_POINT('',(-2.9,0.350000000000001,0.796184513031962));
#20807=CARTESIAN_POINT('',(-3.1,0.300000000000001,0.83000000000001));
#20808=CARTESIAN_POINT('',(-3.1,0.271985017581062,0.871414499394141));
#20809=CARTESIAN_POINT('',(-2.9,0.271985017581062,0.871414499394141));
#20810=CARTESIAN_POINT('',(-2.9,0.271985017581062,0.871414499394141));
#20811=CARTESIAN_POINT('',(-2.9,0.300000000000001,0.83000000000001));
#20812=CARTESIAN_POINT('',(-2.9,0.300000000000001,0.83000000000001));
#20813=CARTESIAN_POINT('',(-3.1,0.271985017581062,0.871414499394141));
#20814=CARTESIAN_POINT('',(-3.1,0.043970035162122,0.717172970046412));
#20815=CARTESIAN_POINT('',(-2.9,0.043970035162122,0.717172970046412));
#20816=CARTESIAN_POINT('',(-2.9,0.043970035162122,0.717172970046412));
#20817=CARTESIAN_POINT('',(-2.9,0.271985017581062,0.871414499394141));
#20818=CARTESIAN_POINT('',(-2.9,0.271985017581062,0.871414499394141));
#20819=CARTESIAN_POINT('',(-2.9,0.100000000000001,0.634343971258149));
#20820=CARTESIAN_POINT('',(-2.9,2.3415101468097,0.66000000000001));
#20821=CARTESIAN_POINT('',(-2.9,0.100000000000001,0.634343971258149));
#20822=CARTESIAN_POINT('',(-3.1,0.100000000000001,0.634343971258149));
#20823=CARTESIAN_POINT('',(-3.1,2.3415101468097,0.66000000000001));
#20824=CARTESIAN_POINT('',(-3.1,0.100000000000001,0.634343971258149));
#20825=CARTESIAN_POINT('',(-2.9,2.3415101468097,0.66000000000001));
#20826=CARTESIAN_POINT('',(-2.9,0.100000000000001,0.634343971258149));
#20827=CARTESIAN_POINT('',(-2.6,0.350000000000001,0.796184513031962));
#20828=CARTESIAN_POINT('',(-2.6,0.350000000000001,0.796184513031962));
#20829=CARTESIAN_POINT('',(-2.6,0.350000000000001,0.83000000000001));
#20830=CARTESIAN_POINT('',(-2.4,0.350000000000001,0.83000000000001));
#20831=CARTESIAN_POINT('',(-2.4,0.350000000000001,0.83000000000001));
#20832=CARTESIAN_POINT('',(-2.4,0.350000000000001,0.796184513031962));
#20833=CARTESIAN_POINT('',(-2.4,0.350000000000001,0.796184513031962));
#20834=CARTESIAN_POINT('',(-2.4,0.350000000000001,0.796184513031962));
#20835=CARTESIAN_POINT('',(-2.4,0.350000000000001,0.796184513031962));
#20836=CARTESIAN_POINT('',(-2.6,0.300000000000001,0.83000000000001));
#20837=CARTESIAN_POINT('',(-2.6,0.271985017581062,0.871414499394141));
#20838=CARTESIAN_POINT('',(-2.4,0.271985017581062,0.871414499394141));
#20839=CARTESIAN_POINT('',(-2.4,0.271985017581062,0.871414499394141));
#20840=CARTESIAN_POINT('',(-2.4,0.300000000000001,0.83000000000001));
#20841=CARTESIAN_POINT('',(-2.4,0.300000000000001,0.83000000000001));
#20842=CARTESIAN_POINT('',(-2.6,0.271985017581062,0.871414499394141));
#20843=CARTESIAN_POINT('',(-2.6,0.043970035162122,0.717172970046412));
#20844=CARTESIAN_POINT('',(-2.4,0.043970035162122,0.717172970046412));
#20845=CARTESIAN_POINT('',(-2.4,0.043970035162122,0.717172970046412));
#20846=CARTESIAN_POINT('',(-2.4,0.271985017581062,0.871414499394141));
#20847=CARTESIAN_POINT('',(-2.4,0.271985017581062,0.871414499394141));
#20848=CARTESIAN_POINT('',(-2.4,0.100000000000001,0.634343971258149));
#20849=CARTESIAN_POINT('',(-2.4,2.3415101468097,0.66000000000001));
#20850=CARTESIAN_POINT('',(-2.4,0.100000000000001,0.634343971258149));
#20851=CARTESIAN_POINT('',(-2.6,0.100000000000001,0.634343971258149));
#20852=CARTESIAN_POINT('',(-2.6,2.3415101468097,0.66000000000001));
#20853=CARTESIAN_POINT('',(-2.6,0.100000000000001,0.634343971258149));
#20854=CARTESIAN_POINT('',(-2.4,2.3415101468097,0.66000000000001));
#20855=CARTESIAN_POINT('',(-2.4,0.100000000000001,0.634343971258149));
#20856=CARTESIAN_POINT('',(-2.1,0.350000000000001,0.796184513031962));
#20857=CARTESIAN_POINT('',(-2.1,0.350000000000001,0.796184513031962));
#20858=CARTESIAN_POINT('',(-2.1,0.350000000000001,0.83000000000001));
#20859=CARTESIAN_POINT('',(-1.9,0.350000000000001,0.83000000000001));
#20860=CARTESIAN_POINT('',(-1.9,0.350000000000001,0.83000000000001));
#20861=CARTESIAN_POINT('',(-1.9,0.350000000000001,0.796184513031962));
#20862=CARTESIAN_POINT('',(-1.9,0.350000000000001,0.796184513031962));
#20863=CARTESIAN_POINT('',(-1.9,0.350000000000001,0.796184513031962));
#20864=CARTESIAN_POINT('',(-1.9,0.350000000000001,0.796184513031962));
#20865=CARTESIAN_POINT('',(-2.1,0.300000000000001,0.83000000000001));
#20866=CARTESIAN_POINT('',(-2.1,0.271985017581062,0.871414499394141));
#20867=CARTESIAN_POINT('',(-1.9,0.271985017581062,0.871414499394141));
#20868=CARTESIAN_POINT('',(-1.9,0.271985017581062,0.871414499394141));
#20869=CARTESIAN_POINT('',(-1.9,0.300000000000001,0.83000000000001));
#20870=CARTESIAN_POINT('',(-1.9,0.300000000000001,0.83000000000001));
#20871=CARTESIAN_POINT('',(-2.1,0.271985017581062,0.871414499394141));
#20872=CARTESIAN_POINT('',(-2.1,0.043970035162122,0.717172970046412));
#20873=CARTESIAN_POINT('',(-1.9,0.043970035162122,0.717172970046412));
#20874=CARTESIAN_POINT('',(-1.9,0.043970035162122,0.717172970046412));
#20875=CARTESIAN_POINT('',(-1.9,0.271985017581062,0.871414499394141));
#20876=CARTESIAN_POINT('',(-1.9,0.271985017581062,0.871414499394141));
#20877=CARTESIAN_POINT('',(-1.9,0.100000000000001,0.634343971258149));
#20878=CARTESIAN_POINT('',(-1.9,2.3415101468097,0.66000000000001));
#20879=CARTESIAN_POINT('',(-1.9,0.100000000000001,0.634343971258149));
#20880=CARTESIAN_POINT('',(-2.1,0.100000000000001,0.634343971258149));
#20881=CARTESIAN_POINT('',(-2.1,2.3415101468097,0.66000000000001));
#20882=CARTESIAN_POINT('',(-2.1,0.100000000000001,0.634343971258149));
#20883=CARTESIAN_POINT('',(-1.9,2.3415101468097,0.66000000000001));
#20884=CARTESIAN_POINT('',(-1.9,0.100000000000001,0.634343971258149));
#20885=CARTESIAN_POINT('',(-1.6,0.350000000000001,0.796184513031962));
#20886=CARTESIAN_POINT('',(-1.6,0.350000000000001,0.796184513031962));
#20887=CARTESIAN_POINT('',(-1.6,0.350000000000001,0.83000000000001));
#20888=CARTESIAN_POINT('',(-1.4,0.350000000000001,0.83000000000001));
#20889=CARTESIAN_POINT('',(-1.4,0.350000000000001,0.83000000000001));
#20890=CARTESIAN_POINT('',(-1.4,0.350000000000001,0.796184513031962));
#20891=CARTESIAN_POINT('',(-1.4,0.350000000000001,0.796184513031962));
#20892=CARTESIAN_POINT('',(-1.4,0.350000000000001,0.796184513031962));
#20893=CARTESIAN_POINT('',(-1.4,0.350000000000001,0.796184513031962));
#20894=CARTESIAN_POINT('',(-1.6,0.300000000000001,0.83000000000001));
#20895=CARTESIAN_POINT('',(-1.6,0.271985017581062,0.871414499394141));
#20896=CARTESIAN_POINT('',(-1.4,0.271985017581062,0.871414499394141));
#20897=CARTESIAN_POINT('',(-1.4,0.271985017581062,0.871414499394141));
#20898=CARTESIAN_POINT('',(-1.4,0.300000000000001,0.83000000000001));
#20899=CARTESIAN_POINT('',(-1.4,0.300000000000001,0.83000000000001));
#20900=CARTESIAN_POINT('',(-1.6,0.271985017581062,0.871414499394141));
#20901=CARTESIAN_POINT('',(-1.6,0.043970035162122,0.717172970046412));
#20902=CARTESIAN_POINT('',(-1.4,0.043970035162122,0.717172970046412));
#20903=CARTESIAN_POINT('',(-1.4,0.043970035162122,0.717172970046412));
#20904=CARTESIAN_POINT('',(-1.4,0.271985017581062,0.871414499394141));
#20905=CARTESIAN_POINT('',(-1.4,0.271985017581062,0.871414499394141));
#20906=CARTESIAN_POINT('',(-1.4,0.100000000000001,0.634343971258149));
#20907=CARTESIAN_POINT('',(-1.4,2.3415101468097,0.66000000000001));
#20908=CARTESIAN_POINT('',(-1.4,0.100000000000001,0.634343971258149));
#20909=CARTESIAN_POINT('',(-1.6,0.100000000000001,0.634343971258149));
#20910=CARTESIAN_POINT('',(-1.6,2.3415101468097,0.66000000000001));
#20911=CARTESIAN_POINT('',(-1.6,0.100000000000001,0.634343971258149));
#20912=CARTESIAN_POINT('',(-1.4,2.3415101468097,0.66000000000001));
#20913=CARTESIAN_POINT('',(-1.4,0.100000000000001,0.634343971258149));
#20914=CARTESIAN_POINT('',(-1.1,0.350000000000001,0.796184513031962));
#20915=CARTESIAN_POINT('',(-1.1,0.350000000000001,0.796184513031962));
#20916=CARTESIAN_POINT('',(-1.1,0.350000000000001,0.83000000000001));
#20917=CARTESIAN_POINT('',(-0.9,0.350000000000001,0.83000000000001));
#20918=CARTESIAN_POINT('',(-0.9,0.350000000000001,0.83000000000001));
#20919=CARTESIAN_POINT('',(-0.9,0.350000000000001,0.796184513031962));
#20920=CARTESIAN_POINT('',(-0.9,0.350000000000001,0.796184513031962));
#20921=CARTESIAN_POINT('',(-0.9,0.350000000000001,0.796184513031962));
#20922=CARTESIAN_POINT('',(-0.9,0.350000000000001,0.796184513031962));
#20923=CARTESIAN_POINT('',(-1.1,0.300000000000001,0.83000000000001));
#20924=CARTESIAN_POINT('',(-1.1,0.271985017581062,0.871414499394141));
#20925=CARTESIAN_POINT('',(-0.9,0.271985017581062,0.871414499394141));
#20926=CARTESIAN_POINT('',(-0.9,0.271985017581062,0.871414499394141));
#20927=CARTESIAN_POINT('',(-0.9,0.300000000000001,0.83000000000001));
#20928=CARTESIAN_POINT('',(-0.9,0.300000000000001,0.83000000000001));
#20929=CARTESIAN_POINT('',(-1.1,0.271985017581062,0.871414499394141));
#20930=CARTESIAN_POINT('',(-1.1,0.043970035162122,0.717172970046412));
#20931=CARTESIAN_POINT('',(-0.9,0.043970035162122,0.717172970046412));
#20932=CARTESIAN_POINT('',(-0.9,0.043970035162122,0.717172970046412));
#20933=CARTESIAN_POINT('',(-0.9,0.271985017581062,0.871414499394141));
#20934=CARTESIAN_POINT('',(-0.9,0.271985017581062,0.871414499394141));
#20935=CARTESIAN_POINT('',(-0.9,0.100000000000001,0.634343971258149));
#20936=CARTESIAN_POINT('',(-0.9,2.3415101468097,0.66000000000001));
#20937=CARTESIAN_POINT('',(-0.9,0.100000000000001,0.634343971258149));
#20938=CARTESIAN_POINT('',(-1.1,0.100000000000001,0.634343971258149));
#20939=CARTESIAN_POINT('',(-1.1,2.3415101468097,0.66000000000001));
#20940=CARTESIAN_POINT('',(-1.1,0.100000000000001,0.634343971258149));
#20941=CARTESIAN_POINT('',(-0.9,2.3415101468097,0.66000000000001));
#20942=CARTESIAN_POINT('',(-0.9,0.100000000000001,0.634343971258149));
#20943=CARTESIAN_POINT('',(-0.6,0.350000000000001,0.796184513031962));
#20944=CARTESIAN_POINT('',(-0.6,0.350000000000001,0.796184513031962));
#20945=CARTESIAN_POINT('',(-0.6,0.350000000000001,0.83000000000001));
#20946=CARTESIAN_POINT('',(-0.4,0.350000000000001,0.83000000000001));
#20947=CARTESIAN_POINT('',(-0.4,0.350000000000001,0.83000000000001));
#20948=CARTESIAN_POINT('',(-0.4,0.350000000000001,0.796184513031962));
#20949=CARTESIAN_POINT('',(-0.4,0.350000000000001,0.796184513031962));
#20950=CARTESIAN_POINT('',(-0.4,0.350000000000001,0.796184513031962));
#20951=CARTESIAN_POINT('',(-0.4,0.350000000000001,0.796184513031962));
#20952=CARTESIAN_POINT('',(-0.6,0.300000000000001,0.83000000000001));
#20953=CARTESIAN_POINT('',(-0.6,0.271985017581062,0.871414499394141));
#20954=CARTESIAN_POINT('',(-0.4,0.271985017581062,0.871414499394141));
#20955=CARTESIAN_POINT('',(-0.4,0.271985017581062,0.871414499394141));
#20956=CARTESIAN_POINT('',(-0.4,0.300000000000001,0.83000000000001));
#20957=CARTESIAN_POINT('',(-0.4,0.300000000000001,0.83000000000001));
#20958=CARTESIAN_POINT('',(-0.6,0.271985017581062,0.871414499394141));
#20959=CARTESIAN_POINT('',(-0.6,0.043970035162122,0.717172970046412));
#20960=CARTESIAN_POINT('',(-0.4,0.043970035162122,0.717172970046412));
#20961=CARTESIAN_POINT('',(-0.4,0.043970035162122,0.717172970046412));
#20962=CARTESIAN_POINT('',(-0.4,0.271985017581062,0.871414499394141));
#20963=CARTESIAN_POINT('',(-0.4,0.271985017581062,0.871414499394141));
#20964=CARTESIAN_POINT('',(-0.4,0.100000000000001,0.634343971258149));
#20965=CARTESIAN_POINT('',(-0.4,2.3415101468097,0.66000000000001));
#20966=CARTESIAN_POINT('',(-0.4,0.100000000000001,0.634343971258149));
#20967=CARTESIAN_POINT('',(-0.6,0.100000000000001,0.634343971258149));
#20968=CARTESIAN_POINT('',(-0.6,2.3415101468097,0.66000000000001));
#20969=CARTESIAN_POINT('',(-0.6,0.100000000000001,0.634343971258149));
#20970=CARTESIAN_POINT('',(-0.4,2.3415101468097,0.66000000000001));
#20971=CARTESIAN_POINT('',(-0.4,0.100000000000001,0.634343971258149));
#20972=CARTESIAN_POINT('',(-0.1,0.350000000000001,0.796184513031962));
#20973=CARTESIAN_POINT('',(-0.1,0.350000000000001,0.796184513031962));
#20974=CARTESIAN_POINT('',(-0.1,0.350000000000001,0.83000000000001));
#20975=CARTESIAN_POINT('',(0.0999999999999994,0.350000000000001,0.83000000000001));
#20976=CARTESIAN_POINT('',(0.0999999999999994,0.350000000000001,0.83000000000001));
#20977=CARTESIAN_POINT('',(0.0999999999999994,0.350000000000001,0.796184513031962));
#20978=CARTESIAN_POINT('',(0.0999999999999994,0.350000000000001,0.796184513031962));
#20979=CARTESIAN_POINT('',(0.0999999999999994,0.350000000000001,0.796184513031962));
#20980=CARTESIAN_POINT('',(0.0999999999999994,0.350000000000001,0.796184513031962));
#20981=CARTESIAN_POINT('',(-0.1,0.300000000000001,0.83000000000001));
#20982=CARTESIAN_POINT('',(-0.1,0.271985017581062,0.871414499394141));
#20983=CARTESIAN_POINT('',(0.0999999999999994,0.271985017581062,0.871414499394141));
#20984=CARTESIAN_POINT('',(0.0999999999999994,0.271985017581062,0.871414499394141));
#20985=CARTESIAN_POINT('',(0.0999999999999994,0.300000000000001,0.83000000000001));
#20986=CARTESIAN_POINT('',(0.0999999999999994,0.300000000000001,0.83000000000001));
#20987=CARTESIAN_POINT('',(-0.1,0.271985017581062,0.871414499394141));
#20988=CARTESIAN_POINT('',(-0.1,0.043970035162122,0.717172970046412));
#20989=CARTESIAN_POINT('',(0.0999999999999994,0.043970035162122,0.717172970046412));
#20990=CARTESIAN_POINT('',(0.0999999999999994,0.043970035162122,0.717172970046412));
#20991=CARTESIAN_POINT('',(0.0999999999999994,0.271985017581062,0.871414499394141));
#20992=CARTESIAN_POINT('',(0.0999999999999994,0.271985017581062,0.871414499394141));
#20993=CARTESIAN_POINT('',(0.0999999999999994,0.100000000000001,0.634343971258149));
#20994=CARTESIAN_POINT('',(0.0999999999999994,2.3415101468097,0.66000000000001));
#20995=CARTESIAN_POINT('',(0.0999999999999994,0.100000000000001,0.634343971258149));
#20996=CARTESIAN_POINT('',(-0.1,0.100000000000001,0.634343971258149));
#20997=CARTESIAN_POINT('',(-0.1,2.3415101468097,0.66000000000001));
#20998=CARTESIAN_POINT('',(-0.1,0.100000000000001,0.634343971258149));
#20999=CARTESIAN_POINT('',(0.0999999999999994,2.3415101468097,0.66000000000001));
#21000=CARTESIAN_POINT('',(0.0999999999999994,0.100000000000001,0.634343971258149));
#21001=CARTESIAN_POINT('',(0.4,0.350000000000001,0.796184513031962));
#21002=CARTESIAN_POINT('',(0.4,0.350000000000001,0.796184513031962));
#21003=CARTESIAN_POINT('',(0.4,0.350000000000001,0.83000000000001));
#21004=CARTESIAN_POINT('',(0.6,0.350000000000001,0.83000000000001));
#21005=CARTESIAN_POINT('',(0.6,0.350000000000001,0.83000000000001));
#21006=CARTESIAN_POINT('',(0.6,0.350000000000001,0.796184513031962));
#21007=CARTESIAN_POINT('',(0.6,0.350000000000001,0.796184513031962));
#21008=CARTESIAN_POINT('',(0.6,0.350000000000001,0.796184513031962));
#21009=CARTESIAN_POINT('',(0.6,0.350000000000001,0.796184513031962));
#21010=CARTESIAN_POINT('',(0.4,0.300000000000001,0.83000000000001));
#21011=CARTESIAN_POINT('',(0.4,0.271985017581062,0.871414499394141));
#21012=CARTESIAN_POINT('',(0.6,0.271985017581062,0.871414499394141));
#21013=CARTESIAN_POINT('',(0.6,0.271985017581062,0.871414499394141));
#21014=CARTESIAN_POINT('',(0.6,0.300000000000001,0.83000000000001));
#21015=CARTESIAN_POINT('',(0.6,0.300000000000001,0.83000000000001));
#21016=CARTESIAN_POINT('',(0.4,0.271985017581062,0.871414499394141));
#21017=CARTESIAN_POINT('',(0.4,0.043970035162122,0.717172970046412));
#21018=CARTESIAN_POINT('',(0.6,0.043970035162122,0.717172970046412));
#21019=CARTESIAN_POINT('',(0.6,0.043970035162122,0.717172970046412));
#21020=CARTESIAN_POINT('',(0.6,0.271985017581062,0.871414499394141));
#21021=CARTESIAN_POINT('',(0.6,0.271985017581062,0.871414499394141));
#21022=CARTESIAN_POINT('',(0.6,0.100000000000001,0.634343971258149));
#21023=CARTESIAN_POINT('',(0.6,2.3415101468097,0.66000000000001));
#21024=CARTESIAN_POINT('',(0.6,0.100000000000001,0.634343971258149));
#21025=CARTESIAN_POINT('',(0.4,0.100000000000001,0.634343971258149));
#21026=CARTESIAN_POINT('',(0.4,2.3415101468097,0.66000000000001));
#21027=CARTESIAN_POINT('',(0.4,0.100000000000001,0.634343971258149));
#21028=CARTESIAN_POINT('',(0.6,2.3415101468097,0.66000000000001));
#21029=CARTESIAN_POINT('',(0.6,0.100000000000001,0.634343971258149));
#21030=CARTESIAN_POINT('',(0.900000000000001,0.350000000000001,0.796184513031962));
#21031=CARTESIAN_POINT('',(0.900000000000001,0.350000000000001,0.796184513031962));
#21032=CARTESIAN_POINT('',(0.900000000000001,0.350000000000001,0.83000000000001));
#21033=CARTESIAN_POINT('',(1.1,0.350000000000001,0.83000000000001));
#21034=CARTESIAN_POINT('',(1.1,0.350000000000001,0.83000000000001));
#21035=CARTESIAN_POINT('',(1.1,0.350000000000001,0.796184513031962));
#21036=CARTESIAN_POINT('',(1.1,0.350000000000001,0.796184513031962));
#21037=CARTESIAN_POINT('',(1.1,0.350000000000001,0.796184513031962));
#21038=CARTESIAN_POINT('',(1.1,0.350000000000001,0.796184513031962));
#21039=CARTESIAN_POINT('',(0.900000000000001,0.300000000000001,0.83000000000001));
#21040=CARTESIAN_POINT('',(0.900000000000001,0.271985017581062,0.871414499394141));
#21041=CARTESIAN_POINT('',(1.1,0.271985017581062,0.871414499394141));
#21042=CARTESIAN_POINT('',(1.1,0.271985017581062,0.871414499394141));
#21043=CARTESIAN_POINT('',(1.1,0.300000000000001,0.83000000000001));
#21044=CARTESIAN_POINT('',(1.1,0.300000000000001,0.83000000000001));
#21045=CARTESIAN_POINT('',(0.900000000000001,0.271985017581062,0.871414499394141));
#21046=CARTESIAN_POINT('',(0.900000000000001,0.043970035162122,0.717172970046412));
#21047=CARTESIAN_POINT('',(1.1,0.043970035162122,0.717172970046412));
#21048=CARTESIAN_POINT('',(1.1,0.043970035162122,0.717172970046412));
#21049=CARTESIAN_POINT('',(1.1,0.271985017581062,0.871414499394141));
#21050=CARTESIAN_POINT('',(1.1,0.271985017581062,0.871414499394141));
#21051=CARTESIAN_POINT('',(1.1,0.100000000000001,0.634343971258149));
#21052=CARTESIAN_POINT('',(1.1,2.3415101468097,0.66000000000001));
#21053=CARTESIAN_POINT('',(1.1,0.100000000000001,0.634343971258149));
#21054=CARTESIAN_POINT('',(0.900000000000001,0.100000000000001,0.634343971258149));
#21055=CARTESIAN_POINT('',(0.900000000000001,2.3415101468097,0.66000000000001));
#21056=CARTESIAN_POINT('',(0.900000000000001,0.100000000000001,0.634343971258149));
#21057=CARTESIAN_POINT('',(1.1,2.3415101468097,0.66000000000001));
#21058=CARTESIAN_POINT('',(1.1,0.100000000000001,0.634343971258149));
#21059=CARTESIAN_POINT('',(1.4,0.350000000000001,0.796184513031962));
#21060=CARTESIAN_POINT('',(1.4,0.350000000000001,0.796184513031962));
#21061=CARTESIAN_POINT('',(1.4,0.350000000000001,0.83000000000001));
#21062=CARTESIAN_POINT('',(1.6,0.350000000000001,0.83000000000001));
#21063=CARTESIAN_POINT('',(1.6,0.350000000000001,0.83000000000001));
#21064=CARTESIAN_POINT('',(1.6,0.350000000000001,0.796184513031962));
#21065=CARTESIAN_POINT('',(1.6,0.350000000000001,0.796184513031962));
#21066=CARTESIAN_POINT('',(1.6,0.350000000000001,0.796184513031962));
#21067=CARTESIAN_POINT('',(1.6,0.350000000000001,0.796184513031962));
#21068=CARTESIAN_POINT('',(1.4,0.300000000000001,0.83000000000001));
#21069=CARTESIAN_POINT('',(1.4,0.271985017581062,0.871414499394141));
#21070=CARTESIAN_POINT('',(1.6,0.271985017581062,0.871414499394141));
#21071=CARTESIAN_POINT('',(1.6,0.271985017581062,0.871414499394141));
#21072=CARTESIAN_POINT('',(1.6,0.300000000000001,0.83000000000001));
#21073=CARTESIAN_POINT('',(1.6,0.300000000000001,0.83000000000001));
#21074=CARTESIAN_POINT('',(1.4,0.271985017581062,0.871414499394141));
#21075=CARTESIAN_POINT('',(1.4,0.043970035162122,0.717172970046412));
#21076=CARTESIAN_POINT('',(1.6,0.043970035162122,0.717172970046412));
#21077=CARTESIAN_POINT('',(1.6,0.043970035162122,0.717172970046412));
#21078=CARTESIAN_POINT('',(1.6,0.271985017581062,0.871414499394141));
#21079=CARTESIAN_POINT('',(1.6,0.271985017581062,0.871414499394141));
#21080=CARTESIAN_POINT('',(1.6,0.100000000000001,0.634343971258149));
#21081=CARTESIAN_POINT('',(1.6,2.3415101468097,0.66000000000001));
#21082=CARTESIAN_POINT('',(1.6,0.100000000000001,0.634343971258149));
#21083=CARTESIAN_POINT('',(1.4,0.100000000000001,0.634343971258149));
#21084=CARTESIAN_POINT('',(1.4,2.3415101468097,0.66000000000001));
#21085=CARTESIAN_POINT('',(1.4,0.100000000000001,0.634343971258149));
#21086=CARTESIAN_POINT('',(1.6,2.3415101468097,0.66000000000001));
#21087=CARTESIAN_POINT('',(1.6,0.100000000000001,0.634343971258149));
#21088=CARTESIAN_POINT('',(1.9,0.350000000000001,0.796184513031962));
#21089=CARTESIAN_POINT('',(1.9,0.350000000000001,0.796184513031962));
#21090=CARTESIAN_POINT('',(1.9,0.350000000000001,0.83000000000001));
#21091=CARTESIAN_POINT('',(2.1,0.350000000000001,0.83000000000001));
#21092=CARTESIAN_POINT('',(2.1,0.350000000000001,0.83000000000001));
#21093=CARTESIAN_POINT('',(2.1,0.350000000000001,0.796184513031962));
#21094=CARTESIAN_POINT('',(2.1,0.350000000000001,0.796184513031962));
#21095=CARTESIAN_POINT('',(2.1,0.350000000000001,0.796184513031962));
#21096=CARTESIAN_POINT('',(2.1,0.350000000000001,0.796184513031962));
#21097=CARTESIAN_POINT('',(1.9,0.300000000000001,0.83000000000001));
#21098=CARTESIAN_POINT('',(1.9,0.271985017581062,0.871414499394141));
#21099=CARTESIAN_POINT('',(2.1,0.271985017581062,0.871414499394141));
#21100=CARTESIAN_POINT('',(2.1,0.271985017581062,0.871414499394141));
#21101=CARTESIAN_POINT('',(2.1,0.300000000000001,0.83000000000001));
#21102=CARTESIAN_POINT('',(2.1,0.300000000000001,0.83000000000001));
#21103=CARTESIAN_POINT('',(1.9,0.271985017581062,0.871414499394141));
#21104=CARTESIAN_POINT('',(1.9,0.043970035162122,0.717172970046412));
#21105=CARTESIAN_POINT('',(2.1,0.043970035162122,0.717172970046412));
#21106=CARTESIAN_POINT('',(2.1,0.043970035162122,0.717172970046412));
#21107=CARTESIAN_POINT('',(2.1,0.271985017581062,0.871414499394141));
#21108=CARTESIAN_POINT('',(2.1,0.271985017581062,0.871414499394141));
#21109=CARTESIAN_POINT('',(2.1,0.100000000000001,0.634343971258149));
#21110=CARTESIAN_POINT('',(2.1,2.3415101468097,0.66000000000001));
#21111=CARTESIAN_POINT('',(2.1,0.100000000000001,0.634343971258149));
#21112=CARTESIAN_POINT('',(1.9,0.100000000000001,0.634343971258149));
#21113=CARTESIAN_POINT('',(1.9,2.3415101468097,0.66000000000001));
#21114=CARTESIAN_POINT('',(1.9,0.100000000000001,0.634343971258149));
#21115=CARTESIAN_POINT('',(2.1,2.3415101468097,0.66000000000001));
#21116=CARTESIAN_POINT('',(2.1,0.100000000000001,0.634343971258149));
#21117=CARTESIAN_POINT('',(2.4,0.350000000000001,0.796184513031962));
#21118=CARTESIAN_POINT('',(2.4,0.350000000000001,0.796184513031962));
#21119=CARTESIAN_POINT('',(2.4,0.350000000000001,0.83000000000001));
#21120=CARTESIAN_POINT('',(2.6,0.350000000000001,0.83000000000001));
#21121=CARTESIAN_POINT('',(2.6,0.350000000000001,0.83000000000001));
#21122=CARTESIAN_POINT('',(2.6,0.350000000000001,0.796184513031962));
#21123=CARTESIAN_POINT('',(2.6,0.350000000000001,0.796184513031962));
#21124=CARTESIAN_POINT('',(2.6,0.350000000000001,0.796184513031962));
#21125=CARTESIAN_POINT('',(2.6,0.350000000000001,0.796184513031962));
#21126=CARTESIAN_POINT('',(2.4,0.300000000000001,0.83000000000001));
#21127=CARTESIAN_POINT('',(2.4,0.271985017581062,0.871414499394141));
#21128=CARTESIAN_POINT('',(2.6,0.271985017581062,0.871414499394141));
#21129=CARTESIAN_POINT('',(2.6,0.271985017581062,0.871414499394141));
#21130=CARTESIAN_POINT('',(2.6,0.300000000000001,0.83000000000001));
#21131=CARTESIAN_POINT('',(2.6,0.300000000000001,0.83000000000001));
#21132=CARTESIAN_POINT('',(2.4,0.271985017581062,0.871414499394141));
#21133=CARTESIAN_POINT('',(2.4,0.043970035162122,0.717172970046412));
#21134=CARTESIAN_POINT('',(2.6,0.043970035162122,0.717172970046412));
#21135=CARTESIAN_POINT('',(2.6,0.043970035162122,0.717172970046412));
#21136=CARTESIAN_POINT('',(2.6,0.271985017581062,0.871414499394141));
#21137=CARTESIAN_POINT('',(2.6,0.271985017581062,0.871414499394141));
#21138=CARTESIAN_POINT('',(2.6,0.100000000000001,0.634343971258149));
#21139=CARTESIAN_POINT('',(2.6,2.3415101468097,0.66000000000001));
#21140=CARTESIAN_POINT('',(2.6,0.100000000000001,0.634343971258149));
#21141=CARTESIAN_POINT('',(2.4,0.100000000000001,0.634343971258149));
#21142=CARTESIAN_POINT('',(2.4,2.3415101468097,0.66000000000001));
#21143=CARTESIAN_POINT('',(2.4,0.100000000000001,0.634343971258149));
#21144=CARTESIAN_POINT('',(2.6,2.3415101468097,0.66000000000001));
#21145=CARTESIAN_POINT('',(2.6,0.100000000000001,0.634343971258149));
#21146=CARTESIAN_POINT('',(2.9,0.350000000000001,0.796184513031962));
#21147=CARTESIAN_POINT('',(2.9,0.350000000000001,0.796184513031962));
#21148=CARTESIAN_POINT('',(2.9,0.350000000000001,0.83000000000001));
#21149=CARTESIAN_POINT('',(3.1,0.350000000000001,0.83000000000001));
#21150=CARTESIAN_POINT('',(3.1,0.350000000000001,0.83000000000001));
#21151=CARTESIAN_POINT('',(3.1,0.350000000000001,0.796184513031962));
#21152=CARTESIAN_POINT('',(3.1,0.350000000000001,0.796184513031962));
#21153=CARTESIAN_POINT('',(3.1,0.350000000000001,0.796184513031962));
#21154=CARTESIAN_POINT('',(3.1,0.350000000000001,0.796184513031962));
#21155=CARTESIAN_POINT('',(2.9,0.300000000000001,0.83000000000001));
#21156=CARTESIAN_POINT('',(2.9,0.271985017581062,0.871414499394141));
#21157=CARTESIAN_POINT('',(3.1,0.271985017581062,0.871414499394141));
#21158=CARTESIAN_POINT('',(3.1,0.271985017581062,0.871414499394141));
#21159=CARTESIAN_POINT('',(3.1,0.300000000000001,0.83000000000001));
#21160=CARTESIAN_POINT('',(3.1,0.300000000000001,0.83000000000001));
#21161=CARTESIAN_POINT('',(2.9,0.271985017581062,0.871414499394141));
#21162=CARTESIAN_POINT('',(2.9,0.043970035162122,0.717172970046412));
#21163=CARTESIAN_POINT('',(3.1,0.043970035162122,0.717172970046412));
#21164=CARTESIAN_POINT('',(3.1,0.043970035162122,0.717172970046412));
#21165=CARTESIAN_POINT('',(3.1,0.271985017581062,0.871414499394141));
#21166=CARTESIAN_POINT('',(3.1,0.271985017581062,0.871414499394141));
#21167=CARTESIAN_POINT('',(3.1,0.100000000000001,0.634343971258149));
#21168=CARTESIAN_POINT('',(3.1,2.3415101468097,0.66000000000001));
#21169=CARTESIAN_POINT('',(3.1,0.100000000000001,0.634343971258149));
#21170=CARTESIAN_POINT('',(2.9,0.100000000000001,0.634343971258149));
#21171=CARTESIAN_POINT('',(2.9,2.3415101468097,0.66000000000001));
#21172=CARTESIAN_POINT('',(2.9,0.100000000000001,0.634343971258149));
#21173=CARTESIAN_POINT('',(3.1,2.3415101468097,0.66000000000001));
#21174=CARTESIAN_POINT('',(3.1,0.100000000000001,0.634343971258149));
#21175=CARTESIAN_POINT('',(3.4,0.350000000000001,0.796184513031962));
#21176=CARTESIAN_POINT('',(3.4,0.350000000000001,0.796184513031962));
#21177=CARTESIAN_POINT('',(3.4,0.350000000000001,0.83000000000001));
#21178=CARTESIAN_POINT('',(3.6,0.350000000000001,0.83000000000001));
#21179=CARTESIAN_POINT('',(3.6,0.350000000000001,0.83000000000001));
#21180=CARTESIAN_POINT('',(3.6,0.350000000000001,0.796184513031962));
#21181=CARTESIAN_POINT('',(3.6,0.350000000000001,0.796184513031962));
#21182=CARTESIAN_POINT('',(3.6,0.350000000000001,0.796184513031962));
#21183=CARTESIAN_POINT('',(3.6,0.350000000000001,0.796184513031962));
#21184=CARTESIAN_POINT('',(3.4,0.300000000000001,0.83000000000001));
#21185=CARTESIAN_POINT('',(3.4,0.271985017581062,0.871414499394141));
#21186=CARTESIAN_POINT('',(3.6,0.271985017581062,0.871414499394141));
#21187=CARTESIAN_POINT('',(3.6,0.271985017581062,0.871414499394141));
#21188=CARTESIAN_POINT('',(3.6,0.300000000000001,0.83000000000001));
#21189=CARTESIAN_POINT('',(3.6,0.300000000000001,0.83000000000001));
#21190=CARTESIAN_POINT('',(3.4,0.271985017581062,0.871414499394141));
#21191=CARTESIAN_POINT('',(3.4,0.043970035162122,0.717172970046412));
#21192=CARTESIAN_POINT('',(3.6,0.043970035162122,0.717172970046412));
#21193=CARTESIAN_POINT('',(3.6,0.043970035162122,0.717172970046412));
#21194=CARTESIAN_POINT('',(3.6,0.271985017581062,0.871414499394141));
#21195=CARTESIAN_POINT('',(3.6,0.271985017581062,0.871414499394141));
#21196=CARTESIAN_POINT('',(3.6,0.100000000000001,0.634343971258149));
#21197=CARTESIAN_POINT('',(3.6,2.3415101468097,0.66000000000001));
#21198=CARTESIAN_POINT('',(3.6,0.100000000000001,0.634343971258149));
#21199=CARTESIAN_POINT('',(3.4,0.100000000000001,0.634343971258149));
#21200=CARTESIAN_POINT('',(3.4,2.3415101468097,0.66000000000001));
#21201=CARTESIAN_POINT('',(3.4,0.100000000000001,0.634343971258149));
#21202=CARTESIAN_POINT('',(3.6,2.3415101468097,0.66000000000001));
#21203=CARTESIAN_POINT('',(3.6,0.100000000000001,0.634343971258149));
#21204=CARTESIAN_POINT('',(3.9,0.350000000000001,0.796184513031962));
#21205=CARTESIAN_POINT('',(3.9,0.350000000000001,0.796184513031962));
#21206=CARTESIAN_POINT('',(3.9,0.350000000000001,0.83000000000001));
#21207=CARTESIAN_POINT('',(4.1,0.350000000000001,0.83000000000001));
#21208=CARTESIAN_POINT('',(4.1,0.350000000000001,0.83000000000001));
#21209=CARTESIAN_POINT('',(4.1,0.350000000000001,0.796184513031962));
#21210=CARTESIAN_POINT('',(4.1,0.350000000000001,0.796184513031962));
#21211=CARTESIAN_POINT('',(4.1,0.350000000000001,0.796184513031962));
#21212=CARTESIAN_POINT('',(4.1,0.350000000000001,0.796184513031962));
#21213=CARTESIAN_POINT('',(3.9,0.300000000000001,0.83000000000001));
#21214=CARTESIAN_POINT('',(3.9,0.271985017581062,0.871414499394141));
#21215=CARTESIAN_POINT('',(4.1,0.271985017581062,0.871414499394141));
#21216=CARTESIAN_POINT('',(4.1,0.271985017581062,0.871414499394141));
#21217=CARTESIAN_POINT('',(4.1,0.300000000000001,0.83000000000001));
#21218=CARTESIAN_POINT('',(4.1,0.300000000000001,0.83000000000001));
#21219=CARTESIAN_POINT('',(3.9,0.271985017581062,0.871414499394141));
#21220=CARTESIAN_POINT('',(3.9,0.043970035162122,0.717172970046412));
#21221=CARTESIAN_POINT('',(4.1,0.043970035162122,0.717172970046412));
#21222=CARTESIAN_POINT('',(4.1,0.043970035162122,0.717172970046412));
#21223=CARTESIAN_POINT('',(4.1,0.271985017581062,0.871414499394141));
#21224=CARTESIAN_POINT('',(4.1,0.271985017581062,0.871414499394141));
#21225=CARTESIAN_POINT('',(4.1,0.100000000000001,0.634343971258149));
#21226=CARTESIAN_POINT('',(4.1,2.3415101468097,0.66000000000001));
#21227=CARTESIAN_POINT('',(4.1,0.100000000000001,0.634343971258149));
#21228=CARTESIAN_POINT('',(3.9,0.100000000000001,0.634343971258149));
#21229=CARTESIAN_POINT('',(3.9,2.3415101468097,0.66000000000001));
#21230=CARTESIAN_POINT('',(3.9,0.100000000000001,0.634343971258149));
#21231=CARTESIAN_POINT('',(4.1,2.3415101468097,0.66000000000001));
#21232=CARTESIAN_POINT('',(4.1,0.100000000000001,0.634343971258149));
#21233=CARTESIAN_POINT('',(4.4,0.350000000000001,0.796184513031962));
#21234=CARTESIAN_POINT('',(4.4,0.350000000000001,0.796184513031962));
#21235=CARTESIAN_POINT('',(4.4,0.350000000000001,0.83000000000001));
#21236=CARTESIAN_POINT('',(4.6,0.350000000000001,0.83000000000001));
#21237=CARTESIAN_POINT('',(4.6,0.350000000000001,0.83000000000001));
#21238=CARTESIAN_POINT('',(4.6,0.350000000000001,0.796184513031962));
#21239=CARTESIAN_POINT('',(4.6,0.350000000000001,0.796184513031962));
#21240=CARTESIAN_POINT('',(4.6,0.350000000000001,0.796184513031962));
#21241=CARTESIAN_POINT('',(4.6,0.350000000000001,0.796184513031962));
#21242=CARTESIAN_POINT('',(4.4,0.300000000000001,0.83000000000001));
#21243=CARTESIAN_POINT('',(4.4,0.271985017581062,0.871414499394141));
#21244=CARTESIAN_POINT('',(4.6,0.271985017581062,0.871414499394141));
#21245=CARTESIAN_POINT('',(4.6,0.271985017581062,0.871414499394141));
#21246=CARTESIAN_POINT('',(4.6,0.300000000000001,0.83000000000001));
#21247=CARTESIAN_POINT('',(4.6,0.300000000000001,0.83000000000001));
#21248=CARTESIAN_POINT('',(4.4,0.271985017581062,0.871414499394141));
#21249=CARTESIAN_POINT('',(4.4,0.043970035162122,0.717172970046412));
#21250=CARTESIAN_POINT('',(4.6,0.043970035162122,0.717172970046412));
#21251=CARTESIAN_POINT('',(4.6,0.043970035162122,0.717172970046412));
#21252=CARTESIAN_POINT('',(4.6,0.271985017581062,0.871414499394141));
#21253=CARTESIAN_POINT('',(4.6,0.271985017581062,0.871414499394141));
#21254=CARTESIAN_POINT('',(4.6,0.100000000000001,0.634343971258149));
#21255=CARTESIAN_POINT('',(4.6,2.3415101468097,0.66000000000001));
#21256=CARTESIAN_POINT('',(4.6,0.100000000000001,0.634343971258149));
#21257=CARTESIAN_POINT('',(4.4,0.100000000000001,0.634343971258149));
#21258=CARTESIAN_POINT('',(4.4,2.3415101468097,0.66000000000001));
#21259=CARTESIAN_POINT('',(4.4,0.100000000000001,0.634343971258149));
#21260=CARTESIAN_POINT('',(4.6,2.3415101468097,0.66000000000001));
#21261=CARTESIAN_POINT('',(4.6,0.100000000000001,0.634343971258149));
#21262=CARTESIAN_POINT('',(4.9,0.350000000000001,0.796184513031962));
#21263=CARTESIAN_POINT('',(4.9,0.350000000000001,0.796184513031962));
#21264=CARTESIAN_POINT('',(4.9,0.350000000000001,0.83000000000001));
#21265=CARTESIAN_POINT('',(5.1,0.350000000000001,0.83000000000001));
#21266=CARTESIAN_POINT('',(5.1,0.350000000000001,0.83000000000001));
#21267=CARTESIAN_POINT('',(5.1,0.350000000000001,0.796184513031962));
#21268=CARTESIAN_POINT('',(5.1,0.350000000000001,0.796184513031962));
#21269=CARTESIAN_POINT('',(5.1,0.350000000000001,0.796184513031962));
#21270=CARTESIAN_POINT('',(5.1,0.350000000000001,0.796184513031962));
#21271=CARTESIAN_POINT('',(4.9,0.300000000000001,0.83000000000001));
#21272=CARTESIAN_POINT('',(4.9,0.271985017581062,0.871414499394141));
#21273=CARTESIAN_POINT('',(5.1,0.271985017581062,0.871414499394141));
#21274=CARTESIAN_POINT('',(5.1,0.271985017581062,0.871414499394141));
#21275=CARTESIAN_POINT('',(5.1,0.300000000000001,0.83000000000001));
#21276=CARTESIAN_POINT('',(5.1,0.300000000000001,0.83000000000001));
#21277=CARTESIAN_POINT('',(4.9,0.271985017581062,0.871414499394141));
#21278=CARTESIAN_POINT('',(4.9,0.043970035162122,0.717172970046412));
#21279=CARTESIAN_POINT('',(5.1,0.043970035162122,0.717172970046412));
#21280=CARTESIAN_POINT('',(5.1,0.043970035162122,0.717172970046412));
#21281=CARTESIAN_POINT('',(5.1,0.271985017581062,0.871414499394141));
#21282=CARTESIAN_POINT('',(5.1,0.271985017581062,0.871414499394141));
#21283=CARTESIAN_POINT('',(5.1,0.100000000000001,0.634343971258149));
#21284=CARTESIAN_POINT('',(5.1,2.3415101468097,0.66000000000001));
#21285=CARTESIAN_POINT('',(5.1,0.100000000000001,0.634343971258149));
#21286=CARTESIAN_POINT('',(4.9,0.100000000000001,0.634343971258149));
#21287=CARTESIAN_POINT('',(4.9,2.3415101468097,0.66000000000001));
#21288=CARTESIAN_POINT('',(4.9,0.100000000000001,0.634343971258149));
#21289=CARTESIAN_POINT('',(5.1,2.3415101468097,0.66000000000001));
#21290=CARTESIAN_POINT('',(5.1,0.100000000000001,0.634343971258149));
#21291=CARTESIAN_POINT('',(5.4,0.350000000000001,0.796184513031962));
#21292=CARTESIAN_POINT('',(5.4,0.350000000000001,0.796184513031962));
#21293=CARTESIAN_POINT('',(5.4,0.350000000000001,0.83000000000001));
#21294=CARTESIAN_POINT('',(5.6,0.350000000000001,0.83000000000001));
#21295=CARTESIAN_POINT('',(5.6,0.350000000000001,0.83000000000001));
#21296=CARTESIAN_POINT('',(5.6,0.350000000000001,0.796184513031962));
#21297=CARTESIAN_POINT('',(5.6,0.350000000000001,0.796184513031962));
#21298=CARTESIAN_POINT('',(5.6,0.350000000000001,0.796184513031962));
#21299=CARTESIAN_POINT('',(5.6,0.350000000000001,0.796184513031962));
#21300=CARTESIAN_POINT('',(5.4,0.300000000000001,0.83000000000001));
#21301=CARTESIAN_POINT('',(5.4,0.271985017581062,0.871414499394141));
#21302=CARTESIAN_POINT('',(5.6,0.271985017581062,0.871414499394141));
#21303=CARTESIAN_POINT('',(5.6,0.271985017581062,0.871414499394141));
#21304=CARTESIAN_POINT('',(5.6,0.300000000000001,0.83000000000001));
#21305=CARTESIAN_POINT('',(5.6,0.300000000000001,0.83000000000001));
#21306=CARTESIAN_POINT('',(5.4,0.271985017581062,0.871414499394141));
#21307=CARTESIAN_POINT('',(5.4,0.043970035162122,0.717172970046412));
#21308=CARTESIAN_POINT('',(5.6,0.043970035162122,0.717172970046412));
#21309=CARTESIAN_POINT('',(5.6,0.043970035162122,0.717172970046412));
#21310=CARTESIAN_POINT('',(5.6,0.271985017581062,0.871414499394141));
#21311=CARTESIAN_POINT('',(5.6,0.271985017581062,0.871414499394141));
#21312=CARTESIAN_POINT('',(5.6,0.100000000000001,0.634343971258149));
#21313=CARTESIAN_POINT('',(5.6,2.3415101468097,0.66000000000001));
#21314=CARTESIAN_POINT('',(5.6,0.100000000000001,0.634343971258149));
#21315=CARTESIAN_POINT('',(5.4,0.100000000000001,0.634343971258149));
#21316=CARTESIAN_POINT('',(5.4,2.3415101468097,0.66000000000001));
#21317=CARTESIAN_POINT('',(5.4,0.100000000000001,0.634343971258149));
#21318=CARTESIAN_POINT('',(5.6,2.3415101468097,0.66000000000001));
#21319=CARTESIAN_POINT('',(5.6,0.100000000000001,0.634343971258149));
#21320=CARTESIAN_POINT('',(5.9,0.350000000000001,0.796184513031962));
#21321=CARTESIAN_POINT('',(5.9,0.350000000000001,0.796184513031962));
#21322=CARTESIAN_POINT('',(5.9,0.350000000000001,0.83000000000001));
#21323=CARTESIAN_POINT('',(6.1,0.350000000000001,0.83000000000001));
#21324=CARTESIAN_POINT('',(6.1,0.350000000000001,0.83000000000001));
#21325=CARTESIAN_POINT('',(6.1,0.350000000000001,0.796184513031962));
#21326=CARTESIAN_POINT('',(6.1,0.350000000000001,0.796184513031962));
#21327=CARTESIAN_POINT('',(6.1,0.350000000000001,0.796184513031962));
#21328=CARTESIAN_POINT('',(6.1,0.350000000000001,0.796184513031962));
#21329=CARTESIAN_POINT('',(5.9,0.300000000000001,0.83000000000001));
#21330=CARTESIAN_POINT('',(5.9,0.271985017581062,0.871414499394141));
#21331=CARTESIAN_POINT('',(6.1,0.271985017581062,0.871414499394141));
#21332=CARTESIAN_POINT('',(6.1,0.271985017581062,0.871414499394141));
#21333=CARTESIAN_POINT('',(6.1,0.300000000000001,0.83000000000001));
#21334=CARTESIAN_POINT('',(6.1,0.300000000000001,0.83000000000001));
#21335=CARTESIAN_POINT('',(5.9,0.271985017581062,0.871414499394141));
#21336=CARTESIAN_POINT('',(5.9,0.043970035162122,0.717172970046412));
#21337=CARTESIAN_POINT('',(6.1,0.043970035162122,0.717172970046412));
#21338=CARTESIAN_POINT('',(6.1,0.043970035162122,0.717172970046412));
#21339=CARTESIAN_POINT('',(6.1,0.271985017581062,0.871414499394141));
#21340=CARTESIAN_POINT('',(6.1,0.271985017581062,0.871414499394141));
#21341=CARTESIAN_POINT('',(6.1,0.100000000000001,0.634343971258149));
#21342=CARTESIAN_POINT('',(6.1,2.3415101468097,0.66000000000001));
#21343=CARTESIAN_POINT('',(6.1,0.100000000000001,0.634343971258149));
#21344=CARTESIAN_POINT('',(5.9,0.100000000000001,0.634343971258149));
#21345=CARTESIAN_POINT('',(5.9,2.3415101468097,0.66000000000001));
#21346=CARTESIAN_POINT('',(5.9,0.100000000000001,0.634343971258149));
#21347=CARTESIAN_POINT('',(6.1,2.3415101468097,0.66000000000001));
#21348=CARTESIAN_POINT('',(6.1,0.100000000000001,0.634343971258149));
#21349=CARTESIAN_POINT('',(-6.6,3.7,0.78000000000001));
#21350=CARTESIAN_POINT('',(-6.6,3.7,0.78000000000001));
#21351=CARTESIAN_POINT('',(-6.4,3.7,0.78000000000001));
#21352=CARTESIAN_POINT('',(-6.4,3.7,0.78000000000001));
#21353=CARTESIAN_POINT('',(-6.4,3.7,0.78000000000001));
#21354=CARTESIAN_POINT('',(-6.4,3.7,0.78000000000001));
#21355=CARTESIAN_POINT('',(-6.4,3.35,0.32000000000001));
#21356=CARTESIAN_POINT('',(-6.4,3.35,-0.0399999999999902));
#21357=CARTESIAN_POINT('',(-6.4,3.35,-0.0399999999999903));
#21358=CARTESIAN_POINT('',(-6.4,4.2,-0.0399999999999901));
#21359=CARTESIAN_POINT('',(-6.4,4.2,-0.0399999999999901));
#21360=CARTESIAN_POINT('',(-6.4,4.2,0.14000000000001));
#21361=CARTESIAN_POINT('',(-6.4,4.2,0.14000000000001));
#21362=CARTESIAN_POINT('',(-6.4,3.7,0.14000000000001));
#21363=CARTESIAN_POINT('',(-6.4,3.7,0.14000000000001));
#21364=CARTESIAN_POINT('',(-6.4,0.100000000000001,0.634343971258149));
#21365=CARTESIAN_POINT('',(-6.6,3.7,0.14000000000001));
#21366=CARTESIAN_POINT('',(-6.6,3.7,0.14000000000001));
#21367=CARTESIAN_POINT('',(-6.6,4.2,0.14000000000001));
#21368=CARTESIAN_POINT('',(-6.6,4.2,0.14000000000001));
#21369=CARTESIAN_POINT('',(-6.6,4.2,-0.0399999999999901));
#21370=CARTESIAN_POINT('',(-6.6,4.2,-0.0399999999999901));
#21371=CARTESIAN_POINT('',(-6.6,3.35,-0.0399999999999903));
#21372=CARTESIAN_POINT('',(-6.6,3.35,-0.0399999999999902));
#21373=CARTESIAN_POINT('',(-6.6,3.35,0.32000000000001));
#21374=CARTESIAN_POINT('',(-6.6,0.100000000000001,0.634343971258149));
#21375=CARTESIAN_POINT('',(-6.4,3.35,-0.0399999999999902));
#21376=CARTESIAN_POINT('',(-6.4,3.35,0.32000000000001));
#21377=CARTESIAN_POINT('',(-6.4,4.2,-0.0399999999999901));
#21378=CARTESIAN_POINT('',(-6.4,3.35,-0.0399999999999903));
#21379=CARTESIAN_POINT('',(-6.4,4.2,0.14000000000001));
#21380=CARTESIAN_POINT('',(-6.4,4.2,-0.0399999999999901));
#21381=CARTESIAN_POINT('',(-6.4,3.7,0.14000000000001));
#21382=CARTESIAN_POINT('',(-6.4,4.2,0.14000000000001));
#21383=CARTESIAN_POINT('',(-6.4,3.7,0.14000000000001));
#21384=CARTESIAN_POINT('',(-6.1,3.7,0.78000000000001));
#21385=CARTESIAN_POINT('',(-6.1,3.7,0.78000000000001));
#21386=CARTESIAN_POINT('',(-5.9,3.7,0.78000000000001));
#21387=CARTESIAN_POINT('',(-5.9,3.7,0.78000000000001));
#21388=CARTESIAN_POINT('',(-5.9,3.7,0.78000000000001));
#21389=CARTESIAN_POINT('',(-5.9,3.7,0.78000000000001));
#21390=CARTESIAN_POINT('',(-5.9,3.35,0.32000000000001));
#21391=CARTESIAN_POINT('',(-5.9,3.35,-0.0399999999999902));
#21392=CARTESIAN_POINT('',(-5.9,3.35,-0.0399999999999903));
#21393=CARTESIAN_POINT('',(-5.9,4.2,-0.0399999999999901));
#21394=CARTESIAN_POINT('',(-5.9,4.2,-0.0399999999999901));
#21395=CARTESIAN_POINT('',(-5.9,4.2,0.14000000000001));
#21396=CARTESIAN_POINT('',(-5.9,4.2,0.14000000000001));
#21397=CARTESIAN_POINT('',(-5.9,3.7,0.14000000000001));
#21398=CARTESIAN_POINT('',(-5.9,3.7,0.14000000000001));
#21399=CARTESIAN_POINT('',(-5.9,0.100000000000001,0.634343971258149));
#21400=CARTESIAN_POINT('',(-6.1,3.7,0.14000000000001));
#21401=CARTESIAN_POINT('',(-6.1,3.7,0.14000000000001));
#21402=CARTESIAN_POINT('',(-6.1,4.2,0.14000000000001));
#21403=CARTESIAN_POINT('',(-6.1,4.2,0.14000000000001));
#21404=CARTESIAN_POINT('',(-6.1,4.2,-0.0399999999999901));
#21405=CARTESIAN_POINT('',(-6.1,4.2,-0.0399999999999901));
#21406=CARTESIAN_POINT('',(-6.1,3.35,-0.0399999999999903));
#21407=CARTESIAN_POINT('',(-6.1,3.35,-0.0399999999999902));
#21408=CARTESIAN_POINT('',(-6.1,3.35,0.32000000000001));
#21409=CARTESIAN_POINT('',(-6.1,0.100000000000001,0.634343971258149));
#21410=CARTESIAN_POINT('',(-5.9,3.35,-0.0399999999999902));
#21411=CARTESIAN_POINT('',(-5.9,3.35,0.32000000000001));
#21412=CARTESIAN_POINT('',(-5.9,4.2,-0.0399999999999901));
#21413=CARTESIAN_POINT('',(-5.9,3.35,-0.0399999999999903));
#21414=CARTESIAN_POINT('',(-5.9,4.2,0.14000000000001));
#21415=CARTESIAN_POINT('',(-5.9,4.2,-0.0399999999999901));
#21416=CARTESIAN_POINT('',(-5.9,3.7,0.14000000000001));
#21417=CARTESIAN_POINT('',(-5.9,4.2,0.14000000000001));
#21418=CARTESIAN_POINT('',(-5.9,3.7,0.14000000000001));
#21419=CARTESIAN_POINT('',(-5.6,3.7,0.78000000000001));
#21420=CARTESIAN_POINT('',(-5.6,3.7,0.78000000000001));
#21421=CARTESIAN_POINT('',(-5.4,3.7,0.78000000000001));
#21422=CARTESIAN_POINT('',(-5.4,3.7,0.78000000000001));
#21423=CARTESIAN_POINT('',(-5.4,3.7,0.78000000000001));
#21424=CARTESIAN_POINT('',(-5.4,3.7,0.78000000000001));
#21425=CARTESIAN_POINT('',(-5.4,3.35,0.32000000000001));
#21426=CARTESIAN_POINT('',(-5.4,3.35,-0.0399999999999902));
#21427=CARTESIAN_POINT('',(-5.4,3.35,-0.0399999999999903));
#21428=CARTESIAN_POINT('',(-5.4,4.2,-0.0399999999999901));
#21429=CARTESIAN_POINT('',(-5.4,4.2,-0.0399999999999901));
#21430=CARTESIAN_POINT('',(-5.4,4.2,0.14000000000001));
#21431=CARTESIAN_POINT('',(-5.4,4.2,0.14000000000001));
#21432=CARTESIAN_POINT('',(-5.4,3.7,0.14000000000001));
#21433=CARTESIAN_POINT('',(-5.4,3.7,0.14000000000001));
#21434=CARTESIAN_POINT('',(-5.4,0.100000000000001,0.634343971258149));
#21435=CARTESIAN_POINT('',(-5.6,3.7,0.14000000000001));
#21436=CARTESIAN_POINT('',(-5.6,3.7,0.14000000000001));
#21437=CARTESIAN_POINT('',(-5.6,4.2,0.14000000000001));
#21438=CARTESIAN_POINT('',(-5.6,4.2,0.14000000000001));
#21439=CARTESIAN_POINT('',(-5.6,4.2,-0.0399999999999901));
#21440=CARTESIAN_POINT('',(-5.6,4.2,-0.0399999999999901));
#21441=CARTESIAN_POINT('',(-5.6,3.35,-0.0399999999999903));
#21442=CARTESIAN_POINT('',(-5.6,3.35,-0.0399999999999902));
#21443=CARTESIAN_POINT('',(-5.6,3.35,0.32000000000001));
#21444=CARTESIAN_POINT('',(-5.6,0.100000000000001,0.634343971258149));
#21445=CARTESIAN_POINT('',(-5.4,3.35,-0.0399999999999902));
#21446=CARTESIAN_POINT('',(-5.4,3.35,0.32000000000001));
#21447=CARTESIAN_POINT('',(-5.4,4.2,-0.0399999999999901));
#21448=CARTESIAN_POINT('',(-5.4,3.35,-0.0399999999999903));
#21449=CARTESIAN_POINT('',(-5.4,4.2,0.14000000000001));
#21450=CARTESIAN_POINT('',(-5.4,4.2,-0.0399999999999901));
#21451=CARTESIAN_POINT('',(-5.4,3.7,0.14000000000001));
#21452=CARTESIAN_POINT('',(-5.4,4.2,0.14000000000001));
#21453=CARTESIAN_POINT('',(-5.4,3.7,0.14000000000001));
#21454=CARTESIAN_POINT('',(-5.1,3.7,0.78000000000001));
#21455=CARTESIAN_POINT('',(-5.1,3.7,0.78000000000001));
#21456=CARTESIAN_POINT('',(-4.9,3.7,0.78000000000001));
#21457=CARTESIAN_POINT('',(-4.9,3.7,0.78000000000001));
#21458=CARTESIAN_POINT('',(-4.9,3.7,0.78000000000001));
#21459=CARTESIAN_POINT('',(-4.9,3.7,0.78000000000001));
#21460=CARTESIAN_POINT('',(-4.9,3.35,0.32000000000001));
#21461=CARTESIAN_POINT('',(-4.9,3.35,-0.0399999999999902));
#21462=CARTESIAN_POINT('',(-4.9,3.35,-0.0399999999999903));
#21463=CARTESIAN_POINT('',(-4.9,4.2,-0.0399999999999901));
#21464=CARTESIAN_POINT('',(-4.9,4.2,-0.0399999999999901));
#21465=CARTESIAN_POINT('',(-4.9,4.2,0.14000000000001));
#21466=CARTESIAN_POINT('',(-4.9,4.2,0.14000000000001));
#21467=CARTESIAN_POINT('',(-4.9,3.7,0.14000000000001));
#21468=CARTESIAN_POINT('',(-4.9,3.7,0.14000000000001));
#21469=CARTESIAN_POINT('',(-4.9,0.100000000000001,0.634343971258149));
#21470=CARTESIAN_POINT('',(-5.1,3.7,0.14000000000001));
#21471=CARTESIAN_POINT('',(-5.1,3.7,0.14000000000001));
#21472=CARTESIAN_POINT('',(-5.1,4.2,0.14000000000001));
#21473=CARTESIAN_POINT('',(-5.1,4.2,0.14000000000001));
#21474=CARTESIAN_POINT('',(-5.1,4.2,-0.0399999999999901));
#21475=CARTESIAN_POINT('',(-5.1,4.2,-0.0399999999999901));
#21476=CARTESIAN_POINT('',(-5.1,3.35,-0.0399999999999903));
#21477=CARTESIAN_POINT('',(-5.1,3.35,-0.0399999999999902));
#21478=CARTESIAN_POINT('',(-5.1,3.35,0.32000000000001));
#21479=CARTESIAN_POINT('',(-5.1,0.100000000000001,0.634343971258149));
#21480=CARTESIAN_POINT('',(-4.9,3.35,-0.0399999999999902));
#21481=CARTESIAN_POINT('',(-4.9,3.35,0.32000000000001));
#21482=CARTESIAN_POINT('',(-4.9,4.2,-0.0399999999999901));
#21483=CARTESIAN_POINT('',(-4.9,3.35,-0.0399999999999903));
#21484=CARTESIAN_POINT('',(-4.9,4.2,0.14000000000001));
#21485=CARTESIAN_POINT('',(-4.9,4.2,-0.0399999999999901));
#21486=CARTESIAN_POINT('',(-4.9,3.7,0.14000000000001));
#21487=CARTESIAN_POINT('',(-4.9,4.2,0.14000000000001));
#21488=CARTESIAN_POINT('',(-4.9,3.7,0.14000000000001));
#21489=CARTESIAN_POINT('',(-4.6,3.7,0.78000000000001));
#21490=CARTESIAN_POINT('',(-4.6,3.7,0.78000000000001));
#21491=CARTESIAN_POINT('',(-4.4,3.7,0.78000000000001));
#21492=CARTESIAN_POINT('',(-4.4,3.7,0.78000000000001));
#21493=CARTESIAN_POINT('',(-4.4,3.7,0.78000000000001));
#21494=CARTESIAN_POINT('',(-4.4,3.7,0.78000000000001));
#21495=CARTESIAN_POINT('',(-4.4,3.35,0.32000000000001));
#21496=CARTESIAN_POINT('',(-4.4,3.35,-0.0399999999999902));
#21497=CARTESIAN_POINT('',(-4.4,3.35,-0.0399999999999903));
#21498=CARTESIAN_POINT('',(-4.4,4.2,-0.0399999999999901));
#21499=CARTESIAN_POINT('',(-4.4,4.2,-0.0399999999999901));
#21500=CARTESIAN_POINT('',(-4.4,4.2,0.14000000000001));
#21501=CARTESIAN_POINT('',(-4.4,4.2,0.14000000000001));
#21502=CARTESIAN_POINT('',(-4.4,3.7,0.14000000000001));
#21503=CARTESIAN_POINT('',(-4.4,3.7,0.14000000000001));
#21504=CARTESIAN_POINT('',(-4.4,0.100000000000001,0.634343971258149));
#21505=CARTESIAN_POINT('',(-4.6,3.7,0.14000000000001));
#21506=CARTESIAN_POINT('',(-4.6,3.7,0.14000000000001));
#21507=CARTESIAN_POINT('',(-4.6,4.2,0.14000000000001));
#21508=CARTESIAN_POINT('',(-4.6,4.2,0.14000000000001));
#21509=CARTESIAN_POINT('',(-4.6,4.2,-0.0399999999999901));
#21510=CARTESIAN_POINT('',(-4.6,4.2,-0.0399999999999901));
#21511=CARTESIAN_POINT('',(-4.6,3.35,-0.0399999999999903));
#21512=CARTESIAN_POINT('',(-4.6,3.35,-0.0399999999999902));
#21513=CARTESIAN_POINT('',(-4.6,3.35,0.32000000000001));
#21514=CARTESIAN_POINT('',(-4.6,0.100000000000001,0.634343971258149));
#21515=CARTESIAN_POINT('',(-4.4,3.35,-0.0399999999999902));
#21516=CARTESIAN_POINT('',(-4.4,3.35,0.32000000000001));
#21517=CARTESIAN_POINT('',(-4.4,4.2,-0.0399999999999901));
#21518=CARTESIAN_POINT('',(-4.4,3.35,-0.0399999999999903));
#21519=CARTESIAN_POINT('',(-4.4,4.2,0.14000000000001));
#21520=CARTESIAN_POINT('',(-4.4,4.2,-0.0399999999999901));
#21521=CARTESIAN_POINT('',(-4.4,3.7,0.14000000000001));
#21522=CARTESIAN_POINT('',(-4.4,4.2,0.14000000000001));
#21523=CARTESIAN_POINT('',(-4.4,3.7,0.14000000000001));
#21524=CARTESIAN_POINT('',(-4.1,3.7,0.78000000000001));
#21525=CARTESIAN_POINT('',(-4.1,3.7,0.78000000000001));
#21526=CARTESIAN_POINT('',(-3.9,3.7,0.78000000000001));
#21527=CARTESIAN_POINT('',(-3.9,3.7,0.78000000000001));
#21528=CARTESIAN_POINT('',(-3.9,3.7,0.78000000000001));
#21529=CARTESIAN_POINT('',(-3.9,3.7,0.78000000000001));
#21530=CARTESIAN_POINT('',(-3.9,3.35,0.32000000000001));
#21531=CARTESIAN_POINT('',(-3.9,3.35,-0.0399999999999902));
#21532=CARTESIAN_POINT('',(-3.9,3.35,-0.0399999999999903));
#21533=CARTESIAN_POINT('',(-3.9,4.2,-0.0399999999999901));
#21534=CARTESIAN_POINT('',(-3.9,4.2,-0.0399999999999901));
#21535=CARTESIAN_POINT('',(-3.9,4.2,0.14000000000001));
#21536=CARTESIAN_POINT('',(-3.9,4.2,0.14000000000001));
#21537=CARTESIAN_POINT('',(-3.9,3.7,0.14000000000001));
#21538=CARTESIAN_POINT('',(-3.9,3.7,0.14000000000001));
#21539=CARTESIAN_POINT('',(-3.9,0.100000000000001,0.634343971258149));
#21540=CARTESIAN_POINT('',(-4.1,3.7,0.14000000000001));
#21541=CARTESIAN_POINT('',(-4.1,3.7,0.14000000000001));
#21542=CARTESIAN_POINT('',(-4.1,4.2,0.14000000000001));
#21543=CARTESIAN_POINT('',(-4.1,4.2,0.14000000000001));
#21544=CARTESIAN_POINT('',(-4.1,4.2,-0.0399999999999901));
#21545=CARTESIAN_POINT('',(-4.1,4.2,-0.0399999999999901));
#21546=CARTESIAN_POINT('',(-4.1,3.35,-0.0399999999999903));
#21547=CARTESIAN_POINT('',(-4.1,3.35,-0.0399999999999902));
#21548=CARTESIAN_POINT('',(-4.1,3.35,0.32000000000001));
#21549=CARTESIAN_POINT('',(-4.1,0.100000000000001,0.634343971258149));
#21550=CARTESIAN_POINT('',(-3.9,3.35,-0.0399999999999902));
#21551=CARTESIAN_POINT('',(-3.9,3.35,0.32000000000001));
#21552=CARTESIAN_POINT('',(-3.9,4.2,-0.0399999999999901));
#21553=CARTESIAN_POINT('',(-3.9,3.35,-0.0399999999999903));
#21554=CARTESIAN_POINT('',(-3.9,4.2,0.14000000000001));
#21555=CARTESIAN_POINT('',(-3.9,4.2,-0.0399999999999901));
#21556=CARTESIAN_POINT('',(-3.9,3.7,0.14000000000001));
#21557=CARTESIAN_POINT('',(-3.9,4.2,0.14000000000001));
#21558=CARTESIAN_POINT('',(-3.9,3.7,0.14000000000001));
#21559=CARTESIAN_POINT('',(-3.6,3.7,0.78000000000001));
#21560=CARTESIAN_POINT('',(-3.6,3.7,0.78000000000001));
#21561=CARTESIAN_POINT('',(-3.4,3.7,0.78000000000001));
#21562=CARTESIAN_POINT('',(-3.4,3.7,0.78000000000001));
#21563=CARTESIAN_POINT('',(-3.4,3.7,0.78000000000001));
#21564=CARTESIAN_POINT('',(-3.4,3.7,0.78000000000001));
#21565=CARTESIAN_POINT('',(-3.4,3.35,0.32000000000001));
#21566=CARTESIAN_POINT('',(-3.4,3.35,-0.0399999999999902));
#21567=CARTESIAN_POINT('',(-3.4,3.35,-0.0399999999999903));
#21568=CARTESIAN_POINT('',(-3.4,4.2,-0.0399999999999901));
#21569=CARTESIAN_POINT('',(-3.4,4.2,-0.0399999999999901));
#21570=CARTESIAN_POINT('',(-3.4,4.2,0.14000000000001));
#21571=CARTESIAN_POINT('',(-3.4,4.2,0.14000000000001));
#21572=CARTESIAN_POINT('',(-3.4,3.7,0.14000000000001));
#21573=CARTESIAN_POINT('',(-3.4,3.7,0.14000000000001));
#21574=CARTESIAN_POINT('',(-3.4,0.100000000000001,0.634343971258149));
#21575=CARTESIAN_POINT('',(-3.6,3.7,0.14000000000001));
#21576=CARTESIAN_POINT('',(-3.6,3.7,0.14000000000001));
#21577=CARTESIAN_POINT('',(-3.6,4.2,0.14000000000001));
#21578=CARTESIAN_POINT('',(-3.6,4.2,0.14000000000001));
#21579=CARTESIAN_POINT('',(-3.6,4.2,-0.0399999999999901));
#21580=CARTESIAN_POINT('',(-3.6,4.2,-0.0399999999999901));
#21581=CARTESIAN_POINT('',(-3.6,3.35,-0.0399999999999903));
#21582=CARTESIAN_POINT('',(-3.6,3.35,-0.0399999999999902));
#21583=CARTESIAN_POINT('',(-3.6,3.35,0.32000000000001));
#21584=CARTESIAN_POINT('',(-3.6,0.100000000000001,0.634343971258149));
#21585=CARTESIAN_POINT('',(-3.4,3.35,-0.0399999999999902));
#21586=CARTESIAN_POINT('',(-3.4,3.35,0.32000000000001));
#21587=CARTESIAN_POINT('',(-3.4,4.2,-0.0399999999999901));
#21588=CARTESIAN_POINT('',(-3.4,3.35,-0.0399999999999903));
#21589=CARTESIAN_POINT('',(-3.4,4.2,0.14000000000001));
#21590=CARTESIAN_POINT('',(-3.4,4.2,-0.0399999999999901));
#21591=CARTESIAN_POINT('',(-3.4,3.7,0.14000000000001));
#21592=CARTESIAN_POINT('',(-3.4,4.2,0.14000000000001));
#21593=CARTESIAN_POINT('',(-3.4,3.7,0.14000000000001));
#21594=CARTESIAN_POINT('',(-3.1,3.7,0.78000000000001));
#21595=CARTESIAN_POINT('',(-3.1,3.7,0.78000000000001));
#21596=CARTESIAN_POINT('',(-2.9,3.7,0.78000000000001));
#21597=CARTESIAN_POINT('',(-2.9,3.7,0.78000000000001));
#21598=CARTESIAN_POINT('',(-2.9,3.7,0.78000000000001));
#21599=CARTESIAN_POINT('',(-2.9,3.7,0.78000000000001));
#21600=CARTESIAN_POINT('',(-2.9,3.35,0.32000000000001));
#21601=CARTESIAN_POINT('',(-2.9,3.35,-0.0399999999999902));
#21602=CARTESIAN_POINT('',(-2.9,3.35,-0.0399999999999903));
#21603=CARTESIAN_POINT('',(-2.9,4.2,-0.0399999999999901));
#21604=CARTESIAN_POINT('',(-2.9,4.2,-0.0399999999999901));
#21605=CARTESIAN_POINT('',(-2.9,4.2,0.14000000000001));
#21606=CARTESIAN_POINT('',(-2.9,4.2,0.14000000000001));
#21607=CARTESIAN_POINT('',(-2.9,3.7,0.14000000000001));
#21608=CARTESIAN_POINT('',(-2.9,3.7,0.14000000000001));
#21609=CARTESIAN_POINT('',(-2.9,0.100000000000001,0.634343971258149));
#21610=CARTESIAN_POINT('',(-3.1,3.7,0.14000000000001));
#21611=CARTESIAN_POINT('',(-3.1,3.7,0.14000000000001));
#21612=CARTESIAN_POINT('',(-3.1,4.2,0.14000000000001));
#21613=CARTESIAN_POINT('',(-3.1,4.2,0.14000000000001));
#21614=CARTESIAN_POINT('',(-3.1,4.2,-0.0399999999999901));
#21615=CARTESIAN_POINT('',(-3.1,4.2,-0.0399999999999901));
#21616=CARTESIAN_POINT('',(-3.1,3.35,-0.0399999999999903));
#21617=CARTESIAN_POINT('',(-3.1,3.35,-0.0399999999999902));
#21618=CARTESIAN_POINT('',(-3.1,3.35,0.32000000000001));
#21619=CARTESIAN_POINT('',(-3.1,0.100000000000001,0.634343971258149));
#21620=CARTESIAN_POINT('',(-2.9,3.35,-0.0399999999999902));
#21621=CARTESIAN_POINT('',(-2.9,3.35,0.32000000000001));
#21622=CARTESIAN_POINT('',(-2.9,4.2,-0.0399999999999901));
#21623=CARTESIAN_POINT('',(-2.9,3.35,-0.0399999999999903));
#21624=CARTESIAN_POINT('',(-2.9,4.2,0.14000000000001));
#21625=CARTESIAN_POINT('',(-2.9,4.2,-0.0399999999999901));
#21626=CARTESIAN_POINT('',(-2.9,3.7,0.14000000000001));
#21627=CARTESIAN_POINT('',(-2.9,4.2,0.14000000000001));
#21628=CARTESIAN_POINT('',(-2.9,3.7,0.14000000000001));
#21629=CARTESIAN_POINT('',(-2.6,3.7,0.78000000000001));
#21630=CARTESIAN_POINT('',(-2.6,3.7,0.78000000000001));
#21631=CARTESIAN_POINT('',(-2.4,3.7,0.78000000000001));
#21632=CARTESIAN_POINT('',(-2.4,3.7,0.78000000000001));
#21633=CARTESIAN_POINT('',(-2.4,3.7,0.78000000000001));
#21634=CARTESIAN_POINT('',(-2.4,3.7,0.78000000000001));
#21635=CARTESIAN_POINT('',(-2.4,3.35,0.32000000000001));
#21636=CARTESIAN_POINT('',(-2.4,3.35,-0.0399999999999902));
#21637=CARTESIAN_POINT('',(-2.4,3.35,-0.0399999999999903));
#21638=CARTESIAN_POINT('',(-2.4,4.2,-0.0399999999999901));
#21639=CARTESIAN_POINT('',(-2.4,4.2,-0.0399999999999901));
#21640=CARTESIAN_POINT('',(-2.4,4.2,0.14000000000001));
#21641=CARTESIAN_POINT('',(-2.4,4.2,0.14000000000001));
#21642=CARTESIAN_POINT('',(-2.4,3.7,0.14000000000001));
#21643=CARTESIAN_POINT('',(-2.4,3.7,0.14000000000001));
#21644=CARTESIAN_POINT('',(-2.4,0.100000000000001,0.634343971258149));
#21645=CARTESIAN_POINT('',(-2.6,3.7,0.14000000000001));
#21646=CARTESIAN_POINT('',(-2.6,3.7,0.14000000000001));
#21647=CARTESIAN_POINT('',(-2.6,4.2,0.14000000000001));
#21648=CARTESIAN_POINT('',(-2.6,4.2,0.14000000000001));
#21649=CARTESIAN_POINT('',(-2.6,4.2,-0.0399999999999901));
#21650=CARTESIAN_POINT('',(-2.6,4.2,-0.0399999999999901));
#21651=CARTESIAN_POINT('',(-2.6,3.35,-0.0399999999999903));
#21652=CARTESIAN_POINT('',(-2.6,3.35,-0.0399999999999902));
#21653=CARTESIAN_POINT('',(-2.6,3.35,0.32000000000001));
#21654=CARTESIAN_POINT('',(-2.6,0.100000000000001,0.634343971258149));
#21655=CARTESIAN_POINT('',(-2.4,3.35,-0.0399999999999902));
#21656=CARTESIAN_POINT('',(-2.4,3.35,0.32000000000001));
#21657=CARTESIAN_POINT('',(-2.4,4.2,-0.0399999999999901));
#21658=CARTESIAN_POINT('',(-2.4,3.35,-0.0399999999999903));
#21659=CARTESIAN_POINT('',(-2.4,4.2,0.14000000000001));
#21660=CARTESIAN_POINT('',(-2.4,4.2,-0.0399999999999901));
#21661=CARTESIAN_POINT('',(-2.4,3.7,0.14000000000001));
#21662=CARTESIAN_POINT('',(-2.4,4.2,0.14000000000001));
#21663=CARTESIAN_POINT('',(-2.4,3.7,0.14000000000001));
#21664=CARTESIAN_POINT('',(-2.1,3.7,0.78000000000001));
#21665=CARTESIAN_POINT('',(-2.1,3.7,0.78000000000001));
#21666=CARTESIAN_POINT('',(-1.9,3.7,0.78000000000001));
#21667=CARTESIAN_POINT('',(-1.9,3.7,0.78000000000001));
#21668=CARTESIAN_POINT('',(-1.9,3.7,0.78000000000001));
#21669=CARTESIAN_POINT('',(-1.9,3.7,0.78000000000001));
#21670=CARTESIAN_POINT('',(-1.9,3.35,0.32000000000001));
#21671=CARTESIAN_POINT('',(-1.9,3.35,-0.0399999999999902));
#21672=CARTESIAN_POINT('',(-1.9,3.35,-0.0399999999999903));
#21673=CARTESIAN_POINT('',(-1.9,4.2,-0.0399999999999901));
#21674=CARTESIAN_POINT('',(-1.9,4.2,-0.0399999999999901));
#21675=CARTESIAN_POINT('',(-1.9,4.2,0.14000000000001));
#21676=CARTESIAN_POINT('',(-1.9,4.2,0.14000000000001));
#21677=CARTESIAN_POINT('',(-1.9,3.7,0.14000000000001));
#21678=CARTESIAN_POINT('',(-1.9,3.7,0.14000000000001));
#21679=CARTESIAN_POINT('',(-1.9,0.100000000000001,0.634343971258149));
#21680=CARTESIAN_POINT('',(-2.1,3.7,0.14000000000001));
#21681=CARTESIAN_POINT('',(-2.1,3.7,0.14000000000001));
#21682=CARTESIAN_POINT('',(-2.1,4.2,0.14000000000001));
#21683=CARTESIAN_POINT('',(-2.1,4.2,0.14000000000001));
#21684=CARTESIAN_POINT('',(-2.1,4.2,-0.0399999999999901));
#21685=CARTESIAN_POINT('',(-2.1,4.2,-0.0399999999999901));
#21686=CARTESIAN_POINT('',(-2.1,3.35,-0.0399999999999903));
#21687=CARTESIAN_POINT('',(-2.1,3.35,-0.0399999999999902));
#21688=CARTESIAN_POINT('',(-2.1,3.35,0.32000000000001));
#21689=CARTESIAN_POINT('',(-2.1,0.100000000000001,0.634343971258149));
#21690=CARTESIAN_POINT('',(-1.9,3.35,-0.0399999999999902));
#21691=CARTESIAN_POINT('',(-1.9,3.35,0.32000000000001));
#21692=CARTESIAN_POINT('',(-1.9,4.2,-0.0399999999999901));
#21693=CARTESIAN_POINT('',(-1.9,3.35,-0.0399999999999903));
#21694=CARTESIAN_POINT('',(-1.9,4.2,0.14000000000001));
#21695=CARTESIAN_POINT('',(-1.9,4.2,-0.0399999999999901));
#21696=CARTESIAN_POINT('',(-1.9,3.7,0.14000000000001));
#21697=CARTESIAN_POINT('',(-1.9,4.2,0.14000000000001));
#21698=CARTESIAN_POINT('',(-1.9,3.7,0.14000000000001));
#21699=CARTESIAN_POINT('',(-1.6,3.7,0.78000000000001));
#21700=CARTESIAN_POINT('',(-1.6,3.7,0.78000000000001));
#21701=CARTESIAN_POINT('',(-1.4,3.7,0.78000000000001));
#21702=CARTESIAN_POINT('',(-1.4,3.7,0.78000000000001));
#21703=CARTESIAN_POINT('',(-1.4,3.7,0.78000000000001));
#21704=CARTESIAN_POINT('',(-1.4,3.7,0.78000000000001));
#21705=CARTESIAN_POINT('',(-1.4,3.35,0.32000000000001));
#21706=CARTESIAN_POINT('',(-1.4,3.35,-0.0399999999999902));
#21707=CARTESIAN_POINT('',(-1.4,3.35,-0.0399999999999903));
#21708=CARTESIAN_POINT('',(-1.4,4.2,-0.0399999999999901));
#21709=CARTESIAN_POINT('',(-1.4,4.2,-0.0399999999999901));
#21710=CARTESIAN_POINT('',(-1.4,4.2,0.14000000000001));
#21711=CARTESIAN_POINT('',(-1.4,4.2,0.14000000000001));
#21712=CARTESIAN_POINT('',(-1.4,3.7,0.14000000000001));
#21713=CARTESIAN_POINT('',(-1.4,3.7,0.14000000000001));
#21714=CARTESIAN_POINT('',(-1.4,0.100000000000001,0.634343971258149));
#21715=CARTESIAN_POINT('',(-1.6,3.7,0.14000000000001));
#21716=CARTESIAN_POINT('',(-1.6,3.7,0.14000000000001));
#21717=CARTESIAN_POINT('',(-1.6,4.2,0.14000000000001));
#21718=CARTESIAN_POINT('',(-1.6,4.2,0.14000000000001));
#21719=CARTESIAN_POINT('',(-1.6,4.2,-0.0399999999999901));
#21720=CARTESIAN_POINT('',(-1.6,4.2,-0.0399999999999901));
#21721=CARTESIAN_POINT('',(-1.6,3.35,-0.0399999999999903));
#21722=CARTESIAN_POINT('',(-1.6,3.35,-0.0399999999999902));
#21723=CARTESIAN_POINT('',(-1.6,3.35,0.32000000000001));
#21724=CARTESIAN_POINT('',(-1.6,0.100000000000001,0.634343971258149));
#21725=CARTESIAN_POINT('',(-1.4,3.35,-0.0399999999999902));
#21726=CARTESIAN_POINT('',(-1.4,3.35,0.32000000000001));
#21727=CARTESIAN_POINT('',(-1.4,4.2,-0.0399999999999901));
#21728=CARTESIAN_POINT('',(-1.4,3.35,-0.0399999999999903));
#21729=CARTESIAN_POINT('',(-1.4,4.2,0.14000000000001));
#21730=CARTESIAN_POINT('',(-1.4,4.2,-0.0399999999999901));
#21731=CARTESIAN_POINT('',(-1.4,3.7,0.14000000000001));
#21732=CARTESIAN_POINT('',(-1.4,4.2,0.14000000000001));
#21733=CARTESIAN_POINT('',(-1.4,3.7,0.14000000000001));
#21734=CARTESIAN_POINT('',(-1.1,3.7,0.78000000000001));
#21735=CARTESIAN_POINT('',(-1.1,3.7,0.78000000000001));
#21736=CARTESIAN_POINT('',(-0.9,3.7,0.78000000000001));
#21737=CARTESIAN_POINT('',(-0.9,3.7,0.78000000000001));
#21738=CARTESIAN_POINT('',(-0.9,3.7,0.78000000000001));
#21739=CARTESIAN_POINT('',(-0.9,3.7,0.78000000000001));
#21740=CARTESIAN_POINT('',(-0.9,3.35,0.32000000000001));
#21741=CARTESIAN_POINT('',(-0.9,3.35,-0.0399999999999902));
#21742=CARTESIAN_POINT('',(-0.9,3.35,-0.0399999999999903));
#21743=CARTESIAN_POINT('',(-0.9,4.2,-0.0399999999999901));
#21744=CARTESIAN_POINT('',(-0.9,4.2,-0.0399999999999901));
#21745=CARTESIAN_POINT('',(-0.9,4.2,0.14000000000001));
#21746=CARTESIAN_POINT('',(-0.9,4.2,0.14000000000001));
#21747=CARTESIAN_POINT('',(-0.9,3.7,0.14000000000001));
#21748=CARTESIAN_POINT('',(-0.9,3.7,0.14000000000001));
#21749=CARTESIAN_POINT('',(-0.9,0.100000000000001,0.634343971258149));
#21750=CARTESIAN_POINT('',(-1.1,3.7,0.14000000000001));
#21751=CARTESIAN_POINT('',(-1.1,3.7,0.14000000000001));
#21752=CARTESIAN_POINT('',(-1.1,4.2,0.14000000000001));
#21753=CARTESIAN_POINT('',(-1.1,4.2,0.14000000000001));
#21754=CARTESIAN_POINT('',(-1.1,4.2,-0.0399999999999901));
#21755=CARTESIAN_POINT('',(-1.1,4.2,-0.0399999999999901));
#21756=CARTESIAN_POINT('',(-1.1,3.35,-0.0399999999999903));
#21757=CARTESIAN_POINT('',(-1.1,3.35,-0.0399999999999902));
#21758=CARTESIAN_POINT('',(-1.1,3.35,0.32000000000001));
#21759=CARTESIAN_POINT('',(-1.1,0.100000000000001,0.634343971258149));
#21760=CARTESIAN_POINT('',(-0.9,3.35,-0.0399999999999902));
#21761=CARTESIAN_POINT('',(-0.9,3.35,0.32000000000001));
#21762=CARTESIAN_POINT('',(-0.9,4.2,-0.0399999999999901));
#21763=CARTESIAN_POINT('',(-0.9,3.35,-0.0399999999999903));
#21764=CARTESIAN_POINT('',(-0.9,4.2,0.14000000000001));
#21765=CARTESIAN_POINT('',(-0.9,4.2,-0.0399999999999901));
#21766=CARTESIAN_POINT('',(-0.9,3.7,0.14000000000001));
#21767=CARTESIAN_POINT('',(-0.9,4.2,0.14000000000001));
#21768=CARTESIAN_POINT('',(-0.9,3.7,0.14000000000001));
#21769=CARTESIAN_POINT('',(-0.6,3.7,0.78000000000001));
#21770=CARTESIAN_POINT('',(-0.6,3.7,0.78000000000001));
#21771=CARTESIAN_POINT('',(-0.4,3.7,0.78000000000001));
#21772=CARTESIAN_POINT('',(-0.4,3.7,0.78000000000001));
#21773=CARTESIAN_POINT('',(-0.4,3.7,0.78000000000001));
#21774=CARTESIAN_POINT('',(-0.4,3.7,0.78000000000001));
#21775=CARTESIAN_POINT('',(-0.4,3.35,0.32000000000001));
#21776=CARTESIAN_POINT('',(-0.4,3.35,-0.0399999999999902));
#21777=CARTESIAN_POINT('',(-0.4,3.35,-0.0399999999999903));
#21778=CARTESIAN_POINT('',(-0.4,4.2,-0.0399999999999901));
#21779=CARTESIAN_POINT('',(-0.4,4.2,-0.0399999999999901));
#21780=CARTESIAN_POINT('',(-0.4,4.2,0.14000000000001));
#21781=CARTESIAN_POINT('',(-0.4,4.2,0.14000000000001));
#21782=CARTESIAN_POINT('',(-0.4,3.7,0.14000000000001));
#21783=CARTESIAN_POINT('',(-0.4,3.7,0.14000000000001));
#21784=CARTESIAN_POINT('',(-0.4,0.100000000000001,0.634343971258149));
#21785=CARTESIAN_POINT('',(-0.6,3.7,0.14000000000001));
#21786=CARTESIAN_POINT('',(-0.6,3.7,0.14000000000001));
#21787=CARTESIAN_POINT('',(-0.6,4.2,0.14000000000001));
#21788=CARTESIAN_POINT('',(-0.6,4.2,0.14000000000001));
#21789=CARTESIAN_POINT('',(-0.6,4.2,-0.0399999999999901));
#21790=CARTESIAN_POINT('',(-0.6,4.2,-0.0399999999999901));
#21791=CARTESIAN_POINT('',(-0.6,3.35,-0.0399999999999903));
#21792=CARTESIAN_POINT('',(-0.6,3.35,-0.0399999999999902));
#21793=CARTESIAN_POINT('',(-0.6,3.35,0.32000000000001));
#21794=CARTESIAN_POINT('',(-0.6,0.100000000000001,0.634343971258149));
#21795=CARTESIAN_POINT('',(-0.4,3.35,-0.0399999999999902));
#21796=CARTESIAN_POINT('',(-0.4,3.35,0.32000000000001));
#21797=CARTESIAN_POINT('',(-0.4,4.2,-0.0399999999999901));
#21798=CARTESIAN_POINT('',(-0.4,3.35,-0.0399999999999903));
#21799=CARTESIAN_POINT('',(-0.4,4.2,0.14000000000001));
#21800=CARTESIAN_POINT('',(-0.4,4.2,-0.0399999999999901));
#21801=CARTESIAN_POINT('',(-0.4,3.7,0.14000000000001));
#21802=CARTESIAN_POINT('',(-0.4,4.2,0.14000000000001));
#21803=CARTESIAN_POINT('',(-0.4,3.7,0.14000000000001));
#21804=CARTESIAN_POINT('',(-0.1,3.7,0.78000000000001));
#21805=CARTESIAN_POINT('',(-0.1,3.7,0.78000000000001));
#21806=CARTESIAN_POINT('',(0.0999999999999994,3.7,0.78000000000001));
#21807=CARTESIAN_POINT('',(0.0999999999999994,3.7,0.78000000000001));
#21808=CARTESIAN_POINT('',(0.0999999999999994,3.7,0.78000000000001));
#21809=CARTESIAN_POINT('',(0.0999999999999994,3.7,0.78000000000001));
#21810=CARTESIAN_POINT('',(0.0999999999999994,3.35,0.32000000000001));
#21811=CARTESIAN_POINT('',(0.0999999999999994,3.35,-0.0399999999999902));
#21812=CARTESIAN_POINT('',(0.0999999999999994,3.35,-0.0399999999999903));
#21813=CARTESIAN_POINT('',(0.0999999999999994,4.2,-0.0399999999999901));
#21814=CARTESIAN_POINT('',(0.0999999999999994,4.2,-0.0399999999999901));
#21815=CARTESIAN_POINT('',(0.0999999999999994,4.2,0.14000000000001));
#21816=CARTESIAN_POINT('',(0.0999999999999994,4.2,0.14000000000001));
#21817=CARTESIAN_POINT('',(0.0999999999999994,3.7,0.14000000000001));
#21818=CARTESIAN_POINT('',(0.0999999999999994,3.7,0.14000000000001));
#21819=CARTESIAN_POINT('',(0.0999999999999994,0.100000000000001,0.634343971258149));
#21820=CARTESIAN_POINT('',(-0.1,3.7,0.14000000000001));
#21821=CARTESIAN_POINT('',(-0.1,3.7,0.14000000000001));
#21822=CARTESIAN_POINT('',(-0.1,4.2,0.14000000000001));
#21823=CARTESIAN_POINT('',(-0.1,4.2,0.14000000000001));
#21824=CARTESIAN_POINT('',(-0.1,4.2,-0.0399999999999901));
#21825=CARTESIAN_POINT('',(-0.1,4.2,-0.0399999999999901));
#21826=CARTESIAN_POINT('',(-0.1,3.35,-0.0399999999999903));
#21827=CARTESIAN_POINT('',(-0.1,3.35,-0.0399999999999902));
#21828=CARTESIAN_POINT('',(-0.1,3.35,0.32000000000001));
#21829=CARTESIAN_POINT('',(-0.1,0.100000000000001,0.634343971258149));
#21830=CARTESIAN_POINT('',(0.0999999999999994,3.35,-0.0399999999999902));
#21831=CARTESIAN_POINT('',(0.0999999999999994,3.35,0.32000000000001));
#21832=CARTESIAN_POINT('',(0.0999999999999994,4.2,-0.0399999999999901));
#21833=CARTESIAN_POINT('',(0.0999999999999994,3.35,-0.0399999999999903));
#21834=CARTESIAN_POINT('',(0.0999999999999994,4.2,0.14000000000001));
#21835=CARTESIAN_POINT('',(0.0999999999999994,4.2,-0.0399999999999901));
#21836=CARTESIAN_POINT('',(0.0999999999999994,3.7,0.14000000000001));
#21837=CARTESIAN_POINT('',(0.0999999999999994,4.2,0.14000000000001));
#21838=CARTESIAN_POINT('',(0.0999999999999994,3.7,0.14000000000001));
#21839=CARTESIAN_POINT('',(0.4,3.7,0.78000000000001));
#21840=CARTESIAN_POINT('',(0.4,3.7,0.78000000000001));
#21841=CARTESIAN_POINT('',(0.6,3.7,0.78000000000001));
#21842=CARTESIAN_POINT('',(0.6,3.7,0.78000000000001));
#21843=CARTESIAN_POINT('',(0.6,3.7,0.78000000000001));
#21844=CARTESIAN_POINT('',(0.6,3.7,0.78000000000001));
#21845=CARTESIAN_POINT('',(0.6,3.35,0.32000000000001));
#21846=CARTESIAN_POINT('',(0.6,3.35,-0.0399999999999902));
#21847=CARTESIAN_POINT('',(0.6,3.35,-0.0399999999999903));
#21848=CARTESIAN_POINT('',(0.6,4.2,-0.0399999999999901));
#21849=CARTESIAN_POINT('',(0.6,4.2,-0.0399999999999901));
#21850=CARTESIAN_POINT('',(0.6,4.2,0.14000000000001));
#21851=CARTESIAN_POINT('',(0.6,4.2,0.14000000000001));
#21852=CARTESIAN_POINT('',(0.6,3.7,0.14000000000001));
#21853=CARTESIAN_POINT('',(0.6,3.7,0.14000000000001));
#21854=CARTESIAN_POINT('',(0.6,0.100000000000001,0.634343971258149));
#21855=CARTESIAN_POINT('',(0.4,3.7,0.14000000000001));
#21856=CARTESIAN_POINT('',(0.4,3.7,0.14000000000001));
#21857=CARTESIAN_POINT('',(0.4,4.2,0.14000000000001));
#21858=CARTESIAN_POINT('',(0.4,4.2,0.14000000000001));
#21859=CARTESIAN_POINT('',(0.4,4.2,-0.0399999999999901));
#21860=CARTESIAN_POINT('',(0.4,4.2,-0.0399999999999901));
#21861=CARTESIAN_POINT('',(0.4,3.35,-0.0399999999999903));
#21862=CARTESIAN_POINT('',(0.4,3.35,-0.0399999999999902));
#21863=CARTESIAN_POINT('',(0.4,3.35,0.32000000000001));
#21864=CARTESIAN_POINT('',(0.4,0.100000000000001,0.634343971258149));
#21865=CARTESIAN_POINT('',(0.6,3.35,-0.0399999999999902));
#21866=CARTESIAN_POINT('',(0.6,3.35,0.32000000000001));
#21867=CARTESIAN_POINT('',(0.6,4.2,-0.0399999999999901));
#21868=CARTESIAN_POINT('',(0.6,3.35,-0.0399999999999903));
#21869=CARTESIAN_POINT('',(0.6,4.2,0.14000000000001));
#21870=CARTESIAN_POINT('',(0.6,4.2,-0.0399999999999901));
#21871=CARTESIAN_POINT('',(0.6,3.7,0.14000000000001));
#21872=CARTESIAN_POINT('',(0.6,4.2,0.14000000000001));
#21873=CARTESIAN_POINT('',(0.6,3.7,0.14000000000001));
#21874=CARTESIAN_POINT('',(0.900000000000001,3.7,0.78000000000001));
#21875=CARTESIAN_POINT('',(0.900000000000001,3.7,0.78000000000001));
#21876=CARTESIAN_POINT('',(1.1,3.7,0.78000000000001));
#21877=CARTESIAN_POINT('',(1.1,3.7,0.78000000000001));
#21878=CARTESIAN_POINT('',(1.1,3.7,0.78000000000001));
#21879=CARTESIAN_POINT('',(1.1,3.7,0.78000000000001));
#21880=CARTESIAN_POINT('',(1.1,3.35,0.32000000000001));
#21881=CARTESIAN_POINT('',(1.1,3.35,-0.0399999999999902));
#21882=CARTESIAN_POINT('',(1.1,3.35,-0.0399999999999903));
#21883=CARTESIAN_POINT('',(1.1,4.2,-0.0399999999999901));
#21884=CARTESIAN_POINT('',(1.1,4.2,-0.0399999999999901));
#21885=CARTESIAN_POINT('',(1.1,4.2,0.14000000000001));
#21886=CARTESIAN_POINT('',(1.1,4.2,0.14000000000001));
#21887=CARTESIAN_POINT('',(1.1,3.7,0.14000000000001));
#21888=CARTESIAN_POINT('',(1.1,3.7,0.14000000000001));
#21889=CARTESIAN_POINT('',(1.1,0.100000000000001,0.634343971258149));
#21890=CARTESIAN_POINT('',(0.900000000000001,3.7,0.14000000000001));
#21891=CARTESIAN_POINT('',(0.900000000000001,3.7,0.14000000000001));
#21892=CARTESIAN_POINT('',(0.900000000000001,4.2,0.14000000000001));
#21893=CARTESIAN_POINT('',(0.900000000000001,4.2,0.14000000000001));
#21894=CARTESIAN_POINT('',(0.900000000000001,4.2,-0.0399999999999901));
#21895=CARTESIAN_POINT('',(0.900000000000001,4.2,-0.0399999999999901));
#21896=CARTESIAN_POINT('',(0.900000000000001,3.35,-0.0399999999999903));
#21897=CARTESIAN_POINT('',(0.900000000000001,3.35,-0.0399999999999902));
#21898=CARTESIAN_POINT('',(0.900000000000001,3.35,0.32000000000001));
#21899=CARTESIAN_POINT('',(0.900000000000001,0.100000000000001,0.634343971258149));
#21900=CARTESIAN_POINT('',(1.1,3.35,-0.0399999999999902));
#21901=CARTESIAN_POINT('',(1.1,3.35,0.32000000000001));
#21902=CARTESIAN_POINT('',(1.1,4.2,-0.0399999999999901));
#21903=CARTESIAN_POINT('',(1.1,3.35,-0.0399999999999903));
#21904=CARTESIAN_POINT('',(1.1,4.2,0.14000000000001));
#21905=CARTESIAN_POINT('',(1.1,4.2,-0.0399999999999901));
#21906=CARTESIAN_POINT('',(1.1,3.7,0.14000000000001));
#21907=CARTESIAN_POINT('',(1.1,4.2,0.14000000000001));
#21908=CARTESIAN_POINT('',(1.1,3.7,0.14000000000001));
#21909=CARTESIAN_POINT('',(1.4,3.7,0.78000000000001));
#21910=CARTESIAN_POINT('',(1.4,3.7,0.78000000000001));
#21911=CARTESIAN_POINT('',(1.6,3.7,0.78000000000001));
#21912=CARTESIAN_POINT('',(1.6,3.7,0.78000000000001));
#21913=CARTESIAN_POINT('',(1.6,3.7,0.78000000000001));
#21914=CARTESIAN_POINT('',(1.6,3.7,0.78000000000001));
#21915=CARTESIAN_POINT('',(1.6,3.35,0.32000000000001));
#21916=CARTESIAN_POINT('',(1.6,3.35,-0.0399999999999902));
#21917=CARTESIAN_POINT('',(1.6,3.35,-0.0399999999999903));
#21918=CARTESIAN_POINT('',(1.6,4.2,-0.0399999999999901));
#21919=CARTESIAN_POINT('',(1.6,4.2,-0.0399999999999901));
#21920=CARTESIAN_POINT('',(1.6,4.2,0.14000000000001));
#21921=CARTESIAN_POINT('',(1.6,4.2,0.14000000000001));
#21922=CARTESIAN_POINT('',(1.6,3.7,0.14000000000001));
#21923=CARTESIAN_POINT('',(1.6,3.7,0.14000000000001));
#21924=CARTESIAN_POINT('',(1.6,0.100000000000001,0.634343971258149));
#21925=CARTESIAN_POINT('',(1.4,3.7,0.14000000000001));
#21926=CARTESIAN_POINT('',(1.4,3.7,0.14000000000001));
#21927=CARTESIAN_POINT('',(1.4,4.2,0.14000000000001));
#21928=CARTESIAN_POINT('',(1.4,4.2,0.14000000000001));
#21929=CARTESIAN_POINT('',(1.4,4.2,-0.0399999999999901));
#21930=CARTESIAN_POINT('',(1.4,4.2,-0.0399999999999901));
#21931=CARTESIAN_POINT('',(1.4,3.35,-0.0399999999999903));
#21932=CARTESIAN_POINT('',(1.4,3.35,-0.0399999999999902));
#21933=CARTESIAN_POINT('',(1.4,3.35,0.32000000000001));
#21934=CARTESIAN_POINT('',(1.4,0.100000000000001,0.634343971258149));
#21935=CARTESIAN_POINT('',(1.6,3.35,-0.0399999999999902));
#21936=CARTESIAN_POINT('',(1.6,3.35,0.32000000000001));
#21937=CARTESIAN_POINT('',(1.6,4.2,-0.0399999999999901));
#21938=CARTESIAN_POINT('',(1.6,3.35,-0.0399999999999903));
#21939=CARTESIAN_POINT('',(1.6,4.2,0.14000000000001));
#21940=CARTESIAN_POINT('',(1.6,4.2,-0.0399999999999901));
#21941=CARTESIAN_POINT('',(1.6,3.7,0.14000000000001));
#21942=CARTESIAN_POINT('',(1.6,4.2,0.14000000000001));
#21943=CARTESIAN_POINT('',(1.6,3.7,0.14000000000001));
#21944=CARTESIAN_POINT('',(1.9,3.7,0.78000000000001));
#21945=CARTESIAN_POINT('',(1.9,3.7,0.78000000000001));
#21946=CARTESIAN_POINT('',(2.1,3.7,0.78000000000001));
#21947=CARTESIAN_POINT('',(2.1,3.7,0.78000000000001));
#21948=CARTESIAN_POINT('',(2.1,3.7,0.78000000000001));
#21949=CARTESIAN_POINT('',(2.1,3.7,0.78000000000001));
#21950=CARTESIAN_POINT('',(2.1,3.35,0.32000000000001));
#21951=CARTESIAN_POINT('',(2.1,3.35,-0.0399999999999902));
#21952=CARTESIAN_POINT('',(2.1,3.35,-0.0399999999999903));
#21953=CARTESIAN_POINT('',(2.1,4.2,-0.0399999999999901));
#21954=CARTESIAN_POINT('',(2.1,4.2,-0.0399999999999901));
#21955=CARTESIAN_POINT('',(2.1,4.2,0.14000000000001));
#21956=CARTESIAN_POINT('',(2.1,4.2,0.14000000000001));
#21957=CARTESIAN_POINT('',(2.1,3.7,0.14000000000001));
#21958=CARTESIAN_POINT('',(2.1,3.7,0.14000000000001));
#21959=CARTESIAN_POINT('',(2.1,0.100000000000001,0.634343971258149));
#21960=CARTESIAN_POINT('',(1.9,3.7,0.14000000000001));
#21961=CARTESIAN_POINT('',(1.9,3.7,0.14000000000001));
#21962=CARTESIAN_POINT('',(1.9,4.2,0.14000000000001));
#21963=CARTESIAN_POINT('',(1.9,4.2,0.14000000000001));
#21964=CARTESIAN_POINT('',(1.9,4.2,-0.0399999999999901));
#21965=CARTESIAN_POINT('',(1.9,4.2,-0.0399999999999901));
#21966=CARTESIAN_POINT('',(1.9,3.35,-0.0399999999999903));
#21967=CARTESIAN_POINT('',(1.9,3.35,-0.0399999999999902));
#21968=CARTESIAN_POINT('',(1.9,3.35,0.32000000000001));
#21969=CARTESIAN_POINT('',(1.9,0.100000000000001,0.634343971258149));
#21970=CARTESIAN_POINT('',(2.1,3.35,-0.0399999999999902));
#21971=CARTESIAN_POINT('',(2.1,3.35,0.32000000000001));
#21972=CARTESIAN_POINT('',(2.1,4.2,-0.0399999999999901));
#21973=CARTESIAN_POINT('',(2.1,3.35,-0.0399999999999903));
#21974=CARTESIAN_POINT('',(2.1,4.2,0.14000000000001));
#21975=CARTESIAN_POINT('',(2.1,4.2,-0.0399999999999901));
#21976=CARTESIAN_POINT('',(2.1,3.7,0.14000000000001));
#21977=CARTESIAN_POINT('',(2.1,4.2,0.14000000000001));
#21978=CARTESIAN_POINT('',(2.1,3.7,0.14000000000001));
#21979=CARTESIAN_POINT('',(2.4,3.7,0.78000000000001));
#21980=CARTESIAN_POINT('',(2.4,3.7,0.78000000000001));
#21981=CARTESIAN_POINT('',(2.6,3.7,0.78000000000001));
#21982=CARTESIAN_POINT('',(2.6,3.7,0.78000000000001));
#21983=CARTESIAN_POINT('',(2.6,3.7,0.78000000000001));
#21984=CARTESIAN_POINT('',(2.6,3.7,0.78000000000001));
#21985=CARTESIAN_POINT('',(2.6,3.35,0.32000000000001));
#21986=CARTESIAN_POINT('',(2.6,3.35,-0.0399999999999902));
#21987=CARTESIAN_POINT('',(2.6,3.35,-0.0399999999999903));
#21988=CARTESIAN_POINT('',(2.6,4.2,-0.0399999999999901));
#21989=CARTESIAN_POINT('',(2.6,4.2,-0.0399999999999901));
#21990=CARTESIAN_POINT('',(2.6,4.2,0.14000000000001));
#21991=CARTESIAN_POINT('',(2.6,4.2,0.14000000000001));
#21992=CARTESIAN_POINT('',(2.6,3.7,0.14000000000001));
#21993=CARTESIAN_POINT('',(2.6,3.7,0.14000000000001));
#21994=CARTESIAN_POINT('',(2.6,0.100000000000001,0.634343971258149));
#21995=CARTESIAN_POINT('',(2.4,3.7,0.14000000000001));
#21996=CARTESIAN_POINT('',(2.4,3.7,0.14000000000001));
#21997=CARTESIAN_POINT('',(2.4,4.2,0.14000000000001));
#21998=CARTESIAN_POINT('',(2.4,4.2,0.14000000000001));
#21999=CARTESIAN_POINT('',(2.4,4.2,-0.0399999999999901));
#22000=CARTESIAN_POINT('',(2.4,4.2,-0.0399999999999901));
#22001=CARTESIAN_POINT('',(2.4,3.35,-0.0399999999999903));
#22002=CARTESIAN_POINT('',(2.4,3.35,-0.0399999999999902));
#22003=CARTESIAN_POINT('',(2.4,3.35,0.32000000000001));
#22004=CARTESIAN_POINT('',(2.4,0.100000000000001,0.634343971258149));
#22005=CARTESIAN_POINT('',(2.6,3.35,-0.0399999999999902));
#22006=CARTESIAN_POINT('',(2.6,3.35,0.32000000000001));
#22007=CARTESIAN_POINT('',(2.6,4.2,-0.0399999999999901));
#22008=CARTESIAN_POINT('',(2.6,3.35,-0.0399999999999903));
#22009=CARTESIAN_POINT('',(2.6,4.2,0.14000000000001));
#22010=CARTESIAN_POINT('',(2.6,4.2,-0.0399999999999901));
#22011=CARTESIAN_POINT('',(2.6,3.7,0.14000000000001));
#22012=CARTESIAN_POINT('',(2.6,4.2,0.14000000000001));
#22013=CARTESIAN_POINT('',(2.6,3.7,0.14000000000001));
#22014=CARTESIAN_POINT('',(2.9,3.7,0.78000000000001));
#22015=CARTESIAN_POINT('',(2.9,3.7,0.78000000000001));
#22016=CARTESIAN_POINT('',(3.1,3.7,0.78000000000001));
#22017=CARTESIAN_POINT('',(3.1,3.7,0.78000000000001));
#22018=CARTESIAN_POINT('',(3.1,3.7,0.78000000000001));
#22019=CARTESIAN_POINT('',(3.1,3.7,0.78000000000001));
#22020=CARTESIAN_POINT('',(3.1,3.35,0.32000000000001));
#22021=CARTESIAN_POINT('',(3.1,3.35,-0.0399999999999902));
#22022=CARTESIAN_POINT('',(3.1,3.35,-0.0399999999999903));
#22023=CARTESIAN_POINT('',(3.1,4.2,-0.0399999999999901));
#22024=CARTESIAN_POINT('',(3.1,4.2,-0.0399999999999901));
#22025=CARTESIAN_POINT('',(3.1,4.2,0.14000000000001));
#22026=CARTESIAN_POINT('',(3.1,4.2,0.14000000000001));
#22027=CARTESIAN_POINT('',(3.1,3.7,0.14000000000001));
#22028=CARTESIAN_POINT('',(3.1,3.7,0.14000000000001));
#22029=CARTESIAN_POINT('',(3.1,0.100000000000001,0.634343971258149));
#22030=CARTESIAN_POINT('',(2.9,3.7,0.14000000000001));
#22031=CARTESIAN_POINT('',(2.9,3.7,0.14000000000001));
#22032=CARTESIAN_POINT('',(2.9,4.2,0.14000000000001));
#22033=CARTESIAN_POINT('',(2.9,4.2,0.14000000000001));
#22034=CARTESIAN_POINT('',(2.9,4.2,-0.0399999999999901));
#22035=CARTESIAN_POINT('',(2.9,4.2,-0.0399999999999901));
#22036=CARTESIAN_POINT('',(2.9,3.35,-0.0399999999999903));
#22037=CARTESIAN_POINT('',(2.9,3.35,-0.0399999999999902));
#22038=CARTESIAN_POINT('',(2.9,3.35,0.32000000000001));
#22039=CARTESIAN_POINT('',(2.9,0.100000000000001,0.634343971258149));
#22040=CARTESIAN_POINT('',(3.1,3.35,-0.0399999999999902));
#22041=CARTESIAN_POINT('',(3.1,3.35,0.32000000000001));
#22042=CARTESIAN_POINT('',(3.1,4.2,-0.0399999999999901));
#22043=CARTESIAN_POINT('',(3.1,3.35,-0.0399999999999903));
#22044=CARTESIAN_POINT('',(3.1,4.2,0.14000000000001));
#22045=CARTESIAN_POINT('',(3.1,4.2,-0.0399999999999901));
#22046=CARTESIAN_POINT('',(3.1,3.7,0.14000000000001));
#22047=CARTESIAN_POINT('',(3.1,4.2,0.14000000000001));
#22048=CARTESIAN_POINT('',(3.1,3.7,0.14000000000001));
#22049=CARTESIAN_POINT('',(3.4,3.7,0.78000000000001));
#22050=CARTESIAN_POINT('',(3.4,3.7,0.78000000000001));
#22051=CARTESIAN_POINT('',(3.6,3.7,0.78000000000001));
#22052=CARTESIAN_POINT('',(3.6,3.7,0.78000000000001));
#22053=CARTESIAN_POINT('',(3.6,3.7,0.78000000000001));
#22054=CARTESIAN_POINT('',(3.6,3.7,0.78000000000001));
#22055=CARTESIAN_POINT('',(3.6,3.35,0.32000000000001));
#22056=CARTESIAN_POINT('',(3.6,3.35,-0.0399999999999902));
#22057=CARTESIAN_POINT('',(3.6,3.35,-0.0399999999999903));
#22058=CARTESIAN_POINT('',(3.6,4.2,-0.0399999999999901));
#22059=CARTESIAN_POINT('',(3.6,4.2,-0.0399999999999901));
#22060=CARTESIAN_POINT('',(3.6,4.2,0.14000000000001));
#22061=CARTESIAN_POINT('',(3.6,4.2,0.14000000000001));
#22062=CARTESIAN_POINT('',(3.6,3.7,0.14000000000001));
#22063=CARTESIAN_POINT('',(3.6,3.7,0.14000000000001));
#22064=CARTESIAN_POINT('',(3.6,0.100000000000001,0.634343971258149));
#22065=CARTESIAN_POINT('',(3.4,3.7,0.14000000000001));
#22066=CARTESIAN_POINT('',(3.4,3.7,0.14000000000001));
#22067=CARTESIAN_POINT('',(3.4,4.2,0.14000000000001));
#22068=CARTESIAN_POINT('',(3.4,4.2,0.14000000000001));
#22069=CARTESIAN_POINT('',(3.4,4.2,-0.0399999999999901));
#22070=CARTESIAN_POINT('',(3.4,4.2,-0.0399999999999901));
#22071=CARTESIAN_POINT('',(3.4,3.35,-0.0399999999999903));
#22072=CARTESIAN_POINT('',(3.4,3.35,-0.0399999999999902));
#22073=CARTESIAN_POINT('',(3.4,3.35,0.32000000000001));
#22074=CARTESIAN_POINT('',(3.4,0.100000000000001,0.634343971258149));
#22075=CARTESIAN_POINT('',(3.6,3.35,-0.0399999999999902));
#22076=CARTESIAN_POINT('',(3.6,3.35,0.32000000000001));
#22077=CARTESIAN_POINT('',(3.6,4.2,-0.0399999999999901));
#22078=CARTESIAN_POINT('',(3.6,3.35,-0.0399999999999903));
#22079=CARTESIAN_POINT('',(3.6,4.2,0.14000000000001));
#22080=CARTESIAN_POINT('',(3.6,4.2,-0.0399999999999901));
#22081=CARTESIAN_POINT('',(3.6,3.7,0.14000000000001));
#22082=CARTESIAN_POINT('',(3.6,4.2,0.14000000000001));
#22083=CARTESIAN_POINT('',(3.6,3.7,0.14000000000001));
#22084=CARTESIAN_POINT('',(3.9,3.7,0.78000000000001));
#22085=CARTESIAN_POINT('',(3.9,3.7,0.78000000000001));
#22086=CARTESIAN_POINT('',(4.1,3.7,0.78000000000001));
#22087=CARTESIAN_POINT('',(4.1,3.7,0.78000000000001));
#22088=CARTESIAN_POINT('',(4.1,3.7,0.78000000000001));
#22089=CARTESIAN_POINT('',(4.1,3.7,0.78000000000001));
#22090=CARTESIAN_POINT('',(4.1,3.35,0.32000000000001));
#22091=CARTESIAN_POINT('',(4.1,3.35,-0.0399999999999902));
#22092=CARTESIAN_POINT('',(4.1,3.35,-0.0399999999999903));
#22093=CARTESIAN_POINT('',(4.1,4.2,-0.0399999999999901));
#22094=CARTESIAN_POINT('',(4.1,4.2,-0.0399999999999901));
#22095=CARTESIAN_POINT('',(4.1,4.2,0.14000000000001));
#22096=CARTESIAN_POINT('',(4.1,4.2,0.14000000000001));
#22097=CARTESIAN_POINT('',(4.1,3.7,0.14000000000001));
#22098=CARTESIAN_POINT('',(4.1,3.7,0.14000000000001));
#22099=CARTESIAN_POINT('',(4.1,0.100000000000001,0.634343971258149));
#22100=CARTESIAN_POINT('',(3.9,3.7,0.14000000000001));
#22101=CARTESIAN_POINT('',(3.9,3.7,0.14000000000001));
#22102=CARTESIAN_POINT('',(3.9,4.2,0.14000000000001));
#22103=CARTESIAN_POINT('',(3.9,4.2,0.14000000000001));
#22104=CARTESIAN_POINT('',(3.9,4.2,-0.0399999999999901));
#22105=CARTESIAN_POINT('',(3.9,4.2,-0.0399999999999901));
#22106=CARTESIAN_POINT('',(3.9,3.35,-0.0399999999999903));
#22107=CARTESIAN_POINT('',(3.9,3.35,-0.0399999999999902));
#22108=CARTESIAN_POINT('',(3.9,3.35,0.32000000000001));
#22109=CARTESIAN_POINT('',(3.9,0.100000000000001,0.634343971258149));
#22110=CARTESIAN_POINT('',(4.1,3.35,-0.0399999999999902));
#22111=CARTESIAN_POINT('',(4.1,3.35,0.32000000000001));
#22112=CARTESIAN_POINT('',(4.1,4.2,-0.0399999999999901));
#22113=CARTESIAN_POINT('',(4.1,3.35,-0.0399999999999903));
#22114=CARTESIAN_POINT('',(4.1,4.2,0.14000000000001));
#22115=CARTESIAN_POINT('',(4.1,4.2,-0.0399999999999901));
#22116=CARTESIAN_POINT('',(4.1,3.7,0.14000000000001));
#22117=CARTESIAN_POINT('',(4.1,4.2,0.14000000000001));
#22118=CARTESIAN_POINT('',(4.1,3.7,0.14000000000001));
#22119=CARTESIAN_POINT('',(4.4,3.7,0.78000000000001));
#22120=CARTESIAN_POINT('',(4.4,3.7,0.78000000000001));
#22121=CARTESIAN_POINT('',(4.6,3.7,0.78000000000001));
#22122=CARTESIAN_POINT('',(4.6,3.7,0.78000000000001));
#22123=CARTESIAN_POINT('',(4.6,3.7,0.78000000000001));
#22124=CARTESIAN_POINT('',(4.6,3.7,0.78000000000001));
#22125=CARTESIAN_POINT('',(4.6,3.35,0.32000000000001));
#22126=CARTESIAN_POINT('',(4.6,3.35,-0.0399999999999902));
#22127=CARTESIAN_POINT('',(4.6,3.35,-0.0399999999999903));
#22128=CARTESIAN_POINT('',(4.6,4.2,-0.0399999999999901));
#22129=CARTESIAN_POINT('',(4.6,4.2,-0.0399999999999901));
#22130=CARTESIAN_POINT('',(4.6,4.2,0.14000000000001));
#22131=CARTESIAN_POINT('',(4.6,4.2,0.14000000000001));
#22132=CARTESIAN_POINT('',(4.6,3.7,0.14000000000001));
#22133=CARTESIAN_POINT('',(4.6,3.7,0.14000000000001));
#22134=CARTESIAN_POINT('',(4.6,0.100000000000001,0.634343971258149));
#22135=CARTESIAN_POINT('',(4.4,3.7,0.14000000000001));
#22136=CARTESIAN_POINT('',(4.4,3.7,0.14000000000001));
#22137=CARTESIAN_POINT('',(4.4,4.2,0.14000000000001));
#22138=CARTESIAN_POINT('',(4.4,4.2,0.14000000000001));
#22139=CARTESIAN_POINT('',(4.4,4.2,-0.0399999999999901));
#22140=CARTESIAN_POINT('',(4.4,4.2,-0.0399999999999901));
#22141=CARTESIAN_POINT('',(4.4,3.35,-0.0399999999999903));
#22142=CARTESIAN_POINT('',(4.4,3.35,-0.0399999999999902));
#22143=CARTESIAN_POINT('',(4.4,3.35,0.32000000000001));
#22144=CARTESIAN_POINT('',(4.4,0.100000000000001,0.634343971258149));
#22145=CARTESIAN_POINT('',(4.6,3.35,-0.0399999999999902));
#22146=CARTESIAN_POINT('',(4.6,3.35,0.32000000000001));
#22147=CARTESIAN_POINT('',(4.6,4.2,-0.0399999999999901));
#22148=CARTESIAN_POINT('',(4.6,3.35,-0.0399999999999903));
#22149=CARTESIAN_POINT('',(4.6,4.2,0.14000000000001));
#22150=CARTESIAN_POINT('',(4.6,4.2,-0.0399999999999901));
#22151=CARTESIAN_POINT('',(4.6,3.7,0.14000000000001));
#22152=CARTESIAN_POINT('',(4.6,4.2,0.14000000000001));
#22153=CARTESIAN_POINT('',(4.6,3.7,0.14000000000001));
#22154=CARTESIAN_POINT('',(4.9,3.7,0.78000000000001));
#22155=CARTESIAN_POINT('',(4.9,3.7,0.78000000000001));
#22156=CARTESIAN_POINT('',(5.1,3.7,0.78000000000001));
#22157=CARTESIAN_POINT('',(5.1,3.7,0.78000000000001));
#22158=CARTESIAN_POINT('',(5.1,3.7,0.78000000000001));
#22159=CARTESIAN_POINT('',(5.1,3.7,0.78000000000001));
#22160=CARTESIAN_POINT('',(5.1,3.35,0.32000000000001));
#22161=CARTESIAN_POINT('',(5.1,3.35,-0.0399999999999902));
#22162=CARTESIAN_POINT('',(5.1,3.35,-0.0399999999999903));
#22163=CARTESIAN_POINT('',(5.1,4.2,-0.0399999999999901));
#22164=CARTESIAN_POINT('',(5.1,4.2,-0.0399999999999901));
#22165=CARTESIAN_POINT('',(5.1,4.2,0.14000000000001));
#22166=CARTESIAN_POINT('',(5.1,4.2,0.14000000000001));
#22167=CARTESIAN_POINT('',(5.1,3.7,0.14000000000001));
#22168=CARTESIAN_POINT('',(5.1,3.7,0.14000000000001));
#22169=CARTESIAN_POINT('',(5.1,0.100000000000001,0.634343971258149));
#22170=CARTESIAN_POINT('',(4.9,3.7,0.14000000000001));
#22171=CARTESIAN_POINT('',(4.9,3.7,0.14000000000001));
#22172=CARTESIAN_POINT('',(4.9,4.2,0.14000000000001));
#22173=CARTESIAN_POINT('',(4.9,4.2,0.14000000000001));
#22174=CARTESIAN_POINT('',(4.9,4.2,-0.0399999999999901));
#22175=CARTESIAN_POINT('',(4.9,4.2,-0.0399999999999901));
#22176=CARTESIAN_POINT('',(4.9,3.35,-0.0399999999999903));
#22177=CARTESIAN_POINT('',(4.9,3.35,-0.0399999999999902));
#22178=CARTESIAN_POINT('',(4.9,3.35,0.32000000000001));
#22179=CARTESIAN_POINT('',(4.9,0.100000000000001,0.634343971258149));
#22180=CARTESIAN_POINT('',(5.1,3.35,-0.0399999999999902));
#22181=CARTESIAN_POINT('',(5.1,3.35,0.32000000000001));
#22182=CARTESIAN_POINT('',(5.1,4.2,-0.0399999999999901));
#22183=CARTESIAN_POINT('',(5.1,3.35,-0.0399999999999903));
#22184=CARTESIAN_POINT('',(5.1,4.2,0.14000000000001));
#22185=CARTESIAN_POINT('',(5.1,4.2,-0.0399999999999901));
#22186=CARTESIAN_POINT('',(5.1,3.7,0.14000000000001));
#22187=CARTESIAN_POINT('',(5.1,4.2,0.14000000000001));
#22188=CARTESIAN_POINT('',(5.1,3.7,0.14000000000001));
#22189=CARTESIAN_POINT('',(5.4,3.7,0.78000000000001));
#22190=CARTESIAN_POINT('',(5.4,3.7,0.78000000000001));
#22191=CARTESIAN_POINT('',(5.6,3.7,0.78000000000001));
#22192=CARTESIAN_POINT('',(5.6,3.7,0.78000000000001));
#22193=CARTESIAN_POINT('',(5.6,3.7,0.78000000000001));
#22194=CARTESIAN_POINT('',(5.6,3.7,0.78000000000001));
#22195=CARTESIAN_POINT('',(5.6,3.35,0.32000000000001));
#22196=CARTESIAN_POINT('',(5.6,3.35,-0.0399999999999902));
#22197=CARTESIAN_POINT('',(5.6,3.35,-0.0399999999999903));
#22198=CARTESIAN_POINT('',(5.6,4.2,-0.0399999999999901));
#22199=CARTESIAN_POINT('',(5.6,4.2,-0.0399999999999901));
#22200=CARTESIAN_POINT('',(5.6,4.2,0.14000000000001));
#22201=CARTESIAN_POINT('',(5.6,4.2,0.14000000000001));
#22202=CARTESIAN_POINT('',(5.6,3.7,0.14000000000001));
#22203=CARTESIAN_POINT('',(5.6,3.7,0.14000000000001));
#22204=CARTESIAN_POINT('',(5.6,0.100000000000001,0.634343971258149));
#22205=CARTESIAN_POINT('',(5.4,3.7,0.14000000000001));
#22206=CARTESIAN_POINT('',(5.4,3.7,0.14000000000001));
#22207=CARTESIAN_POINT('',(5.4,4.2,0.14000000000001));
#22208=CARTESIAN_POINT('',(5.4,4.2,0.14000000000001));
#22209=CARTESIAN_POINT('',(5.4,4.2,-0.0399999999999901));
#22210=CARTESIAN_POINT('',(5.4,4.2,-0.0399999999999901));
#22211=CARTESIAN_POINT('',(5.4,3.35,-0.0399999999999903));
#22212=CARTESIAN_POINT('',(5.4,3.35,-0.0399999999999902));
#22213=CARTESIAN_POINT('',(5.4,3.35,0.32000000000001));
#22214=CARTESIAN_POINT('',(5.4,0.100000000000001,0.634343971258149));
#22215=CARTESIAN_POINT('',(5.6,3.35,-0.0399999999999902));
#22216=CARTESIAN_POINT('',(5.6,3.35,0.32000000000001));
#22217=CARTESIAN_POINT('',(5.6,4.2,-0.0399999999999901));
#22218=CARTESIAN_POINT('',(5.6,3.35,-0.0399999999999903));
#22219=CARTESIAN_POINT('',(5.6,4.2,0.14000000000001));
#22220=CARTESIAN_POINT('',(5.6,4.2,-0.0399999999999901));
#22221=CARTESIAN_POINT('',(5.6,3.7,0.14000000000001));
#22222=CARTESIAN_POINT('',(5.6,4.2,0.14000000000001));
#22223=CARTESIAN_POINT('',(5.6,3.7,0.14000000000001));
#22224=CARTESIAN_POINT('',(5.9,3.7,0.78000000000001));
#22225=CARTESIAN_POINT('',(5.9,3.7,0.78000000000001));
#22226=CARTESIAN_POINT('',(6.1,3.7,0.78000000000001));
#22227=CARTESIAN_POINT('',(6.1,3.7,0.78000000000001));
#22228=CARTESIAN_POINT('',(6.1,3.7,0.78000000000001));
#22229=CARTESIAN_POINT('',(6.1,3.7,0.78000000000001));
#22230=CARTESIAN_POINT('',(6.1,3.35,0.32000000000001));
#22231=CARTESIAN_POINT('',(6.1,3.35,-0.0399999999999902));
#22232=CARTESIAN_POINT('',(6.1,3.35,-0.0399999999999903));
#22233=CARTESIAN_POINT('',(6.1,4.2,-0.0399999999999901));
#22234=CARTESIAN_POINT('',(6.1,4.2,-0.0399999999999901));
#22235=CARTESIAN_POINT('',(6.1,4.2,0.14000000000001));
#22236=CARTESIAN_POINT('',(6.1,4.2,0.14000000000001));
#22237=CARTESIAN_POINT('',(6.1,3.7,0.14000000000001));
#22238=CARTESIAN_POINT('',(6.1,3.7,0.14000000000001));
#22239=CARTESIAN_POINT('',(6.1,0.100000000000001,0.634343971258149));
#22240=CARTESIAN_POINT('',(5.9,3.7,0.14000000000001));
#22241=CARTESIAN_POINT('',(5.9,3.7,0.14000000000001));
#22242=CARTESIAN_POINT('',(5.9,4.2,0.14000000000001));
#22243=CARTESIAN_POINT('',(5.9,4.2,0.14000000000001));
#22244=CARTESIAN_POINT('',(5.9,4.2,-0.0399999999999901));
#22245=CARTESIAN_POINT('',(5.9,4.2,-0.0399999999999901));
#22246=CARTESIAN_POINT('',(5.9,3.35,-0.0399999999999903));
#22247=CARTESIAN_POINT('',(5.9,3.35,-0.0399999999999902));
#22248=CARTESIAN_POINT('',(5.9,3.35,0.32000000000001));
#22249=CARTESIAN_POINT('',(5.9,0.100000000000001,0.634343971258149));
#22250=CARTESIAN_POINT('',(6.1,3.35,-0.0399999999999902));
#22251=CARTESIAN_POINT('',(6.1,3.35,0.32000000000001));
#22252=CARTESIAN_POINT('',(6.1,4.2,-0.0399999999999901));
#22253=CARTESIAN_POINT('',(6.1,3.35,-0.0399999999999903));
#22254=CARTESIAN_POINT('',(6.1,4.2,0.14000000000001));
#22255=CARTESIAN_POINT('',(6.1,4.2,-0.0399999999999901));
#22256=CARTESIAN_POINT('',(6.1,3.7,0.14000000000001));
#22257=CARTESIAN_POINT('',(6.1,4.2,0.14000000000001));
#22258=CARTESIAN_POINT('',(6.1,3.7,0.14000000000001));
#22259=CARTESIAN_POINT('',(7.075,1.73472347597681E-15,1.02));
#22260=CARTESIAN_POINT('',(-6.9,4.44089209850063E-16,1.02));
#22261=CARTESIAN_POINT('',(10.05,8.67361737988404E-16,0.219999999999999));
#22262=CARTESIAN_POINT('',(-8.55000000000001,4.44089209850063E-16,0.799999999999997));
#22263=CARTESIAN_POINT('',(-8.15,3.99253280009432E-16,0.799999999999997));
#22264=CARTESIAN_POINT('',(-8.15,3.25861132948875E-16,1.02));
#22265=CARTESIAN_POINT('',(-8.15,3.25861132948875E-16,1.02));
#22266=CARTESIAN_POINT('',(-8.15,3.25861132948875E-16,1.02));
#22267=CARTESIAN_POINT('',(-7.7,3.25861132948875E-16,1.02));
#22268=CARTESIAN_POINT('',(-7.7,2.22044604925031E-16,1.55));
#22269=CARTESIAN_POINT('',(-7.7,4.20716093542165E-16,1.22));
#22270=CARTESIAN_POINT('',(7.7,2.22044604925031E-16,1.22));
#22271=CARTESIAN_POINT('',(-6.9,4.44089209850063E-16,1.22));
#22272=CARTESIAN_POINT('',(-6.9,4.44089209850063E-16,1.55));
#22273=CARTESIAN_POINT('',(10.05,8.88178419700125E-16,0.219999999999999));
#22274=CARTESIAN_POINT('',(10.05,8.67361737988404E-16,0.219999999999999));
#22275=CARTESIAN_POINT('',(10.05,8.67361737988404E-16,0.219999999999999));
#22276=CARTESIAN_POINT('',(10.05,8.88178419700125E-16,0.219999999999999));
#22277=CARTESIAN_POINT('',(10.05,8.88178419700125E-16,0.219999999999999));
#22278=CARTESIAN_POINT('',(8.55000000000001,2.22044604925031E-16,1.55));
#22279=CARTESIAN_POINT('',(8.55000000000001,2.66453525910037E-16,1.55));
#22280=CARTESIAN_POINT('',(6.9,4.44089209850063E-16,1.55));
#22281=CARTESIAN_POINT('',(-8.55000000000001,2.22044604925031E-16,1.55));
#22282=CARTESIAN_POINT('',(-8.55000000000001,2.22044604925031E-16,1.55));
#22283=CARTESIAN_POINT('',(10.05,8.88178419700125E-16,0.219999999999999));
#22284=CARTESIAN_POINT('',(7.075,1.73472347597681E-15,1.02));
#22285=CARTESIAN_POINT('',(6.9,4.44089209850063E-16,1.02));
#22286=CARTESIAN_POINT('',(6.9,4.44089209850063E-16,1.55));
#22287=CARTESIAN_POINT('',(6.9,2.22044604925031E-16,1.22));
#22288=CARTESIAN_POINT('',(7.7,2.22044604925031E-16,1.22));
#22289=CARTESIAN_POINT('',(7.7,3.19744231092045E-16,1.22));
#22290=CARTESIAN_POINT('',(7.7,2.22044604925031E-16,1.55));
#22291=CARTESIAN_POINT('',(7.7,3.25861132948875E-16,1.02));
#22292=CARTESIAN_POINT('',(8.15,3.25861132948875E-16,1.02));
#22293=CARTESIAN_POINT('',(8.15,3.25861132948875E-16,1.02));
#22294=CARTESIAN_POINT('',(8.15,3.25861132948875E-16,1.02));
#22295=CARTESIAN_POINT('',(8.15,3.99253280009432E-16,0.799999999999997));
#22296=CARTESIAN_POINT('',(8.55000000000001,4.44089209850063E-16,0.799999999999997));
#22297=CARTESIAN_POINT('',(10.05,8.67361737988404E-16,0.219999999999999));
#22298=CARTESIAN_POINT('',(10.05,8.88178419700125E-16,0.219999999999999));
#22299=CARTESIAN_POINT('',(10.05,8.67361737988404E-16,0.219999999999999));
#22300=CARTESIAN_POINT('',(-10.05,8.67361737988404E-16,0.219999999999999));
#22301=CARTESIAN_POINT('',(-10.05,8.88178419700125E-16,0.219999999999999));
#22302=CARTESIAN_POINT('',(10.05,8.88178419700125E-16,0.219999999999999));
#22303=CARTESIAN_POINT('',(8.55000000000001,1.75,0.869999999999997));
#22304=CARTESIAN_POINT('',(8.55000000000001,1.75,0.869999999999997));
#22305=CARTESIAN_POINT('',(8.55000000000001,1.75,1.47));
#22306=CARTESIAN_POINT('',(8.55000000000001,0.6,0.869999999999997));
#22307=CARTESIAN_POINT('',(8.55000000000001,0.6,0.869999999999997));
#22308=CARTESIAN_POINT('',(8.55000000000001,0.6,0.869999999999997));
#22309=CARTESIAN_POINT('',(8.55000000000001,0.6,1.47));
#22310=CARTESIAN_POINT('',(8.55000000000001,0.6,1.47));
#22311=CARTESIAN_POINT('',(8.55000000000001,4.44089209850063E-16,0.799999999999997));
#22312=CARTESIAN_POINT('',(8.55000000000001,2.35,0.799999999999998));
#22313=CARTESIAN_POINT('',(8.55000000000001,2.35,0.));
#22314=CARTESIAN_POINT('',(8.55000000000001,2.35,1.02));
#22315=CARTESIAN_POINT('',(8.55000000000001,-1.47451495458028E-15,1.02));
#22316=CARTESIAN_POINT('',(8.55000000000001,2.38,1.02));
#22317=CARTESIAN_POINT('',(8.55000000000001,2.45,0.949999999999998));
#22318=CARTESIAN_POINT('',(8.55000000000001,2.15,1.25));
#22319=CARTESIAN_POINT('',(8.55000000000001,2.15,1.25));
#22320=CARTESIAN_POINT('',(8.55000000000001,2.15,1.4));
#22321=CARTESIAN_POINT('',(8.55000000000001,2.15,1.4));
#22322=CARTESIAN_POINT('',(8.55000000000001,2.84999999999999,1.55));
#22323=CARTESIAN_POINT('',(8.55000000000001,3.1,1.55));
#22324=CARTESIAN_POINT('',(8.55000000000001,0.,0.));
#22325=CARTESIAN_POINT('',(8.59999999999999,2.5,0.799999999999999));
#22326=CARTESIAN_POINT('',(8.6,2.35,0.8));
#22327=CARTESIAN_POINT('',(8.6,2.35,0.8));
#22328=CARTESIAN_POINT('',(8.6,2.35,0.8));
#22329=CARTESIAN_POINT('',(8.15,2.35,0.799999999999999));
#22330=CARTESIAN_POINT('',(8.14999999999999,2.5,0.799999999999999));
#22331=CARTESIAN_POINT('',(8.15,2.65,0.799999999999999));
#22332=CARTESIAN_POINT('',(8.59999999999999,2.65,0.799999999999999));
#22333=CARTESIAN_POINT('',(8.55000000000001,2.65,0.799999999999998));
#22334=CARTESIAN_POINT('',(8.59999999999999,2.65,0.799999999999999));
#22335=CARTESIAN_POINT('',(8.59999999999999,2.65,0.799999999999999));
#22336=CARTESIAN_POINT('',(8.59999999999999,2.5,0.799999999999999));
#22337=CARTESIAN_POINT('',(8.59999999999999,2.5,0.799999999999999));
#22338=CARTESIAN_POINT('',(8.6,2.65,0.8));
#22339=CARTESIAN_POINT('',(8.59999999999999,2.65,0.982470379659874));
#22340=CARTESIAN_POINT('',(8.59999999999999,3.1,1.27470379659875));
#22341=CARTESIAN_POINT('',(8.59999999999999,2.6,0.949999999999998));
#22342=CARTESIAN_POINT('',(8.59999999999999,2.6,0.949999999999998));
#22343=CARTESIAN_POINT('',(8.59999999999999,2.45,0.949999999999998));
#22344=CARTESIAN_POINT('',(8.59999999999999,2.45,0.949999999999998));
#22345=CARTESIAN_POINT('',(8.59999999999999,2.38,1.02));
#22346=CARTESIAN_POINT('',(8.6,2.65,1.02));
#22347=CARTESIAN_POINT('',(8.6,2.35,1.02));
#22348=CARTESIAN_POINT('',(8.6,2.35,1.02));
#22349=CARTESIAN_POINT('',(8.59999999999999,2.5,0.799999999999999));
#22350=CARTESIAN_POINT('',(-8.55000000000001,0.6,0.869999999999997));
#22351=CARTESIAN_POINT('',(-8.55000000000001,0.6,0.869999999999997));
#22352=CARTESIAN_POINT('',(-8.55000000000001,0.6,1.47));
#22353=CARTESIAN_POINT('',(-8.55000000000001,0.6,0.869999999999997));
#22354=CARTESIAN_POINT('',(-8.55000000000001,1.75,0.869999999999997));
#22355=CARTESIAN_POINT('',(-8.55000000000001,1.75,0.869999999999997));
#22356=CARTESIAN_POINT('',(-8.55000000000001,1.75,1.47));
#22357=CARTESIAN_POINT('',(-8.55000000000001,0.6,1.47));
#22358=CARTESIAN_POINT('',(-8.55000000000001,3.1,1.55));
#22359=CARTESIAN_POINT('',(-8.55000000000001,2.84999999999999,1.55));
#22360=CARTESIAN_POINT('',(-8.55000000000001,2.15,1.4));
#22361=CARTESIAN_POINT('',(-8.55000000000001,2.15,1.4));
#22362=CARTESIAN_POINT('',(-8.55000000000001,2.15,1.25));
#22363=CARTESIAN_POINT('',(-8.55000000000001,2.15,1.25));
#22364=CARTESIAN_POINT('',(-8.55000000000001,2.45,0.949999999999998));
#22365=CARTESIAN_POINT('',(-8.55000000000001,2.38,1.02));
#22366=CARTESIAN_POINT('',(-8.55000000000001,-1.47451495458028E-15,1.02));
#22367=CARTESIAN_POINT('',(-8.55000000000001,2.35,1.02));
#22368=CARTESIAN_POINT('',(-8.55000000000001,2.35,0.));
#22369=CARTESIAN_POINT('',(-8.55000000000001,2.35,0.799999999999998));
#22370=CARTESIAN_POINT('',(-8.55000000000001,4.44089209850063E-16,0.799999999999997));
#22371=CARTESIAN_POINT('',(-8.55000000000001,0.,0.));
#22372=CARTESIAN_POINT('',(-6.9,1.5,1.55));
#22373=CARTESIAN_POINT('',(-6.9,0.65,1.55));
#22374=CARTESIAN_POINT('',(7.7,0.65,1.55));
#22375=CARTESIAN_POINT('',(-7.7,0.65,1.55));
#22376=CARTESIAN_POINT('',(-7.7,3.1,1.55));
#22377=CARTESIAN_POINT('',(-7.7,3.1,1.55));
#22378=CARTESIAN_POINT('',(-8.55000000000001,3.1,1.55));
#22379=CARTESIAN_POINT('',(-8.97000000000001,3.1,1.55));
#22380=CARTESIAN_POINT('',(-8.97000000000001,2.85,1.55));
#22381=CARTESIAN_POINT('',(-8.97000000000001,2.85,1.55));
#22382=CARTESIAN_POINT('',(-8.97000000000001,2.85,1.55));
#22383=CARTESIAN_POINT('',(8.97000000000001,2.85,1.55));
#22384=CARTESIAN_POINT('',(8.97000000000001,2.85,1.55));
#22385=CARTESIAN_POINT('',(8.97000000000001,2.85,1.55));
#22386=CARTESIAN_POINT('',(8.97000000000001,3.1,1.55));
#22387=CARTESIAN_POINT('',(8.55000000000001,3.1,1.55));
#22388=CARTESIAN_POINT('',(7.7,3.1,1.55));
#22389=CARTESIAN_POINT('',(7.7,3.1,1.55));
#22390=CARTESIAN_POINT('',(7.7,0.65,1.55));
#22391=CARTESIAN_POINT('',(7.7,0.65,1.55));
#22392=CARTESIAN_POINT('',(6.9,0.65,1.55));
#22393=CARTESIAN_POINT('',(6.9,1.5,1.55));
#22394=CARTESIAN_POINT('',(6.9,1.5,1.55));
#22395=CARTESIAN_POINT('',(8.15,4.44089209850063E-16,0.799999999999997));
#22396=CARTESIAN_POINT('',(8.55000000000001,4.44089209850063E-16,0.799999999999997));
#22397=CARTESIAN_POINT('',(8.15,4.44089209850063E-16,0.799999999999997));
#22398=CARTESIAN_POINT('',(8.15,3.1,0.8));
#22399=CARTESIAN_POINT('',(8.55000000000001,3.1,0.799999999999998));
#22400=CARTESIAN_POINT('',(8.55000000000001,3.1,0.799999999999998));
#22401=CARTESIAN_POINT('',(8.55000000000001,4.44089209850063E-16,0.799999999999997));
#22402=CARTESIAN_POINT('',(8.55000000000001,4.44089209850063E-16,0.799999999999997));
#22403=CARTESIAN_POINT('',(8.55000000000001,3.1,1.27470379659875));
#22404=CARTESIAN_POINT('',(8.55000000000001,3.1,1.27470379659875));
#22405=CARTESIAN_POINT('',(8.55000000000001,2.65,0.982470379659874));
#22406=CARTESIAN_POINT('',(8.55000000000001,2.65,5.22388319470288E-15));
#22407=CARTESIAN_POINT('',(8.55000000000001,3.1,0.799999999999998));
#22408=CARTESIAN_POINT('',(8.55000000000001,0.,0.));
#22409=CARTESIAN_POINT('',(8.97000000000001,2.65,0.982470379659874));
#22410=CARTESIAN_POINT('',(8.97000000000001,3.1,1.27470379659875));
#22411=CARTESIAN_POINT('',(8.97000000000001,3.1,1.27470379659875));
#22412=CARTESIAN_POINT('',(8.97000000000001,3.1,1.27470379659875));
#22413=CARTESIAN_POINT('',(8.97000000000001,2.6,0.949999999999998));
#22414=CARTESIAN_POINT('',(8.97000000000001,2.6,0.949999999999998));
#22415=CARTESIAN_POINT('',(8.97000000000001,3.1,1.27470379659875));
#22416=CARTESIAN_POINT('',(8.97000000000001,2.38,1.02));
#22417=CARTESIAN_POINT('',(8.97000000000001,2.45,0.949999999999998));
#22418=CARTESIAN_POINT('',(8.97000000000001,2.45,0.949999999999998));
#22419=CARTESIAN_POINT('',(8.97000000000001,2.45,0.949999999999998));
#22420=CARTESIAN_POINT('',(8.97000000000001,2.15,1.25));
#22421=CARTESIAN_POINT('',(8.97000000000001,2.15,1.25));
#22422=CARTESIAN_POINT('',(8.97000000000001,2.45,0.949999999999998));
#22423=CARTESIAN_POINT('',(8.15,3.1,1.02));
#22424=CARTESIAN_POINT('',(7.7,3.1,1.02));
#22425=CARTESIAN_POINT('',(8.15,3.1,1.02));
#22426=CARTESIAN_POINT('',(7.7,3.1,0.799999999999998));
#22427=CARTESIAN_POINT('',(8.97000000000001,3.1,1.55));
#22428=CARTESIAN_POINT('',(8.15,3.1,0.8));
#22429=CARTESIAN_POINT('',(8.55000000000001,3.1,0.799999999999998));
#22430=CARTESIAN_POINT('',(-8.6,2.35,0.8));
#22431=CARTESIAN_POINT('',(-8.15,2.35,0.799999999999999));
#22432=CARTESIAN_POINT('',(-8.15,4.44089209850063E-16,0.799999999999997));
#22433=CARTESIAN_POINT('',(-8.55000000000001,4.44089209850063E-16,0.799999999999997));
#22434=CARTESIAN_POINT('',(-8.55000000000001,4.44089209850063E-16,0.799999999999997));
#22435=CARTESIAN_POINT('',(-8.55000000000001,2.65,0.799999999999998));
#22436=CARTESIAN_POINT('',(-8.55000000000001,3.1,0.799999999999998));
#22437=CARTESIAN_POINT('',(-8.55000000000001,2.65,5.22388319470288E-15));
#22438=CARTESIAN_POINT('',(-8.55000000000001,2.65,0.982470379659874));
#22439=CARTESIAN_POINT('',(-8.55000000000001,3.1,1.27470379659875));
#22440=CARTESIAN_POINT('',(-8.55000000000001,3.1,1.27470379659875));
#22441=CARTESIAN_POINT('',(-8.55000000000001,3.1,0.799999999999998));
#22442=CARTESIAN_POINT('',(-8.55000000000001,0.,0.));
#22443=CARTESIAN_POINT('',(-8.60000000000002,2.6,0.949999999999998));
#22444=CARTESIAN_POINT('',(-8.60000000000002,2.45,0.949999999999998));
#22445=CARTESIAN_POINT('',(-8.60000000000002,2.6,0.949999999999998));
#22446=CARTESIAN_POINT('',(-8.97000000000001,2.45,0.949999999999998));
#22447=CARTESIAN_POINT('',(-8.97000000000001,2.45,0.949999999999998));
#22448=CARTESIAN_POINT('',(-8.97000000000001,2.6,0.949999999999998));
#22449=CARTESIAN_POINT('',(-8.97000000000001,2.6,0.949999999999998));
#22450=CARTESIAN_POINT('',(-8.97000000000001,2.6,0.949999999999998));
#22451=CARTESIAN_POINT('',(-8.97000000000001,2.6,0.949999999999998));
#22452=CARTESIAN_POINT('',(-7.7,3.1,1.02));
#22453=CARTESIAN_POINT('',(-7.7,3.1,1.02));
#22454=CARTESIAN_POINT('',(-7.7,3.1,0.799999999999998));
#22455=CARTESIAN_POINT('',(-7.7,0.65,1.22));
#22456=CARTESIAN_POINT('',(-7.7,0.65,1.22));
#22457=CARTESIAN_POINT('',(-7.7,2.22044604925031E-16,1.22));
#22458=CARTESIAN_POINT('',(-7.7,0.,0.));
#22459=CARTESIAN_POINT('',(-8.60000000000002,2.65,0.799999999999999));
#22460=CARTESIAN_POINT('',(-8.15,2.65,0.799999999999999));
#22461=CARTESIAN_POINT('',(-8.55000000000001,3.1,0.799999999999998));
#22462=CARTESIAN_POINT('',(-8.15,3.1,0.8));
#22463=CARTESIAN_POINT('',(-8.15,4.44089209850063E-16,0.799999999999997));
#22464=CARTESIAN_POINT('',(-8.55000000000001,4.44089209850063E-16,0.799999999999997));
#22465=CARTESIAN_POINT('',(-8.15,3.1,1.02));
#22466=CARTESIAN_POINT('',(-8.15,3.1,1.02));
#22467=CARTESIAN_POINT('',(-8.15,3.1,0.8));
#22468=CARTESIAN_POINT('',(-8.97000000000001,3.1,1.27470379659875));
#22469=CARTESIAN_POINT('',(-8.97000000000001,3.1,1.27470379659875));
#22470=CARTESIAN_POINT('',(-8.97000000000001,3.1,1.55));
#22471=CARTESIAN_POINT('',(-8.55000000000001,3.1,0.799999999999998));
#22472=CARTESIAN_POINT('',(6.9,1.5,1.02));
#22473=CARTESIAN_POINT('',(6.9,1.5,1.02));
#22474=CARTESIAN_POINT('',(6.9,0.65,0.));
#22475=CARTESIAN_POINT('',(6.9,0.65,1.22));
#22476=CARTESIAN_POINT('',(6.9,-4.06992815517635E-16,1.22));
#22477=CARTESIAN_POINT('',(6.9,4.44089209850063E-16,1.02));
#22478=CARTESIAN_POINT('',(6.9,0.,0.));
#22479=CARTESIAN_POINT('',(-6.9,1.5,1.02));
#22480=CARTESIAN_POINT('',(-6.9,1.5,1.02));
#22481=CARTESIAN_POINT('',(-6.9,4.44089209850063E-16,1.02));
#22482=CARTESIAN_POINT('',(-6.9,-4.06992815517635E-16,1.22));
#22483=CARTESIAN_POINT('',(-6.9,0.65,1.22));
#22484=CARTESIAN_POINT('',(-6.9,0.65,0.));
#22485=CARTESIAN_POINT('',(-6.9,0.,0.));
#22486=CARTESIAN_POINT('',(7.075,8.9,0.220000000000002));
#22487=CARTESIAN_POINT('',(7.075,-1.,0.220000000000002));
#22488=CARTESIAN_POINT('',(10.05,-0.999999999999999,0.219999999999999));
#22489=CARTESIAN_POINT('',(10.05,-0.999999999999999,0.219999999999999));
#22490=CARTESIAN_POINT('',(10.05,-0.999999999999999,0.219999999999999));
#22491=CARTESIAN_POINT('',(10.05,-0.999999999999999,0.219999999999999));
#22492=CARTESIAN_POINT('',(-7.075,-1.,1.02));
#22493=CARTESIAN_POINT('',(-7.075,-1.,1.02));
#22494=CARTESIAN_POINT('',(-7.075,-1.,0.220000000000002));
#22495=CARTESIAN_POINT('',(7.075,-1.,1.02));
#22496=CARTESIAN_POINT('',(7.075,-1.,1.02));
#22497=CARTESIAN_POINT('',(7.075,-1.,0.220000000000002));
#22498=CARTESIAN_POINT('',(10.05,-1.,2.12));
#22499=CARTESIAN_POINT('',(-10.05,-1.,2.12));
#22500=CARTESIAN_POINT('',(-10.05,-0.999999999999999,0.219999999999999));
#22501=CARTESIAN_POINT('',(10.05,-0.999999999999999,0.219999999999999));
#22502=CARTESIAN_POINT('',(10.05,-1.,2.12));
#22503=CARTESIAN_POINT('',(-7.075,8.9,0.220000000000002));
#22504=CARTESIAN_POINT('',(-10.05,-0.999999999999999,0.219999999999999));
#22505=CARTESIAN_POINT('',(10.05,-0.999999999999999,0.219999999999999));
#22506=CARTESIAN_POINT('',(10.05,0.,0.));
#22507=CARTESIAN_POINT('',(-10.05,0.,0.));
#22508=CARTESIAN_POINT('',(-7.075,8.89999999999999,1.02));
#22509=CARTESIAN_POINT('',(-7.075,8.89999999999999,1.02));
#22510=CARTESIAN_POINT('',(7.075,8.89999999999999,1.02));
#22511=CARTESIAN_POINT('',(7.075,8.9,0.220000000000002));
#22512=CARTESIAN_POINT('',(6.9,1.5,1.02));
#22513=CARTESIAN_POINT('',(7.075,8.89999999999999,1.02));
#22514=CARTESIAN_POINT('',(6.9,1.5,1.02));
#22515=CARTESIAN_POINT('',(7.7,0.65,1.22));
#22516=CARTESIAN_POINT('',(7.7,0.65,1.22));
#22517=CARTESIAN_POINT('',(7.7,2.22044604925031E-16,1.22));
#22518=CARTESIAN_POINT('',(7.7,0.65,1.22));
#22519=CARTESIAN_POINT('',(7.7,0.65,1.22));
#22520=CARTESIAN_POINT('',(7.7,2.22044604925031E-16,1.22));
#22521=CARTESIAN_POINT('',(7.7,2.22044604925031E-16,1.22));
#22522=CARTESIAN_POINT('',(7.7,0.65,1.22));
#22523=CARTESIAN_POINT('',(7.7,0.65,1.22));
#22524=CARTESIAN_POINT('',(-8.97000000000001,2.15,1.4));
#22525=CARTESIAN_POINT('',(-8.97000000000001,2.15,1.4));
#22526=CARTESIAN_POINT('',(-8.97000000000001,2.15,1.25));
#22527=CARTESIAN_POINT('',(-8.97000000000001,2.15,1.25));
#22528=CARTESIAN_POINT('',(-8.97000000000001,2.15,1.25));
#22529=CARTESIAN_POINT('',(-8.97000000000001,2.15,1.25));
#22530=CARTESIAN_POINT('',(-8.97000000000001,2.15,1.4));
#22531=CARTESIAN_POINT('',(-8.97000000000001,2.15,1.4));
#22532=CARTESIAN_POINT('',(-8.97000000000001,2.65,0.982470379659874));
#22533=CARTESIAN_POINT('',(-8.60000000000002,2.65,0.982470379659874));
#22534=CARTESIAN_POINT('',(-8.60000000000002,3.1,1.27470379659875));
#22535=CARTESIAN_POINT('',(-8.97000000000001,3.1,1.27470379659875));
#22536=CARTESIAN_POINT('',(-8.97000000000001,3.1,1.27470379659875));
#22537=CARTESIAN_POINT('',(-8.60000000000002,2.45,0.949999999999998));
#22538=CARTESIAN_POINT('',(-8.60000000000002,2.38,1.02));
#22539=CARTESIAN_POINT('',(-8.97000000000001,2.38,1.02));
#22540=CARTESIAN_POINT('',(-8.97000000000001,2.45,0.949999999999998));
#22541=CARTESIAN_POINT('',(-8.97000000000001,2.45,0.949999999999998));
#22542=CARTESIAN_POINT('',(-8.97000000000001,0.,0.));
#22543=CARTESIAN_POINT('',(-8.72000000000001,1.58,1.47));
#22544=CARTESIAN_POINT('',(-8.72000000000001,0.894448637286709,1.47));
#22545=CARTESIAN_POINT('',(-8.72000000000001,1.58,1.47));
#22546=CARTESIAN_POINT('',(-8.72000000000001,1.58,0.869999999999997));
#22547=CARTESIAN_POINT('',(-8.72000000000001,1.58,0.869999999999997));
#22548=CARTESIAN_POINT('',(-8.72000000000001,1.58,0.869999999999997));
#22549=CARTESIAN_POINT('',(-8.72000000000001,0.894448637286709,0.869999999999997));
#22550=CARTESIAN_POINT('',(-8.72000000000001,0.894448637286709,0.869999999999997));
#22551=CARTESIAN_POINT('',(-8.72000000000001,1.58,0.869999999999997));
#22552=CARTESIAN_POINT('',(-8.72000000000001,0.894448637286709,1.47));
#22553=CARTESIAN_POINT('',(-8.72000000000001,0.894448637286709,0.869999999999997));
#22554=CARTESIAN_POINT('',(-8.72000000000001,0.894448637286709,0.869999999999997));
#22555=CARTESIAN_POINT('',(-8.55000000000001,1.75,1.47));
#22556=CARTESIAN_POINT('',(-8.55000000000001,1.75,0.869999999999997));
#22557=CARTESIAN_POINT('',(-8.55000000000001,1.75,0.869999999999997));
#22558=CARTESIAN_POINT('',(8.327598234202E-17,0.,0.869999999999997));
#22559=CARTESIAN_POINT('',(9.79717439317883E-18,0.,1.47));
#22560=CARTESIAN_POINT('',(-8.15,3.1,1.02));
#22561=CARTESIAN_POINT('',(-8.15,3.1,1.02));
#22562=CARTESIAN_POINT('',(-8.15000000000002,2.5,0.799999999999999));
#22563=CARTESIAN_POINT('',(-8.15,0.,0.));
#22564=CARTESIAN_POINT('',(-8.6,2.35,1.02));
#22565=CARTESIAN_POINT('',(-8.6,2.35,1.02));
#22566=CARTESIAN_POINT('',(-8.6,2.35,1.02));
#22567=CARTESIAN_POINT('',(-8.6,2.35,0.8));
#22568=CARTESIAN_POINT('',(-8.6,2.35,0.8));
#22569=CARTESIAN_POINT('',(-8.6,2.35,1.02));
#22570=CARTESIAN_POINT('',(-8.60000000000002,2.65,0.799999999999999));
#22571=CARTESIAN_POINT('',(-8.60000000000002,2.65,0.799999999999999));
#22572=CARTESIAN_POINT('',(-8.6,2.65,0.8));
#22573=CARTESIAN_POINT('',(-8.6,2.65,0.8));
#22574=CARTESIAN_POINT('',(-8.6,2.65,1.02));
#22575=CARTESIAN_POINT('',(-8.6,2.65,1.02));
#22576=CARTESIAN_POINT('',(-8.60000000000002,2.5,0.799999999999999));
#22577=CARTESIAN_POINT('',(-8.60000000000002,2.5,0.799999999999999));
#22578=CARTESIAN_POINT('',(-8.60000000000002,2.5,0.799999999999999));
#22579=CARTESIAN_POINT('',(-8.60000000000002,2.5,0.799999999999999));
#22580=CARTESIAN_POINT('',(7.7,3.1,1.02));
#22581=CARTESIAN_POINT('',(7.7,0.,0.));
#22582=CARTESIAN_POINT('',(8.97000000000001,2.15,1.25));
#22583=CARTESIAN_POINT('',(8.97000000000001,2.15,1.4));
#22584=CARTESIAN_POINT('',(8.97000000000001,2.15,1.4));
#22585=CARTESIAN_POINT('',(8.97000000000001,2.15,1.25));
#22586=CARTESIAN_POINT('',(8.97000000000001,2.15,1.4));
#22587=CARTESIAN_POINT('',(8.97000000000001,2.15,1.4));
#22588=CARTESIAN_POINT('',(8.97000000000001,2.6,0.949999999999998));
#22589=CARTESIAN_POINT('',(8.97000000000001,2.6,0.949999999999998));
#22590=CARTESIAN_POINT('',(8.97000000000001,0.,0.));
#22591=CARTESIAN_POINT('',(8.72000000000001,1.58,1.47));
#22592=CARTESIAN_POINT('',(8.72000000000001,0.894448637286709,1.47));
#22593=CARTESIAN_POINT('',(8.72000000000001,1.58,1.47));
#22594=CARTESIAN_POINT('',(8.72000000000001,0.894448637286709,0.869999999999997));
#22595=CARTESIAN_POINT('',(8.72000000000001,0.894448637286709,0.869999999999997));
#22596=CARTESIAN_POINT('',(8.72000000000001,1.58,0.869999999999997));
#22597=CARTESIAN_POINT('',(8.72000000000001,1.58,0.869999999999997));
#22598=CARTESIAN_POINT('',(8.72000000000001,1.58,0.869999999999997));
#22599=CARTESIAN_POINT('',(8.72000000000001,1.58,0.869999999999997));
#22600=CARTESIAN_POINT('',(8.72000000000001,0.894448637286709,1.47));
#22601=CARTESIAN_POINT('',(8.72000000000001,0.894448637286709,0.869999999999997));
#22602=CARTESIAN_POINT('',(8.72000000000001,0.894448637286709,0.869999999999997));
#22603=CARTESIAN_POINT('',(8.55000000000001,1.75,1.47));
#22604=CARTESIAN_POINT('',(8.55000000000001,1.75,0.869999999999997));
#22605=CARTESIAN_POINT('',(8.55000000000001,1.75,0.869999999999997));
#22606=CARTESIAN_POINT('',(1.8937985674845E-15,0.,0.870000000000008));
#22607=CARTESIAN_POINT('',(1.96727737543334E-15,0.,1.47000000000001));
#22608=CARTESIAN_POINT('',(8.15,3.1,1.02));
#22609=CARTESIAN_POINT('',(8.15,3.1,1.02));
#22610=CARTESIAN_POINT('',(8.15,0.,0.));
#22611=CARTESIAN_POINT('',(8.6,2.35,1.02));
#22612=CARTESIAN_POINT('',(8.6,2.35,1.02));
#22613=CARTESIAN_POINT('',(8.6,2.65,0.8));
#22614=CARTESIAN_POINT('',(8.6,2.65,1.02));
#22615=CARTESIAN_POINT('',(-8.14,-0.649999999999999,2.11));
#22616=CARTESIAN_POINT('',(-8.14,-0.649999999999999,2.11));
#22617=CARTESIAN_POINT('',(-8.42,-0.349999999999999,2.11));
#22618=CARTESIAN_POINT('',(-8.42,-0.349999999999999,2.11));
#22619=CARTESIAN_POINT('',(-8.42,-0.349999999999999,2.11));
#22620=CARTESIAN_POINT('',(-8.42,-0.349999999999999,2.11));
#22621=CARTESIAN_POINT('',(-7.86,-0.349999999999999,2.11));
#22622=CARTESIAN_POINT('',(-7.86,-0.349999999999999,2.11));
#22623=CARTESIAN_POINT('',(-8.14,-0.649999999999999,2.11));
#22624=CARTESIAN_POINT('',(-8.14,-0.649999999999999,2.11));
#22625=CARTESIAN_POINT('',(-7.86,-0.349999999999999,2.11));
#22626=CARTESIAN_POINT('',(-7.86,-0.349999999999999,2.11));
#22627=CARTESIAN_POINT('',(0.,0.,2.11));
#22628=CARTESIAN_POINT('',(-7.775,3.15,0.203));
#22629=CARTESIAN_POINT('',(-7.775,3.15,0.));
#22630=CARTESIAN_POINT('',(-7.775,2.85,0.203000000000001));
#22631=CARTESIAN_POINT('',(-7.775,2.85,0.));
#22632=CARTESIAN_POINT('',(-7.775,2.85,0.));
#22633=CARTESIAN_POINT('',(-7.775,2.85,0.203));
#22634=CARTESIAN_POINT('',(-8.85,0.850000000000001,0.203));
#22635=CARTESIAN_POINT('',(-8.85,0.850000000000001,0.));
#22636=CARTESIAN_POINT('',(-8.85,2.29999999999999,0.203));
#22637=CARTESIAN_POINT('',(-8.85,2.29999999999999,0.));
#22638=CARTESIAN_POINT('',(-8.85,2.29999999999999,0.));
#22639=CARTESIAN_POINT('',(-8.85,2.29999999999999,0.203));
#22640=CARTESIAN_POINT('',(-7.775,2.15,0.203000000000001));
#22641=CARTESIAN_POINT('',(-7.775,2.15,0.));
#22642=CARTESIAN_POINT('',(-7.775,0.850000000000001,0.203));
#22643=CARTESIAN_POINT('',(-7.775,0.850000000000001,0.));
#22644=CARTESIAN_POINT('',(-7.775,2.85,0.));
#22645=CARTESIAN_POINT('',(-7.775,2.85,0.203));
#22646=CARTESIAN_POINT('',(-8.85,3.15,0.203));
#22647=CARTESIAN_POINT('',(-8.85,3.15,0.));
#22648=CARTESIAN_POINT('',(-7.775,3.15,0.));
#22649=CARTESIAN_POINT('',(-7.775,3.15,0.203));
#22650=CARTESIAN_POINT('',(-8.85,3.,0.203));
#22651=CARTESIAN_POINT('',(-8.85,3.,0.));
#22652=CARTESIAN_POINT('',(-8.85,3.15,0.));
#22653=CARTESIAN_POINT('',(-8.85,3.15,0.203));
#22654=CARTESIAN_POINT('',(-9.75,2.29999999999999,0.203));
#22655=CARTESIAN_POINT('',(-9.75,2.29999999999999,0.203));
#22656=CARTESIAN_POINT('',(-8.85,3.,0.203));
#22657=CARTESIAN_POINT('',(-9.75,3.,0.203));
#22658=CARTESIAN_POINT('',(-9.75,3.,0.203));
#22659=CARTESIAN_POINT('',(-9.75,2.79999999999999,0.203));
#22660=CARTESIAN_POINT('',(-9.75,2.79999999999999,0.203));
#22661=CARTESIAN_POINT('',(-9.25,2.8,0.203));
#22662=CARTESIAN_POINT('',(-9.25,2.8,0.203));
#22663=CARTESIAN_POINT('',(-9.25,2.49999999999999,0.203));
#22664=CARTESIAN_POINT('',(-9.25,2.49999999999999,0.203));
#22665=CARTESIAN_POINT('',(-9.75,2.5,0.203));
#22666=CARTESIAN_POINT('',(-9.75,2.5,0.203));
#22667=CARTESIAN_POINT('',(0.,0.,0.203));
#22668=CARTESIAN_POINT('',(-7.448,2.15,0.203000000000001));
#22669=CARTESIAN_POINT('',(-7.448,2.15,0.203000000000001));
#22670=CARTESIAN_POINT('',(-7.448,2.85,0.203000000000001));
#22671=CARTESIAN_POINT('',(-7.448,2.85,0.203000000000001));
#22672=CARTESIAN_POINT('',(-7.448,2.85,0.203000000000001));
#22673=CARTESIAN_POINT('',(0.,0.,0.203));
#22674=CARTESIAN_POINT('',(-7.448,2.85,0.303));
#22675=CARTESIAN_POINT('',(-7.348,2.85,0.303000000000001));
#22676=CARTESIAN_POINT('',(-7.348,2.85,0.4));
#22677=CARTESIAN_POINT('',(-7.348,2.85,0.4));
#22678=CARTESIAN_POINT('',(-7.145,2.85,0.4));
#22679=CARTESIAN_POINT('',(-7.448,2.85,0.303));
#22680=CARTESIAN_POINT('',(-7.448,2.85,5.55111512312578E-16));
#22681=CARTESIAN_POINT('',(-7.775,2.85,0.));
#22682=CARTESIAN_POINT('',(-7.448,2.85,0.303));
#22683=CARTESIAN_POINT('',(-7.775,2.15,0.));
#22684=CARTESIAN_POINT('',(-7.448,2.15,5.55111512312578E-16));
#22685=CARTESIAN_POINT('',(-7.448,2.15,0.303));
#22686=CARTESIAN_POINT('',(-7.145,2.15,0.4));
#22687=CARTESIAN_POINT('',(-7.348,2.15,0.4));
#22688=CARTESIAN_POINT('',(-7.348,2.15,0.4));
#22689=CARTESIAN_POINT('',(-7.348,2.15,0.303000000000001));
#22690=CARTESIAN_POINT('',(-7.448,2.15,0.303));
#22691=CARTESIAN_POINT('',(-7.448,2.15,0.303));
#22692=CARTESIAN_POINT('',(-9.75,2.5,0.));
#22693=CARTESIAN_POINT('',(-9.75,2.5,0.));
#22694=CARTESIAN_POINT('',(-9.75,2.29999999999999,0.));
#22695=CARTESIAN_POINT('',(-9.75,2.29999999999999,0.203));
#22696=CARTESIAN_POINT('',(-9.75,2.5,0.203));
#22697=CARTESIAN_POINT('',(-9.75,2.5,0.203));
#22698=CARTESIAN_POINT('',(-9.75,2.29999999999999,0.));
#22699=CARTESIAN_POINT('',(-9.75,2.29999999999999,0.203));
#22700=CARTESIAN_POINT('',(-8.85,0.850000000000001,0.203));
#22701=CARTESIAN_POINT('',(-8.85,0.850000000000001,0.));
#22702=CARTESIAN_POINT('',(-8.85,0.850000000000001,0.203));
#22703=CARTESIAN_POINT('',(-8.85,3.,0.));
#22704=CARTESIAN_POINT('',(-9.75,3.,0.));
#22705=CARTESIAN_POINT('',(-9.75,3.,0.203));
#22706=CARTESIAN_POINT('',(-8.85,3.,0.203));
#22707=CARTESIAN_POINT('',(-9.75,3.,0.));
#22708=CARTESIAN_POINT('',(-9.75,2.79999999999999,0.));
#22709=CARTESIAN_POINT('',(-9.75,2.79999999999999,0.203));
#22710=CARTESIAN_POINT('',(-9.75,3.,0.203));
#22711=CARTESIAN_POINT('',(-9.75,2.79999999999999,0.));
#22712=CARTESIAN_POINT('',(-9.25,2.8,0.));
#22713=CARTESIAN_POINT('',(-9.25,2.8,0.203));
#22714=CARTESIAN_POINT('',(-9.75,2.79999999999999,0.203));
#22715=CARTESIAN_POINT('',(-9.25,2.8,0.));
#22716=CARTESIAN_POINT('',(-9.25,2.49999999999999,0.));
#22717=CARTESIAN_POINT('',(-9.25,2.49999999999999,0.203));
#22718=CARTESIAN_POINT('',(-9.25,2.8,0.203));
#22719=CARTESIAN_POINT('',(-9.25,2.49999999999999,0.));
#22720=CARTESIAN_POINT('',(-9.25,2.49999999999999,0.203));
#22721=CARTESIAN_POINT('',(0.,0.,0.203));
#22722=CARTESIAN_POINT('',(-7.448,2.85,5.55111512312578E-16));
#22723=CARTESIAN_POINT('',(0.,0.,0.));
#22724=CARTESIAN_POINT('',(-7.448,2.85,0.303));
#22725=CARTESIAN_POINT('',(-7.348,2.85,0.4));
#22726=CARTESIAN_POINT('',(-7.145,2.85,0.4));
#22727=CARTESIAN_POINT('',(-7.348,2.85,0.303000000000001));
#22728=CARTESIAN_POINT('',(-7.348,2.85,0.4));
#22729=CARTESIAN_POINT('',(-7.448,2.85,0.303));
#22730=CARTESIAN_POINT('',(7.775,2.85,0.));
#22731=CARTESIAN_POINT('',(7.775,2.85,0.));
#22732=CARTESIAN_POINT('',(7.775,3.15,0.203));
#22733=CARTESIAN_POINT('',(7.775,3.15,0.));
#22734=CARTESIAN_POINT('',(7.775,2.85,0.));
#22735=CARTESIAN_POINT('',(7.775,2.85,0.203));
#22736=CARTESIAN_POINT('',(8.85,2.3,0.203));
#22737=CARTESIAN_POINT('',(8.85,2.3,0.));
#22738=CARTESIAN_POINT('',(8.85,0.850000000000001,0.203));
#22739=CARTESIAN_POINT('',(8.85,0.850000000000001,0.));
#22740=CARTESIAN_POINT('',(8.85,0.850000000000001,0.));
#22741=CARTESIAN_POINT('',(8.85,0.850000000000001,0.203));
#22742=CARTESIAN_POINT('',(8.85,3.15,0.203));
#22743=CARTESIAN_POINT('',(8.85,3.15,0.));
#22744=CARTESIAN_POINT('',(8.85,3.,0.203));
#22745=CARTESIAN_POINT('',(8.85,3.,0.));
#22746=CARTESIAN_POINT('',(8.85,3.,0.));
#22747=CARTESIAN_POINT('',(8.85,3.,0.203));
#22748=CARTESIAN_POINT('',(8.85,3.15,0.));
#22749=CARTESIAN_POINT('',(8.85,3.15,0.203));
#22750=CARTESIAN_POINT('',(7.775,0.850000000000001,0.203));
#22751=CARTESIAN_POINT('',(7.775,0.850000000000001,0.));
#22752=CARTESIAN_POINT('',(7.775,2.15,0.));
#22753=CARTESIAN_POINT('',(7.775,2.15,0.));
#22754=CARTESIAN_POINT('',(7.775,2.85,0.));
#22755=CARTESIAN_POINT('',(7.775,2.85,0.203));
#22756=CARTESIAN_POINT('',(7.775,0.850000000000001,0.203));
#22757=CARTESIAN_POINT('',(0.,0.,0.203));
#22758=CARTESIAN_POINT('',(7.775,2.85,0.203000000000001));
#22759=CARTESIAN_POINT('',(7.448,2.85,0.203000000000001));
#22760=CARTESIAN_POINT('',(7.448,2.85,0.203000000000001));
#22761=CARTESIAN_POINT('',(7.448,2.15,0.203000000000001));
#22762=CARTESIAN_POINT('',(7.775,2.15,0.203000000000001));
#22763=CARTESIAN_POINT('',(0.,0.,0.203));
#22764=CARTESIAN_POINT('',(7.448,2.85,5.55111512312578E-16));
#22765=CARTESIAN_POINT('',(7.448,2.85,2.16840434497101E-15));
#22766=CARTESIAN_POINT('',(7.448,2.85,0.303));
#22767=CARTESIAN_POINT('',(7.348,2.85,0.4));
#22768=CARTESIAN_POINT('',(7.348,2.85,0.4));
#22769=CARTESIAN_POINT('',(7.348,2.85,0.303000000000001));
#22770=CARTESIAN_POINT('',(7.348,2.85,0.303000000000001));
#22771=CARTESIAN_POINT('',(7.448,2.85,0.303));
#22772=CARTESIAN_POINT('',(7.448,2.85,0.303));
#22773=CARTESIAN_POINT('',(7.448,2.15,0.303));
#22774=CARTESIAN_POINT('',(7.348,2.15,0.303000000000001));
#22775=CARTESIAN_POINT('',(7.348,2.15,0.303000000000001));
#22776=CARTESIAN_POINT('',(7.348,2.15,0.4));
#22777=CARTESIAN_POINT('',(7.348,2.15,0.4));
#22778=CARTESIAN_POINT('',(7.448,2.15,0.303));
#22779=CARTESIAN_POINT('',(7.448,2.15,2.16840434497101E-15));
#22780=CARTESIAN_POINT('',(7.448,2.15,5.55111512312578E-16));
#22781=CARTESIAN_POINT('',(7.448,2.15,0.303));
#22782=CARTESIAN_POINT('',(7.775,0.850000000000001,0.));
#22783=CARTESIAN_POINT('',(7.775,0.850000000000001,0.203));
#22784=CARTESIAN_POINT('',(8.85,2.3,0.));
#22785=CARTESIAN_POINT('',(9.75,2.3,0.));
#22786=CARTESIAN_POINT('',(9.75,2.3,0.203));
#22787=CARTESIAN_POINT('',(9.75,2.3,0.203));
#22788=CARTESIAN_POINT('',(8.85,2.3,0.203));
#22789=CARTESIAN_POINT('',(8.85,2.3,0.203));
#22790=CARTESIAN_POINT('',(9.75,2.3,0.));
#22791=CARTESIAN_POINT('',(9.75,2.5,0.));
#22792=CARTESIAN_POINT('',(9.75,2.5,0.203));
#22793=CARTESIAN_POINT('',(9.75,2.5,0.203));
#22794=CARTESIAN_POINT('',(9.75,2.3,0.203));
#22795=CARTESIAN_POINT('',(9.75,2.3,0.203));
#22796=CARTESIAN_POINT('',(9.75,2.5,0.));
#22797=CARTESIAN_POINT('',(9.25,2.5,0.));
#22798=CARTESIAN_POINT('',(9.25,2.5,0.203));
#22799=CARTESIAN_POINT('',(9.25,2.5,0.203));
#22800=CARTESIAN_POINT('',(9.75,2.5,0.203));
#22801=CARTESIAN_POINT('',(9.75,2.5,0.203));
#22802=CARTESIAN_POINT('',(9.25,2.5,0.));
#22803=CARTESIAN_POINT('',(9.25,2.8,0.));
#22804=CARTESIAN_POINT('',(9.25,2.8,0.203));
#22805=CARTESIAN_POINT('',(9.25,2.8,0.203));
#22806=CARTESIAN_POINT('',(9.25,2.5,0.203));
#22807=CARTESIAN_POINT('',(9.25,2.5,0.203));
#22808=CARTESIAN_POINT('',(9.25,2.8,0.));
#22809=CARTESIAN_POINT('',(9.75,2.8,0.));
#22810=CARTESIAN_POINT('',(9.75,2.8,0.203));
#22811=CARTESIAN_POINT('',(9.75,2.8,0.203));
#22812=CARTESIAN_POINT('',(9.25,2.8,0.203));
#22813=CARTESIAN_POINT('',(9.25,2.8,0.203));
#22814=CARTESIAN_POINT('',(9.75,2.8,0.));
#22815=CARTESIAN_POINT('',(9.75,3.,0.));
#22816=CARTESIAN_POINT('',(9.75,3.,0.203));
#22817=CARTESIAN_POINT('',(9.75,3.,0.203));
#22818=CARTESIAN_POINT('',(9.75,2.8,0.203));
#22819=CARTESIAN_POINT('',(9.75,2.8,0.203));
#22820=CARTESIAN_POINT('',(9.75,3.,0.203));
#22821=CARTESIAN_POINT('',(9.75,3.,0.));
#22822=CARTESIAN_POINT('',(9.75,3.,0.203));
#22823=CARTESIAN_POINT('',(0.,0.,0.203));
#22824=CARTESIAN_POINT('',(7.448,2.85,2.16840434497101E-15));
#22825=CARTESIAN_POINT('',(0.,0.,0.));
#22826=CARTESIAN_POINT('',(7.448,2.85,0.303));
#22827=CARTESIAN_POINT('',(7.348,2.85,0.303000000000001));
#22828=CARTESIAN_POINT('',(7.448,2.85,0.303));
#22829=CARTESIAN_POINT('',(7.348,2.85,0.4));
#22830=CARTESIAN_POINT('',(7.348,2.85,0.303000000000001));
#22831=CARTESIAN_POINT('',(7.348,2.85,0.4));
#22832=MECHANICAL_DESIGN_GEOMETRIC_PRESENTATION_REPRESENTATION('',(#24),
#22833);
#22833=(
GEOMETRIC_REPRESENTATION_CONTEXT(3)
GLOBAL_UNCERTAINTY_ASSIGNED_CONTEXT((#22834))
GLOBAL_UNIT_ASSIGNED_CONTEXT((#22840,#22836,#22835))
REPRESENTATION_CONTEXT('524372771wbm000_01_214',
'TOP_LEVEL_ASSEMBLY_PART')
);
#22834=UNCERTAINTY_MEASURE_WITH_UNIT(LENGTH_MEASURE(2.E-5),#22840,
'DISTANCE_ACCURACY_VALUE','Maximum Tolerance applied to model');
#22835=(
NAMED_UNIT(*)
SI_UNIT($,.STERADIAN.)
SOLID_ANGLE_UNIT()
);
#22836=(
CONVERSION_BASED_UNIT('DEGREE',#22838)
NAMED_UNIT(#22837)
PLANE_ANGLE_UNIT()
);
#22837=DIMENSIONAL_EXPONENTS(0.,0.,0.,0.,0.,0.,0.);
#22838=PLANE_ANGLE_MEASURE_WITH_UNIT(PLANE_ANGLE_MEASURE(0.0174532925),
#22839);
#22839=(
NAMED_UNIT(*)
PLANE_ANGLE_UNIT()
SI_UNIT($,.RADIAN.)
);
#22840=(
LENGTH_UNIT()
NAMED_UNIT(*)
SI_UNIT(.MILLI.,.METRE.)
);
ENDSEC;
END-ISO-10303-21;
